Copyright 1986-2022 Xilinx, Inc. All Rights Reserved. Copyright 2022-2025 Advanced Micro Devices, Inc. All Rights Reserved.
-----------------------------------------------------------------------------------------------------------------------------------------------------------------------------------------------------------------------------------------------------
| Tool Version      : Vivado v.2025.1 (lin64) Build 6140274 Wed May 21 22:58:25 MDT 2025
| Date              : Tue Aug 25 16:58:21 2026
| Host              : zhang-21.ece.cornell.edu running 64-bit Red Hat Enterprise Linux release 8.10 (Ootpa)
| Command           : report_timing_summary -max_paths 10 -routable_nets -report_unconstrained -file bd_0_wrapper_timing_summary_routed.rpt -pb bd_0_wrapper_timing_summary_routed.pb -rpx bd_0_wrapper_timing_summary_routed.rpx -warn_on_violation
| Design            : bd_0_wrapper
| Device            : xczu7ev-ffvc1156
| Speed File        : -2  PRODUCTION 1.30 05-15-2022
| Design State      : Routed
| Temperature Grade : E
-----------------------------------------------------------------------------------------------------------------------------------------------------------------------------------------------------------------------------------------------------

Timing Summary Report

------------------------------------------------------------------------------------------------
| Timer Settings
| --------------
------------------------------------------------------------------------------------------------

  Enable Multi Corner Analysis               :  Yes
  Enable Pessimism Removal                   :  Yes
  Pessimism Removal Resolution               :  Nearest Common Node
  Enable Input Delay Default Clock           :  No
  Enable Preset / Clear Arcs                 :  No
  Disable Flight Delays                      :  No
  Ignore I/O Paths                           :  No
  Timing Early Launch at Borrowing Latches   :  No
  Borrow Time for Max Delay Exceptions       :  Yes
  Merge Timing Exceptions                    :  Yes
  Inter-SLR Compensation                     :  Conservative

  Corner  Analyze    Analyze    
  Name    Max Paths  Min Paths  
  ------  ---------  ---------  
  Slow    Yes        Yes        
  Fast    Yes        Yes        


------------------------------------------------------------------------------------------------
| Report Methodology
| ------------------
------------------------------------------------------------------------------------------------

Rule       Severity  Description                    Violations  
---------  --------  -----------------------------  ----------  
TIMING-16  Warning   Large setup violation          2           
TIMING-18  Warning   Missing input or output delay  957         

Note: This report is based on the most recent report_methodology run and may not be up-to-date. Run report_methodology on the current design for the latest report.



check_timing report

Table of Contents
-----------------
1. checking no_clock (0)
2. checking constant_clock (0)
3. checking pulse_width_clock (0)
4. checking unconstrained_internal_endpoints (0)
5. checking no_input_delay (398)
6. checking no_output_delay (223)
7. checking multiple_clock (0)
8. checking generated_clocks (0)
9. checking loops (0)
10. checking partial_input_delay (0)
11. checking partial_output_delay (0)
12. checking latch_loops (0)

1. checking no_clock (0)
------------------------
 There are 0 register/latch pins with no clock.


2. checking constant_clock (0)
------------------------------
 There are 0 register/latch pins with constant_clock.


3. checking pulse_width_clock (0)
---------------------------------
 There are 0 register/latch pins which need pulse_width check


4. checking unconstrained_internal_endpoints (0)
------------------------------------------------
 There are 0 pins that are not constrained for maximum delay.

 There are 0 pins that are not constrained for maximum delay due to constant clock.


5. checking no_input_delay (398)
--------------------------------
 There are 398 input ports with no input delay specified. (HIGH)

 There are 0 input ports with no input delay but user has a false path constraint.


6. checking no_output_delay (223)
---------------------------------
 There are 223 ports with no output delay specified. (HIGH)

 There are 0 ports with no output delay but user has a false path constraint

 There are 0 ports with no output delay but with a timing clock defined on it or propagating through it


7. checking multiple_clock (0)
------------------------------
 There are 0 register/latch pins with multiple clocks.


8. checking generated_clocks (0)
--------------------------------
 There are 0 generated clocks that are not connected to a clock source.


9. checking loops (0)
---------------------
 There are 0 combinational loops in the design.


10. checking partial_input_delay (0)
------------------------------------
 There are 0 input ports with partial input delay specified.


11. checking partial_output_delay (0)
-------------------------------------
 There are 0 ports with partial output delay specified.


12. checking latch_loops (0)
----------------------------
 There are 0 combinational latch loops in the design through latch input



------------------------------------------------------------------------------------------------
| Design Timing Summary
| ---------------------
------------------------------------------------------------------------------------------------

    WNS(ns)      TNS(ns)  TNS Failing Endpoints  TNS Total Endpoints      WHS(ns)      THS(ns)  THS Failing Endpoints  THS Total Endpoints     WPWS(ns)     TPWS(ns)  TPWS Failing Endpoints  TPWS Total Endpoints  
    -------      -------  ---------------------  -------------------      -------      -------  ---------------------  -------------------     --------     --------  ----------------------  --------------------  
     -1.101      -88.241                    274                 6197        0.042        0.000                      0                 6197        1.133        0.000                       0                  2580  


Timing constraints are not met.


------------------------------------------------------------------------------------------------
| Clock Summary
| -------------
------------------------------------------------------------------------------------------------

Clock   Waveform(ns)         Period(ns)      Frequency(MHz)
-----   ------------         ----------      --------------
ap_clk  {0.000 1.665}        3.330           300.300         


------------------------------------------------------------------------------------------------
| Intra Clock Table
| -----------------
------------------------------------------------------------------------------------------------

Clock             WNS(ns)      TNS(ns)  TNS Failing Endpoints  TNS Total Endpoints      WHS(ns)      THS(ns)  THS Failing Endpoints  THS Total Endpoints     WPWS(ns)     TPWS(ns)  TPWS Failing Endpoints  TPWS Total Endpoints  
-----             -------      -------  ---------------------  -------------------      -------      -------  ---------------------  -------------------     --------     --------  ----------------------  --------------------  
ap_clk             -1.101      -88.241                    274                 6197        0.042        0.000                      0                 6197        1.133        0.000                       0                  2580  


------------------------------------------------------------------------------------------------
| Inter Clock Table
| -----------------
------------------------------------------------------------------------------------------------

From Clock    To Clock          WNS(ns)      TNS(ns)  TNS Failing Endpoints  TNS Total Endpoints      WHS(ns)      THS(ns)  THS Failing Endpoints  THS Total Endpoints  
----------    --------          -------      -------  ---------------------  -------------------      -------      -------  ---------------------  -------------------  


------------------------------------------------------------------------------------------------
| Other Path Groups Table
| -----------------------
------------------------------------------------------------------------------------------------

Path Group    From Clock    To Clock          WNS(ns)      TNS(ns)  TNS Failing Endpoints  TNS Total Endpoints      WHS(ns)      THS(ns)  THS Failing Endpoints  THS Total Endpoints  
----------    ----------    --------          -------      -------  ---------------------  -------------------      -------      -------  ---------------------  -------------------  


------------------------------------------------------------------------------------------------
| User Ignored Path Table
| -----------------------
------------------------------------------------------------------------------------------------

Path Group    From Clock    To Clock    
----------    ----------    --------    


------------------------------------------------------------------------------------------------
| Unconstrained Path Table
| ------------------------
------------------------------------------------------------------------------------------------

Path Group    From Clock    To Clock    
----------    ----------    --------    
(none)                                    
(none)        ap_clk                      
(none)                      ap_clk        


------------------------------------------------------------------------------------------------
| Timing Details
| --------------
------------------------------------------------------------------------------------------------


---------------------------------------------------------------------------------------------------
From Clock:  ap_clk
  To Clock:  ap_clk

Setup :          274  Failing Endpoints,  Worst Slack       -1.101ns,  Total Violation      -88.241ns
Hold  :            0  Failing Endpoints,  Worst Slack        0.042ns,  Total Violation        0.000ns
PW    :            0  Failing Endpoints,  Worst Slack        1.133ns,  Total Violation        0.000ns
---------------------------------------------------------------------------------------------------


Max Delay Paths
--------------------------------------------------------------------------------------
Slack (VIOLATED) :        -1.101ns  (required time - arrival time)
  Source:                 bd_0_i/hls_inst/inst/grp_node_0_0_Pipeline_l_S_t_1_t_fu_297/hadd_16ns_16ns_16_3_no_dsp_1_U22/din0_buf1_reg[3]/C
                            (rising edge-triggered cell FDRE clocked by ap_clk  {rise@0.000ns fall@1.665ns period=3.330ns})
  Destination:            <hidden>
                            (rising edge-triggered cell FDRE clocked by ap_clk  {rise@0.000ns fall@1.665ns period=3.330ns})
  Path Group:             ap_clk
  Path Type:              Setup (Max at Slow Process Corner)
  Requirement:            3.330ns  (ap_clk rise@3.330ns - ap_clk rise@0.000ns)
  Data Path Delay:        4.411ns  (logic 3.017ns (68.398%)  route 1.394ns (31.602%))
  Logic Levels:           13  (CARRY8=2 DSP_A_B_DATA=2 DSP_ALU=2 DSP_M_DATA=1 DSP_MULTIPLIER=1 DSP_OUTPUT=2 DSP_PREADD_DATA=1 LUT2=1 LUT5=1)
  Clock Path Skew:        -0.010ns (DCD - SCD + CPR)
    Destination Clock Delay (DCD):    0.020ns = ( 3.350 - 3.330 ) 
    Source Clock Delay      (SCD):    0.030ns
    Clock Pessimism Removal (CPR):    0.000ns
  Clock Uncertainty:      0.035ns  ((TSJ^2 + TIJ^2)^1/2 + DJ) / 2 + PE
    Total System Jitter     (TSJ):    0.071ns
    Total Input Jitter      (TIJ):    0.000ns
    Discrete Jitter          (DJ):    0.000ns
    Phase Error              (PE):    0.000ns

    Location             Delay type                Incr(ns)  Path(ns)    Netlist Resource(s)
  -------------------------------------------------------------------    -------------------
                         (clock ap_clk rise edge)     0.000     0.000 r  
                                                      0.000     0.000 r  ap_clk (IN)
                         net (fo=2591, unset)         0.030     0.030    bd_0_i/hls_inst/inst/grp_node_0_0_Pipeline_l_S_t_1_t_fu_297/hadd_16ns_16ns_16_3_no_dsp_1_U22/ap_clk
    SLICE_X56Y120        FDRE                                         r  bd_0_i/hls_inst/inst/grp_node_0_0_Pipeline_l_S_t_1_t_fu_297/hadd_16ns_16ns_16_3_no_dsp_1_U22/din0_buf1_reg[3]/C
  -------------------------------------------------------------------    -------------------
    SLICE_X56Y120        FDRE (Prop_GFF2_SLICEM_C_Q)
                                                      0.079     0.109 f  bd_0_i/hls_inst/inst/grp_node_0_0_Pipeline_l_S_t_1_t_fu_297/hadd_16ns_16ns_16_3_no_dsp_1_U22/din0_buf1_reg[3]/Q
                         net (fo=12, routed)          0.204     0.313    <hidden>
    DSP48E2_X5Y48        DSP_A_B_DATA (Prop_DSP_A_B_DATA_DSP48E2_A[3]_A2_DATA[3])
                                                      0.192     0.505 r  <hidden>
                         net (fo=1, routed)           0.000     0.505    <hidden>
    DSP48E2_X5Y48        DSP_PREADD_DATA (Prop_DSP_PREADD_DATA_DSP48E2_A2_DATA[3]_A2A1[3])
                                                      0.076     0.581 r  <hidden>
                         net (fo=1, routed)           0.000     0.581    <hidden>
    DSP48E2_X5Y48        DSP_MULTIPLIER (Prop_DSP_MULTIPLIER_DSP48E2_A2A1[3]_U[24])
                                                      0.505     1.086 f  <hidden>
                         net (fo=1, routed)           0.000     1.086    <hidden>
    DSP48E2_X5Y48        DSP_M_DATA (Prop_DSP_M_DATA_DSP48E2_U[24]_U_DATA[24])
                                                      0.047     1.133 r  <hidden>
                         net (fo=1, routed)           0.000     1.133    <hidden>
    DSP48E2_X5Y48        DSP_ALU (Prop_DSP_ALU_DSP48E2_U_DATA[24]_ALU_OUT[47])
                                                      0.585     1.718 r  <hidden>
                         net (fo=1, routed)           0.000     1.718    <hidden>
    DSP48E2_X5Y48        DSP_OUTPUT (Prop_DSP_OUTPUT_DSP48E2_ALU_OUT[47]_PATTERN_DETECT)
                                                      0.363     2.081 r  <hidden>
                         net (fo=2, routed)           0.270     2.351    <hidden>
    SLICE_X57Y123        LUT5 (Prop_C6LUT_SLICEM_I1_O)
                                                      0.051     2.402 r  <hidden>
                         net (fo=1, routed)           0.021     2.423    <hidden>
    SLICE_X57Y123        CARRY8 (Prop_CARRY8_SLICEM_S[2]_CO[2])
                                                      0.063     2.486 f  <hidden>
                         net (fo=1, routed)           0.432     2.918    <hidden>
    DSP48E2_X6Y50        DSP_A_B_DATA (Prop_DSP_A_B_DATA_DSP48E2_B[1]_B_ALU[1])
                                                      0.165     3.083 r  <hidden>
                         net (fo=1, routed)           0.000     3.083    <hidden>
    DSP48E2_X6Y50        DSP_ALU (Prop_DSP_ALU_DSP48E2_B_ALU[1]_ALU_OUT[12])
                                                      0.541     3.624 f  <hidden>
                         net (fo=1, routed)           0.000     3.624    <hidden>
    DSP48E2_X6Y50        DSP_OUTPUT (Prop_DSP_OUTPUT_DSP48E2_ALU_OUT[12]_P[12])
                                                      0.109     3.733 r  <hidden>
                         net (fo=1, routed)           0.254     3.987    <hidden>
    SLICE_X62Y126        CARRY8 (Prop_CARRY8_SLICEL_CI_O[4])
                                                      0.191     4.178 r  <hidden>
                         net (fo=1, routed)           0.165     4.343    <hidden>
    SLICE_X62Y125        LUT2 (Prop_A6LUT_SLICEL_I0_O)
                                                      0.050     4.393 r  <hidden>
                         net (fo=1, routed)           0.048     4.441    <hidden>
    SLICE_X62Y125        FDRE                                         r  <hidden>
  -------------------------------------------------------------------    -------------------

                         (clock ap_clk rise edge)     3.330     3.330 r  
                                                      0.000     3.330 r  ap_clk (IN)
                         net (fo=2591, unset)         0.020     3.350    <hidden>
    SLICE_X62Y125        FDRE                                         r  <hidden>
                         clock pessimism              0.000     3.350    
                         clock uncertainty           -0.035     3.315    
    SLICE_X62Y125        FDRE (Setup_AFF_SLICEL_C_D)
                                                      0.025     3.340    <hidden>
  -------------------------------------------------------------------
                         required time                          3.340    
                         arrival time                          -4.441    
  -------------------------------------------------------------------
                         slack                                 -1.101    

Slack (VIOLATED) :        -1.039ns  (required time - arrival time)
  Source:                 bd_0_i/hls_inst/inst/grp_node_0_0_Pipeline_l_S_t_1_t_fu_297/hadd_16ns_16ns_16_3_no_dsp_1_U22/din0_buf1_reg[3]/C
                            (rising edge-triggered cell FDRE clocked by ap_clk  {rise@0.000ns fall@1.665ns period=3.330ns})
  Destination:            <hidden>
                            (rising edge-triggered cell FDRE clocked by ap_clk  {rise@0.000ns fall@1.665ns period=3.330ns})
  Path Group:             ap_clk
  Path Type:              Setup (Max at Slow Process Corner)
  Requirement:            3.330ns  (ap_clk rise@3.330ns - ap_clk rise@0.000ns)
  Data Path Delay:        4.349ns  (logic 2.999ns (68.960%)  route 1.350ns (31.040%))
  Logic Levels:           13  (CARRY8=2 DSP_A_B_DATA=2 DSP_ALU=2 DSP_M_DATA=1 DSP_MULTIPLIER=1 DSP_OUTPUT=2 DSP_PREADD_DATA=1 LUT2=1 LUT5=1)
  Clock Path Skew:        -0.010ns (DCD - SCD + CPR)
    Destination Clock Delay (DCD):    0.020ns = ( 3.350 - 3.330 ) 
    Source Clock Delay      (SCD):    0.030ns
    Clock Pessimism Removal (CPR):    0.000ns
  Clock Uncertainty:      0.035ns  ((TSJ^2 + TIJ^2)^1/2 + DJ) / 2 + PE
    Total System Jitter     (TSJ):    0.071ns
    Total Input Jitter      (TIJ):    0.000ns
    Discrete Jitter          (DJ):    0.000ns
    Phase Error              (PE):    0.000ns

    Location             Delay type                Incr(ns)  Path(ns)    Netlist Resource(s)
  -------------------------------------------------------------------    -------------------
                         (clock ap_clk rise edge)     0.000     0.000 r  
                                                      0.000     0.000 r  ap_clk (IN)
                         net (fo=2591, unset)         0.030     0.030    bd_0_i/hls_inst/inst/grp_node_0_0_Pipeline_l_S_t_1_t_fu_297/hadd_16ns_16ns_16_3_no_dsp_1_U22/ap_clk
    SLICE_X56Y120        FDRE                                         r  bd_0_i/hls_inst/inst/grp_node_0_0_Pipeline_l_S_t_1_t_fu_297/hadd_16ns_16ns_16_3_no_dsp_1_U22/din0_buf1_reg[3]/C
  -------------------------------------------------------------------    -------------------
    SLICE_X56Y120        FDRE (Prop_GFF2_SLICEM_C_Q)
                                                      0.079     0.109 f  bd_0_i/hls_inst/inst/grp_node_0_0_Pipeline_l_S_t_1_t_fu_297/hadd_16ns_16ns_16_3_no_dsp_1_U22/din0_buf1_reg[3]/Q
                         net (fo=12, routed)          0.204     0.313    <hidden>
    DSP48E2_X5Y48        DSP_A_B_DATA (Prop_DSP_A_B_DATA_DSP48E2_A[3]_A2_DATA[3])
                                                      0.192     0.505 r  <hidden>
                         net (fo=1, routed)           0.000     0.505    <hidden>
    DSP48E2_X5Y48        DSP_PREADD_DATA (Prop_DSP_PREADD_DATA_DSP48E2_A2_DATA[3]_A2A1[3])
                                                      0.076     0.581 r  <hidden>
                         net (fo=1, routed)           0.000     0.581    <hidden>
    DSP48E2_X5Y48        DSP_MULTIPLIER (Prop_DSP_MULTIPLIER_DSP48E2_A2A1[3]_U[24])
                                                      0.505     1.086 f  <hidden>
                         net (fo=1, routed)           0.000     1.086    <hidden>
    DSP48E2_X5Y48        DSP_M_DATA (Prop_DSP_M_DATA_DSP48E2_U[24]_U_DATA[24])
                                                      0.047     1.133 r  <hidden>
                         net (fo=1, routed)           0.000     1.133    <hidden>
    DSP48E2_X5Y48        DSP_ALU (Prop_DSP_ALU_DSP48E2_U_DATA[24]_ALU_OUT[47])
                                                      0.585     1.718 r  <hidden>
                         net (fo=1, routed)           0.000     1.718    <hidden>
    DSP48E2_X5Y48        DSP_OUTPUT (Prop_DSP_OUTPUT_DSP48E2_ALU_OUT[47]_PATTERN_DETECT)
                                                      0.363     2.081 r  <hidden>
                         net (fo=2, routed)           0.270     2.351    <hidden>
    SLICE_X57Y123        LUT5 (Prop_C6LUT_SLICEM_I1_O)
                                                      0.051     2.402 r  <hidden>
                         net (fo=1, routed)           0.021     2.423    <hidden>
    SLICE_X57Y123        CARRY8 (Prop_CARRY8_SLICEM_S[2]_CO[2])
                                                      0.063     2.486 f  <hidden>
                         net (fo=1, routed)           0.432     2.918    <hidden>
    DSP48E2_X6Y50        DSP_A_B_DATA (Prop_DSP_A_B_DATA_DSP48E2_B[1]_B_ALU[1])
                                                      0.165     3.083 r  <hidden>
                         net (fo=1, routed)           0.000     3.083    <hidden>
    DSP48E2_X6Y50        DSP_ALU (Prop_DSP_ALU_DSP48E2_B_ALU[1]_ALU_OUT[12])
                                                      0.541     3.624 f  <hidden>
                         net (fo=1, routed)           0.000     3.624    <hidden>
    DSP48E2_X6Y50        DSP_OUTPUT (Prop_DSP_OUTPUT_DSP48E2_ALU_OUT[12]_P[12])
                                                      0.109     3.733 r  <hidden>
                         net (fo=1, routed)           0.254     3.987    <hidden>
    SLICE_X62Y126        CARRY8 (Prop_CARRY8_SLICEL_CI_O[3])
                                                      0.133     4.120 r  <hidden>
                         net (fo=1, routed)           0.120     4.240    <hidden>
    SLICE_X62Y125        LUT2 (Prop_B6LUT_SLICEL_I0_O)
                                                      0.090     4.330 r  <hidden>
                         net (fo=1, routed)           0.049     4.379    <hidden>
    SLICE_X62Y125        FDRE                                         r  <hidden>
  -------------------------------------------------------------------    -------------------

                         (clock ap_clk rise edge)     3.330     3.330 r  
                                                      0.000     3.330 r  ap_clk (IN)
                         net (fo=2591, unset)         0.020     3.350    <hidden>
    SLICE_X62Y125        FDRE                                         r  <hidden>
                         clock pessimism              0.000     3.350    
                         clock uncertainty           -0.035     3.315    
    SLICE_X62Y125        FDRE (Setup_BFF_SLICEL_C_D)
                                                      0.025     3.340    <hidden>
  -------------------------------------------------------------------
                         required time                          3.340    
                         arrival time                          -4.379    
  -------------------------------------------------------------------
                         slack                                 -1.039    

Slack (VIOLATED) :        -0.996ns  (required time - arrival time)
  Source:                 bd_0_i/hls_inst/inst/grp_node_0_0_Pipeline_l_S_t_1_t_fu_297/hadd_16ns_16ns_16_3_no_dsp_1_U22/din0_buf1_reg[3]/C
                            (rising edge-triggered cell FDRE clocked by ap_clk  {rise@0.000ns fall@1.665ns period=3.330ns})
  Destination:            <hidden>
                            (rising edge-triggered cell FDRE clocked by ap_clk  {rise@0.000ns fall@1.665ns period=3.330ns})
  Path Group:             ap_clk
  Path Type:              Setup (Max at Slow Process Corner)
  Requirement:            3.330ns  (ap_clk rise@3.330ns - ap_clk rise@0.000ns)
  Data Path Delay:        4.307ns  (logic 2.937ns (68.193%)  route 1.370ns (31.807%))
  Logic Levels:           13  (CARRY8=2 DSP_A_B_DATA=2 DSP_ALU=2 DSP_M_DATA=1 DSP_MULTIPLIER=1 DSP_OUTPUT=2 DSP_PREADD_DATA=1 LUT5=1 LUT6=1)
  Clock Path Skew:        -0.009ns (DCD - SCD + CPR)
    Destination Clock Delay (DCD):    0.021ns = ( 3.351 - 3.330 ) 
    Source Clock Delay      (SCD):    0.030ns
    Clock Pessimism Removal (CPR):    0.000ns
  Clock Uncertainty:      0.035ns  ((TSJ^2 + TIJ^2)^1/2 + DJ) / 2 + PE
    Total System Jitter     (TSJ):    0.071ns
    Total Input Jitter      (TIJ):    0.000ns
    Discrete Jitter          (DJ):    0.000ns
    Phase Error              (PE):    0.000ns

    Location             Delay type                Incr(ns)  Path(ns)    Netlist Resource(s)
  -------------------------------------------------------------------    -------------------
                         (clock ap_clk rise edge)     0.000     0.000 r  
                                                      0.000     0.000 r  ap_clk (IN)
                         net (fo=2591, unset)         0.030     0.030    bd_0_i/hls_inst/inst/grp_node_0_0_Pipeline_l_S_t_1_t_fu_297/hadd_16ns_16ns_16_3_no_dsp_1_U22/ap_clk
    SLICE_X56Y120        FDRE                                         r  bd_0_i/hls_inst/inst/grp_node_0_0_Pipeline_l_S_t_1_t_fu_297/hadd_16ns_16ns_16_3_no_dsp_1_U22/din0_buf1_reg[3]/C
  -------------------------------------------------------------------    -------------------
    SLICE_X56Y120        FDRE (Prop_GFF2_SLICEM_C_Q)
                                                      0.079     0.109 f  bd_0_i/hls_inst/inst/grp_node_0_0_Pipeline_l_S_t_1_t_fu_297/hadd_16ns_16ns_16_3_no_dsp_1_U22/din0_buf1_reg[3]/Q
                         net (fo=12, routed)          0.204     0.313    <hidden>
    DSP48E2_X5Y48        DSP_A_B_DATA (Prop_DSP_A_B_DATA_DSP48E2_A[3]_A2_DATA[3])
                                                      0.192     0.505 r  <hidden>
                         net (fo=1, routed)           0.000     0.505    <hidden>
    DSP48E2_X5Y48        DSP_PREADD_DATA (Prop_DSP_PREADD_DATA_DSP48E2_A2_DATA[3]_A2A1[3])
                                                      0.076     0.581 r  <hidden>
                         net (fo=1, routed)           0.000     0.581    <hidden>
    DSP48E2_X5Y48        DSP_MULTIPLIER (Prop_DSP_MULTIPLIER_DSP48E2_A2A1[3]_U[24])
                                                      0.505     1.086 f  <hidden>
                         net (fo=1, routed)           0.000     1.086    <hidden>
    DSP48E2_X5Y48        DSP_M_DATA (Prop_DSP_M_DATA_DSP48E2_U[24]_U_DATA[24])
                                                      0.047     1.133 r  <hidden>
                         net (fo=1, routed)           0.000     1.133    <hidden>
    DSP48E2_X5Y48        DSP_ALU (Prop_DSP_ALU_DSP48E2_U_DATA[24]_ALU_OUT[47])
                                                      0.585     1.718 r  <hidden>
                         net (fo=1, routed)           0.000     1.718    <hidden>
    DSP48E2_X5Y48        DSP_OUTPUT (Prop_DSP_OUTPUT_DSP48E2_ALU_OUT[47]_PATTERN_DETECT)
                                                      0.363     2.081 r  <hidden>
                         net (fo=2, routed)           0.270     2.351    <hidden>
    SLICE_X57Y123        LUT5 (Prop_C6LUT_SLICEM_I1_O)
                                                      0.051     2.402 r  <hidden>
                         net (fo=1, routed)           0.021     2.423    <hidden>
    SLICE_X57Y123        CARRY8 (Prop_CARRY8_SLICEM_S[2]_CO[2])
                                                      0.063     2.486 f  <hidden>
                         net (fo=1, routed)           0.432     2.918    <hidden>
    DSP48E2_X6Y50        DSP_A_B_DATA (Prop_DSP_A_B_DATA_DSP48E2_B[1]_B_ALU[1])
                                                      0.165     3.083 r  <hidden>
                         net (fo=1, routed)           0.000     3.083    <hidden>
    DSP48E2_X6Y50        DSP_ALU (Prop_DSP_ALU_DSP48E2_B_ALU[1]_ALU_OUT[12])
                                                      0.541     3.624 f  <hidden>
                         net (fo=1, routed)           0.000     3.624    <hidden>
    DSP48E2_X6Y50        DSP_OUTPUT (Prop_DSP_OUTPUT_DSP48E2_ALU_OUT[12]_P[12])
                                                      0.109     3.733 r  <hidden>
                         net (fo=1, routed)           0.254     3.987    <hidden>
    SLICE_X62Y126        CARRY8 (Prop_CARRY8_SLICEL_CI_O[0])
                                                      0.108     4.095 r  <hidden>
                         net (fo=1, routed)           0.131     4.226    <hidden>
    SLICE_X63Y126        LUT6 (Prop_H6LUT_SLICEM_I2_O)
                                                      0.053     4.279 r  <hidden>
                         net (fo=1, routed)           0.058     4.337    <hidden>
    SLICE_X63Y126        FDRE                                         r  <hidden>
  -------------------------------------------------------------------    -------------------

                         (clock ap_clk rise edge)     3.330     3.330 r  
                                                      0.000     3.330 r  ap_clk (IN)
                         net (fo=2591, unset)         0.021     3.351    <hidden>
    SLICE_X63Y126        FDRE                                         r  <hidden>
                         clock pessimism              0.000     3.351    
                         clock uncertainty           -0.035     3.316    
    SLICE_X63Y126        FDRE (Setup_HFF_SLICEM_C_D)
                                                      0.025     3.341    <hidden>
  -------------------------------------------------------------------
                         required time                          3.341    
                         arrival time                          -4.337    
  -------------------------------------------------------------------
                         slack                                 -0.996    

Slack (VIOLATED) :        -0.994ns  (required time - arrival time)
  Source:                 bd_0_i/hls_inst/inst/grp_node_0_0_Pipeline_l_S_t_1_t_fu_297/hadd_16ns_16ns_16_3_no_dsp_1_U22/din0_buf1_reg[3]/C
                            (rising edge-triggered cell FDRE clocked by ap_clk  {rise@0.000ns fall@1.665ns period=3.330ns})
  Destination:            <hidden>
                            (rising edge-triggered cell FDRE clocked by ap_clk  {rise@0.000ns fall@1.665ns period=3.330ns})
  Path Group:             ap_clk
  Path Type:              Setup (Max at Slow Process Corner)
  Requirement:            3.330ns  (ap_clk rise@3.330ns - ap_clk rise@0.000ns)
  Data Path Delay:        4.304ns  (logic 2.956ns (68.681%)  route 1.348ns (31.318%))
  Logic Levels:           13  (CARRY8=2 DSP_A_B_DATA=2 DSP_ALU=2 DSP_M_DATA=1 DSP_MULTIPLIER=1 DSP_OUTPUT=2 DSP_PREADD_DATA=1 LUT2=1 LUT5=1)
  Clock Path Skew:        -0.010ns (DCD - SCD + CPR)
    Destination Clock Delay (DCD):    0.020ns = ( 3.350 - 3.330 ) 
    Source Clock Delay      (SCD):    0.030ns
    Clock Pessimism Removal (CPR):    0.000ns
  Clock Uncertainty:      0.035ns  ((TSJ^2 + TIJ^2)^1/2 + DJ) / 2 + PE
    Total System Jitter     (TSJ):    0.071ns
    Total Input Jitter      (TIJ):    0.000ns
    Discrete Jitter          (DJ):    0.000ns
    Phase Error              (PE):    0.000ns

    Location             Delay type                Incr(ns)  Path(ns)    Netlist Resource(s)
  -------------------------------------------------------------------    -------------------
                         (clock ap_clk rise edge)     0.000     0.000 r  
                                                      0.000     0.000 r  ap_clk (IN)
                         net (fo=2591, unset)         0.030     0.030    bd_0_i/hls_inst/inst/grp_node_0_0_Pipeline_l_S_t_1_t_fu_297/hadd_16ns_16ns_16_3_no_dsp_1_U22/ap_clk
    SLICE_X56Y120        FDRE                                         r  bd_0_i/hls_inst/inst/grp_node_0_0_Pipeline_l_S_t_1_t_fu_297/hadd_16ns_16ns_16_3_no_dsp_1_U22/din0_buf1_reg[3]/C
  -------------------------------------------------------------------    -------------------
    SLICE_X56Y120        FDRE (Prop_GFF2_SLICEM_C_Q)
                                                      0.079     0.109 f  bd_0_i/hls_inst/inst/grp_node_0_0_Pipeline_l_S_t_1_t_fu_297/hadd_16ns_16ns_16_3_no_dsp_1_U22/din0_buf1_reg[3]/Q
                         net (fo=12, routed)          0.204     0.313    <hidden>
    DSP48E2_X5Y48        DSP_A_B_DATA (Prop_DSP_A_B_DATA_DSP48E2_A[3]_A2_DATA[3])
                                                      0.192     0.505 r  <hidden>
                         net (fo=1, routed)           0.000     0.505    <hidden>
    DSP48E2_X5Y48        DSP_PREADD_DATA (Prop_DSP_PREADD_DATA_DSP48E2_A2_DATA[3]_A2A1[3])
                                                      0.076     0.581 r  <hidden>
                         net (fo=1, routed)           0.000     0.581    <hidden>
    DSP48E2_X5Y48        DSP_MULTIPLIER (Prop_DSP_MULTIPLIER_DSP48E2_A2A1[3]_U[24])
                                                      0.505     1.086 f  <hidden>
                         net (fo=1, routed)           0.000     1.086    <hidden>
    DSP48E2_X5Y48        DSP_M_DATA (Prop_DSP_M_DATA_DSP48E2_U[24]_U_DATA[24])
                                                      0.047     1.133 r  <hidden>
                         net (fo=1, routed)           0.000     1.133    <hidden>
    DSP48E2_X5Y48        DSP_ALU (Prop_DSP_ALU_DSP48E2_U_DATA[24]_ALU_OUT[47])
                                                      0.585     1.718 r  <hidden>
                         net (fo=1, routed)           0.000     1.718    <hidden>
    DSP48E2_X5Y48        DSP_OUTPUT (Prop_DSP_OUTPUT_DSP48E2_ALU_OUT[47]_PATTERN_DETECT)
                                                      0.363     2.081 r  <hidden>
                         net (fo=2, routed)           0.270     2.351    <hidden>
    SLICE_X57Y123        LUT5 (Prop_C6LUT_SLICEM_I1_O)
                                                      0.051     2.402 r  <hidden>
                         net (fo=1, routed)           0.021     2.423    <hidden>
    SLICE_X57Y123        CARRY8 (Prop_CARRY8_SLICEM_S[2]_CO[2])
                                                      0.063     2.486 f  <hidden>
                         net (fo=1, routed)           0.432     2.918    <hidden>
    DSP48E2_X6Y50        DSP_A_B_DATA (Prop_DSP_A_B_DATA_DSP48E2_B[1]_B_ALU[1])
                                                      0.165     3.083 r  <hidden>
                         net (fo=1, routed)           0.000     3.083    <hidden>
    DSP48E2_X6Y50        DSP_ALU (Prop_DSP_ALU_DSP48E2_B_ALU[1]_ALU_OUT[12])
                                                      0.541     3.624 f  <hidden>
                         net (fo=1, routed)           0.000     3.624    <hidden>
    DSP48E2_X6Y50        DSP_OUTPUT (Prop_DSP_OUTPUT_DSP48E2_ALU_OUT[12]_P[12])
                                                      0.109     3.733 r  <hidden>
                         net (fo=1, routed)           0.254     3.987    <hidden>
    SLICE_X62Y126        CARRY8 (Prop_CARRY8_SLICEL_CI_O[1])
                                                      0.130     4.117 r  <hidden>
                         net (fo=1, routed)           0.118     4.235    <hidden>
    SLICE_X62Y125        LUT2 (Prop_D6LUT_SLICEL_I0_O)
                                                      0.050     4.285 r  <hidden>
                         net (fo=1, routed)           0.049     4.334    <hidden>
    SLICE_X62Y125        FDRE                                         r  <hidden>
  -------------------------------------------------------------------    -------------------

                         (clock ap_clk rise edge)     3.330     3.330 r  
                                                      0.000     3.330 r  ap_clk (IN)
                         net (fo=2591, unset)         0.020     3.350    <hidden>
    SLICE_X62Y125        FDRE                                         r  <hidden>
                         clock pessimism              0.000     3.350    
                         clock uncertainty           -0.035     3.315    
    SLICE_X62Y125        FDRE (Setup_DFF_SLICEL_C_D)
                                                      0.025     3.340    <hidden>
  -------------------------------------------------------------------
                         required time                          3.340    
                         arrival time                          -4.334    
  -------------------------------------------------------------------
                         slack                                 -0.994    

Slack (VIOLATED) :        -0.990ns  (required time - arrival time)
  Source:                 bd_0_i/hls_inst/inst/grp_node_0_0_Pipeline_l_S_t_1_t_fu_297/hadd_16ns_16ns_16_3_no_dsp_1_U22/din0_buf1_reg[3]/C
                            (rising edge-triggered cell FDRE clocked by ap_clk  {rise@0.000ns fall@1.665ns period=3.330ns})
  Destination:            <hidden>
                            (rising edge-triggered cell FDRE clocked by ap_clk  {rise@0.000ns fall@1.665ns period=3.330ns})
  Path Group:             ap_clk
  Path Type:              Setup (Max at Slow Process Corner)
  Requirement:            3.330ns  (ap_clk rise@3.330ns - ap_clk rise@0.000ns)
  Data Path Delay:        4.300ns  (logic 2.940ns (68.373%)  route 1.360ns (31.627%))
  Logic Levels:           13  (CARRY8=2 DSP_A_B_DATA=2 DSP_ALU=2 DSP_M_DATA=1 DSP_MULTIPLIER=1 DSP_OUTPUT=2 DSP_PREADD_DATA=1 LUT2=1 LUT5=1)
  Clock Path Skew:        -0.010ns (DCD - SCD + CPR)
    Destination Clock Delay (DCD):    0.020ns = ( 3.350 - 3.330 ) 
    Source Clock Delay      (SCD):    0.030ns
    Clock Pessimism Removal (CPR):    0.000ns
  Clock Uncertainty:      0.035ns  ((TSJ^2 + TIJ^2)^1/2 + DJ) / 2 + PE
    Total System Jitter     (TSJ):    0.071ns
    Total Input Jitter      (TIJ):    0.000ns
    Discrete Jitter          (DJ):    0.000ns
    Phase Error              (PE):    0.000ns

    Location             Delay type                Incr(ns)  Path(ns)    Netlist Resource(s)
  -------------------------------------------------------------------    -------------------
                         (clock ap_clk rise edge)     0.000     0.000 r  
                                                      0.000     0.000 r  ap_clk (IN)
                         net (fo=2591, unset)         0.030     0.030    bd_0_i/hls_inst/inst/grp_node_0_0_Pipeline_l_S_t_1_t_fu_297/hadd_16ns_16ns_16_3_no_dsp_1_U22/ap_clk
    SLICE_X56Y120        FDRE                                         r  bd_0_i/hls_inst/inst/grp_node_0_0_Pipeline_l_S_t_1_t_fu_297/hadd_16ns_16ns_16_3_no_dsp_1_U22/din0_buf1_reg[3]/C
  -------------------------------------------------------------------    -------------------
    SLICE_X56Y120        FDRE (Prop_GFF2_SLICEM_C_Q)
                                                      0.079     0.109 f  bd_0_i/hls_inst/inst/grp_node_0_0_Pipeline_l_S_t_1_t_fu_297/hadd_16ns_16ns_16_3_no_dsp_1_U22/din0_buf1_reg[3]/Q
                         net (fo=12, routed)          0.204     0.313    <hidden>
    DSP48E2_X5Y48        DSP_A_B_DATA (Prop_DSP_A_B_DATA_DSP48E2_A[3]_A2_DATA[3])
                                                      0.192     0.505 r  <hidden>
                         net (fo=1, routed)           0.000     0.505    <hidden>
    DSP48E2_X5Y48        DSP_PREADD_DATA (Prop_DSP_PREADD_DATA_DSP48E2_A2_DATA[3]_A2A1[3])
                                                      0.076     0.581 r  <hidden>
                         net (fo=1, routed)           0.000     0.581    <hidden>
    DSP48E2_X5Y48        DSP_MULTIPLIER (Prop_DSP_MULTIPLIER_DSP48E2_A2A1[3]_U[24])
                                                      0.505     1.086 f  <hidden>
                         net (fo=1, routed)           0.000     1.086    <hidden>
    DSP48E2_X5Y48        DSP_M_DATA (Prop_DSP_M_DATA_DSP48E2_U[24]_U_DATA[24])
                                                      0.047     1.133 r  <hidden>
                         net (fo=1, routed)           0.000     1.133    <hidden>
    DSP48E2_X5Y48        DSP_ALU (Prop_DSP_ALU_DSP48E2_U_DATA[24]_ALU_OUT[47])
                                                      0.585     1.718 r  <hidden>
                         net (fo=1, routed)           0.000     1.718    <hidden>
    DSP48E2_X5Y48        DSP_OUTPUT (Prop_DSP_OUTPUT_DSP48E2_ALU_OUT[47]_PATTERN_DETECT)
                                                      0.363     2.081 r  <hidden>
                         net (fo=2, routed)           0.270     2.351    <hidden>
    SLICE_X57Y123        LUT5 (Prop_C6LUT_SLICEM_I1_O)
                                                      0.051     2.402 r  <hidden>
                         net (fo=1, routed)           0.021     2.423    <hidden>
    SLICE_X57Y123        CARRY8 (Prop_CARRY8_SLICEM_S[2]_CO[2])
                                                      0.063     2.486 f  <hidden>
                         net (fo=1, routed)           0.432     2.918    <hidden>
    DSP48E2_X6Y50        DSP_A_B_DATA (Prop_DSP_A_B_DATA_DSP48E2_B[1]_B_ALU[1])
                                                      0.165     3.083 r  <hidden>
                         net (fo=1, routed)           0.000     3.083    <hidden>
    DSP48E2_X6Y50        DSP_ALU (Prop_DSP_ALU_DSP48E2_B_ALU[1]_ALU_OUT[12])
                                                      0.541     3.624 f  <hidden>
                         net (fo=1, routed)           0.000     3.624    <hidden>
    DSP48E2_X6Y50        DSP_OUTPUT (Prop_DSP_OUTPUT_DSP48E2_ALU_OUT[12]_P[12])
                                                      0.109     3.733 r  <hidden>
                         net (fo=1, routed)           0.254     3.987    <hidden>
    SLICE_X62Y126        CARRY8 (Prop_CARRY8_SLICEL_CI_O[2])
                                                      0.129     4.116 r  <hidden>
                         net (fo=1, routed)           0.129     4.245    <hidden>
    SLICE_X62Y125        LUT2 (Prop_C6LUT_SLICEL_I0_O)
                                                      0.035     4.280 r  <hidden>
                         net (fo=1, routed)           0.050     4.330    <hidden>
    SLICE_X62Y125        FDRE                                         r  <hidden>
  -------------------------------------------------------------------    -------------------

                         (clock ap_clk rise edge)     3.330     3.330 r  
                                                      0.000     3.330 r  ap_clk (IN)
                         net (fo=2591, unset)         0.020     3.350    <hidden>
    SLICE_X62Y125        FDRE                                         r  <hidden>
                         clock pessimism              0.000     3.350    
                         clock uncertainty           -0.035     3.315    
    SLICE_X62Y125        FDRE (Setup_CFF_SLICEL_C_D)
                                                      0.025     3.340    <hidden>
  -------------------------------------------------------------------
                         required time                          3.340    
                         arrival time                          -4.330    
  -------------------------------------------------------------------
                         slack                                 -0.990    

Slack (VIOLATED) :        -0.833ns  (required time - arrival time)
  Source:                 bd_0_i/hls_inst/inst/grp_node_0_0_Pipeline_l_S_t_1_t_fu_297/hadd_16ns_16ns_16_3_no_dsp_1_U22/din1_buf1_reg[7]_replica/C
                            (rising edge-triggered cell FDRE clocked by ap_clk  {rise@0.000ns fall@1.665ns period=3.330ns})
  Destination:            <hidden>
                            (rising edge-triggered cell FDRE clocked by ap_clk  {rise@0.000ns fall@1.665ns period=3.330ns})
  Path Group:             ap_clk
  Path Type:              Setup (Max at Slow Process Corner)
  Requirement:            3.330ns  (ap_clk rise@3.330ns - ap_clk rise@0.000ns)
  Data Path Delay:        4.144ns  (logic 1.814ns (43.779%)  route 2.330ns (56.221%))
  Logic Levels:           22  (CARRY8=8 LUT4=3 LUT5=5 LUT6=6)
  Clock Path Skew:        -0.009ns (DCD - SCD + CPR)
    Destination Clock Delay (DCD):    0.021ns = ( 3.351 - 3.330 ) 
    Source Clock Delay      (SCD):    0.030ns
    Clock Pessimism Removal (CPR):    0.000ns
  Clock Uncertainty:      0.035ns  ((TSJ^2 + TIJ^2)^1/2 + DJ) / 2 + PE
    Total System Jitter     (TSJ):    0.071ns
    Total Input Jitter      (TIJ):    0.000ns
    Discrete Jitter          (DJ):    0.000ns
    Phase Error              (PE):    0.000ns

    Location             Delay type                Incr(ns)  Path(ns)    Netlist Resource(s)
  -------------------------------------------------------------------    -------------------
                         (clock ap_clk rise edge)     0.000     0.000 r  
                                                      0.000     0.000 r  ap_clk (IN)
                         net (fo=2591, unset)         0.030     0.030    bd_0_i/hls_inst/inst/grp_node_0_0_Pipeline_l_S_t_1_t_fu_297/hadd_16ns_16ns_16_3_no_dsp_1_U22/ap_clk
    SLICE_X57Y120        FDRE                                         r  bd_0_i/hls_inst/inst/grp_node_0_0_Pipeline_l_S_t_1_t_fu_297/hadd_16ns_16ns_16_3_no_dsp_1_U22/din1_buf1_reg[7]_replica/C
  -------------------------------------------------------------------    -------------------
    SLICE_X57Y120        FDRE (Prop_FFF_SLICEM_C_Q)
                                                      0.076     0.106 r  bd_0_i/hls_inst/inst/grp_node_0_0_Pipeline_l_S_t_1_t_fu_297/hadd_16ns_16ns_16_3_no_dsp_1_U22/din1_buf1_reg[7]_replica/Q
                         net (fo=5, routed)           0.308     0.414    <hidden>
    SLICE_X58Y118        LUT4 (Prop_D6LUT_SLICEL_I0_O)
                                                      0.146     0.560 r  <hidden>
                         net (fo=1, routed)           0.009     0.569    <hidden>
    SLICE_X58Y118        CARRY8 (Prop_CARRY8_SLICEL_S[3]_CO[7])
                                                      0.161     0.730 r  <hidden>
                         net (fo=29, routed)          0.217     0.948    <hidden>
    SLICE_X57Y119        LUT6 (Prop_C6LUT_SLICEM_I4_O)
                                                      0.037     0.985 f  <hidden>
                         net (fo=4, routed)           0.191     1.175    <hidden>
    SLICE_X56Y119        LUT4 (Prop_B6LUT_SLICEM_I0_O)
                                                      0.089     1.264 r  <hidden>
                         net (fo=1, routed)           0.016     1.280    <hidden>
    SLICE_X56Y119        CARRY8 (Prop_CARRY8_SLICEM_S[1]_CO[1])
                                                      0.091     1.371 r  <hidden>
                         net (fo=1, routed)           0.198     1.569    <hidden>
    SLICE_X56Y119        LUT5 (Prop_F6LUT_SLICEM_I1_O)
                                                      0.037     1.606 r  <hidden>
                         net (fo=1, routed)           0.041     1.647    <hidden>
    SLICE_X56Y119        LUT6 (Prop_G6LUT_SLICEM_I5_O)
                                                      0.052     1.699 r  <hidden>
                         net (fo=2, routed)           0.141     1.840    <hidden>
    SLICE_X55Y120        LUT6 (Prop_B6LUT_SLICEL_I0_O)
                                                      0.051     1.891 r  <hidden>
                         net (fo=1, routed)           0.009     1.900    <hidden>
    SLICE_X55Y120        CARRY8 (Prop_CARRY8_SLICEL_S[1]_CO[7])
                                                      0.186     2.086 r  <hidden>
                         net (fo=1, routed)           0.026     2.112    <hidden>
    SLICE_X55Y121        CARRY8 (Prop_CARRY8_SLICEL_CI_O[4])
                                                      0.086     2.198 f  <hidden>
                         net (fo=4, routed)           0.145     2.343    <hidden>
    SLICE_X54Y121        LUT4 (Prop_A6LUT_SLICEM_I0_O)
                                                      0.150     2.493 r  <hidden>
                         net (fo=1, routed)           0.013     2.506    <hidden>
    SLICE_X54Y121        CARRY8 (Prop_CARRY8_SLICEM_S[0]_CO[0])
                                                      0.071     2.577 f  <hidden>
                         net (fo=24, routed)          0.206     2.784    <hidden>
    SLICE_X54Y121        LUT5 (Prop_G6LUT_SLICEM_I0_O)
                                                      0.052     2.836 f  <hidden>
                         net (fo=2, routed)           0.167     3.003    <hidden>
    SLICE_X54Y120        LUT5 (Prop_C6LUT_SLICEM_I3_O)
                                                      0.051     3.054 f  <hidden>
                         net (fo=21, routed)          0.050     3.104    <hidden>
    SLICE_X54Y120        LUT5 (Prop_D6LUT_SLICEM_I4_O)
                                                      0.037     3.141 r  <hidden>
                         net (fo=2, routed)           0.092     3.233    <hidden>
    SLICE_X54Y119        LUT6 (Prop_D6LUT_SLICEM_I1_O)
                                                      0.051     3.284 r  <hidden>
                         net (fo=2, routed)           0.142     3.426    <hidden>
    SLICE_X53Y119        LUT5 (Prop_A6LUT_SLICEM_I2_O)
                                                      0.053     3.479 r  <hidden>
                         net (fo=1, routed)           0.013     3.492    <hidden>
    SLICE_X53Y119        CARRY8 (Prop_CARRY8_SLICEM_S[0]_CO[7])
                                                      0.192     3.684 r  <hidden>
                         net (fo=1, routed)           0.026     3.710    <hidden>
    SLICE_X53Y120        CARRY8 (Prop_CARRY8_SLICEM_CI_CO[7])
                                                      0.015     3.725 r  <hidden>
                         net (fo=1, routed)           0.026     3.751    <hidden>
    SLICE_X53Y121        CARRY8 (Prop_CARRY8_SLICEM_CI_O[0])
                                                      0.056     3.807 r  <hidden>
                         net (fo=4, routed)           0.175     3.982    <hidden>
    SLICE_X53Y123        LUT6 (Prop_E6LUT_SLICEM_I1_O)
                                                      0.037     4.019 r  <hidden>
                         net (fo=2, routed)           0.046     4.065    <hidden>
    SLICE_X53Y123        LUT6 (Prop_D6LUT_SLICEM_I0_O)
                                                      0.037     4.102 r  <hidden>
                         net (fo=1, routed)           0.072     4.174    <hidden>
    SLICE_X53Y123        FDRE                                         r  <hidden>
  -------------------------------------------------------------------    -------------------

                         (clock ap_clk rise edge)     3.330     3.330 r  
                                                      0.000     3.330 r  ap_clk (IN)
                         net (fo=2591, unset)         0.021     3.351    <hidden>
    SLICE_X53Y123        FDRE                                         r  <hidden>
                         clock pessimism              0.000     3.351    
                         clock uncertainty           -0.035     3.316    
    SLICE_X53Y123        FDRE (Setup_DFF_SLICEM_C_D)
                                                      0.025     3.341    <hidden>
  -------------------------------------------------------------------
                         required time                          3.341    
                         arrival time                          -4.174    
  -------------------------------------------------------------------
                         slack                                 -0.833    

Slack (VIOLATED) :        -0.827ns  (required time - arrival time)
  Source:                 bd_0_i/hls_inst/inst/grp_node_0_0_Pipeline_l_S_t_1_t_fu_297/hadd_16ns_16ns_16_3_no_dsp_1_U22/din1_buf1_reg[7]_replica/C
                            (rising edge-triggered cell FDRE clocked by ap_clk  {rise@0.000ns fall@1.665ns period=3.330ns})
  Destination:            <hidden>
                            (rising edge-triggered cell FDRE clocked by ap_clk  {rise@0.000ns fall@1.665ns period=3.330ns})
  Path Group:             ap_clk
  Path Type:              Setup (Max at Slow Process Corner)
  Requirement:            3.330ns  (ap_clk rise@3.330ns - ap_clk rise@0.000ns)
  Data Path Delay:        4.138ns  (logic 1.814ns (43.842%)  route 2.324ns (56.158%))
  Logic Levels:           22  (CARRY8=8 LUT4=3 LUT5=5 LUT6=6)
  Clock Path Skew:        -0.009ns (DCD - SCD + CPR)
    Destination Clock Delay (DCD):    0.021ns = ( 3.351 - 3.330 ) 
    Source Clock Delay      (SCD):    0.030ns
    Clock Pessimism Removal (CPR):    0.000ns
  Clock Uncertainty:      0.035ns  ((TSJ^2 + TIJ^2)^1/2 + DJ) / 2 + PE
    Total System Jitter     (TSJ):    0.071ns
    Total Input Jitter      (TIJ):    0.000ns
    Discrete Jitter          (DJ):    0.000ns
    Phase Error              (PE):    0.000ns

    Location             Delay type                Incr(ns)  Path(ns)    Netlist Resource(s)
  -------------------------------------------------------------------    -------------------
                         (clock ap_clk rise edge)     0.000     0.000 r  
                                                      0.000     0.000 r  ap_clk (IN)
                         net (fo=2591, unset)         0.030     0.030    bd_0_i/hls_inst/inst/grp_node_0_0_Pipeline_l_S_t_1_t_fu_297/hadd_16ns_16ns_16_3_no_dsp_1_U22/ap_clk
    SLICE_X57Y120        FDRE                                         r  bd_0_i/hls_inst/inst/grp_node_0_0_Pipeline_l_S_t_1_t_fu_297/hadd_16ns_16ns_16_3_no_dsp_1_U22/din1_buf1_reg[7]_replica/C
  -------------------------------------------------------------------    -------------------
    SLICE_X57Y120        FDRE (Prop_FFF_SLICEM_C_Q)
                                                      0.076     0.106 r  bd_0_i/hls_inst/inst/grp_node_0_0_Pipeline_l_S_t_1_t_fu_297/hadd_16ns_16ns_16_3_no_dsp_1_U22/din1_buf1_reg[7]_replica/Q
                         net (fo=5, routed)           0.308     0.414    <hidden>
    SLICE_X58Y118        LUT4 (Prop_D6LUT_SLICEL_I0_O)
                                                      0.146     0.560 r  <hidden>
                         net (fo=1, routed)           0.009     0.569    <hidden>
    SLICE_X58Y118        CARRY8 (Prop_CARRY8_SLICEL_S[3]_CO[7])
                                                      0.161     0.730 r  <hidden>
                         net (fo=29, routed)          0.217     0.948    <hidden>
    SLICE_X57Y119        LUT6 (Prop_C6LUT_SLICEM_I4_O)
                                                      0.037     0.985 f  <hidden>
                         net (fo=4, routed)           0.191     1.175    <hidden>
    SLICE_X56Y119        LUT4 (Prop_B6LUT_SLICEM_I0_O)
                                                      0.089     1.264 r  <hidden>
                         net (fo=1, routed)           0.016     1.280    <hidden>
    SLICE_X56Y119        CARRY8 (Prop_CARRY8_SLICEM_S[1]_CO[1])
                                                      0.091     1.371 r  <hidden>
                         net (fo=1, routed)           0.198     1.569    <hidden>
    SLICE_X56Y119        LUT5 (Prop_F6LUT_SLICEM_I1_O)
                                                      0.037     1.606 r  <hidden>
                         net (fo=1, routed)           0.041     1.647    <hidden>
    SLICE_X56Y119        LUT6 (Prop_G6LUT_SLICEM_I5_O)
                                                      0.052     1.699 r  <hidden>
                         net (fo=2, routed)           0.141     1.840    <hidden>
    SLICE_X55Y120        LUT6 (Prop_B6LUT_SLICEL_I0_O)
                                                      0.051     1.891 r  <hidden>
                         net (fo=1, routed)           0.009     1.900    <hidden>
    SLICE_X55Y120        CARRY8 (Prop_CARRY8_SLICEL_S[1]_CO[7])
                                                      0.186     2.086 r  <hidden>
                         net (fo=1, routed)           0.026     2.112    <hidden>
    SLICE_X55Y121        CARRY8 (Prop_CARRY8_SLICEL_CI_O[4])
                                                      0.086     2.198 f  <hidden>
                         net (fo=4, routed)           0.145     2.343    <hidden>
    SLICE_X54Y121        LUT4 (Prop_A6LUT_SLICEM_I0_O)
                                                      0.150     2.493 r  <hidden>
                         net (fo=1, routed)           0.013     2.506    <hidden>
    SLICE_X54Y121        CARRY8 (Prop_CARRY8_SLICEM_S[0]_CO[0])
                                                      0.071     2.577 f  <hidden>
                         net (fo=24, routed)          0.206     2.784    <hidden>
    SLICE_X54Y121        LUT5 (Prop_G6LUT_SLICEM_I0_O)
                                                      0.052     2.836 f  <hidden>
                         net (fo=2, routed)           0.167     3.003    <hidden>
    SLICE_X54Y120        LUT5 (Prop_C6LUT_SLICEM_I3_O)
                                                      0.051     3.054 f  <hidden>
                         net (fo=21, routed)          0.050     3.104    <hidden>
    SLICE_X54Y120        LUT5 (Prop_D6LUT_SLICEM_I4_O)
                                                      0.037     3.141 r  <hidden>
                         net (fo=2, routed)           0.092     3.233    <hidden>
    SLICE_X54Y119        LUT6 (Prop_D6LUT_SLICEM_I1_O)
                                                      0.051     3.284 r  <hidden>
                         net (fo=2, routed)           0.142     3.426    <hidden>
    SLICE_X53Y119        LUT5 (Prop_A6LUT_SLICEM_I2_O)
                                                      0.053     3.479 r  <hidden>
                         net (fo=1, routed)           0.013     3.492    <hidden>
    SLICE_X53Y119        CARRY8 (Prop_CARRY8_SLICEM_S[0]_CO[7])
                                                      0.192     3.684 r  <hidden>
                         net (fo=1, routed)           0.026     3.710    <hidden>
    SLICE_X53Y120        CARRY8 (Prop_CARRY8_SLICEM_CI_CO[7])
                                                      0.015     3.725 r  <hidden>
                         net (fo=1, routed)           0.026     3.751    <hidden>
    SLICE_X53Y121        CARRY8 (Prop_CARRY8_SLICEM_CI_O[0])
                                                      0.056     3.807 r  <hidden>
                         net (fo=4, routed)           0.175     3.982    <hidden>
    SLICE_X53Y123        LUT6 (Prop_E6LUT_SLICEM_I1_O)
                                                      0.037     4.019 r  <hidden>
                         net (fo=2, routed)           0.046     4.065    <hidden>
    SLICE_X53Y123        LUT6 (Prop_C6LUT_SLICEM_I1_O)
                                                      0.037     4.102 r  <hidden>
                         net (fo=1, routed)           0.066     4.168    <hidden>
    SLICE_X53Y123        FDRE                                         r  <hidden>
  -------------------------------------------------------------------    -------------------

                         (clock ap_clk rise edge)     3.330     3.330 r  
                                                      0.000     3.330 r  ap_clk (IN)
                         net (fo=2591, unset)         0.021     3.351    <hidden>
    SLICE_X53Y123        FDRE                                         r  <hidden>
                         clock pessimism              0.000     3.351    
                         clock uncertainty           -0.035     3.316    
    SLICE_X53Y123        FDRE (Setup_CFF_SLICEM_C_D)
                                                      0.025     3.341    <hidden>
  -------------------------------------------------------------------
                         required time                          3.341    
                         arrival time                          -4.168    
  -------------------------------------------------------------------
                         slack                                 -0.827    

Slack (VIOLATED) :        -0.777ns  (required time - arrival time)
  Source:                 bd_0_i/hls_inst/inst/grp_node_0_0_Pipeline_l_S_t_1_t_fu_297/hadd_16ns_16ns_16_3_no_dsp_1_U22/din1_buf1_reg[7]_replica/C
                            (rising edge-triggered cell FDRE clocked by ap_clk  {rise@0.000ns fall@1.665ns period=3.330ns})
  Destination:            <hidden>
                            (rising edge-triggered cell FDRE clocked by ap_clk  {rise@0.000ns fall@1.665ns period=3.330ns})
  Path Group:             ap_clk
  Path Type:              Setup (Max at Slow Process Corner)
  Requirement:            3.330ns  (ap_clk rise@3.330ns - ap_clk rise@0.000ns)
  Data Path Delay:        4.088ns  (logic 1.785ns (43.665%)  route 2.303ns (56.335%))
  Logic Levels:           19  (CARRY8=7 LUT4=3 LUT5=5 LUT6=4)
  Clock Path Skew:        -0.009ns (DCD - SCD + CPR)
    Destination Clock Delay (DCD):    0.021ns = ( 3.351 - 3.330 ) 
    Source Clock Delay      (SCD):    0.030ns
    Clock Pessimism Removal (CPR):    0.000ns
  Clock Uncertainty:      0.035ns  ((TSJ^2 + TIJ^2)^1/2 + DJ) / 2 + PE
    Total System Jitter     (TSJ):    0.071ns
    Total Input Jitter      (TIJ):    0.000ns
    Discrete Jitter          (DJ):    0.000ns
    Phase Error              (PE):    0.000ns

    Location             Delay type                Incr(ns)  Path(ns)    Netlist Resource(s)
  -------------------------------------------------------------------    -------------------
                         (clock ap_clk rise edge)     0.000     0.000 r  
                                                      0.000     0.000 r  ap_clk (IN)
                         net (fo=2591, unset)         0.030     0.030    bd_0_i/hls_inst/inst/grp_node_0_0_Pipeline_l_S_t_1_t_fu_297/hadd_16ns_16ns_16_3_no_dsp_1_U22/ap_clk
    SLICE_X57Y120        FDRE                                         r  bd_0_i/hls_inst/inst/grp_node_0_0_Pipeline_l_S_t_1_t_fu_297/hadd_16ns_16ns_16_3_no_dsp_1_U22/din1_buf1_reg[7]_replica/C
  -------------------------------------------------------------------    -------------------
    SLICE_X57Y120        FDRE (Prop_FFF_SLICEM_C_Q)
                                                      0.076     0.106 r  bd_0_i/hls_inst/inst/grp_node_0_0_Pipeline_l_S_t_1_t_fu_297/hadd_16ns_16ns_16_3_no_dsp_1_U22/din1_buf1_reg[7]_replica/Q
                         net (fo=5, routed)           0.308     0.414    <hidden>
    SLICE_X58Y118        LUT4 (Prop_D6LUT_SLICEL_I0_O)
                                                      0.146     0.560 r  <hidden>
                         net (fo=1, routed)           0.009     0.569    <hidden>
    SLICE_X58Y118        CARRY8 (Prop_CARRY8_SLICEL_S[3]_CO[7])
                                                      0.161     0.730 r  <hidden>
                         net (fo=29, routed)          0.217     0.948    <hidden>
    SLICE_X57Y119        LUT6 (Prop_C6LUT_SLICEM_I4_O)
                                                      0.037     0.985 f  <hidden>
                         net (fo=4, routed)           0.191     1.175    <hidden>
    SLICE_X56Y119        LUT4 (Prop_B6LUT_SLICEM_I0_O)
                                                      0.089     1.264 r  <hidden>
                         net (fo=1, routed)           0.016     1.280    <hidden>
    SLICE_X56Y119        CARRY8 (Prop_CARRY8_SLICEM_S[1]_CO[1])
                                                      0.091     1.371 r  <hidden>
                         net (fo=1, routed)           0.198     1.569    <hidden>
    SLICE_X56Y119        LUT5 (Prop_F6LUT_SLICEM_I1_O)
                                                      0.037     1.606 r  <hidden>
                         net (fo=1, routed)           0.041     1.647    <hidden>
    SLICE_X56Y119        LUT6 (Prop_G6LUT_SLICEM_I5_O)
                                                      0.052     1.699 r  <hidden>
                         net (fo=2, routed)           0.141     1.840    <hidden>
    SLICE_X55Y120        LUT6 (Prop_B6LUT_SLICEL_I0_O)
                                                      0.051     1.891 r  <hidden>
                         net (fo=1, routed)           0.009     1.900    <hidden>
    SLICE_X55Y120        CARRY8 (Prop_CARRY8_SLICEL_S[1]_CO[7])
                                                      0.186     2.086 r  <hidden>
                         net (fo=1, routed)           0.026     2.112    <hidden>
    SLICE_X55Y121        CARRY8 (Prop_CARRY8_SLICEL_CI_O[4])
                                                      0.086     2.198 f  <hidden>
                         net (fo=4, routed)           0.145     2.343    <hidden>
    SLICE_X54Y121        LUT4 (Prop_A6LUT_SLICEM_I0_O)
                                                      0.150     2.493 r  <hidden>
                         net (fo=1, routed)           0.013     2.506    <hidden>
    SLICE_X54Y121        CARRY8 (Prop_CARRY8_SLICEM_S[0]_CO[0])
                                                      0.071     2.577 f  <hidden>
                         net (fo=24, routed)          0.206     2.784    <hidden>
    SLICE_X54Y121        LUT5 (Prop_G6LUT_SLICEM_I0_O)
                                                      0.052     2.836 f  <hidden>
                         net (fo=2, routed)           0.167     3.003    <hidden>
    SLICE_X54Y120        LUT5 (Prop_C6LUT_SLICEM_I3_O)
                                                      0.051     3.054 f  <hidden>
                         net (fo=21, routed)          0.050     3.104    <hidden>
    SLICE_X54Y120        LUT5 (Prop_D6LUT_SLICEM_I4_O)
                                                      0.037     3.141 r  <hidden>
                         net (fo=2, routed)           0.092     3.233    <hidden>
    SLICE_X54Y119        LUT6 (Prop_D6LUT_SLICEM_I1_O)
                                                      0.051     3.284 r  <hidden>
                         net (fo=2, routed)           0.142     3.426    <hidden>
    SLICE_X53Y119        LUT5 (Prop_A6LUT_SLICEM_I2_O)
                                                      0.053     3.479 r  <hidden>
                         net (fo=1, routed)           0.013     3.492    <hidden>
    SLICE_X53Y119        CARRY8 (Prop_CARRY8_SLICEM_S[0]_CO[7])
                                                      0.192     3.684 r  <hidden>
                         net (fo=1, routed)           0.026     3.710    <hidden>
    SLICE_X53Y120        CARRY8 (Prop_CARRY8_SLICEM_CI_O[5])
                                                      0.116     3.826 r  <hidden>
                         net (fo=1, routed)           0.292     4.118    <hidden>
    SLICE_X53Y121        FDRE                                         r  <hidden>
  -------------------------------------------------------------------    -------------------

                         (clock ap_clk rise edge)     3.330     3.330 r  
                                                      0.000     3.330 r  ap_clk (IN)
                         net (fo=2591, unset)         0.021     3.351    <hidden>
    SLICE_X53Y121        FDRE                                         r  <hidden>
                         clock pessimism              0.000     3.351    
                         clock uncertainty           -0.035     3.316    
    SLICE_X53Y121        FDRE (Setup_BFF2_SLICEM_C_D)
                                                      0.025     3.341    <hidden>
  -------------------------------------------------------------------
                         required time                          3.341    
                         arrival time                          -4.118    
  -------------------------------------------------------------------
                         slack                                 -0.777    

Slack (VIOLATED) :        -0.720ns  (required time - arrival time)
  Source:                 bd_0_i/hls_inst/inst/grp_node_0_0_Pipeline_l_S_t_1_t_fu_297/v428_reg_16315_reg[0]/C
                            (rising edge-triggered cell FDRE clocked by ap_clk  {rise@0.000ns fall@1.665ns period=3.330ns})
  Destination:            bd_0_i/hls_inst/inst/grp_node_0_0_Pipeline_l_S_t_1_t_fu_297/v407_2_fu_834_reg[6]/D
                            (rising edge-triggered cell FDRE clocked by ap_clk  {rise@0.000ns fall@1.665ns period=3.330ns})
  Path Group:             ap_clk
  Path Type:              Setup (Max at Slow Process Corner)
  Requirement:            3.330ns  (ap_clk rise@3.330ns - ap_clk rise@0.000ns)
  Data Path Delay:        4.029ns  (logic 1.309ns (32.488%)  route 2.720ns (67.512%))
  Logic Levels:           12  (LUT4=3 LUT5=4 LUT6=5)
  Clock Path Skew:        -0.010ns (DCD - SCD + CPR)
    Destination Clock Delay (DCD):    0.020ns = ( 3.350 - 3.330 ) 
    Source Clock Delay      (SCD):    0.030ns
    Clock Pessimism Removal (CPR):    0.000ns
  Clock Uncertainty:      0.035ns  ((TSJ^2 + TIJ^2)^1/2 + DJ) / 2 + PE
    Total System Jitter     (TSJ):    0.071ns
    Total Input Jitter      (TIJ):    0.000ns
    Discrete Jitter          (DJ):    0.000ns
    Phase Error              (PE):    0.000ns

    Location             Delay type                Incr(ns)  Path(ns)    Netlist Resource(s)
  -------------------------------------------------------------------    -------------------
                         (clock ap_clk rise edge)     0.000     0.000 r  
                                                      0.000     0.000 r  ap_clk (IN)
                         net (fo=2591, unset)         0.030     0.030    bd_0_i/hls_inst/inst/grp_node_0_0_Pipeline_l_S_t_1_t_fu_297/ap_clk
    SLICE_X61Y132        FDRE                                         r  bd_0_i/hls_inst/inst/grp_node_0_0_Pipeline_l_S_t_1_t_fu_297/v428_reg_16315_reg[0]/C
  -------------------------------------------------------------------    -------------------
    SLICE_X61Y132        FDRE (Prop_FFF2_SLICEM_C_Q)
                                                      0.079     0.109 r  bd_0_i/hls_inst/inst/grp_node_0_0_Pipeline_l_S_t_1_t_fu_297/v428_reg_16315_reg[0]/Q
                         net (fo=85, routed)          0.381     0.490    bd_0_i/hls_inst/inst/grp_node_0_0_Pipeline_l_S_t_1_t_fu_297/hcmp_16ns_16ns_1_2_no_dsp_1_U24/v428_reg_16315[0]
    SLICE_X63Y132        LUT4 (Prop_G6LUT_SLICEM_I3_O)
                                                      0.150     0.640 f  bd_0_i/hls_inst/inst/grp_node_0_0_Pipeline_l_S_t_1_t_fu_297/hcmp_16ns_16ns_1_2_no_dsp_1_U24/mux_case_0157_reg_2865[15]_i_9/O
                         net (fo=1, routed)           0.049     0.689    bd_0_i/hls_inst/inst/grp_node_0_0_Pipeline_l_S_t_1_t_fu_297/hcmp_16ns_16ns_1_2_no_dsp_1_U24/mux_case_0157_reg_2865[15]_i_9_n_0
    SLICE_X63Y132        LUT4 (Prop_A6LUT_SLICEM_I0_O)
                                                      0.125     0.814 r  bd_0_i/hls_inst/inst/grp_node_0_0_Pipeline_l_S_t_1_t_fu_297/hcmp_16ns_16ns_1_2_no_dsp_1_U24/mux_case_0157_reg_2865[15]_i_5/O
                         net (fo=20, routed)          0.087     0.901    bd_0_i/hls_inst/inst/grp_node_0_0_Pipeline_l_S_t_1_t_fu_297/hcmp_16ns_16ns_1_2_no_dsp_1_U24_n_4
    SLICE_X63Y132        LUT5 (Prop_E5LUT_SLICEM_I1_O)
                                                      0.164     1.065 r  bd_0_i/hls_inst/inst/grp_node_0_0_Pipeline_l_S_t_1_t_fu_297/ap_phi_reg_pp0_iter1_drf_full_37_reg_5848[0]_i_4/O
                         net (fo=4, routed)           0.184     1.248    bd_0_i/hls_inst/inst/grp_node_0_0_Pipeline_l_S_t_1_t_fu_297/ap_phi_reg_pp0_iter1_drf_full_37_reg_5848[0]_i_4_n_0
    SLICE_X62Y133        LUT6 (Prop_F6LUT_SLICEL_I3_O)
                                                      0.089     1.337 r  bd_0_i/hls_inst/inst/grp_node_0_0_Pipeline_l_S_t_1_t_fu_297/v902_reg_16743[0]_i_8/O
                         net (fo=1, routed)           0.096     1.433    bd_0_i/hls_inst/inst/grp_node_0_0_Pipeline_l_S_t_1_t_fu_297/v902_reg_16743[0]_i_8_n_0
    SLICE_X62Y136        LUT6 (Prop_D6LUT_SLICEL_I3_O)
                                                      0.099     1.532 r  bd_0_i/hls_inst/inst/grp_node_0_0_Pipeline_l_S_t_1_t_fu_297/v902_reg_16743[0]_i_3/O
                         net (fo=2, routed)           0.104     1.637    bd_0_i/hls_inst/inst/grp_node_0_0_Pipeline_l_S_t_1_t_fu_297/v902_reg_16743[0]_i_3_n_0
    SLICE_X62Y137        LUT6 (Prop_D6LUT_SLICEL_I1_O)
                                                      0.146     1.783 r  bd_0_i/hls_inst/inst/grp_node_0_0_Pipeline_l_S_t_1_t_fu_297/v902_reg_16743[0]_i_1/O
                         net (fo=41, routed)          0.316     2.098    bd_0_i/hls_inst/inst/grp_node_0_0_Pipeline_l_S_t_1_t_fu_297/v902_fu_12823_p2
    SLICE_X60Y138        LUT5 (Prop_B6LUT_SLICEL_I2_O)
                                                      0.051     2.149 r  bd_0_i/hls_inst/inst/grp_node_0_0_Pipeline_l_S_t_1_t_fu_297/v407_2_fu_834[0]_i_4/O
                         net (fo=26, routed)          0.347     2.496    bd_0_i/hls_inst/inst/grp_node_0_0_Pipeline_l_S_t_1_t_fu_297/v407_2_fu_834[0]_i_4_n_0
    SLICE_X62Y140        LUT5 (Prop_E6LUT_SLICEL_I3_O)
                                                      0.099     2.595 r  bd_0_i/hls_inst/inst/grp_node_0_0_Pipeline_l_S_t_1_t_fu_297/v407_1_fu_830[5]_i_4/O
                         net (fo=6, routed)           0.373     2.969    bd_0_i/hls_inst/inst/grp_node_0_0_Pipeline_l_S_t_1_t_fu_297/v407_1_fu_830[5]_i_4_n_0
    SLICE_X60Y138        LUT6 (Prop_F6LUT_SLICEL_I5_O)
                                                      0.035     3.004 f  bd_0_i/hls_inst/inst/grp_node_0_0_Pipeline_l_S_t_1_t_fu_297/v407_1_fu_830[5]_i_3/O
                         net (fo=8, routed)           0.422     3.426    bd_0_i/hls_inst/inst/grp_node_0_0_Pipeline_l_S_t_1_t_fu_297/v407_1_fu_830[5]_i_3_n_0
    SLICE_X62Y143        LUT4 (Prop_C6LUT_SLICEL_I3_O)
                                                      0.123     3.549 f  bd_0_i/hls_inst/inst/grp_node_0_0_Pipeline_l_S_t_1_t_fu_297/v407_2_fu_834[5]_i_3/O
                         net (fo=2, routed)           0.143     3.692    bd_0_i/hls_inst/inst/grp_node_0_0_Pipeline_l_S_t_1_t_fu_297/v407_2_fu_834[5]_i_3_n_0
    SLICE_X62Y143        LUT6 (Prop_H6LUT_SLICEL_I1_O)
                                                      0.051     3.743 r  bd_0_i/hls_inst/inst/grp_node_0_0_Pipeline_l_S_t_1_t_fu_297/v407_2_fu_834[6]_i_2/O
                         net (fo=4, routed)           0.171     3.913    bd_0_i/hls_inst/inst/grp_node_0_0_Pipeline_l_S_t_1_t_fu_297/v407_2_fu_834[6]_i_2_n_0
    SLICE_X62Y142        LUT5 (Prop_A6LUT_SLICEL_I0_O)
                                                      0.098     4.011 r  bd_0_i/hls_inst/inst/grp_node_0_0_Pipeline_l_S_t_1_t_fu_297/v407_2_fu_834[6]_i_1/O
                         net (fo=1, routed)           0.048     4.059    bd_0_i/hls_inst/inst/grp_node_0_0_Pipeline_l_S_t_1_t_fu_297/ap_phi_mux_hold_cnt_25_phi_fu_3484_p12[6]
    SLICE_X62Y142        FDRE                                         r  bd_0_i/hls_inst/inst/grp_node_0_0_Pipeline_l_S_t_1_t_fu_297/v407_2_fu_834_reg[6]/D
  -------------------------------------------------------------------    -------------------

                         (clock ap_clk rise edge)     3.330     3.330 r  
                                                      0.000     3.330 r  ap_clk (IN)
                         net (fo=2591, unset)         0.020     3.350    bd_0_i/hls_inst/inst/grp_node_0_0_Pipeline_l_S_t_1_t_fu_297/ap_clk
    SLICE_X62Y142        FDRE                                         r  bd_0_i/hls_inst/inst/grp_node_0_0_Pipeline_l_S_t_1_t_fu_297/v407_2_fu_834_reg[6]/C
                         clock pessimism              0.000     3.350    
                         clock uncertainty           -0.035     3.315    
    SLICE_X62Y142        FDRE (Setup_AFF_SLICEL_C_D)
                                                      0.025     3.340    bd_0_i/hls_inst/inst/grp_node_0_0_Pipeline_l_S_t_1_t_fu_297/v407_2_fu_834_reg[6]
  -------------------------------------------------------------------
                         required time                          3.340    
                         arrival time                          -4.059    
  -------------------------------------------------------------------
                         slack                                 -0.720    

Slack (VIOLATED) :        -0.716ns  (required time - arrival time)
  Source:                 bd_0_i/hls_inst/inst/grp_node_0_0_Pipeline_l_S_t_1_t_fu_297/hadd_16ns_16ns_16_3_no_dsp_1_U22/din1_buf1_reg[7]_replica/C
                            (rising edge-triggered cell FDRE clocked by ap_clk  {rise@0.000ns fall@1.665ns period=3.330ns})
  Destination:            <hidden>
                            (rising edge-triggered cell FDRE clocked by ap_clk  {rise@0.000ns fall@1.665ns period=3.330ns})
  Path Group:             ap_clk
  Path Type:              Setup (Max at Slow Process Corner)
  Requirement:            3.330ns  (ap_clk rise@3.330ns - ap_clk rise@0.000ns)
  Data Path Delay:        3.927ns  (logic 1.644ns (41.860%)  route 2.283ns (58.140%))
  Logic Levels:           17  (CARRY8=5 LUT3=1 LUT4=3 LUT5=3 LUT6=5)
  Clock Path Skew:        -0.009ns (DCD - SCD + CPR)
    Destination Clock Delay (DCD):    0.021ns = ( 3.351 - 3.330 ) 
    Source Clock Delay      (SCD):    0.030ns
    Clock Pessimism Removal (CPR):    0.000ns
  Clock Uncertainty:      0.035ns  ((TSJ^2 + TIJ^2)^1/2 + DJ) / 2 + PE
    Total System Jitter     (TSJ):    0.071ns
    Total Input Jitter      (TIJ):    0.000ns
    Discrete Jitter          (DJ):    0.000ns
    Phase Error              (PE):    0.000ns

    Location             Delay type                Incr(ns)  Path(ns)    Netlist Resource(s)
  -------------------------------------------------------------------    -------------------
                         (clock ap_clk rise edge)     0.000     0.000 r  
                                                      0.000     0.000 r  ap_clk (IN)
                         net (fo=2591, unset)         0.030     0.030    bd_0_i/hls_inst/inst/grp_node_0_0_Pipeline_l_S_t_1_t_fu_297/hadd_16ns_16ns_16_3_no_dsp_1_U22/ap_clk
    SLICE_X57Y120        FDRE                                         r  bd_0_i/hls_inst/inst/grp_node_0_0_Pipeline_l_S_t_1_t_fu_297/hadd_16ns_16ns_16_3_no_dsp_1_U22/din1_buf1_reg[7]_replica/C
  -------------------------------------------------------------------    -------------------
    SLICE_X57Y120        FDRE (Prop_FFF_SLICEM_C_Q)
                                                      0.076     0.106 r  bd_0_i/hls_inst/inst/grp_node_0_0_Pipeline_l_S_t_1_t_fu_297/hadd_16ns_16ns_16_3_no_dsp_1_U22/din1_buf1_reg[7]_replica/Q
                         net (fo=5, routed)           0.308     0.414    <hidden>
    SLICE_X58Y118        LUT4 (Prop_D6LUT_SLICEL_I0_O)
                                                      0.146     0.560 r  <hidden>
                         net (fo=1, routed)           0.009     0.569    <hidden>
    SLICE_X58Y118        CARRY8 (Prop_CARRY8_SLICEL_S[3]_CO[7])
                                                      0.161     0.730 r  <hidden>
                         net (fo=29, routed)          0.217     0.948    <hidden>
    SLICE_X57Y119        LUT6 (Prop_C6LUT_SLICEM_I4_O)
                                                      0.037     0.985 f  <hidden>
                         net (fo=4, routed)           0.191     1.175    <hidden>
    SLICE_X56Y119        LUT4 (Prop_B6LUT_SLICEM_I0_O)
                                                      0.089     1.264 r  <hidden>
                         net (fo=1, routed)           0.016     1.280    <hidden>
    SLICE_X56Y119        CARRY8 (Prop_CARRY8_SLICEM_S[1]_CO[1])
                                                      0.091     1.371 r  <hidden>
                         net (fo=1, routed)           0.198     1.569    <hidden>
    SLICE_X56Y119        LUT5 (Prop_F6LUT_SLICEM_I1_O)
                                                      0.037     1.606 r  <hidden>
                         net (fo=1, routed)           0.041     1.647    <hidden>
    SLICE_X56Y119        LUT6 (Prop_G6LUT_SLICEM_I5_O)
                                                      0.052     1.699 r  <hidden>
                         net (fo=2, routed)           0.141     1.840    <hidden>
    SLICE_X55Y120        LUT6 (Prop_B6LUT_SLICEL_I0_O)
                                                      0.051     1.891 r  <hidden>
                         net (fo=1, routed)           0.009     1.900    <hidden>
    SLICE_X55Y120        CARRY8 (Prop_CARRY8_SLICEL_S[1]_CO[7])
                                                      0.186     2.086 r  <hidden>
                         net (fo=1, routed)           0.026     2.112    <hidden>
    SLICE_X55Y121        CARRY8 (Prop_CARRY8_SLICEL_CI_O[4])
                                                      0.086     2.198 f  <hidden>
                         net (fo=4, routed)           0.145     2.343    <hidden>
    SLICE_X54Y121        LUT4 (Prop_A6LUT_SLICEM_I0_O)
                                                      0.150     2.493 r  <hidden>
                         net (fo=1, routed)           0.013     2.506    <hidden>
    SLICE_X54Y121        CARRY8 (Prop_CARRY8_SLICEM_S[0]_CO[0])
                                                      0.071     2.577 r  <hidden>
                         net (fo=24, routed)          0.205     2.783    <hidden>
    SLICE_X54Y121        LUT5 (Prop_F6LUT_SLICEM_I0_O)
                                                      0.098     2.881 r  <hidden>
                         net (fo=6, routed)           0.128     3.009    <hidden>
    SLICE_X53Y121        LUT5 (Prop_B6LUT_SLICEM_I3_O)
                                                      0.149     3.158 r  <hidden>
                         net (fo=2, routed)           0.098     3.256    <hidden>
    SLICE_X53Y121        LUT6 (Prop_C6LUT_SLICEM_I5_O)
                                                      0.037     3.293 r  <hidden>
                         net (fo=1, routed)           0.177     3.470    <hidden>
    SLICE_X53Y121        LUT6 (Prop_H6LUT_SLICEM_I2_O)
                                                      0.090     3.560 r  <hidden>
                         net (fo=7, routed)           0.050     3.610    <hidden>
    SLICE_X53Y121        LUT3 (Prop_G6LUT_SLICEM_I2_O)
                                                      0.037     3.647 r  <hidden>
                         net (fo=9, routed)           0.310     3.957    <hidden>
    SLICE_X53Y119        FDRE                                         r  <hidden>
  -------------------------------------------------------------------    -------------------

                         (clock ap_clk rise edge)     3.330     3.330 r  
                                                      0.000     3.330 r  ap_clk (IN)
                         net (fo=2591, unset)         0.021     3.351    <hidden>
    SLICE_X53Y119        FDRE                                         r  <hidden>
                         clock pessimism              0.000     3.351    
                         clock uncertainty           -0.035     3.316    
    SLICE_X53Y119        FDRE (Setup_GFF_SLICEM_C_R)
                                                     -0.074     3.242    <hidden>
  -------------------------------------------------------------------
                         required time                          3.242    
                         arrival time                          -3.957    
  -------------------------------------------------------------------
                         slack                                 -0.716    





Min Delay Paths
--------------------------------------------------------------------------------------
Slack (MET) :             0.042ns  (arrival time - required time)
  Source:                 bd_0_i/hls_inst/inst/grp_node_0_0_Pipeline_l_S_t_1_t_fu_297/ap_phi_reg_pp0_iter1_v1108_reg_4857_reg[25]/C
                            (rising edge-triggered cell FDRE clocked by ap_clk  {rise@0.000ns fall@1.665ns period=3.330ns})
  Destination:            bd_0_i/hls_inst/inst/grp_node_0_0_Pipeline_l_S_t_1_t_fu_297/ap_phi_reg_pp0_iter1_v1108_reg_4857_reg[25]/D
                            (rising edge-triggered cell FDRE clocked by ap_clk  {rise@0.000ns fall@1.665ns period=3.330ns})
  Path Group:             ap_clk
  Path Type:              Hold (Min at Fast Process Corner)
  Requirement:            0.000ns  (ap_clk rise@0.000ns - ap_clk rise@0.000ns)
  Data Path Delay:        0.094ns  (logic 0.053ns (56.474%)  route 0.041ns (43.526%))
  Logic Levels:           1  (LUT5=1)
  Clock Path Skew:        0.006ns (DCD - SCD - CPR)
    Destination Clock Delay (DCD):    0.018ns
    Source Clock Delay      (SCD):    0.012ns
    Clock Pessimism Removal (CPR):    -0.000ns

    Location             Delay type                Incr(ns)  Path(ns)    Netlist Resource(s)
  -------------------------------------------------------------------    -------------------
                         (clock ap_clk rise edge)     0.000     0.000 r  
                                                      0.000     0.000 r  ap_clk (IN)
                         net (fo=2591, unset)         0.012     0.012    bd_0_i/hls_inst/inst/grp_node_0_0_Pipeline_l_S_t_1_t_fu_297/ap_clk
    SLICE_X51Y150        FDRE                                         r  bd_0_i/hls_inst/inst/grp_node_0_0_Pipeline_l_S_t_1_t_fu_297/ap_phi_reg_pp0_iter1_v1108_reg_4857_reg[25]/C
  -------------------------------------------------------------------    -------------------
    SLICE_X51Y150        FDRE (Prop_DFF_SLICEL_C_Q)
                                                      0.039     0.051 r  bd_0_i/hls_inst/inst/grp_node_0_0_Pipeline_l_S_t_1_t_fu_297/ap_phi_reg_pp0_iter1_v1108_reg_4857_reg[25]/Q
                         net (fo=2, routed)           0.025     0.076    bd_0_i/hls_inst/inst/grp_node_0_0_Pipeline_l_S_t_1_t_fu_297/ap_phi_reg_pp0_iter1_v1108_reg_4857[25]
    SLICE_X51Y150        LUT5 (Prop_D6LUT_SLICEL_I0_O)
                                                      0.014     0.090 r  bd_0_i/hls_inst/inst/grp_node_0_0_Pipeline_l_S_t_1_t_fu_297/ap_phi_reg_pp0_iter1_v1108_reg_4857[25]_i_1/O
                         net (fo=1, routed)           0.016     0.106    bd_0_i/hls_inst/inst/grp_node_0_0_Pipeline_l_S_t_1_t_fu_297/ap_phi_reg_pp0_iter1_v1108_reg_4857[25]_i_1_n_0
    SLICE_X51Y150        FDRE                                         r  bd_0_i/hls_inst/inst/grp_node_0_0_Pipeline_l_S_t_1_t_fu_297/ap_phi_reg_pp0_iter1_v1108_reg_4857_reg[25]/D
  -------------------------------------------------------------------    -------------------

                         (clock ap_clk rise edge)     0.000     0.000 r  
                                                      0.000     0.000 r  ap_clk (IN)
                         net (fo=2591, unset)         0.018     0.018    bd_0_i/hls_inst/inst/grp_node_0_0_Pipeline_l_S_t_1_t_fu_297/ap_clk
    SLICE_X51Y150        FDRE                                         r  bd_0_i/hls_inst/inst/grp_node_0_0_Pipeline_l_S_t_1_t_fu_297/ap_phi_reg_pp0_iter1_v1108_reg_4857_reg[25]/C
                         clock pessimism              0.000     0.018    
    SLICE_X51Y150        FDRE (Hold_DFF_SLICEL_C_D)
                                                      0.046     0.064    bd_0_i/hls_inst/inst/grp_node_0_0_Pipeline_l_S_t_1_t_fu_297/ap_phi_reg_pp0_iter1_v1108_reg_4857_reg[25]
  -------------------------------------------------------------------
                         required time                         -0.064    
                         arrival time                           0.106    
  -------------------------------------------------------------------
                         slack                                  0.042    

Slack (MET) :             0.044ns  (arrival time - required time)
  Source:                 bd_0_i/hls_inst/inst/grp_node_0_0_Pipeline_l_S_t_1_t_fu_297/t_fu_326_reg[3]/C
                            (rising edge-triggered cell FDRE clocked by ap_clk  {rise@0.000ns fall@1.665ns period=3.330ns})
  Destination:            bd_0_i/hls_inst/inst/grp_node_0_0_Pipeline_l_S_t_1_t_fu_297/t_fu_326_reg[3]/D
                            (rising edge-triggered cell FDRE clocked by ap_clk  {rise@0.000ns fall@1.665ns period=3.330ns})
  Path Group:             ap_clk
  Path Type:              Hold (Min at Fast Process Corner)
  Requirement:            0.000ns  (ap_clk rise@0.000ns - ap_clk rise@0.000ns)
  Data Path Delay:        0.096ns  (logic 0.053ns (55.384%)  route 0.043ns (44.616%))
  Logic Levels:           1  (LUT5=1)
  Clock Path Skew:        0.006ns (DCD - SCD - CPR)
    Destination Clock Delay (DCD):    0.018ns
    Source Clock Delay      (SCD):    0.012ns
    Clock Pessimism Removal (CPR):    -0.000ns

    Location             Delay type                Incr(ns)  Path(ns)    Netlist Resource(s)
  -------------------------------------------------------------------    -------------------
                         (clock ap_clk rise edge)     0.000     0.000 r  
                                                      0.000     0.000 r  ap_clk (IN)
                         net (fo=2591, unset)         0.012     0.012    bd_0_i/hls_inst/inst/grp_node_0_0_Pipeline_l_S_t_1_t_fu_297/ap_clk
    SLICE_X62Y145        FDRE                                         r  bd_0_i/hls_inst/inst/grp_node_0_0_Pipeline_l_S_t_1_t_fu_297/t_fu_326_reg[3]/C
  -------------------------------------------------------------------    -------------------
    SLICE_X62Y145        FDRE (Prop_DFF_SLICEL_C_Q)
                                                      0.039     0.051 r  bd_0_i/hls_inst/inst/grp_node_0_0_Pipeline_l_S_t_1_t_fu_297/t_fu_326_reg[3]/Q
                         net (fo=4, routed)           0.027     0.078    bd_0_i/hls_inst/inst/grp_node_0_0_Pipeline_l_S_t_1_t_fu_297/flow_control_loop_pipe_sequential_init_U/t_fu_326_reg[4]_0
    SLICE_X62Y145        LUT5 (Prop_D6LUT_SLICEL_I4_O)
                                                      0.014     0.092 r  bd_0_i/hls_inst/inst/grp_node_0_0_Pipeline_l_S_t_1_t_fu_297/flow_control_loop_pipe_sequential_init_U/t_fu_326[3]_i_1/O
                         net (fo=1, routed)           0.016     0.108    bd_0_i/hls_inst/inst/grp_node_0_0_Pipeline_l_S_t_1_t_fu_297/t_2_fu_8996_p2[3]
    SLICE_X62Y145        FDRE                                         r  bd_0_i/hls_inst/inst/grp_node_0_0_Pipeline_l_S_t_1_t_fu_297/t_fu_326_reg[3]/D
  -------------------------------------------------------------------    -------------------

                         (clock ap_clk rise edge)     0.000     0.000 r  
                                                      0.000     0.000 r  ap_clk (IN)
                         net (fo=2591, unset)         0.018     0.018    bd_0_i/hls_inst/inst/grp_node_0_0_Pipeline_l_S_t_1_t_fu_297/ap_clk
    SLICE_X62Y145        FDRE                                         r  bd_0_i/hls_inst/inst/grp_node_0_0_Pipeline_l_S_t_1_t_fu_297/t_fu_326_reg[3]/C
                         clock pessimism              0.000     0.018    
    SLICE_X62Y145        FDRE (Hold_DFF_SLICEL_C_D)
                                                      0.046     0.064    bd_0_i/hls_inst/inst/grp_node_0_0_Pipeline_l_S_t_1_t_fu_297/t_fu_326_reg[3]
  -------------------------------------------------------------------
                         required time                         -0.064    
                         arrival time                           0.108    
  -------------------------------------------------------------------
                         slack                                  0.044    

Slack (MET) :             0.044ns  (arrival time - required time)
  Source:                 bd_0_i/hls_inst/inst/grp_node_0_0_Pipeline_l_S_t_1_t_fu_297/ap_phi_reg_pp0_iter1_v1108_reg_4857_reg[10]/C
                            (rising edge-triggered cell FDRE clocked by ap_clk  {rise@0.000ns fall@1.665ns period=3.330ns})
  Destination:            bd_0_i/hls_inst/inst/grp_node_0_0_Pipeline_l_S_t_1_t_fu_297/v1108_reg_4857_reg[10]/D
                            (rising edge-triggered cell FDRE clocked by ap_clk  {rise@0.000ns fall@1.665ns period=3.330ns})
  Path Group:             ap_clk
  Path Type:              Hold (Min at Fast Process Corner)
  Requirement:            0.000ns  (ap_clk rise@0.000ns - ap_clk rise@0.000ns)
  Data Path Delay:        0.098ns  (logic 0.039ns (39.796%)  route 0.059ns (60.204%))
  Logic Levels:           0  
  Clock Path Skew:        0.007ns (DCD - SCD - CPR)
    Destination Clock Delay (DCD):    0.019ns
    Source Clock Delay      (SCD):    0.012ns
    Clock Pessimism Removal (CPR):    -0.000ns

    Location             Delay type                Incr(ns)  Path(ns)    Netlist Resource(s)
  -------------------------------------------------------------------    -------------------
                         (clock ap_clk rise edge)     0.000     0.000 r  
                                                      0.000     0.000 r  ap_clk (IN)
                         net (fo=2591, unset)         0.012     0.012    bd_0_i/hls_inst/inst/grp_node_0_0_Pipeline_l_S_t_1_t_fu_297/ap_clk
    SLICE_X51Y151        FDRE                                         r  bd_0_i/hls_inst/inst/grp_node_0_0_Pipeline_l_S_t_1_t_fu_297/ap_phi_reg_pp0_iter1_v1108_reg_4857_reg[10]/C
  -------------------------------------------------------------------    -------------------
    SLICE_X51Y151        FDRE (Prop_CFF_SLICEL_C_Q)
                                                      0.039     0.051 r  bd_0_i/hls_inst/inst/grp_node_0_0_Pipeline_l_S_t_1_t_fu_297/ap_phi_reg_pp0_iter1_v1108_reg_4857_reg[10]/Q
                         net (fo=1, routed)           0.059     0.110    bd_0_i/hls_inst/inst/grp_node_0_0_Pipeline_l_S_t_1_t_fu_297/ap_phi_reg_pp0_iter1_v1108_reg_4857[10]
    SLICE_X51Y151        FDRE                                         r  bd_0_i/hls_inst/inst/grp_node_0_0_Pipeline_l_S_t_1_t_fu_297/v1108_reg_4857_reg[10]/D
  -------------------------------------------------------------------    -------------------

                         (clock ap_clk rise edge)     0.000     0.000 r  
                                                      0.000     0.000 r  ap_clk (IN)
                         net (fo=2591, unset)         0.019     0.019    bd_0_i/hls_inst/inst/grp_node_0_0_Pipeline_l_S_t_1_t_fu_297/ap_clk
    SLICE_X51Y151        FDRE                                         r  bd_0_i/hls_inst/inst/grp_node_0_0_Pipeline_l_S_t_1_t_fu_297/v1108_reg_4857_reg[10]/C
                         clock pessimism              0.000     0.019    
    SLICE_X51Y151        FDRE (Hold_HFF2_SLICEL_C_D)
                                                      0.047     0.066    bd_0_i/hls_inst/inst/grp_node_0_0_Pipeline_l_S_t_1_t_fu_297/v1108_reg_4857_reg[10]
  -------------------------------------------------------------------
                         required time                         -0.066    
                         arrival time                           0.110    
  -------------------------------------------------------------------
                         slack                                  0.044    

Slack (MET) :             0.045ns  (arrival time - required time)
  Source:                 bd_0_i/hls_inst/inst/grp_node_0_0_Pipeline_l_S_t_1_t_fu_297/t_fu_326_reg[3]/C
                            (rising edge-triggered cell FDRE clocked by ap_clk  {rise@0.000ns fall@1.665ns period=3.330ns})
  Destination:            bd_0_i/hls_inst/inst/grp_node_0_0_Pipeline_l_S_t_1_t_fu_297/t_fu_326_reg[4]/D
                            (rising edge-triggered cell FDRE clocked by ap_clk  {rise@0.000ns fall@1.665ns period=3.330ns})
  Path Group:             ap_clk
  Path Type:              Hold (Min at Fast Process Corner)
  Requirement:            0.000ns  (ap_clk rise@0.000ns - ap_clk rise@0.000ns)
  Data Path Delay:        0.097ns  (logic 0.053ns (54.811%)  route 0.044ns (45.189%))
  Logic Levels:           1  (LUT6=1)
  Clock Path Skew:        0.006ns (DCD - SCD - CPR)
    Destination Clock Delay (DCD):    0.018ns
    Source Clock Delay      (SCD):    0.012ns
    Clock Pessimism Removal (CPR):    -0.000ns

    Location             Delay type                Incr(ns)  Path(ns)    Netlist Resource(s)
  -------------------------------------------------------------------    -------------------
                         (clock ap_clk rise edge)     0.000     0.000 r  
                                                      0.000     0.000 r  ap_clk (IN)
                         net (fo=2591, unset)         0.012     0.012    bd_0_i/hls_inst/inst/grp_node_0_0_Pipeline_l_S_t_1_t_fu_297/ap_clk
    SLICE_X62Y145        FDRE                                         r  bd_0_i/hls_inst/inst/grp_node_0_0_Pipeline_l_S_t_1_t_fu_297/t_fu_326_reg[3]/C
  -------------------------------------------------------------------    -------------------
    SLICE_X62Y145        FDRE (Prop_DFF_SLICEL_C_Q)
                                                      0.039     0.051 r  bd_0_i/hls_inst/inst/grp_node_0_0_Pipeline_l_S_t_1_t_fu_297/t_fu_326_reg[3]/Q
                         net (fo=4, routed)           0.027     0.078    bd_0_i/hls_inst/inst/grp_node_0_0_Pipeline_l_S_t_1_t_fu_297/flow_control_loop_pipe_sequential_init_U/t_fu_326_reg[4]_0
    SLICE_X62Y145        LUT6 (Prop_C6LUT_SLICEL_I1_O)
                                                      0.014     0.092 r  bd_0_i/hls_inst/inst/grp_node_0_0_Pipeline_l_S_t_1_t_fu_297/flow_control_loop_pipe_sequential_init_U/t_fu_326[4]_i_1/O
                         net (fo=1, routed)           0.017     0.109    bd_0_i/hls_inst/inst/grp_node_0_0_Pipeline_l_S_t_1_t_fu_297/t_2_fu_8996_p2[4]
    SLICE_X62Y145        FDRE                                         r  bd_0_i/hls_inst/inst/grp_node_0_0_Pipeline_l_S_t_1_t_fu_297/t_fu_326_reg[4]/D
  -------------------------------------------------------------------    -------------------

                         (clock ap_clk rise edge)     0.000     0.000 r  
                                                      0.000     0.000 r  ap_clk (IN)
                         net (fo=2591, unset)         0.018     0.018    bd_0_i/hls_inst/inst/grp_node_0_0_Pipeline_l_S_t_1_t_fu_297/ap_clk
    SLICE_X62Y145        FDRE                                         r  bd_0_i/hls_inst/inst/grp_node_0_0_Pipeline_l_S_t_1_t_fu_297/t_fu_326_reg[4]/C
                         clock pessimism              0.000     0.018    
    SLICE_X62Y145        FDRE (Hold_CFF_SLICEL_C_D)
                                                      0.046     0.064    bd_0_i/hls_inst/inst/grp_node_0_0_Pipeline_l_S_t_1_t_fu_297/t_fu_326_reg[4]
  -------------------------------------------------------------------
                         required time                         -0.064    
                         arrival time                           0.109    
  -------------------------------------------------------------------
                         slack                                  0.045    

Slack (MET) :             0.046ns  (arrival time - required time)
  Source:                 bd_0_i/hls_inst/inst/grp_node_0_0_Pipeline_l_S_t_1_t_fu_297/v766_fu_738_reg[6]/C
                            (rising edge-triggered cell FDRE clocked by ap_clk  {rise@0.000ns fall@1.665ns period=3.330ns})
  Destination:            bd_0_i/hls_inst/inst/grp_node_0_0_Pipeline_l_S_t_1_t_fu_297/instr_cnt_4_reg_16268_reg[6]/D
                            (rising edge-triggered cell FDRE clocked by ap_clk  {rise@0.000ns fall@1.665ns period=3.330ns})
  Path Group:             ap_clk
  Path Type:              Hold (Min at Fast Process Corner)
  Requirement:            0.000ns  (ap_clk rise@0.000ns - ap_clk rise@0.000ns)
  Data Path Delay:        0.098ns  (logic 0.039ns (39.796%)  route 0.059ns (60.204%))
  Logic Levels:           0  
  Clock Path Skew:        0.005ns (DCD - SCD - CPR)
    Destination Clock Delay (DCD):    0.018ns
    Source Clock Delay      (SCD):    0.013ns
    Clock Pessimism Removal (CPR):    -0.000ns

    Location             Delay type                Incr(ns)  Path(ns)    Netlist Resource(s)
  -------------------------------------------------------------------    -------------------
                         (clock ap_clk rise edge)     0.000     0.000 r  
                                                      0.000     0.000 r  ap_clk (IN)
                         net (fo=2591, unset)         0.013     0.013    bd_0_i/hls_inst/inst/grp_node_0_0_Pipeline_l_S_t_1_t_fu_297/ap_clk
    SLICE_X60Y146        FDRE                                         r  bd_0_i/hls_inst/inst/grp_node_0_0_Pipeline_l_S_t_1_t_fu_297/v766_fu_738_reg[6]/C
  -------------------------------------------------------------------    -------------------
    SLICE_X60Y146        FDRE (Prop_HFF2_SLICEL_C_Q)
                                                      0.039     0.052 r  bd_0_i/hls_inst/inst/grp_node_0_0_Pipeline_l_S_t_1_t_fu_297/v766_fu_738_reg[6]/Q
                         net (fo=1, routed)           0.059     0.111    bd_0_i/hls_inst/inst/grp_node_0_0_Pipeline_l_S_t_1_t_fu_297/v766_fu_738_reg_n_0_[6]
    SLICE_X60Y145        FDRE                                         r  bd_0_i/hls_inst/inst/grp_node_0_0_Pipeline_l_S_t_1_t_fu_297/instr_cnt_4_reg_16268_reg[6]/D
  -------------------------------------------------------------------    -------------------

                         (clock ap_clk rise edge)     0.000     0.000 r  
                                                      0.000     0.000 r  ap_clk (IN)
                         net (fo=2591, unset)         0.018     0.018    bd_0_i/hls_inst/inst/grp_node_0_0_Pipeline_l_S_t_1_t_fu_297/ap_clk
    SLICE_X60Y145        FDRE                                         r  bd_0_i/hls_inst/inst/grp_node_0_0_Pipeline_l_S_t_1_t_fu_297/instr_cnt_4_reg_16268_reg[6]/C
                         clock pessimism              0.000     0.018    
    SLICE_X60Y145        FDRE (Hold_CFF2_SLICEL_C_D)
                                                      0.047     0.065    bd_0_i/hls_inst/inst/grp_node_0_0_Pipeline_l_S_t_1_t_fu_297/instr_cnt_4_reg_16268_reg[6]
  -------------------------------------------------------------------
                         required time                         -0.065    
                         arrival time                           0.111    
  -------------------------------------------------------------------
                         slack                                  0.046    

Slack (MET) :             0.047ns  (arrival time - required time)
  Source:                 bd_0_i/hls_inst/inst/grp_node_0_0_Pipeline_l_S_t_1_t_fu_297/ap_phi_reg_pp0_iter1_res_reg_8135_reg[9]/C
                            (rising edge-triggered cell FDRE clocked by ap_clk  {rise@0.000ns fall@1.665ns period=3.330ns})
  Destination:            bd_0_i/hls_inst/inst/grp_node_0_0_Pipeline_l_S_t_1_t_fu_297/ap_phi_reg_pp0_iter2_res_reg_8135_reg[9]/D
                            (rising edge-triggered cell FDRE clocked by ap_clk  {rise@0.000ns fall@1.665ns period=3.330ns})
  Path Group:             ap_clk
  Path Type:              Hold (Min at Fast Process Corner)
  Requirement:            0.000ns  (ap_clk rise@0.000ns - ap_clk rise@0.000ns)
  Data Path Delay:        0.100ns  (logic 0.037ns (37.000%)  route 0.063ns (63.000%))
  Logic Levels:           0  
  Clock Path Skew:        0.006ns (DCD - SCD - CPR)
    Destination Clock Delay (DCD):    0.019ns
    Source Clock Delay      (SCD):    0.013ns
    Clock Pessimism Removal (CPR):    -0.000ns

    Location             Delay type                Incr(ns)  Path(ns)    Netlist Resource(s)
  -------------------------------------------------------------------    -------------------
                         (clock ap_clk rise edge)     0.000     0.000 r  
                                                      0.000     0.000 r  ap_clk (IN)
                         net (fo=2591, unset)         0.013     0.013    bd_0_i/hls_inst/inst/grp_node_0_0_Pipeline_l_S_t_1_t_fu_297/ap_clk
    SLICE_X54Y124        FDRE                                         r  bd_0_i/hls_inst/inst/grp_node_0_0_Pipeline_l_S_t_1_t_fu_297/ap_phi_reg_pp0_iter1_res_reg_8135_reg[9]/C
  -------------------------------------------------------------------    -------------------
    SLICE_X54Y124        FDRE (Prop_FFF_SLICEM_C_Q)
                                                      0.037     0.050 r  bd_0_i/hls_inst/inst/grp_node_0_0_Pipeline_l_S_t_1_t_fu_297/ap_phi_reg_pp0_iter1_res_reg_8135_reg[9]/Q
                         net (fo=1, routed)           0.063     0.113    bd_0_i/hls_inst/inst/grp_node_0_0_Pipeline_l_S_t_1_t_fu_297/ap_phi_reg_pp0_iter1_res_reg_8135[9]
    SLICE_X54Y125        FDRE                                         r  bd_0_i/hls_inst/inst/grp_node_0_0_Pipeline_l_S_t_1_t_fu_297/ap_phi_reg_pp0_iter2_res_reg_8135_reg[9]/D
  -------------------------------------------------------------------    -------------------

                         (clock ap_clk rise edge)     0.000     0.000 r  
                                                      0.000     0.000 r  ap_clk (IN)
                         net (fo=2591, unset)         0.019     0.019    bd_0_i/hls_inst/inst/grp_node_0_0_Pipeline_l_S_t_1_t_fu_297/ap_clk
    SLICE_X54Y125        FDRE                                         r  bd_0_i/hls_inst/inst/grp_node_0_0_Pipeline_l_S_t_1_t_fu_297/ap_phi_reg_pp0_iter2_res_reg_8135_reg[9]/C
                         clock pessimism              0.000     0.019    
    SLICE_X54Y125        FDRE (Hold_GFF2_SLICEM_C_D)
                                                      0.047     0.066    bd_0_i/hls_inst/inst/grp_node_0_0_Pipeline_l_S_t_1_t_fu_297/ap_phi_reg_pp0_iter2_res_reg_8135_reg[9]
  -------------------------------------------------------------------
                         required time                         -0.066    
                         arrival time                           0.113    
  -------------------------------------------------------------------
                         slack                                  0.047    

Slack (MET) :             0.047ns  (arrival time - required time)
  Source:                 bd_0_i/hls_inst/inst/grp_node_0_0_Pipeline_l_S_t_1_t_fu_297/ap_phi_reg_pp0_iter1_v1108_reg_4857_reg[16]/C
                            (rising edge-triggered cell FDRE clocked by ap_clk  {rise@0.000ns fall@1.665ns period=3.330ns})
  Destination:            bd_0_i/hls_inst/inst/grp_node_0_0_Pipeline_l_S_t_1_t_fu_297/v1108_reg_4857_reg[16]/D
                            (rising edge-triggered cell FDRE clocked by ap_clk  {rise@0.000ns fall@1.665ns period=3.330ns})
  Path Group:             ap_clk
  Path Type:              Hold (Min at Fast Process Corner)
  Requirement:            0.000ns  (ap_clk rise@0.000ns - ap_clk rise@0.000ns)
  Data Path Delay:        0.100ns  (logic 0.039ns (39.000%)  route 0.061ns (61.000%))
  Logic Levels:           0  
  Clock Path Skew:        0.006ns (DCD - SCD - CPR)
    Destination Clock Delay (DCD):    0.019ns
    Source Clock Delay      (SCD):    0.013ns
    Clock Pessimism Removal (CPR):    -0.000ns

    Location             Delay type                Incr(ns)  Path(ns)    Netlist Resource(s)
  -------------------------------------------------------------------    -------------------
                         (clock ap_clk rise edge)     0.000     0.000 r  
                                                      0.000     0.000 r  ap_clk (IN)
                         net (fo=2591, unset)         0.013     0.013    bd_0_i/hls_inst/inst/grp_node_0_0_Pipeline_l_S_t_1_t_fu_297/ap_clk
    SLICE_X56Y148        FDRE                                         r  bd_0_i/hls_inst/inst/grp_node_0_0_Pipeline_l_S_t_1_t_fu_297/ap_phi_reg_pp0_iter1_v1108_reg_4857_reg[16]/C
  -------------------------------------------------------------------    -------------------
    SLICE_X56Y148        FDRE (Prop_HFF_SLICEM_C_Q)
                                                      0.039     0.052 r  bd_0_i/hls_inst/inst/grp_node_0_0_Pipeline_l_S_t_1_t_fu_297/ap_phi_reg_pp0_iter1_v1108_reg_4857_reg[16]/Q
                         net (fo=1, routed)           0.061     0.113    bd_0_i/hls_inst/inst/grp_node_0_0_Pipeline_l_S_t_1_t_fu_297/ap_phi_reg_pp0_iter1_v1108_reg_4857[16]
    SLICE_X56Y148        FDRE                                         r  bd_0_i/hls_inst/inst/grp_node_0_0_Pipeline_l_S_t_1_t_fu_297/v1108_reg_4857_reg[16]/D
  -------------------------------------------------------------------    -------------------

                         (clock ap_clk rise edge)     0.000     0.000 r  
                                                      0.000     0.000 r  ap_clk (IN)
                         net (fo=2591, unset)         0.019     0.019    bd_0_i/hls_inst/inst/grp_node_0_0_Pipeline_l_S_t_1_t_fu_297/ap_clk
    SLICE_X56Y148        FDRE                                         r  bd_0_i/hls_inst/inst/grp_node_0_0_Pipeline_l_S_t_1_t_fu_297/v1108_reg_4857_reg[16]/C
                         clock pessimism              0.000     0.019    
    SLICE_X56Y148        FDRE (Hold_DFF2_SLICEM_C_D)
                                                      0.047     0.066    bd_0_i/hls_inst/inst/grp_node_0_0_Pipeline_l_S_t_1_t_fu_297/v1108_reg_4857_reg[16]
  -------------------------------------------------------------------
                         required time                         -0.066    
                         arrival time                           0.113    
  -------------------------------------------------------------------
                         slack                                  0.047    

Slack (MET) :             0.047ns  (arrival time - required time)
  Source:                 bd_0_i/hls_inst/inst/grp_node_0_0_Pipeline_l_S_t_1_t_fu_297/ap_phi_reg_pp0_iter1_v1108_reg_4857_reg[8]/C
                            (rising edge-triggered cell FDRE clocked by ap_clk  {rise@0.000ns fall@1.665ns period=3.330ns})
  Destination:            bd_0_i/hls_inst/inst/grp_node_0_0_Pipeline_l_S_t_1_t_fu_297/v1108_reg_4857_reg[8]/D
                            (rising edge-triggered cell FDRE clocked by ap_clk  {rise@0.000ns fall@1.665ns period=3.330ns})
  Path Group:             ap_clk
  Path Type:              Hold (Min at Fast Process Corner)
  Requirement:            0.000ns  (ap_clk rise@0.000ns - ap_clk rise@0.000ns)
  Data Path Delay:        0.100ns  (logic 0.039ns (39.000%)  route 0.061ns (61.000%))
  Logic Levels:           0  
  Clock Path Skew:        0.006ns (DCD - SCD - CPR)
    Destination Clock Delay (DCD):    0.019ns
    Source Clock Delay      (SCD):    0.013ns
    Clock Pessimism Removal (CPR):    -0.000ns

    Location             Delay type                Incr(ns)  Path(ns)    Netlist Resource(s)
  -------------------------------------------------------------------    -------------------
                         (clock ap_clk rise edge)     0.000     0.000 r  
                                                      0.000     0.000 r  ap_clk (IN)
                         net (fo=2591, unset)         0.013     0.013    bd_0_i/hls_inst/inst/grp_node_0_0_Pipeline_l_S_t_1_t_fu_297/ap_clk
    SLICE_X50Y145        FDRE                                         r  bd_0_i/hls_inst/inst/grp_node_0_0_Pipeline_l_S_t_1_t_fu_297/ap_phi_reg_pp0_iter1_v1108_reg_4857_reg[8]/C
  -------------------------------------------------------------------    -------------------
    SLICE_X50Y145        FDRE (Prop_HFF_SLICEM_C_Q)
                                                      0.039     0.052 r  bd_0_i/hls_inst/inst/grp_node_0_0_Pipeline_l_S_t_1_t_fu_297/ap_phi_reg_pp0_iter1_v1108_reg_4857_reg[8]/Q
                         net (fo=1, routed)           0.061     0.113    bd_0_i/hls_inst/inst/grp_node_0_0_Pipeline_l_S_t_1_t_fu_297/ap_phi_reg_pp0_iter1_v1108_reg_4857[8]
    SLICE_X50Y145        FDRE                                         r  bd_0_i/hls_inst/inst/grp_node_0_0_Pipeline_l_S_t_1_t_fu_297/v1108_reg_4857_reg[8]/D
  -------------------------------------------------------------------    -------------------

                         (clock ap_clk rise edge)     0.000     0.000 r  
                                                      0.000     0.000 r  ap_clk (IN)
                         net (fo=2591, unset)         0.019     0.019    bd_0_i/hls_inst/inst/grp_node_0_0_Pipeline_l_S_t_1_t_fu_297/ap_clk
    SLICE_X50Y145        FDRE                                         r  bd_0_i/hls_inst/inst/grp_node_0_0_Pipeline_l_S_t_1_t_fu_297/v1108_reg_4857_reg[8]/C
                         clock pessimism              0.000     0.019    
    SLICE_X50Y145        FDRE (Hold_DFF2_SLICEM_C_D)
                                                      0.047     0.066    bd_0_i/hls_inst/inst/grp_node_0_0_Pipeline_l_S_t_1_t_fu_297/v1108_reg_4857_reg[8]
  -------------------------------------------------------------------
                         required time                         -0.066    
                         arrival time                           0.113    
  -------------------------------------------------------------------
                         slack                                  0.047    

Slack (MET) :             0.047ns  (arrival time - required time)
  Source:                 bd_0_i/hls_inst/inst/grp_node_0_0_Pipeline_l_S_t_1_t_fu_297/ap_phi_reg_pp0_iter1_v1109_reg_4872_reg[18]/C
                            (rising edge-triggered cell FDRE clocked by ap_clk  {rise@0.000ns fall@1.665ns period=3.330ns})
  Destination:            bd_0_i/hls_inst/inst/grp_node_0_0_Pipeline_l_S_t_1_t_fu_297/v1109_reg_4872_reg[18]/D
                            (rising edge-triggered cell FDRE clocked by ap_clk  {rise@0.000ns fall@1.665ns period=3.330ns})
  Path Group:             ap_clk
  Path Type:              Hold (Min at Fast Process Corner)
  Requirement:            0.000ns  (ap_clk rise@0.000ns - ap_clk rise@0.000ns)
  Data Path Delay:        0.100ns  (logic 0.039ns (39.000%)  route 0.061ns (61.000%))
  Logic Levels:           0  
  Clock Path Skew:        0.006ns (DCD - SCD - CPR)
    Destination Clock Delay (DCD):    0.019ns
    Source Clock Delay      (SCD):    0.013ns
    Clock Pessimism Removal (CPR):    -0.000ns

    Location             Delay type                Incr(ns)  Path(ns)    Netlist Resource(s)
  -------------------------------------------------------------------    -------------------
                         (clock ap_clk rise edge)     0.000     0.000 r  
                                                      0.000     0.000 r  ap_clk (IN)
                         net (fo=2591, unset)         0.013     0.013    bd_0_i/hls_inst/inst/grp_node_0_0_Pipeline_l_S_t_1_t_fu_297/ap_clk
    SLICE_X56Y145        FDRE                                         r  bd_0_i/hls_inst/inst/grp_node_0_0_Pipeline_l_S_t_1_t_fu_297/ap_phi_reg_pp0_iter1_v1109_reg_4872_reg[18]/C
  -------------------------------------------------------------------    -------------------
    SLICE_X56Y145        FDRE (Prop_HFF_SLICEM_C_Q)
                                                      0.039     0.052 r  bd_0_i/hls_inst/inst/grp_node_0_0_Pipeline_l_S_t_1_t_fu_297/ap_phi_reg_pp0_iter1_v1109_reg_4872_reg[18]/Q
                         net (fo=1, routed)           0.061     0.113    bd_0_i/hls_inst/inst/grp_node_0_0_Pipeline_l_S_t_1_t_fu_297/ap_phi_reg_pp0_iter1_v1109_reg_4872[18]
    SLICE_X56Y145        FDRE                                         r  bd_0_i/hls_inst/inst/grp_node_0_0_Pipeline_l_S_t_1_t_fu_297/v1109_reg_4872_reg[18]/D
  -------------------------------------------------------------------    -------------------

                         (clock ap_clk rise edge)     0.000     0.000 r  
                                                      0.000     0.000 r  ap_clk (IN)
                         net (fo=2591, unset)         0.019     0.019    bd_0_i/hls_inst/inst/grp_node_0_0_Pipeline_l_S_t_1_t_fu_297/ap_clk
    SLICE_X56Y145        FDRE                                         r  bd_0_i/hls_inst/inst/grp_node_0_0_Pipeline_l_S_t_1_t_fu_297/v1109_reg_4872_reg[18]/C
                         clock pessimism              0.000     0.019    
    SLICE_X56Y145        FDRE (Hold_DFF2_SLICEM_C_D)
                                                      0.047     0.066    bd_0_i/hls_inst/inst/grp_node_0_0_Pipeline_l_S_t_1_t_fu_297/v1109_reg_4872_reg[18]
  -------------------------------------------------------------------
                         required time                         -0.066    
                         arrival time                           0.113    
  -------------------------------------------------------------------
                         slack                                  0.047    

Slack (MET) :             0.047ns  (arrival time - required time)
  Source:                 bd_0_i/hls_inst/inst/grp_node_0_0_Pipeline_l_S_t_1_t_fu_297/ap_phi_reg_pp0_iter1_v1109_reg_4872_reg[4]/C
                            (rising edge-triggered cell FDRE clocked by ap_clk  {rise@0.000ns fall@1.665ns period=3.330ns})
  Destination:            bd_0_i/hls_inst/inst/grp_node_0_0_Pipeline_l_S_t_1_t_fu_297/v1109_reg_4872_reg[4]/D
                            (rising edge-triggered cell FDRE clocked by ap_clk  {rise@0.000ns fall@1.665ns period=3.330ns})
  Path Group:             ap_clk
  Path Type:              Hold (Min at Fast Process Corner)
  Requirement:            0.000ns  (ap_clk rise@0.000ns - ap_clk rise@0.000ns)
  Data Path Delay:        0.100ns  (logic 0.039ns (39.000%)  route 0.061ns (61.000%))
  Logic Levels:           0  
  Clock Path Skew:        0.006ns (DCD - SCD - CPR)
    Destination Clock Delay (DCD):    0.019ns
    Source Clock Delay      (SCD):    0.013ns
    Clock Pessimism Removal (CPR):    -0.000ns

    Location             Delay type                Incr(ns)  Path(ns)    Netlist Resource(s)
  -------------------------------------------------------------------    -------------------
                         (clock ap_clk rise edge)     0.000     0.000 r  
                                                      0.000     0.000 r  ap_clk (IN)
                         net (fo=2591, unset)         0.013     0.013    bd_0_i/hls_inst/inst/grp_node_0_0_Pipeline_l_S_t_1_t_fu_297/ap_clk
    SLICE_X50Y147        FDRE                                         r  bd_0_i/hls_inst/inst/grp_node_0_0_Pipeline_l_S_t_1_t_fu_297/ap_phi_reg_pp0_iter1_v1109_reg_4872_reg[4]/C
  -------------------------------------------------------------------    -------------------
    SLICE_X50Y147        FDRE (Prop_HFF_SLICEM_C_Q)
                                                      0.039     0.052 r  bd_0_i/hls_inst/inst/grp_node_0_0_Pipeline_l_S_t_1_t_fu_297/ap_phi_reg_pp0_iter1_v1109_reg_4872_reg[4]/Q
                         net (fo=1, routed)           0.061     0.113    bd_0_i/hls_inst/inst/grp_node_0_0_Pipeline_l_S_t_1_t_fu_297/ap_phi_reg_pp0_iter1_v1109_reg_4872[4]
    SLICE_X50Y147        FDRE                                         r  bd_0_i/hls_inst/inst/grp_node_0_0_Pipeline_l_S_t_1_t_fu_297/v1109_reg_4872_reg[4]/D
  -------------------------------------------------------------------    -------------------

                         (clock ap_clk rise edge)     0.000     0.000 r  
                                                      0.000     0.000 r  ap_clk (IN)
                         net (fo=2591, unset)         0.019     0.019    bd_0_i/hls_inst/inst/grp_node_0_0_Pipeline_l_S_t_1_t_fu_297/ap_clk
    SLICE_X50Y147        FDRE                                         r  bd_0_i/hls_inst/inst/grp_node_0_0_Pipeline_l_S_t_1_t_fu_297/v1109_reg_4872_reg[4]/C
                         clock pessimism              0.000     0.019    
    SLICE_X50Y147        FDRE (Hold_DFF2_SLICEM_C_D)
                                                      0.047     0.066    bd_0_i/hls_inst/inst/grp_node_0_0_Pipeline_l_S_t_1_t_fu_297/v1109_reg_4872_reg[4]
  -------------------------------------------------------------------
                         required time                         -0.066    
                         arrival time                           0.113    
  -------------------------------------------------------------------
                         slack                                  0.047    





Pulse Width Checks
--------------------------------------------------------------------------------------
Clock Name:         ap_clk
Waveform(ns):       { 0.000 1.665 }
Period(ns):         3.330
Sources:            { ap_clk }

Check Type        Corner  Lib Pin     Reference Pin  Required(ns)  Actual(ns)  Slack(ns)  Location       Pin
Min Period        n/a     SRL16E/CLK  n/a            1.064         3.330       2.266      SLICE_X57Y152  bd_0_i/hls_inst/inst/grp_node_0_0_Pipeline_l_S_t_1_t_fu_297/empty_38_fu_482_reg[0]_srl2___grp_node_0_0_Pipeline_l_S_t_1_t_fu_297_empty_39_fu_486_reg_r/CLK
Min Period        n/a     SRL16E/CLK  n/a            1.064         3.330       2.266      SLICE_X57Y152  bd_0_i/hls_inst/inst/grp_node_0_0_Pipeline_l_S_t_1_t_fu_297/empty_38_fu_482_reg[1]_srl2___grp_node_0_0_Pipeline_l_S_t_1_t_fu_297_empty_39_fu_486_reg_r/CLK
Min Period        n/a     SRL16E/CLK  n/a            1.064         3.330       2.266      SLICE_X57Y152  bd_0_i/hls_inst/inst/grp_node_0_0_Pipeline_l_S_t_1_t_fu_297/empty_39_fu_486_reg[0]_srl2___grp_node_0_0_Pipeline_l_S_t_1_t_fu_297_empty_39_fu_486_reg_r/CLK
Min Period        n/a     SRL16E/CLK  n/a            1.064         3.330       2.266      SLICE_X57Y152  bd_0_i/hls_inst/inst/grp_node_0_0_Pipeline_l_S_t_1_t_fu_297/empty_39_fu_486_reg[1]_srl2___grp_node_0_0_Pipeline_l_S_t_1_t_fu_297_empty_39_fu_486_reg_r/CLK
Min Period        n/a     SRL16E/CLK  n/a            1.064         3.330       2.266      SLICE_X57Y152  bd_0_i/hls_inst/inst/grp_node_0_0_Pipeline_l_S_t_1_t_fu_297/empty_39_fu_486_reg[2]_srl2___grp_node_0_0_Pipeline_l_S_t_1_t_fu_297_empty_39_fu_486_reg_r/CLK
Min Period        n/a     SRL16E/CLK  n/a            1.064         3.330       2.266      SLICE_X57Y152  bd_0_i/hls_inst/inst/grp_node_0_0_Pipeline_l_S_t_1_t_fu_297/empty_39_fu_486_reg[3]_srl2___grp_node_0_0_Pipeline_l_S_t_1_t_fu_297_empty_39_fu_486_reg_r/CLK
Min Period        n/a     FDSE/C      n/a            0.550         3.330       2.780      SLICE_X59Y141  bd_0_i/hls_inst/inst/ap_CS_fsm_reg[0]/C
Min Period        n/a     FDRE/C      n/a            0.550         3.330       2.780      SLICE_X56Y137  bd_0_i/hls_inst/inst/ap_CS_fsm_reg[1]/C
Min Period        n/a     FDRE/C      n/a            0.550         3.330       2.780      SLICE_X56Y137  bd_0_i/hls_inst/inst/ap_CS_fsm_reg[2]/C
Min Period        n/a     FDRE/C      n/a            0.550         3.330       2.780      SLICE_X59Y142  bd_0_i/hls_inst/inst/ap_CS_fsm_reg[3]/C
Low Pulse Width   Slow    SRL16E/CLK  n/a            0.532         1.665       1.133      SLICE_X57Y152  bd_0_i/hls_inst/inst/grp_node_0_0_Pipeline_l_S_t_1_t_fu_297/empty_38_fu_482_reg[0]_srl2___grp_node_0_0_Pipeline_l_S_t_1_t_fu_297_empty_39_fu_486_reg_r/CLK
Low Pulse Width   Fast    SRL16E/CLK  n/a            0.532         1.665       1.133      SLICE_X57Y152  bd_0_i/hls_inst/inst/grp_node_0_0_Pipeline_l_S_t_1_t_fu_297/empty_38_fu_482_reg[0]_srl2___grp_node_0_0_Pipeline_l_S_t_1_t_fu_297_empty_39_fu_486_reg_r/CLK
Low Pulse Width   Slow    SRL16E/CLK  n/a            0.532         1.665       1.133      SLICE_X57Y152  bd_0_i/hls_inst/inst/grp_node_0_0_Pipeline_l_S_t_1_t_fu_297/empty_38_fu_482_reg[1]_srl2___grp_node_0_0_Pipeline_l_S_t_1_t_fu_297_empty_39_fu_486_reg_r/CLK
Low Pulse Width   Fast    SRL16E/CLK  n/a            0.532         1.665       1.133      SLICE_X57Y152  bd_0_i/hls_inst/inst/grp_node_0_0_Pipeline_l_S_t_1_t_fu_297/empty_38_fu_482_reg[1]_srl2___grp_node_0_0_Pipeline_l_S_t_1_t_fu_297_empty_39_fu_486_reg_r/CLK
Low Pulse Width   Slow    SRL16E/CLK  n/a            0.532         1.665       1.133      SLICE_X57Y152  bd_0_i/hls_inst/inst/grp_node_0_0_Pipeline_l_S_t_1_t_fu_297/empty_39_fu_486_reg[0]_srl2___grp_node_0_0_Pipeline_l_S_t_1_t_fu_297_empty_39_fu_486_reg_r/CLK
Low Pulse Width   Fast    SRL16E/CLK  n/a            0.532         1.665       1.133      SLICE_X57Y152  bd_0_i/hls_inst/inst/grp_node_0_0_Pipeline_l_S_t_1_t_fu_297/empty_39_fu_486_reg[0]_srl2___grp_node_0_0_Pipeline_l_S_t_1_t_fu_297_empty_39_fu_486_reg_r/CLK
Low Pulse Width   Slow    SRL16E/CLK  n/a            0.532         1.665       1.133      SLICE_X57Y152  bd_0_i/hls_inst/inst/grp_node_0_0_Pipeline_l_S_t_1_t_fu_297/empty_39_fu_486_reg[1]_srl2___grp_node_0_0_Pipeline_l_S_t_1_t_fu_297_empty_39_fu_486_reg_r/CLK
Low Pulse Width   Fast    SRL16E/CLK  n/a            0.532         1.665       1.133      SLICE_X57Y152  bd_0_i/hls_inst/inst/grp_node_0_0_Pipeline_l_S_t_1_t_fu_297/empty_39_fu_486_reg[1]_srl2___grp_node_0_0_Pipeline_l_S_t_1_t_fu_297_empty_39_fu_486_reg_r/CLK
Low Pulse Width   Slow    SRL16E/CLK  n/a            0.532         1.665       1.133      SLICE_X57Y152  bd_0_i/hls_inst/inst/grp_node_0_0_Pipeline_l_S_t_1_t_fu_297/empty_39_fu_486_reg[2]_srl2___grp_node_0_0_Pipeline_l_S_t_1_t_fu_297_empty_39_fu_486_reg_r/CLK
Low Pulse Width   Fast    SRL16E/CLK  n/a            0.532         1.665       1.133      SLICE_X57Y152  bd_0_i/hls_inst/inst/grp_node_0_0_Pipeline_l_S_t_1_t_fu_297/empty_39_fu_486_reg[2]_srl2___grp_node_0_0_Pipeline_l_S_t_1_t_fu_297_empty_39_fu_486_reg_r/CLK
High Pulse Width  Slow    SRL16E/CLK  n/a            0.532         1.665       1.133      SLICE_X57Y152  bd_0_i/hls_inst/inst/grp_node_0_0_Pipeline_l_S_t_1_t_fu_297/empty_38_fu_482_reg[0]_srl2___grp_node_0_0_Pipeline_l_S_t_1_t_fu_297_empty_39_fu_486_reg_r/CLK
High Pulse Width  Fast    SRL16E/CLK  n/a            0.532         1.665       1.133      SLICE_X57Y152  bd_0_i/hls_inst/inst/grp_node_0_0_Pipeline_l_S_t_1_t_fu_297/empty_38_fu_482_reg[0]_srl2___grp_node_0_0_Pipeline_l_S_t_1_t_fu_297_empty_39_fu_486_reg_r/CLK
High Pulse Width  Slow    SRL16E/CLK  n/a            0.532         1.665       1.133      SLICE_X57Y152  bd_0_i/hls_inst/inst/grp_node_0_0_Pipeline_l_S_t_1_t_fu_297/empty_38_fu_482_reg[1]_srl2___grp_node_0_0_Pipeline_l_S_t_1_t_fu_297_empty_39_fu_486_reg_r/CLK
High Pulse Width  Fast    SRL16E/CLK  n/a            0.532         1.665       1.133      SLICE_X57Y152  bd_0_i/hls_inst/inst/grp_node_0_0_Pipeline_l_S_t_1_t_fu_297/empty_38_fu_482_reg[1]_srl2___grp_node_0_0_Pipeline_l_S_t_1_t_fu_297_empty_39_fu_486_reg_r/CLK
High Pulse Width  Slow    SRL16E/CLK  n/a            0.532         1.665       1.133      SLICE_X57Y152  bd_0_i/hls_inst/inst/grp_node_0_0_Pipeline_l_S_t_1_t_fu_297/empty_39_fu_486_reg[0]_srl2___grp_node_0_0_Pipeline_l_S_t_1_t_fu_297_empty_39_fu_486_reg_r/CLK
High Pulse Width  Fast    SRL16E/CLK  n/a            0.532         1.665       1.133      SLICE_X57Y152  bd_0_i/hls_inst/inst/grp_node_0_0_Pipeline_l_S_t_1_t_fu_297/empty_39_fu_486_reg[0]_srl2___grp_node_0_0_Pipeline_l_S_t_1_t_fu_297_empty_39_fu_486_reg_r/CLK
High Pulse Width  Slow    SRL16E/CLK  n/a            0.532         1.665       1.133      SLICE_X57Y152  bd_0_i/hls_inst/inst/grp_node_0_0_Pipeline_l_S_t_1_t_fu_297/empty_39_fu_486_reg[1]_srl2___grp_node_0_0_Pipeline_l_S_t_1_t_fu_297_empty_39_fu_486_reg_r/CLK
High Pulse Width  Fast    SRL16E/CLK  n/a            0.532         1.665       1.133      SLICE_X57Y152  bd_0_i/hls_inst/inst/grp_node_0_0_Pipeline_l_S_t_1_t_fu_297/empty_39_fu_486_reg[1]_srl2___grp_node_0_0_Pipeline_l_S_t_1_t_fu_297_empty_39_fu_486_reg_r/CLK
High Pulse Width  Slow    SRL16E/CLK  n/a            0.532         1.665       1.133      SLICE_X57Y152  bd_0_i/hls_inst/inst/grp_node_0_0_Pipeline_l_S_t_1_t_fu_297/empty_39_fu_486_reg[2]_srl2___grp_node_0_0_Pipeline_l_S_t_1_t_fu_297_empty_39_fu_486_reg_r/CLK
High Pulse Width  Fast    SRL16E/CLK  n/a            0.532         1.665       1.133      SLICE_X57Y152  bd_0_i/hls_inst/inst/grp_node_0_0_Pipeline_l_S_t_1_t_fu_297/empty_39_fu_486_reg[2]_srl2___grp_node_0_0_Pipeline_l_S_t_1_t_fu_297_empty_39_fu_486_reg_r/CLK



--------------------------------------------------------------------------------------
Path Group:  (none)
From Clock:  
  To Clock:  

Max Delay           223 Endpoints
Min Delay           223 Endpoints
--------------------------------------------------------------------------------------


Max Delay Paths
--------------------------------------------------------------------------------------
Slack:                    inf
  Source:                 v6_full_n
                            (input port)
  Destination:            v3_wr_en
                            (output port)
  Path Group:             (none)
  Path Type:              Max at Slow Process Corner
  Data Path Delay:        3.133ns  (logic 0.632ns (20.172%)  route 2.501ns (79.828%))
  Logic Levels:           6  (LUT3=1 LUT4=2 LUT5=1 LUT6=2)

    Location             Delay type                Incr(ns)  Path(ns)    Netlist Resource(s)
  -------------------------------------------------------------------    -------------------
                                                      0.000     0.000 r  v6_full_n (IN)
                         net (fo=1, unset)            0.000     0.000    bd_0_i/hls_inst/inst/grp_node_0_0_Outline_VITIS_LOOP_223_27_fu_260/v6_full_n
    SLICE_X52Y143        LUT4 (Prop_E6LUT_SLICEL_I0_O)
                                                      0.099     0.099 f  bd_0_i/hls_inst/inst/grp_node_0_0_Outline_VITIS_LOOP_223_27_fu_260/v1_din[25]_INST_0_i_5/O
                         net (fo=1, routed)           0.273     0.372    bd_0_i/hls_inst/inst/grp_node_0_0_Outline_VITIS_LOOP_223_27_fu_260/v1_din[25]_INST_0_i_5_n_0
    SLICE_X52Y143        LUT5 (Prop_G6LUT_SLICEL_I4_O)
                                                      0.035     0.407 f  bd_0_i/hls_inst/inst/grp_node_0_0_Outline_VITIS_LOOP_223_27_fu_260/v1_din[25]_INST_0_i_4/O
                         net (fo=1, routed)           0.292     0.699    bd_0_i/hls_inst/inst/grp_node_0_0_Outline_VITIS_LOOP_223_27_fu_260/v1_din[25]_INST_0_i_4_n_0
    SLICE_X52Y143        LUT6 (Prop_H6LUT_SLICEL_I5_O)
                                                      0.150     0.849 r  bd_0_i/hls_inst/inst/grp_node_0_0_Outline_VITIS_LOOP_223_27_fu_260/v1_din[25]_INST_0_i_1/O
                         net (fo=185, routed)         1.131     1.980    bd_0_i/hls_inst/inst/grp_node_0_0_Outline_VITIS_LOOP_223_27_fu_260/v5_full_n_0
    SLICE_X56Y111        LUT3 (Prop_H6LUT_SLICEM_I0_O)
                                                      0.053     2.033 r  bd_0_i/hls_inst/inst/grp_node_0_0_Outline_VITIS_LOOP_223_27_fu_260/v16_write_INST_0_i_2/O
                         net (fo=33, routed)          0.627     2.659    bd_0_i/hls_inst/inst/grp_node_0_0_Outline_VITIS_LOOP_223_27_fu_260/grp_node_0_0_Outline_VITIS_LOOP_223_27_fu_260_v16_write
    SLICE_X59Y147        LUT4 (Prop_H6LUT_SLICEL_I3_O)
                                                      0.150     2.809 r  bd_0_i/hls_inst/inst/grp_node_0_0_Outline_VITIS_LOOP_223_27_fu_260/v3_write_INST_0_i_1/O
                         net (fo=2, routed)           0.179     2.988    bd_0_i/hls_inst/inst/grp_node_0_0_Pipeline_l_S_t_1_t_fu_297/v4_write_0
    SLICE_X61Y147        LUT6 (Prop_C6LUT_SLICEM_I0_O)
                                                      0.145     3.133 r  bd_0_i/hls_inst/inst/grp_node_0_0_Pipeline_l_S_t_1_t_fu_297/v3_write_INST_0/O
                         net (fo=0)                   0.000     3.133    v3_wr_en
                                                                      r  v3_wr_en (OUT)
  -------------------------------------------------------------------    -------------------

Slack:                    inf
  Source:                 v6_full_n
                            (input port)
  Destination:            v4_wr_en
                            (output port)
  Path Group:             (none)
  Path Type:              Max at Slow Process Corner
  Data Path Delay:        3.026ns  (logic 0.539ns (17.812%)  route 2.487ns (82.188%))
  Logic Levels:           6  (LUT3=1 LUT4=2 LUT5=1 LUT6=2)

    Location             Delay type                Incr(ns)  Path(ns)    Netlist Resource(s)
  -------------------------------------------------------------------    -------------------
                                                      0.000     0.000 r  v6_full_n (IN)
                         net (fo=1, unset)            0.000     0.000    bd_0_i/hls_inst/inst/grp_node_0_0_Outline_VITIS_LOOP_223_27_fu_260/v6_full_n
    SLICE_X52Y143        LUT4 (Prop_E6LUT_SLICEL_I0_O)
                                                      0.099     0.099 f  bd_0_i/hls_inst/inst/grp_node_0_0_Outline_VITIS_LOOP_223_27_fu_260/v1_din[25]_INST_0_i_5/O
                         net (fo=1, routed)           0.273     0.372    bd_0_i/hls_inst/inst/grp_node_0_0_Outline_VITIS_LOOP_223_27_fu_260/v1_din[25]_INST_0_i_5_n_0
    SLICE_X52Y143        LUT5 (Prop_G6LUT_SLICEL_I4_O)
                                                      0.035     0.407 f  bd_0_i/hls_inst/inst/grp_node_0_0_Outline_VITIS_LOOP_223_27_fu_260/v1_din[25]_INST_0_i_4/O
                         net (fo=1, routed)           0.292     0.699    bd_0_i/hls_inst/inst/grp_node_0_0_Outline_VITIS_LOOP_223_27_fu_260/v1_din[25]_INST_0_i_4_n_0
    SLICE_X52Y143        LUT6 (Prop_H6LUT_SLICEL_I5_O)
                                                      0.150     0.849 r  bd_0_i/hls_inst/inst/grp_node_0_0_Outline_VITIS_LOOP_223_27_fu_260/v1_din[25]_INST_0_i_1/O
                         net (fo=185, routed)         1.131     1.980    bd_0_i/hls_inst/inst/grp_node_0_0_Outline_VITIS_LOOP_223_27_fu_260/v5_full_n_0
    SLICE_X56Y111        LUT3 (Prop_H6LUT_SLICEM_I0_O)
                                                      0.053     2.033 r  bd_0_i/hls_inst/inst/grp_node_0_0_Outline_VITIS_LOOP_223_27_fu_260/v16_write_INST_0_i_2/O
                         net (fo=33, routed)          0.627     2.659    bd_0_i/hls_inst/inst/grp_node_0_0_Outline_VITIS_LOOP_223_27_fu_260/grp_node_0_0_Outline_VITIS_LOOP_223_27_fu_260_v16_write
    SLICE_X59Y147        LUT4 (Prop_H6LUT_SLICEL_I3_O)
                                                      0.150     2.809 r  bd_0_i/hls_inst/inst/grp_node_0_0_Outline_VITIS_LOOP_223_27_fu_260/v3_write_INST_0_i_1/O
                         net (fo=2, routed)           0.165     2.974    bd_0_i/hls_inst/inst/grp_node_0_0_Pipeline_l_S_t_1_t_fu_297/v4_write_0
    SLICE_X61Y147        LUT6 (Prop_B6LUT_SLICEM_I0_O)
                                                      0.052     3.026 r  bd_0_i/hls_inst/inst/grp_node_0_0_Pipeline_l_S_t_1_t_fu_297/v4_write_INST_0/O
                         net (fo=0)                   0.000     3.026    v4_wr_en
                                                                      r  v4_wr_en (OUT)
  -------------------------------------------------------------------    -------------------

Slack:                    inf
  Source:                 v6_full_n
                            (input port)
  Destination:            v10_wr_en
                            (output port)
  Path Group:             (none)
  Path Type:              Max at Slow Process Corner
  Data Path Delay:        2.665ns  (logic 0.486ns (18.235%)  route 2.179ns (81.765%))
  Logic Levels:           5  (LUT3=1 LUT4=1 LUT5=1 LUT6=2)

    Location             Delay type                Incr(ns)  Path(ns)    Netlist Resource(s)
  -------------------------------------------------------------------    -------------------
                                                      0.000     0.000 r  v6_full_n (IN)
                         net (fo=1, unset)            0.000     0.000    bd_0_i/hls_inst/inst/grp_node_0_0_Outline_VITIS_LOOP_223_27_fu_260/v6_full_n
    SLICE_X52Y143        LUT4 (Prop_E6LUT_SLICEL_I0_O)
                                                      0.099     0.099 f  bd_0_i/hls_inst/inst/grp_node_0_0_Outline_VITIS_LOOP_223_27_fu_260/v1_din[25]_INST_0_i_5/O
                         net (fo=1, routed)           0.273     0.372    bd_0_i/hls_inst/inst/grp_node_0_0_Outline_VITIS_LOOP_223_27_fu_260/v1_din[25]_INST_0_i_5_n_0
    SLICE_X52Y143        LUT5 (Prop_G6LUT_SLICEL_I4_O)
                                                      0.035     0.407 f  bd_0_i/hls_inst/inst/grp_node_0_0_Outline_VITIS_LOOP_223_27_fu_260/v1_din[25]_INST_0_i_4/O
                         net (fo=1, routed)           0.292     0.699    bd_0_i/hls_inst/inst/grp_node_0_0_Outline_VITIS_LOOP_223_27_fu_260/v1_din[25]_INST_0_i_4_n_0
    SLICE_X52Y143        LUT6 (Prop_H6LUT_SLICEL_I5_O)
                                                      0.150     0.849 r  bd_0_i/hls_inst/inst/grp_node_0_0_Outline_VITIS_LOOP_223_27_fu_260/v1_din[25]_INST_0_i_1/O
                         net (fo=185, routed)         1.131     1.980    bd_0_i/hls_inst/inst/grp_node_0_0_Outline_VITIS_LOOP_223_27_fu_260/v5_full_n_0
    SLICE_X56Y111        LUT3 (Prop_H6LUT_SLICEM_I0_O)
                                                      0.053     2.033 r  bd_0_i/hls_inst/inst/grp_node_0_0_Outline_VITIS_LOOP_223_27_fu_260/v16_write_INST_0_i_2/O
                         net (fo=33, routed)          0.484     2.516    bd_0_i/hls_inst/inst/grp_node_0_0_Pipeline_l_S_t_1_t_fu_297/grp_node_0_0_Outline_VITIS_LOOP_223_27_fu_260_v16_write
    SLICE_X59Y141        LUT6 (Prop_G6LUT_SLICEL_I4_O)
                                                      0.149     2.665 r  bd_0_i/hls_inst/inst/grp_node_0_0_Pipeline_l_S_t_1_t_fu_297/v16_write_INST_0/O
                         net (fo=0)                   0.000     2.665    v10_wr_en
                                                                      r  v10_wr_en (OUT)
  -------------------------------------------------------------------    -------------------

Slack:                    inf
  Source:                 v6_full_n
                            (input port)
  Destination:            v11_wr_en
                            (output port)
  Path Group:             (none)
  Path Type:              Max at Slow Process Corner
  Data Path Delay:        2.665ns  (logic 0.486ns (18.235%)  route 2.179ns (81.765%))
  Logic Levels:           5  (LUT3=1 LUT4=1 LUT5=1 LUT6=2)

    Location             Delay type                Incr(ns)  Path(ns)    Netlist Resource(s)
  -------------------------------------------------------------------    -------------------
                                                      0.000     0.000 r  v6_full_n (IN)
                         net (fo=1, unset)            0.000     0.000    bd_0_i/hls_inst/inst/grp_node_0_0_Outline_VITIS_LOOP_223_27_fu_260/v6_full_n
    SLICE_X52Y143        LUT4 (Prop_E6LUT_SLICEL_I0_O)
                                                      0.099     0.099 f  bd_0_i/hls_inst/inst/grp_node_0_0_Outline_VITIS_LOOP_223_27_fu_260/v1_din[25]_INST_0_i_5/O
                         net (fo=1, routed)           0.273     0.372    bd_0_i/hls_inst/inst/grp_node_0_0_Outline_VITIS_LOOP_223_27_fu_260/v1_din[25]_INST_0_i_5_n_0
    SLICE_X52Y143        LUT5 (Prop_G6LUT_SLICEL_I4_O)
                                                      0.035     0.407 f  bd_0_i/hls_inst/inst/grp_node_0_0_Outline_VITIS_LOOP_223_27_fu_260/v1_din[25]_INST_0_i_4/O
                         net (fo=1, routed)           0.292     0.699    bd_0_i/hls_inst/inst/grp_node_0_0_Outline_VITIS_LOOP_223_27_fu_260/v1_din[25]_INST_0_i_4_n_0
    SLICE_X52Y143        LUT6 (Prop_H6LUT_SLICEL_I5_O)
                                                      0.150     0.849 r  bd_0_i/hls_inst/inst/grp_node_0_0_Outline_VITIS_LOOP_223_27_fu_260/v1_din[25]_INST_0_i_1/O
                         net (fo=185, routed)         1.131     1.980    bd_0_i/hls_inst/inst/grp_node_0_0_Outline_VITIS_LOOP_223_27_fu_260/v5_full_n_0
    SLICE_X56Y111        LUT3 (Prop_H6LUT_SLICEM_I0_O)
                                                      0.053     2.033 r  bd_0_i/hls_inst/inst/grp_node_0_0_Outline_VITIS_LOOP_223_27_fu_260/v16_write_INST_0_i_2/O
                         net (fo=33, routed)          0.484     2.516    bd_0_i/hls_inst/inst/grp_node_0_0_Pipeline_l_S_t_1_t_fu_297/grp_node_0_0_Outline_VITIS_LOOP_223_27_fu_260_v16_write
    SLICE_X59Y141        LUT6 (Prop_G6LUT_SLICEL_I4_O)
                                                      0.149     2.665 r  bd_0_i/hls_inst/inst/grp_node_0_0_Pipeline_l_S_t_1_t_fu_297/v16_write_INST_0/O
                         net (fo=0)                   0.000     2.665    v11_wr_en
                                                                      r  v11_wr_en (OUT)
  -------------------------------------------------------------------    -------------------

Slack:                    inf
  Source:                 v6_full_n
                            (input port)
  Destination:            v12_wr_en
                            (output port)
  Path Group:             (none)
  Path Type:              Max at Slow Process Corner
  Data Path Delay:        2.665ns  (logic 0.486ns (18.235%)  route 2.179ns (81.765%))
  Logic Levels:           5  (LUT3=1 LUT4=1 LUT5=1 LUT6=2)

    Location             Delay type                Incr(ns)  Path(ns)    Netlist Resource(s)
  -------------------------------------------------------------------    -------------------
                                                      0.000     0.000 r  v6_full_n (IN)
                         net (fo=1, unset)            0.000     0.000    bd_0_i/hls_inst/inst/grp_node_0_0_Outline_VITIS_LOOP_223_27_fu_260/v6_full_n
    SLICE_X52Y143        LUT4 (Prop_E6LUT_SLICEL_I0_O)
                                                      0.099     0.099 f  bd_0_i/hls_inst/inst/grp_node_0_0_Outline_VITIS_LOOP_223_27_fu_260/v1_din[25]_INST_0_i_5/O
                         net (fo=1, routed)           0.273     0.372    bd_0_i/hls_inst/inst/grp_node_0_0_Outline_VITIS_LOOP_223_27_fu_260/v1_din[25]_INST_0_i_5_n_0
    SLICE_X52Y143        LUT5 (Prop_G6LUT_SLICEL_I4_O)
                                                      0.035     0.407 f  bd_0_i/hls_inst/inst/grp_node_0_0_Outline_VITIS_LOOP_223_27_fu_260/v1_din[25]_INST_0_i_4/O
                         net (fo=1, routed)           0.292     0.699    bd_0_i/hls_inst/inst/grp_node_0_0_Outline_VITIS_LOOP_223_27_fu_260/v1_din[25]_INST_0_i_4_n_0
    SLICE_X52Y143        LUT6 (Prop_H6LUT_SLICEL_I5_O)
                                                      0.150     0.849 r  bd_0_i/hls_inst/inst/grp_node_0_0_Outline_VITIS_LOOP_223_27_fu_260/v1_din[25]_INST_0_i_1/O
                         net (fo=185, routed)         1.131     1.980    bd_0_i/hls_inst/inst/grp_node_0_0_Outline_VITIS_LOOP_223_27_fu_260/v5_full_n_0
    SLICE_X56Y111        LUT3 (Prop_H6LUT_SLICEM_I0_O)
                                                      0.053     2.033 r  bd_0_i/hls_inst/inst/grp_node_0_0_Outline_VITIS_LOOP_223_27_fu_260/v16_write_INST_0_i_2/O
                         net (fo=33, routed)          0.484     2.516    bd_0_i/hls_inst/inst/grp_node_0_0_Pipeline_l_S_t_1_t_fu_297/grp_node_0_0_Outline_VITIS_LOOP_223_27_fu_260_v16_write
    SLICE_X59Y141        LUT6 (Prop_G6LUT_SLICEL_I4_O)
                                                      0.149     2.665 r  bd_0_i/hls_inst/inst/grp_node_0_0_Pipeline_l_S_t_1_t_fu_297/v16_write_INST_0/O
                         net (fo=0)                   0.000     2.665    v12_wr_en
                                                                      r  v12_wr_en (OUT)
  -------------------------------------------------------------------    -------------------

Slack:                    inf
  Source:                 v6_full_n
                            (input port)
  Destination:            v13_wr_en
                            (output port)
  Path Group:             (none)
  Path Type:              Max at Slow Process Corner
  Data Path Delay:        2.665ns  (logic 0.486ns (18.235%)  route 2.179ns (81.765%))
  Logic Levels:           5  (LUT3=1 LUT4=1 LUT5=1 LUT6=2)

    Location             Delay type                Incr(ns)  Path(ns)    Netlist Resource(s)
  -------------------------------------------------------------------    -------------------
                                                      0.000     0.000 r  v6_full_n (IN)
                         net (fo=1, unset)            0.000     0.000    bd_0_i/hls_inst/inst/grp_node_0_0_Outline_VITIS_LOOP_223_27_fu_260/v6_full_n
    SLICE_X52Y143        LUT4 (Prop_E6LUT_SLICEL_I0_O)
                                                      0.099     0.099 f  bd_0_i/hls_inst/inst/grp_node_0_0_Outline_VITIS_LOOP_223_27_fu_260/v1_din[25]_INST_0_i_5/O
                         net (fo=1, routed)           0.273     0.372    bd_0_i/hls_inst/inst/grp_node_0_0_Outline_VITIS_LOOP_223_27_fu_260/v1_din[25]_INST_0_i_5_n_0
    SLICE_X52Y143        LUT5 (Prop_G6LUT_SLICEL_I4_O)
                                                      0.035     0.407 f  bd_0_i/hls_inst/inst/grp_node_0_0_Outline_VITIS_LOOP_223_27_fu_260/v1_din[25]_INST_0_i_4/O
                         net (fo=1, routed)           0.292     0.699    bd_0_i/hls_inst/inst/grp_node_0_0_Outline_VITIS_LOOP_223_27_fu_260/v1_din[25]_INST_0_i_4_n_0
    SLICE_X52Y143        LUT6 (Prop_H6LUT_SLICEL_I5_O)
                                                      0.150     0.849 r  bd_0_i/hls_inst/inst/grp_node_0_0_Outline_VITIS_LOOP_223_27_fu_260/v1_din[25]_INST_0_i_1/O
                         net (fo=185, routed)         1.131     1.980    bd_0_i/hls_inst/inst/grp_node_0_0_Outline_VITIS_LOOP_223_27_fu_260/v5_full_n_0
    SLICE_X56Y111        LUT3 (Prop_H6LUT_SLICEM_I0_O)
                                                      0.053     2.033 r  bd_0_i/hls_inst/inst/grp_node_0_0_Outline_VITIS_LOOP_223_27_fu_260/v16_write_INST_0_i_2/O
                         net (fo=33, routed)          0.484     2.516    bd_0_i/hls_inst/inst/grp_node_0_0_Pipeline_l_S_t_1_t_fu_297/grp_node_0_0_Outline_VITIS_LOOP_223_27_fu_260_v16_write
    SLICE_X59Y141        LUT6 (Prop_G6LUT_SLICEL_I4_O)
                                                      0.149     2.665 r  bd_0_i/hls_inst/inst/grp_node_0_0_Pipeline_l_S_t_1_t_fu_297/v16_write_INST_0/O
                         net (fo=0)                   0.000     2.665    v13_wr_en
                                                                      r  v13_wr_en (OUT)
  -------------------------------------------------------------------    -------------------

Slack:                    inf
  Source:                 v6_full_n
                            (input port)
  Destination:            v14_wr_en
                            (output port)
  Path Group:             (none)
  Path Type:              Max at Slow Process Corner
  Data Path Delay:        2.665ns  (logic 0.486ns (18.235%)  route 2.179ns (81.765%))
  Logic Levels:           5  (LUT3=1 LUT4=1 LUT5=1 LUT6=2)

    Location             Delay type                Incr(ns)  Path(ns)    Netlist Resource(s)
  -------------------------------------------------------------------    -------------------
                                                      0.000     0.000 r  v6_full_n (IN)
                         net (fo=1, unset)            0.000     0.000    bd_0_i/hls_inst/inst/grp_node_0_0_Outline_VITIS_LOOP_223_27_fu_260/v6_full_n
    SLICE_X52Y143        LUT4 (Prop_E6LUT_SLICEL_I0_O)
                                                      0.099     0.099 f  bd_0_i/hls_inst/inst/grp_node_0_0_Outline_VITIS_LOOP_223_27_fu_260/v1_din[25]_INST_0_i_5/O
                         net (fo=1, routed)           0.273     0.372    bd_0_i/hls_inst/inst/grp_node_0_0_Outline_VITIS_LOOP_223_27_fu_260/v1_din[25]_INST_0_i_5_n_0
    SLICE_X52Y143        LUT5 (Prop_G6LUT_SLICEL_I4_O)
                                                      0.035     0.407 f  bd_0_i/hls_inst/inst/grp_node_0_0_Outline_VITIS_LOOP_223_27_fu_260/v1_din[25]_INST_0_i_4/O
                         net (fo=1, routed)           0.292     0.699    bd_0_i/hls_inst/inst/grp_node_0_0_Outline_VITIS_LOOP_223_27_fu_260/v1_din[25]_INST_0_i_4_n_0
    SLICE_X52Y143        LUT6 (Prop_H6LUT_SLICEL_I5_O)
                                                      0.150     0.849 r  bd_0_i/hls_inst/inst/grp_node_0_0_Outline_VITIS_LOOP_223_27_fu_260/v1_din[25]_INST_0_i_1/O
                         net (fo=185, routed)         1.131     1.980    bd_0_i/hls_inst/inst/grp_node_0_0_Outline_VITIS_LOOP_223_27_fu_260/v5_full_n_0
    SLICE_X56Y111        LUT3 (Prop_H6LUT_SLICEM_I0_O)
                                                      0.053     2.033 r  bd_0_i/hls_inst/inst/grp_node_0_0_Outline_VITIS_LOOP_223_27_fu_260/v16_write_INST_0_i_2/O
                         net (fo=33, routed)          0.484     2.516    bd_0_i/hls_inst/inst/grp_node_0_0_Pipeline_l_S_t_1_t_fu_297/grp_node_0_0_Outline_VITIS_LOOP_223_27_fu_260_v16_write
    SLICE_X59Y141        LUT6 (Prop_G6LUT_SLICEL_I4_O)
                                                      0.149     2.665 r  bd_0_i/hls_inst/inst/grp_node_0_0_Pipeline_l_S_t_1_t_fu_297/v16_write_INST_0/O
                         net (fo=0)                   0.000     2.665    v14_wr_en
                                                                      r  v14_wr_en (OUT)
  -------------------------------------------------------------------    -------------------

Slack:                    inf
  Source:                 v6_full_n
                            (input port)
  Destination:            v15_wr_en
                            (output port)
  Path Group:             (none)
  Path Type:              Max at Slow Process Corner
  Data Path Delay:        2.665ns  (logic 0.486ns (18.235%)  route 2.179ns (81.765%))
  Logic Levels:           5  (LUT3=1 LUT4=1 LUT5=1 LUT6=2)

    Location             Delay type                Incr(ns)  Path(ns)    Netlist Resource(s)
  -------------------------------------------------------------------    -------------------
                                                      0.000     0.000 r  v6_full_n (IN)
                         net (fo=1, unset)            0.000     0.000    bd_0_i/hls_inst/inst/grp_node_0_0_Outline_VITIS_LOOP_223_27_fu_260/v6_full_n
    SLICE_X52Y143        LUT4 (Prop_E6LUT_SLICEL_I0_O)
                                                      0.099     0.099 f  bd_0_i/hls_inst/inst/grp_node_0_0_Outline_VITIS_LOOP_223_27_fu_260/v1_din[25]_INST_0_i_5/O
                         net (fo=1, routed)           0.273     0.372    bd_0_i/hls_inst/inst/grp_node_0_0_Outline_VITIS_LOOP_223_27_fu_260/v1_din[25]_INST_0_i_5_n_0
    SLICE_X52Y143        LUT5 (Prop_G6LUT_SLICEL_I4_O)
                                                      0.035     0.407 f  bd_0_i/hls_inst/inst/grp_node_0_0_Outline_VITIS_LOOP_223_27_fu_260/v1_din[25]_INST_0_i_4/O
                         net (fo=1, routed)           0.292     0.699    bd_0_i/hls_inst/inst/grp_node_0_0_Outline_VITIS_LOOP_223_27_fu_260/v1_din[25]_INST_0_i_4_n_0
    SLICE_X52Y143        LUT6 (Prop_H6LUT_SLICEL_I5_O)
                                                      0.150     0.849 r  bd_0_i/hls_inst/inst/grp_node_0_0_Outline_VITIS_LOOP_223_27_fu_260/v1_din[25]_INST_0_i_1/O
                         net (fo=185, routed)         1.131     1.980    bd_0_i/hls_inst/inst/grp_node_0_0_Outline_VITIS_LOOP_223_27_fu_260/v5_full_n_0
    SLICE_X56Y111        LUT3 (Prop_H6LUT_SLICEM_I0_O)
                                                      0.053     2.033 r  bd_0_i/hls_inst/inst/grp_node_0_0_Outline_VITIS_LOOP_223_27_fu_260/v16_write_INST_0_i_2/O
                         net (fo=33, routed)          0.484     2.516    bd_0_i/hls_inst/inst/grp_node_0_0_Pipeline_l_S_t_1_t_fu_297/grp_node_0_0_Outline_VITIS_LOOP_223_27_fu_260_v16_write
    SLICE_X59Y141        LUT6 (Prop_G6LUT_SLICEL_I4_O)
                                                      0.149     2.665 r  bd_0_i/hls_inst/inst/grp_node_0_0_Pipeline_l_S_t_1_t_fu_297/v16_write_INST_0/O
                         net (fo=0)                   0.000     2.665    v15_wr_en
                                                                      r  v15_wr_en (OUT)
  -------------------------------------------------------------------    -------------------

Slack:                    inf
  Source:                 v6_full_n
                            (input port)
  Destination:            v16_wr_en
                            (output port)
  Path Group:             (none)
  Path Type:              Max at Slow Process Corner
  Data Path Delay:        2.665ns  (logic 0.486ns (18.235%)  route 2.179ns (81.765%))
  Logic Levels:           5  (LUT3=1 LUT4=1 LUT5=1 LUT6=2)

    Location             Delay type                Incr(ns)  Path(ns)    Netlist Resource(s)
  -------------------------------------------------------------------    -------------------
                                                      0.000     0.000 r  v6_full_n (IN)
                         net (fo=1, unset)            0.000     0.000    bd_0_i/hls_inst/inst/grp_node_0_0_Outline_VITIS_LOOP_223_27_fu_260/v6_full_n
    SLICE_X52Y143        LUT4 (Prop_E6LUT_SLICEL_I0_O)
                                                      0.099     0.099 f  bd_0_i/hls_inst/inst/grp_node_0_0_Outline_VITIS_LOOP_223_27_fu_260/v1_din[25]_INST_0_i_5/O
                         net (fo=1, routed)           0.273     0.372    bd_0_i/hls_inst/inst/grp_node_0_0_Outline_VITIS_LOOP_223_27_fu_260/v1_din[25]_INST_0_i_5_n_0
    SLICE_X52Y143        LUT5 (Prop_G6LUT_SLICEL_I4_O)
                                                      0.035     0.407 f  bd_0_i/hls_inst/inst/grp_node_0_0_Outline_VITIS_LOOP_223_27_fu_260/v1_din[25]_INST_0_i_4/O
                         net (fo=1, routed)           0.292     0.699    bd_0_i/hls_inst/inst/grp_node_0_0_Outline_VITIS_LOOP_223_27_fu_260/v1_din[25]_INST_0_i_4_n_0
    SLICE_X52Y143        LUT6 (Prop_H6LUT_SLICEL_I5_O)
                                                      0.150     0.849 r  bd_0_i/hls_inst/inst/grp_node_0_0_Outline_VITIS_LOOP_223_27_fu_260/v1_din[25]_INST_0_i_1/O
                         net (fo=185, routed)         1.131     1.980    bd_0_i/hls_inst/inst/grp_node_0_0_Outline_VITIS_LOOP_223_27_fu_260/v5_full_n_0
    SLICE_X56Y111        LUT3 (Prop_H6LUT_SLICEM_I0_O)
                                                      0.053     2.033 r  bd_0_i/hls_inst/inst/grp_node_0_0_Outline_VITIS_LOOP_223_27_fu_260/v16_write_INST_0_i_2/O
                         net (fo=33, routed)          0.484     2.516    bd_0_i/hls_inst/inst/grp_node_0_0_Pipeline_l_S_t_1_t_fu_297/grp_node_0_0_Outline_VITIS_LOOP_223_27_fu_260_v16_write
    SLICE_X59Y141        LUT6 (Prop_G6LUT_SLICEL_I4_O)
                                                      0.149     2.665 r  bd_0_i/hls_inst/inst/grp_node_0_0_Pipeline_l_S_t_1_t_fu_297/v16_write_INST_0/O
                         net (fo=0)                   0.000     2.665    v16_wr_en
                                                                      r  v16_wr_en (OUT)
  -------------------------------------------------------------------    -------------------

Slack:                    inf
  Source:                 v6_full_n
                            (input port)
  Destination:            v1_wr_en
                            (output port)
  Path Group:             (none)
  Path Type:              Max at Slow Process Corner
  Data Path Delay:        2.665ns  (logic 0.486ns (18.235%)  route 2.179ns (81.765%))
  Logic Levels:           5  (LUT3=1 LUT4=1 LUT5=1 LUT6=2)

    Location             Delay type                Incr(ns)  Path(ns)    Netlist Resource(s)
  -------------------------------------------------------------------    -------------------
                                                      0.000     0.000 r  v6_full_n (IN)
                         net (fo=1, unset)            0.000     0.000    bd_0_i/hls_inst/inst/grp_node_0_0_Outline_VITIS_LOOP_223_27_fu_260/v6_full_n
    SLICE_X52Y143        LUT4 (Prop_E6LUT_SLICEL_I0_O)
                                                      0.099     0.099 f  bd_0_i/hls_inst/inst/grp_node_0_0_Outline_VITIS_LOOP_223_27_fu_260/v1_din[25]_INST_0_i_5/O
                         net (fo=1, routed)           0.273     0.372    bd_0_i/hls_inst/inst/grp_node_0_0_Outline_VITIS_LOOP_223_27_fu_260/v1_din[25]_INST_0_i_5_n_0
    SLICE_X52Y143        LUT5 (Prop_G6LUT_SLICEL_I4_O)
                                                      0.035     0.407 f  bd_0_i/hls_inst/inst/grp_node_0_0_Outline_VITIS_LOOP_223_27_fu_260/v1_din[25]_INST_0_i_4/O
                         net (fo=1, routed)           0.292     0.699    bd_0_i/hls_inst/inst/grp_node_0_0_Outline_VITIS_LOOP_223_27_fu_260/v1_din[25]_INST_0_i_4_n_0
    SLICE_X52Y143        LUT6 (Prop_H6LUT_SLICEL_I5_O)
                                                      0.150     0.849 r  bd_0_i/hls_inst/inst/grp_node_0_0_Outline_VITIS_LOOP_223_27_fu_260/v1_din[25]_INST_0_i_1/O
                         net (fo=185, routed)         1.131     1.980    bd_0_i/hls_inst/inst/grp_node_0_0_Outline_VITIS_LOOP_223_27_fu_260/v5_full_n_0
    SLICE_X56Y111        LUT3 (Prop_H6LUT_SLICEM_I0_O)
                                                      0.053     2.033 r  bd_0_i/hls_inst/inst/grp_node_0_0_Outline_VITIS_LOOP_223_27_fu_260/v16_write_INST_0_i_2/O
                         net (fo=33, routed)          0.484     2.516    bd_0_i/hls_inst/inst/grp_node_0_0_Pipeline_l_S_t_1_t_fu_297/grp_node_0_0_Outline_VITIS_LOOP_223_27_fu_260_v16_write
    SLICE_X59Y141        LUT6 (Prop_G6LUT_SLICEL_I4_O)
                                                      0.149     2.665 r  bd_0_i/hls_inst/inst/grp_node_0_0_Pipeline_l_S_t_1_t_fu_297/v16_write_INST_0/O
                         net (fo=0)                   0.000     2.665    v1_wr_en
                                                                      r  v1_wr_en (OUT)
  -------------------------------------------------------------------    -------------------





Min Delay Paths
--------------------------------------------------------------------------------------
Slack:                    inf
  Source:                 v29_empty_n
                            (input port)
  Destination:            v29_rd_en
                            (output port)
  Path Group:             (none)
  Path Type:              Min at Fast Process Corner
  Data Path Delay:        0.014ns  (logic 0.014ns (100.000%)  route 0.000ns (0.000%))
  Logic Levels:           1  (LUT5=1)

    Location             Delay type                Incr(ns)  Path(ns)    Netlist Resource(s)
  -------------------------------------------------------------------    -------------------
                                                      0.000     0.000 r  v29_empty_n (IN)
                         net (fo=3, unset)            0.000     0.000    bd_0_i/hls_inst/inst/grp_node_0_0_Pipeline_l_S_t_1_t_fu_297/v29_empty_n
    SLICE_X60Y117        LUT5 (Prop_F6LUT_SLICEL_I4_O)
                                                      0.014     0.014 r  bd_0_i/hls_inst/inst/grp_node_0_0_Pipeline_l_S_t_1_t_fu_297/v29_read_INST_0/O
                         net (fo=25, unset)           0.000     0.014    v29_rd_en
                                                                      r  v29_rd_en (OUT)
  -------------------------------------------------------------------    -------------------

Slack:                    inf
  Source:                 v32_empty_n
                            (input port)
  Destination:            v32_rd_en
                            (output port)
  Path Group:             (none)
  Path Type:              Min at Fast Process Corner
  Data Path Delay:        0.014ns  (logic 0.014ns (100.000%)  route 0.000ns (0.000%))
  Logic Levels:           1  (LUT5=1)

    Location             Delay type                Incr(ns)  Path(ns)    Netlist Resource(s)
  -------------------------------------------------------------------    -------------------
                                                      0.000     0.000 r  v32_empty_n (IN)
                         net (fo=3, unset)            0.000     0.000    bd_0_i/hls_inst/inst/grp_node_0_0_Pipeline_l_S_t_1_t_fu_297/v32_empty_n
    SLICE_X60Y117        LUT5 (Prop_E6LUT_SLICEL_I4_O)
                                                      0.014     0.014 r  bd_0_i/hls_inst/inst/grp_node_0_0_Pipeline_l_S_t_1_t_fu_297/v32_read_INST_0/O
                         net (fo=25, unset)           0.000     0.014    v32_rd_en
                                                                      r  v32_rd_en (OUT)
  -------------------------------------------------------------------    -------------------

Slack:                    inf
  Source:                 v30_empty_n
                            (input port)
  Destination:            v30_rd_en
                            (output port)
  Path Group:             (none)
  Path Type:              Min at Fast Process Corner
  Data Path Delay:        0.015ns  (logic 0.015ns (100.000%)  route 0.000ns (0.000%))
  Logic Levels:           1  (LUT5=1)

    Location             Delay type                Incr(ns)  Path(ns)    Netlist Resource(s)
  -------------------------------------------------------------------    -------------------
                                                      0.000     0.000 r  v30_empty_n (IN)
                         net (fo=3, unset)            0.000     0.000    bd_0_i/hls_inst/inst/grp_node_0_0_Pipeline_l_S_t_1_t_fu_297/v30_empty_n
    SLICE_X61Y116        LUT5 (Prop_H6LUT_SLICEM_I4_O)
                                                      0.015     0.015 r  bd_0_i/hls_inst/inst/grp_node_0_0_Pipeline_l_S_t_1_t_fu_297/v30_read_INST_0/O
                         net (fo=25, unset)           0.000     0.015    v30_rd_en
                                                                      r  v30_rd_en (OUT)
  -------------------------------------------------------------------    -------------------

Slack:                    inf
  Source:                 v31_empty_n
                            (input port)
  Destination:            v31_rd_en
                            (output port)
  Path Group:             (none)
  Path Type:              Min at Fast Process Corner
  Data Path Delay:        0.015ns  (logic 0.015ns (100.000%)  route 0.000ns (0.000%))
  Logic Levels:           1  (LUT5=1)

    Location             Delay type                Incr(ns)  Path(ns)    Netlist Resource(s)
  -------------------------------------------------------------------    -------------------
                                                      0.000     0.000 r  v31_empty_n (IN)
                         net (fo=5, unset)            0.000     0.000    bd_0_i/hls_inst/inst/grp_node_0_0_Pipeline_l_S_t_1_t_fu_297/v31_empty_n
    SLICE_X61Y131        LUT5 (Prop_H6LUT_SLICEM_I4_O)
                                                      0.015     0.015 r  bd_0_i/hls_inst/inst/grp_node_0_0_Pipeline_l_S_t_1_t_fu_297/v31_read_INST_0/O
                         net (fo=25, unset)           0.000     0.015    v31_rd_en
                                                                      r  v31_rd_en (OUT)
  -------------------------------------------------------------------    -------------------

Slack:                    inf
  Source:                 ap_ctrl_start
                            (input port)
  Destination:            ap_ctrl_idle
                            (output port)
  Path Group:             (none)
  Path Type:              Min at Fast Process Corner
  Data Path Delay:        0.022ns  (logic 0.022ns (100.000%)  route 0.000ns (0.000%))
  Logic Levels:           1  (LUT2=1)

    Location             Delay type                Incr(ns)  Path(ns)    Netlist Resource(s)
  -------------------------------------------------------------------    -------------------
                                                      0.000     0.000 f  ap_ctrl_start (IN)
                         net (fo=4, unset)            0.000     0.000    bd_0_i/hls_inst/inst/ap_start
    SLICE_X58Y107        LUT2 (Prop_E6LUT_SLICEL_I1_O)
                                                      0.022     0.022 r  bd_0_i/hls_inst/inst/ap_idle_INST_0/O
                         net (fo=0)                   0.000     0.022    ap_ctrl_idle
                                                                      r  ap_ctrl_idle (OUT)
  -------------------------------------------------------------------    -------------------

Slack:                    inf
  Source:                 v3_full_n
                            (input port)
  Destination:            v3_wr_en
                            (output port)
  Path Group:             (none)
  Path Type:              Min at Fast Process Corner
  Data Path Delay:        0.035ns  (logic 0.035ns (100.000%)  route 0.000ns (0.000%))
  Logic Levels:           1  (LUT6=1)

    Location             Delay type                Incr(ns)  Path(ns)    Netlist Resource(s)
  -------------------------------------------------------------------    -------------------
                                                      0.000     0.000 r  v3_full_n (IN)
                         net (fo=3, unset)            0.000     0.000    bd_0_i/hls_inst/inst/grp_node_0_0_Pipeline_l_S_t_1_t_fu_297/v3_full_n
    SLICE_X61Y147        LUT6 (Prop_C6LUT_SLICEM_I3_O)
                                                      0.035     0.035 r  bd_0_i/hls_inst/inst/grp_node_0_0_Pipeline_l_S_t_1_t_fu_297/v3_write_INST_0/O
                         net (fo=0)                   0.000     0.035    v3_wr_en
                                                                      r  v3_wr_en (OUT)
  -------------------------------------------------------------------    -------------------

Slack:                    inf
  Source:                 v4_full_n
                            (input port)
  Destination:            v4_wr_en
                            (output port)
  Path Group:             (none)
  Path Type:              Min at Fast Process Corner
  Data Path Delay:        0.035ns  (logic 0.035ns (100.000%)  route 0.000ns (0.000%))
  Logic Levels:           1  (LUT6=1)

    Location             Delay type                Incr(ns)  Path(ns)    Netlist Resource(s)
  -------------------------------------------------------------------    -------------------
                                                      0.000     0.000 r  v4_full_n (IN)
                         net (fo=3, unset)            0.000     0.000    bd_0_i/hls_inst/inst/grp_node_0_0_Pipeline_l_S_t_1_t_fu_297/v4_full_n
    SLICE_X61Y147        LUT6 (Prop_B6LUT_SLICEM_I3_O)
                                                      0.035     0.035 r  bd_0_i/hls_inst/inst/grp_node_0_0_Pipeline_l_S_t_1_t_fu_297/v4_write_INST_0/O
                         net (fo=0)                   0.000     0.035    v4_wr_en
                                                                      r  v4_wr_en (OUT)
  -------------------------------------------------------------------    -------------------

Slack:                    inf
  Source:                 v18_empty_n
                            (input port)
  Destination:            v18_rd_en
                            (output port)
  Path Group:             (none)
  Path Type:              Min at Fast Process Corner
  Data Path Delay:        0.053ns  (logic 0.039ns (73.585%)  route 0.014ns (26.415%))
  Logic Levels:           1  (LUT5=1)

    Location             Delay type                Incr(ns)  Path(ns)    Netlist Resource(s)
  -------------------------------------------------------------------    -------------------
                                                      0.000     0.000 r  v18_empty_n (IN)
                         net (fo=3, unset)            0.000     0.000    bd_0_i/hls_inst/inst/grp_node_0_0_Pipeline_l_S_t_1_t_fu_297/v18_empty_n
    SLICE_X55Y136        LUT5 (Prop_D5LUT_SLICEL_I0_O)
                                                      0.039     0.039 r  bd_0_i/hls_inst/inst/grp_node_0_0_Pipeline_l_S_t_1_t_fu_297/v18_read_INST_0/O
                         net (fo=0)                   0.014     0.053    v18_rd_en
                                                                      r  v18_rd_en (OUT)
  -------------------------------------------------------------------    -------------------

Slack:                    inf
  Source:                 v20_empty_n
                            (input port)
  Destination:            v20_rd_en
                            (output port)
  Path Group:             (none)
  Path Type:              Min at Fast Process Corner
  Data Path Delay:        0.053ns  (logic 0.038ns (71.698%)  route 0.015ns (28.302%))
  Logic Levels:           1  (LUT5=1)

    Location             Delay type                Incr(ns)  Path(ns)    Netlist Resource(s)
  -------------------------------------------------------------------    -------------------
                                                      0.000     0.000 r  v20_empty_n (IN)
                         net (fo=3, unset)            0.000     0.000    bd_0_i/hls_inst/inst/grp_node_0_0_Pipeline_l_S_t_1_t_fu_297/v20_empty_n
    SLICE_X55Y136        LUT5 (Prop_C5LUT_SLICEL_I2_O)
                                                      0.038     0.038 r  bd_0_i/hls_inst/inst/grp_node_0_0_Pipeline_l_S_t_1_t_fu_297/v20_read_INST_0/O
                         net (fo=0)                   0.015     0.053    v20_rd_en
                                                                      r  v20_rd_en (OUT)
  -------------------------------------------------------------------    -------------------

Slack:                    inf
  Source:                 v26_empty_n
                            (input port)
  Destination:            v26_rd_en
                            (output port)
  Path Group:             (none)
  Path Type:              Min at Fast Process Corner
  Data Path Delay:        0.058ns  (logic 0.041ns (70.690%)  route 0.017ns (29.310%))
  Logic Levels:           1  (LUT5=1)

    Location             Delay type                Incr(ns)  Path(ns)    Netlist Resource(s)
  -------------------------------------------------------------------    -------------------
                                                      0.000     0.000 r  v26_empty_n (IN)
                         net (fo=3, unset)            0.000     0.000    bd_0_i/hls_inst/inst/grp_node_0_0_Pipeline_l_S_t_1_t_fu_297/v26_empty_n
    SLICE_X53Y113        LUT5 (Prop_C5LUT_SLICEM_I3_O)
                                                      0.041     0.041 r  bd_0_i/hls_inst/inst/grp_node_0_0_Pipeline_l_S_t_1_t_fu_297/v26_read_INST_0/O
                         net (fo=0)                   0.017     0.058    v26_rd_en
                                                                      r  v26_rd_en (OUT)
  -------------------------------------------------------------------    -------------------





--------------------------------------------------------------------------------------
Path Group:  (none)
From Clock:  ap_clk
  To Clock:  

Max Delay           223 Endpoints
Min Delay           223 Endpoints
--------------------------------------------------------------------------------------


Max Delay Paths
--------------------------------------------------------------------------------------
Slack:                    inf
  Source:                 bd_0_i/hls_inst/inst/ap_CS_fsm_reg[4]/C
                            (rising edge-triggered cell FDRE clocked by ap_clk  {rise@0.000ns fall@1.665ns period=3.330ns})
  Destination:            v2_wr_data[1]
                            (output port)
  Path Group:             (none)
  Path Type:              Max at Slow Process Corner
  Data Path Delay:        2.594ns  (logic 0.334ns (12.877%)  route 2.260ns (87.123%))
  Logic Levels:           2  (LUT2=1 LUT4=1)
  Clock Uncertainty:      0.025ns  ((TSJ^2 + TIJ^2)^1/2 + DJ) / 2 + PE
    Total System Jitter     (TSJ):    0.050ns
    Total Input Jitter      (TIJ):    0.000ns
    Discrete Jitter          (DJ):    0.000ns
    Phase Error              (PE):    0.000ns

    Location             Delay type                Incr(ns)  Path(ns)    Netlist Resource(s)
  -------------------------------------------------------------------    -------------------
                         (clock ap_clk rise edge)     0.000     0.000 r  
                                                      0.000     0.000 r  ap_clk (IN)
                         net (fo=2591, unset)         0.028     0.028    bd_0_i/hls_inst/inst/ap_clk
    SLICE_X59Y141        FDRE                                         r  bd_0_i/hls_inst/inst/ap_CS_fsm_reg[4]/C
  -------------------------------------------------------------------    -------------------
    SLICE_X59Y141        FDRE (Prop_CFF_SLICEL_C_Q)
                                                      0.079     0.107 r  bd_0_i/hls_inst/inst/ap_CS_fsm_reg[4]/Q
                         net (fo=7, routed)           0.287     0.394    bd_0_i/hls_inst/inst/grp_node_0_0_Pipeline_l_S_t_1_t_fu_297/Q[4]
    SLICE_X56Y137        LUT2 (Prop_C6LUT_SLICEM_I1_O)
                                                      0.088     0.482 f  bd_0_i/hls_inst/inst/grp_node_0_0_Pipeline_l_S_t_1_t_fu_297/v1_din[25]_INST_0_i_2/O
                         net (fo=182, routed)         1.941     2.424    bd_0_i/hls_inst/inst/grp_node_0_0_Pipeline_l_S_t_1_t_fu_297/ap_CS_fsm_reg[1]_0
    SLICE_X53Y148        LUT4 (Prop_B5LUT_SLICEM_I3_O)
                                                      0.167     2.591 r  bd_0_i/hls_inst/inst/grp_node_0_0_Pipeline_l_S_t_1_t_fu_297/v2_din[1]_INST_0/O
                         net (fo=0)                   0.031     2.622    v2_wr_data[1]
                                                                      r  v2_wr_data[1] (OUT)
  -------------------------------------------------------------------    -------------------

Slack:                    inf
  Source:                 bd_0_i/hls_inst/inst/ap_CS_fsm_reg[4]/C
                            (rising edge-triggered cell FDRE clocked by ap_clk  {rise@0.000ns fall@1.665ns period=3.330ns})
  Destination:            v2_wr_data[0]
                            (output port)
  Path Group:             (none)
  Path Type:              Max at Slow Process Corner
  Data Path Delay:        2.545ns  (logic 0.316ns (12.417%)  route 2.229ns (87.583%))
  Logic Levels:           2  (LUT2=1 LUT4=1)
  Clock Uncertainty:      0.025ns  ((TSJ^2 + TIJ^2)^1/2 + DJ) / 2 + PE
    Total System Jitter     (TSJ):    0.050ns
    Total Input Jitter      (TIJ):    0.000ns
    Discrete Jitter          (DJ):    0.000ns
    Phase Error              (PE):    0.000ns

    Location             Delay type                Incr(ns)  Path(ns)    Netlist Resource(s)
  -------------------------------------------------------------------    -------------------
                         (clock ap_clk rise edge)     0.000     0.000 r  
                                                      0.000     0.000 r  ap_clk (IN)
                         net (fo=2591, unset)         0.028     0.028    bd_0_i/hls_inst/inst/ap_clk
    SLICE_X59Y141        FDRE                                         r  bd_0_i/hls_inst/inst/ap_CS_fsm_reg[4]/C
  -------------------------------------------------------------------    -------------------
    SLICE_X59Y141        FDRE (Prop_CFF_SLICEL_C_Q)
                                                      0.079     0.107 r  bd_0_i/hls_inst/inst/ap_CS_fsm_reg[4]/Q
                         net (fo=7, routed)           0.287     0.394    bd_0_i/hls_inst/inst/grp_node_0_0_Pipeline_l_S_t_1_t_fu_297/Q[4]
    SLICE_X56Y137        LUT2 (Prop_C6LUT_SLICEM_I1_O)
                                                      0.088     0.482 f  bd_0_i/hls_inst/inst/grp_node_0_0_Pipeline_l_S_t_1_t_fu_297/v1_din[25]_INST_0_i_2/O
                         net (fo=182, routed)         1.941     2.424    bd_0_i/hls_inst/inst/grp_node_0_0_Pipeline_l_S_t_1_t_fu_297/ap_CS_fsm_reg[1]_0
    SLICE_X53Y148        LUT4 (Prop_B6LUT_SLICEM_I3_O)
                                                      0.149     2.573 r  bd_0_i/hls_inst/inst/grp_node_0_0_Pipeline_l_S_t_1_t_fu_297/v2_din[0]_INST_0/O
                         net (fo=0)                   0.000     2.573    v2_wr_data[0]
                                                                      r  v2_wr_data[0] (OUT)
  -------------------------------------------------------------------    -------------------

Slack:                    inf
  Source:                 bd_0_i/hls_inst/inst/ap_CS_fsm_reg[4]/C
                            (rising edge-triggered cell FDRE clocked by ap_clk  {rise@0.000ns fall@1.665ns period=3.330ns})
  Destination:            v2_wr_data[3]
                            (output port)
  Path Group:             (none)
  Path Type:              Max at Slow Process Corner
  Data Path Delay:        2.531ns  (logic 0.332ns (13.118%)  route 2.199ns (86.882%))
  Logic Levels:           2  (LUT2=1 LUT4=1)
  Clock Uncertainty:      0.025ns  ((TSJ^2 + TIJ^2)^1/2 + DJ) / 2 + PE
    Total System Jitter     (TSJ):    0.050ns
    Total Input Jitter      (TIJ):    0.000ns
    Discrete Jitter          (DJ):    0.000ns
    Phase Error              (PE):    0.000ns

    Location             Delay type                Incr(ns)  Path(ns)    Netlist Resource(s)
  -------------------------------------------------------------------    -------------------
                         (clock ap_clk rise edge)     0.000     0.000 r  
                                                      0.000     0.000 r  ap_clk (IN)
                         net (fo=2591, unset)         0.028     0.028    bd_0_i/hls_inst/inst/ap_clk
    SLICE_X59Y141        FDRE                                         r  bd_0_i/hls_inst/inst/ap_CS_fsm_reg[4]/C
  -------------------------------------------------------------------    -------------------
    SLICE_X59Y141        FDRE (Prop_CFF_SLICEL_C_Q)
                                                      0.079     0.107 r  bd_0_i/hls_inst/inst/ap_CS_fsm_reg[4]/Q
                         net (fo=7, routed)           0.287     0.394    bd_0_i/hls_inst/inst/grp_node_0_0_Pipeline_l_S_t_1_t_fu_297/Q[4]
    SLICE_X56Y137        LUT2 (Prop_C6LUT_SLICEM_I1_O)
                                                      0.088     0.482 f  bd_0_i/hls_inst/inst/grp_node_0_0_Pipeline_l_S_t_1_t_fu_297/v1_din[25]_INST_0_i_2/O
                         net (fo=182, routed)         1.887     2.370    bd_0_i/hls_inst/inst/grp_node_0_0_Pipeline_l_S_t_1_t_fu_297/ap_CS_fsm_reg[1]_0
    SLICE_X52Y148        LUT4 (Prop_B5LUT_SLICEL_I3_O)
                                                      0.165     2.535 r  bd_0_i/hls_inst/inst/grp_node_0_0_Pipeline_l_S_t_1_t_fu_297/v2_din[3]_INST_0/O
                         net (fo=0)                   0.024     2.559    v2_wr_data[3]
                                                                      r  v2_wr_data[3] (OUT)
  -------------------------------------------------------------------    -------------------

Slack:                    inf
  Source:                 bd_0_i/hls_inst/inst/ap_CS_fsm_reg[4]/C
                            (rising edge-triggered cell FDRE clocked by ap_clk  {rise@0.000ns fall@1.665ns period=3.330ns})
  Destination:            v2_wr_data[2]
                            (output port)
  Path Group:             (none)
  Path Type:              Max at Slow Process Corner
  Data Path Delay:        2.490ns  (logic 0.315ns (12.652%)  route 2.175ns (87.348%))
  Logic Levels:           2  (LUT2=1 LUT4=1)
  Clock Uncertainty:      0.025ns  ((TSJ^2 + TIJ^2)^1/2 + DJ) / 2 + PE
    Total System Jitter     (TSJ):    0.050ns
    Total Input Jitter      (TIJ):    0.000ns
    Discrete Jitter          (DJ):    0.000ns
    Phase Error              (PE):    0.000ns

    Location             Delay type                Incr(ns)  Path(ns)    Netlist Resource(s)
  -------------------------------------------------------------------    -------------------
                         (clock ap_clk rise edge)     0.000     0.000 r  
                                                      0.000     0.000 r  ap_clk (IN)
                         net (fo=2591, unset)         0.028     0.028    bd_0_i/hls_inst/inst/ap_clk
    SLICE_X59Y141        FDRE                                         r  bd_0_i/hls_inst/inst/ap_CS_fsm_reg[4]/C
  -------------------------------------------------------------------    -------------------
    SLICE_X59Y141        FDRE (Prop_CFF_SLICEL_C_Q)
                                                      0.079     0.107 r  bd_0_i/hls_inst/inst/ap_CS_fsm_reg[4]/Q
                         net (fo=7, routed)           0.287     0.394    bd_0_i/hls_inst/inst/grp_node_0_0_Pipeline_l_S_t_1_t_fu_297/Q[4]
    SLICE_X56Y137        LUT2 (Prop_C6LUT_SLICEM_I1_O)
                                                      0.088     0.482 f  bd_0_i/hls_inst/inst/grp_node_0_0_Pipeline_l_S_t_1_t_fu_297/v1_din[25]_INST_0_i_2/O
                         net (fo=182, routed)         1.887     2.370    bd_0_i/hls_inst/inst/grp_node_0_0_Pipeline_l_S_t_1_t_fu_297/ap_CS_fsm_reg[1]_0
    SLICE_X52Y148        LUT4 (Prop_B6LUT_SLICEL_I3_O)
                                                      0.148     2.518 r  bd_0_i/hls_inst/inst/grp_node_0_0_Pipeline_l_S_t_1_t_fu_297/v2_din[2]_INST_0/O
                         net (fo=0)                   0.000     2.518    v2_wr_data[2]
                                                                      r  v2_wr_data[2] (OUT)
  -------------------------------------------------------------------    -------------------

Slack:                    inf
  Source:                 bd_0_i/hls_inst/inst/ap_CS_fsm_reg[4]/C
                            (rising edge-triggered cell FDRE clocked by ap_clk  {rise@0.000ns fall@1.665ns period=3.330ns})
  Destination:            v4_wr_data[21]
                            (output port)
  Path Group:             (none)
  Path Type:              Max at Slow Process Corner
  Data Path Delay:        2.449ns  (logic 0.332ns (13.555%)  route 2.117ns (86.445%))
  Logic Levels:           2  (LUT2=1 LUT4=1)
  Clock Uncertainty:      0.025ns  ((TSJ^2 + TIJ^2)^1/2 + DJ) / 2 + PE
    Total System Jitter     (TSJ):    0.050ns
    Total Input Jitter      (TIJ):    0.000ns
    Discrete Jitter          (DJ):    0.000ns
    Phase Error              (PE):    0.000ns

    Location             Delay type                Incr(ns)  Path(ns)    Netlist Resource(s)
  -------------------------------------------------------------------    -------------------
                         (clock ap_clk rise edge)     0.000     0.000 r  
                                                      0.000     0.000 r  ap_clk (IN)
                         net (fo=2591, unset)         0.028     0.028    bd_0_i/hls_inst/inst/ap_clk
    SLICE_X59Y141        FDRE                                         r  bd_0_i/hls_inst/inst/ap_CS_fsm_reg[4]/C
  -------------------------------------------------------------------    -------------------
    SLICE_X59Y141        FDRE (Prop_CFF_SLICEL_C_Q)
                                                      0.079     0.107 r  bd_0_i/hls_inst/inst/ap_CS_fsm_reg[4]/Q
                         net (fo=7, routed)           0.287     0.394    bd_0_i/hls_inst/inst/grp_node_0_0_Pipeline_l_S_t_1_t_fu_297/Q[4]
    SLICE_X56Y137        LUT2 (Prop_C6LUT_SLICEM_I1_O)
                                                      0.088     0.482 f  bd_0_i/hls_inst/inst/grp_node_0_0_Pipeline_l_S_t_1_t_fu_297/v1_din[25]_INST_0_i_2/O
                         net (fo=182, routed)         1.806     2.288    bd_0_i/hls_inst/inst/grp_node_0_0_Pipeline_l_S_t_1_t_fu_297/ap_CS_fsm_reg[1]_0
    SLICE_X51Y149        LUT4 (Prop_B5LUT_SLICEL_I3_O)
                                                      0.165     2.453 r  bd_0_i/hls_inst/inst/grp_node_0_0_Pipeline_l_S_t_1_t_fu_297/v4_din[21]_INST_0/O
                         net (fo=0)                   0.024     2.477    v4_wr_data[21]
                                                                      r  v4_wr_data[21] (OUT)
  -------------------------------------------------------------------    -------------------

Slack:                    inf
  Source:                 bd_0_i/hls_inst/inst/ap_CS_fsm_reg[4]/C
                            (rising edge-triggered cell FDRE clocked by ap_clk  {rise@0.000ns fall@1.665ns period=3.330ns})
  Destination:            v4_wr_data[3]
                            (output port)
  Path Group:             (none)
  Path Type:              Max at Slow Process Corner
  Data Path Delay:        2.429ns  (logic 0.332ns (13.669%)  route 2.097ns (86.331%))
  Logic Levels:           2  (LUT2=1 LUT4=1)
  Clock Uncertainty:      0.025ns  ((TSJ^2 + TIJ^2)^1/2 + DJ) / 2 + PE
    Total System Jitter     (TSJ):    0.050ns
    Total Input Jitter      (TIJ):    0.000ns
    Discrete Jitter          (DJ):    0.000ns
    Phase Error              (PE):    0.000ns

    Location             Delay type                Incr(ns)  Path(ns)    Netlist Resource(s)
  -------------------------------------------------------------------    -------------------
                         (clock ap_clk rise edge)     0.000     0.000 r  
                                                      0.000     0.000 r  ap_clk (IN)
                         net (fo=2591, unset)         0.028     0.028    bd_0_i/hls_inst/inst/ap_clk
    SLICE_X59Y141        FDRE                                         r  bd_0_i/hls_inst/inst/ap_CS_fsm_reg[4]/C
  -------------------------------------------------------------------    -------------------
    SLICE_X59Y141        FDRE (Prop_CFF_SLICEL_C_Q)
                                                      0.079     0.107 r  bd_0_i/hls_inst/inst/ap_CS_fsm_reg[4]/Q
                         net (fo=7, routed)           0.287     0.394    bd_0_i/hls_inst/inst/grp_node_0_0_Pipeline_l_S_t_1_t_fu_297/Q[4]
    SLICE_X56Y137        LUT2 (Prop_C6LUT_SLICEM_I1_O)
                                                      0.088     0.482 f  bd_0_i/hls_inst/inst/grp_node_0_0_Pipeline_l_S_t_1_t_fu_297/v1_din[25]_INST_0_i_2/O
                         net (fo=182, routed)         1.786     2.268    bd_0_i/hls_inst/inst/grp_node_0_0_Pipeline_l_S_t_1_t_fu_297/ap_CS_fsm_reg[1]_0
    SLICE_X51Y148        LUT4 (Prop_B5LUT_SLICEL_I3_O)
                                                      0.165     2.433 r  bd_0_i/hls_inst/inst/grp_node_0_0_Pipeline_l_S_t_1_t_fu_297/v4_din[3]_INST_0/O
                         net (fo=0)                   0.024     2.457    v4_wr_data[3]
                                                                      r  v4_wr_data[3] (OUT)
  -------------------------------------------------------------------    -------------------

Slack:                    inf
  Source:                 bd_0_i/hls_inst/inst/ap_CS_fsm_reg[4]/C
                            (rising edge-triggered cell FDRE clocked by ap_clk  {rise@0.000ns fall@1.665ns period=3.330ns})
  Destination:            v4_wr_data[20]
                            (output port)
  Path Group:             (none)
  Path Type:              Max at Slow Process Corner
  Data Path Delay:        2.408ns  (logic 0.315ns (13.080%)  route 2.093ns (86.920%))
  Logic Levels:           2  (LUT2=1 LUT4=1)
  Clock Uncertainty:      0.025ns  ((TSJ^2 + TIJ^2)^1/2 + DJ) / 2 + PE
    Total System Jitter     (TSJ):    0.050ns
    Total Input Jitter      (TIJ):    0.000ns
    Discrete Jitter          (DJ):    0.000ns
    Phase Error              (PE):    0.000ns

    Location             Delay type                Incr(ns)  Path(ns)    Netlist Resource(s)
  -------------------------------------------------------------------    -------------------
                         (clock ap_clk rise edge)     0.000     0.000 r  
                                                      0.000     0.000 r  ap_clk (IN)
                         net (fo=2591, unset)         0.028     0.028    bd_0_i/hls_inst/inst/ap_clk
    SLICE_X59Y141        FDRE                                         r  bd_0_i/hls_inst/inst/ap_CS_fsm_reg[4]/C
  -------------------------------------------------------------------    -------------------
    SLICE_X59Y141        FDRE (Prop_CFF_SLICEL_C_Q)
                                                      0.079     0.107 r  bd_0_i/hls_inst/inst/ap_CS_fsm_reg[4]/Q
                         net (fo=7, routed)           0.287     0.394    bd_0_i/hls_inst/inst/grp_node_0_0_Pipeline_l_S_t_1_t_fu_297/Q[4]
    SLICE_X56Y137        LUT2 (Prop_C6LUT_SLICEM_I1_O)
                                                      0.088     0.482 f  bd_0_i/hls_inst/inst/grp_node_0_0_Pipeline_l_S_t_1_t_fu_297/v1_din[25]_INST_0_i_2/O
                         net (fo=182, routed)         1.806     2.288    bd_0_i/hls_inst/inst/grp_node_0_0_Pipeline_l_S_t_1_t_fu_297/ap_CS_fsm_reg[1]_0
    SLICE_X51Y149        LUT4 (Prop_B6LUT_SLICEL_I3_O)
                                                      0.148     2.436 r  bd_0_i/hls_inst/inst/grp_node_0_0_Pipeline_l_S_t_1_t_fu_297/v4_din[20]_INST_0/O
                         net (fo=0)                   0.000     2.436    v4_wr_data[20]
                                                                      r  v4_wr_data[20] (OUT)
  -------------------------------------------------------------------    -------------------

Slack:                    inf
  Source:                 bd_0_i/hls_inst/inst/ap_CS_fsm_reg[4]/C
                            (rising edge-triggered cell FDRE clocked by ap_clk  {rise@0.000ns fall@1.665ns period=3.330ns})
  Destination:            v4_wr_data[2]
                            (output port)
  Path Group:             (none)
  Path Type:              Max at Slow Process Corner
  Data Path Delay:        2.388ns  (logic 0.315ns (13.191%)  route 2.073ns (86.809%))
  Logic Levels:           2  (LUT2=1 LUT4=1)
  Clock Uncertainty:      0.025ns  ((TSJ^2 + TIJ^2)^1/2 + DJ) / 2 + PE
    Total System Jitter     (TSJ):    0.050ns
    Total Input Jitter      (TIJ):    0.000ns
    Discrete Jitter          (DJ):    0.000ns
    Phase Error              (PE):    0.000ns

    Location             Delay type                Incr(ns)  Path(ns)    Netlist Resource(s)
  -------------------------------------------------------------------    -------------------
                         (clock ap_clk rise edge)     0.000     0.000 r  
                                                      0.000     0.000 r  ap_clk (IN)
                         net (fo=2591, unset)         0.028     0.028    bd_0_i/hls_inst/inst/ap_clk
    SLICE_X59Y141        FDRE                                         r  bd_0_i/hls_inst/inst/ap_CS_fsm_reg[4]/C
  -------------------------------------------------------------------    -------------------
    SLICE_X59Y141        FDRE (Prop_CFF_SLICEL_C_Q)
                                                      0.079     0.107 r  bd_0_i/hls_inst/inst/ap_CS_fsm_reg[4]/Q
                         net (fo=7, routed)           0.287     0.394    bd_0_i/hls_inst/inst/grp_node_0_0_Pipeline_l_S_t_1_t_fu_297/Q[4]
    SLICE_X56Y137        LUT2 (Prop_C6LUT_SLICEM_I1_O)
                                                      0.088     0.482 f  bd_0_i/hls_inst/inst/grp_node_0_0_Pipeline_l_S_t_1_t_fu_297/v1_din[25]_INST_0_i_2/O
                         net (fo=182, routed)         1.786     2.268    bd_0_i/hls_inst/inst/grp_node_0_0_Pipeline_l_S_t_1_t_fu_297/ap_CS_fsm_reg[1]_0
    SLICE_X51Y148        LUT4 (Prop_B6LUT_SLICEL_I3_O)
                                                      0.148     2.416 r  bd_0_i/hls_inst/inst/grp_node_0_0_Pipeline_l_S_t_1_t_fu_297/v4_din[2]_INST_0/O
                         net (fo=0)                   0.000     2.416    v4_wr_data[2]
                                                                      r  v4_wr_data[2] (OUT)
  -------------------------------------------------------------------    -------------------

Slack:                    inf
  Source:                 bd_0_i/hls_inst/inst/ap_CS_fsm_reg[4]/C
                            (rising edge-triggered cell FDRE clocked by ap_clk  {rise@0.000ns fall@1.665ns period=3.330ns})
  Destination:            v3_wr_data[3]
                            (output port)
  Path Group:             (none)
  Path Type:              Max at Slow Process Corner
  Data Path Delay:        2.370ns  (logic 0.285ns (12.026%)  route 2.085ns (87.974%))
  Logic Levels:           2  (LUT2=1 LUT4=1)
  Clock Uncertainty:      0.025ns  ((TSJ^2 + TIJ^2)^1/2 + DJ) / 2 + PE
    Total System Jitter     (TSJ):    0.050ns
    Total Input Jitter      (TIJ):    0.000ns
    Discrete Jitter          (DJ):    0.000ns
    Phase Error              (PE):    0.000ns

    Location             Delay type                Incr(ns)  Path(ns)    Netlist Resource(s)
  -------------------------------------------------------------------    -------------------
                         (clock ap_clk rise edge)     0.000     0.000 r  
                                                      0.000     0.000 r  ap_clk (IN)
                         net (fo=2591, unset)         0.028     0.028    bd_0_i/hls_inst/inst/ap_clk
    SLICE_X59Y141        FDRE                                         r  bd_0_i/hls_inst/inst/ap_CS_fsm_reg[4]/C
  -------------------------------------------------------------------    -------------------
    SLICE_X59Y141        FDRE (Prop_CFF_SLICEL_C_Q)
                                                      0.079     0.107 r  bd_0_i/hls_inst/inst/ap_CS_fsm_reg[4]/Q
                         net (fo=7, routed)           0.287     0.394    bd_0_i/hls_inst/inst/grp_node_0_0_Pipeline_l_S_t_1_t_fu_297/Q[4]
    SLICE_X56Y137        LUT2 (Prop_C6LUT_SLICEM_I1_O)
                                                      0.088     0.482 f  bd_0_i/hls_inst/inst/grp_node_0_0_Pipeline_l_S_t_1_t_fu_297/v1_din[25]_INST_0_i_2/O
                         net (fo=182, routed)         1.773     2.255    bd_0_i/hls_inst/inst/grp_node_0_0_Pipeline_l_S_t_1_t_fu_297/ap_CS_fsm_reg[1]_0
    SLICE_X51Y148        LUT4 (Prop_F5LUT_SLICEL_I3_O)
                                                      0.118     2.373 r  bd_0_i/hls_inst/inst/grp_node_0_0_Pipeline_l_S_t_1_t_fu_297/v3_din[3]_INST_0/O
                         net (fo=0)                   0.025     2.398    v3_wr_data[3]
                                                                      r  v3_wr_data[3] (OUT)
  -------------------------------------------------------------------    -------------------

Slack:                    inf
  Source:                 bd_0_i/hls_inst/inst/ap_CS_fsm_reg[4]/C
                            (rising edge-triggered cell FDRE clocked by ap_clk  {rise@0.000ns fall@1.665ns period=3.330ns})
  Destination:            v3_wr_data[25]
                            (output port)
  Path Group:             (none)
  Path Type:              Max at Slow Process Corner
  Data Path Delay:        2.359ns  (logic 0.332ns (14.072%)  route 2.027ns (85.928%))
  Logic Levels:           2  (LUT2=1 LUT4=1)
  Clock Uncertainty:      0.025ns  ((TSJ^2 + TIJ^2)^1/2 + DJ) / 2 + PE
    Total System Jitter     (TSJ):    0.050ns
    Total Input Jitter      (TIJ):    0.000ns
    Discrete Jitter          (DJ):    0.000ns
    Phase Error              (PE):    0.000ns

    Location             Delay type                Incr(ns)  Path(ns)    Netlist Resource(s)
  -------------------------------------------------------------------    -------------------
                         (clock ap_clk rise edge)     0.000     0.000 r  
                                                      0.000     0.000 r  ap_clk (IN)
                         net (fo=2591, unset)         0.028     0.028    bd_0_i/hls_inst/inst/ap_clk
    SLICE_X59Y141        FDRE                                         r  bd_0_i/hls_inst/inst/ap_CS_fsm_reg[4]/C
  -------------------------------------------------------------------    -------------------
    SLICE_X59Y141        FDRE (Prop_CFF_SLICEL_C_Q)
                                                      0.079     0.107 r  bd_0_i/hls_inst/inst/ap_CS_fsm_reg[4]/Q
                         net (fo=7, routed)           0.287     0.394    bd_0_i/hls_inst/inst/grp_node_0_0_Pipeline_l_S_t_1_t_fu_297/Q[4]
    SLICE_X56Y137        LUT2 (Prop_C6LUT_SLICEM_I1_O)
                                                      0.088     0.482 f  bd_0_i/hls_inst/inst/grp_node_0_0_Pipeline_l_S_t_1_t_fu_297/v1_din[25]_INST_0_i_2/O
                         net (fo=182, routed)         1.716     2.198    bd_0_i/hls_inst/inst/grp_node_0_0_Pipeline_l_S_t_1_t_fu_297/ap_CS_fsm_reg[1]_0
    SLICE_X51Y150        LUT4 (Prop_B5LUT_SLICEL_I3_O)
                                                      0.165     2.363 r  bd_0_i/hls_inst/inst/grp_node_0_0_Pipeline_l_S_t_1_t_fu_297/v3_din[25]_INST_0/O
                         net (fo=0)                   0.024     2.387    v3_wr_data[25]
                                                                      r  v3_wr_data[25] (OUT)
  -------------------------------------------------------------------    -------------------





Min Delay Paths
--------------------------------------------------------------------------------------
Slack:                    inf
  Source:                 bd_0_i/hls_inst/inst/grp_node_0_0_Pipeline_l_S_t_1_t_fu_297/v1021_reg_4945_reg[4]/C
                            (rising edge-triggered cell FDRE clocked by ap_clk  {rise@0.000ns fall@1.665ns period=3.330ns})
  Destination:            v6_wr_data[5]
                            (output port)
  Path Group:             (none)
  Path Type:              Min at Fast Process Corner
  Data Path Delay:        0.076ns  (logic 0.053ns (69.737%)  route 0.023ns (30.263%))
  Logic Levels:           1  (LUT6=1)
  Clock Uncertainty:      0.025ns  ((TSJ^2 + TIJ^2)^1/2 + DJ) / 2 + PE
    Total System Jitter     (TSJ):    0.050ns
    Total Input Jitter      (TIJ):    0.000ns
    Discrete Jitter          (DJ):    0.000ns
    Phase Error              (PE):    0.000ns

    Location             Delay type                Incr(ns)  Path(ns)    Netlist Resource(s)
  -------------------------------------------------------------------    -------------------
                         (clock ap_clk rise edge)     0.000     0.000 r  
                                                      0.000     0.000 r  ap_clk (IN)
                         net (fo=2591, unset)         0.013     0.013    bd_0_i/hls_inst/inst/grp_node_0_0_Pipeline_l_S_t_1_t_fu_297/ap_clk
    SLICE_X51Y134        FDRE                                         r  bd_0_i/hls_inst/inst/grp_node_0_0_Pipeline_l_S_t_1_t_fu_297/v1021_reg_4945_reg[4]/C
  -------------------------------------------------------------------    -------------------
    SLICE_X51Y134        FDRE (Prop_HFF_SLICEL_C_Q)
                                                      0.039     0.052 r  bd_0_i/hls_inst/inst/grp_node_0_0_Pipeline_l_S_t_1_t_fu_297/v1021_reg_4945_reg[4]/Q
                         net (fo=1, routed)           0.023     0.075    bd_0_i/hls_inst/inst/grp_node_0_0_Pipeline_l_S_t_1_t_fu_297/v1021_reg_4945[4]
    SLICE_X51Y134        LUT6 (Prop_G6LUT_SLICEL_I2_O)
                                                      0.014     0.089 r  bd_0_i/hls_inst/inst/grp_node_0_0_Pipeline_l_S_t_1_t_fu_297/v6_din[5]_INST_0/O
                         net (fo=0)                   0.000     0.089    v6_wr_data[5]
                                                                      r  v6_wr_data[5] (OUT)
  -------------------------------------------------------------------    -------------------

Slack:                    inf
  Source:                 bd_0_i/hls_inst/inst/grp_node_0_0_Pipeline_l_S_t_1_t_fu_297/v1107_reg_1283_reg[2]/C
                            (rising edge-triggered cell FDRE clocked by ap_clk  {rise@0.000ns fall@1.665ns period=3.330ns})
  Destination:            v2_wr_data[2]
                            (output port)
  Path Group:             (none)
  Path Type:              Min at Fast Process Corner
  Data Path Delay:        0.085ns  (logic 0.062ns (72.941%)  route 0.023ns (27.059%))
  Logic Levels:           1  (LUT4=1)
  Clock Uncertainty:      0.025ns  ((TSJ^2 + TIJ^2)^1/2 + DJ) / 2 + PE
    Total System Jitter     (TSJ):    0.050ns
    Total Input Jitter      (TIJ):    0.000ns
    Discrete Jitter          (DJ):    0.000ns
    Phase Error              (PE):    0.000ns

    Location             Delay type                Incr(ns)  Path(ns)    Netlist Resource(s)
  -------------------------------------------------------------------    -------------------
                         (clock ap_clk rise edge)     0.000     0.000 r  
                                                      0.000     0.000 r  ap_clk (IN)
                         net (fo=2591, unset)         0.012     0.012    bd_0_i/hls_inst/inst/grp_node_0_0_Pipeline_l_S_t_1_t_fu_297/ap_clk
    SLICE_X52Y148        FDRE                                         r  bd_0_i/hls_inst/inst/grp_node_0_0_Pipeline_l_S_t_1_t_fu_297/v1107_reg_1283_reg[2]/C
  -------------------------------------------------------------------    -------------------
    SLICE_X52Y148        FDRE (Prop_DFF_SLICEL_C_Q)
                                                      0.039     0.051 r  bd_0_i/hls_inst/inst/grp_node_0_0_Pipeline_l_S_t_1_t_fu_297/v1107_reg_1283_reg[2]/Q
                         net (fo=1, routed)           0.023     0.074    bd_0_i/hls_inst/inst/grp_node_0_0_Pipeline_l_S_t_1_t_fu_297/grp_node_0_0_Pipeline_l_S_t_1_t_fu_297_v2_din[2]
    SLICE_X52Y148        LUT4 (Prop_B6LUT_SLICEL_I2_O)
                                                      0.023     0.097 r  bd_0_i/hls_inst/inst/grp_node_0_0_Pipeline_l_S_t_1_t_fu_297/v2_din[2]_INST_0/O
                         net (fo=0)                   0.000     0.097    v2_wr_data[2]
                                                                      r  v2_wr_data[2] (OUT)
  -------------------------------------------------------------------    -------------------

Slack:                    inf
  Source:                 bd_0_i/hls_inst/inst/grp_node_0_0_Pipeline_l_S_t_1_t_fu_297/v1038_reg_4887_reg[11]/C
                            (rising edge-triggered cell FDRE clocked by ap_clk  {rise@0.000ns fall@1.665ns period=3.330ns})
  Destination:            v5_wr_data[12]
                            (output port)
  Path Group:             (none)
  Path Type:              Min at Fast Process Corner
  Data Path Delay:        0.084ns  (logic 0.061ns (72.619%)  route 0.023ns (27.381%))
  Logic Levels:           1  (LUT6=1)
  Clock Uncertainty:      0.025ns  ((TSJ^2 + TIJ^2)^1/2 + DJ) / 2 + PE
    Total System Jitter     (TSJ):    0.050ns
    Total Input Jitter      (TIJ):    0.000ns
    Discrete Jitter          (DJ):    0.000ns
    Phase Error              (PE):    0.000ns

    Location             Delay type                Incr(ns)  Path(ns)    Netlist Resource(s)
  -------------------------------------------------------------------    -------------------
                         (clock ap_clk rise edge)     0.000     0.000 r  
                                                      0.000     0.000 r  ap_clk (IN)
                         net (fo=2591, unset)         0.013     0.013    bd_0_i/hls_inst/inst/grp_node_0_0_Pipeline_l_S_t_1_t_fu_297/ap_clk
    SLICE_X51Y137        FDRE                                         r  bd_0_i/hls_inst/inst/grp_node_0_0_Pipeline_l_S_t_1_t_fu_297/v1038_reg_4887_reg[11]/C
  -------------------------------------------------------------------    -------------------
    SLICE_X51Y137        FDRE (Prop_HFF_SLICEL_C_Q)
                                                      0.039     0.052 r  bd_0_i/hls_inst/inst/grp_node_0_0_Pipeline_l_S_t_1_t_fu_297/v1038_reg_4887_reg[11]/Q
                         net (fo=1, routed)           0.023     0.075    bd_0_i/hls_inst/inst/grp_node_0_0_Pipeline_l_S_t_1_t_fu_297/v1038_reg_4887[11]
    SLICE_X51Y137        LUT6 (Prop_G6LUT_SLICEL_I2_O)
                                                      0.022     0.097 r  bd_0_i/hls_inst/inst/grp_node_0_0_Pipeline_l_S_t_1_t_fu_297/v5_din[12]_INST_0/O
                         net (fo=0)                   0.000     0.097    v5_wr_data[12]
                                                                      r  v5_wr_data[12] (OUT)
  -------------------------------------------------------------------    -------------------

Slack:                    inf
  Source:                 bd_0_i/hls_inst/inst/grp_node_0_0_Pipeline_l_S_t_1_t_fu_297/v1004_reg_5003_reg[11]/C
                            (rising edge-triggered cell FDRE clocked by ap_clk  {rise@0.000ns fall@1.665ns period=3.330ns})
  Destination:            v7_wr_data[12]
                            (output port)
  Path Group:             (none)
  Path Type:              Min at Fast Process Corner
  Data Path Delay:        0.084ns  (logic 0.061ns (72.619%)  route 0.023ns (27.381%))
  Logic Levels:           1  (LUT6=1)
  Clock Uncertainty:      0.025ns  ((TSJ^2 + TIJ^2)^1/2 + DJ) / 2 + PE
    Total System Jitter     (TSJ):    0.050ns
    Total Input Jitter      (TIJ):    0.000ns
    Discrete Jitter          (DJ):    0.000ns
    Phase Error              (PE):    0.000ns

    Location             Delay type                Incr(ns)  Path(ns)    Netlist Resource(s)
  -------------------------------------------------------------------    -------------------
                         (clock ap_clk rise edge)     0.000     0.000 r  
                                                      0.000     0.000 r  ap_clk (IN)
                         net (fo=2591, unset)         0.013     0.013    bd_0_i/hls_inst/inst/grp_node_0_0_Pipeline_l_S_t_1_t_fu_297/ap_clk
    SLICE_X51Y139        FDRE                                         r  bd_0_i/hls_inst/inst/grp_node_0_0_Pipeline_l_S_t_1_t_fu_297/v1004_reg_5003_reg[11]/C
  -------------------------------------------------------------------    -------------------
    SLICE_X51Y139        FDRE (Prop_HFF_SLICEL_C_Q)
                                                      0.039     0.052 r  bd_0_i/hls_inst/inst/grp_node_0_0_Pipeline_l_S_t_1_t_fu_297/v1004_reg_5003_reg[11]/Q
                         net (fo=1, routed)           0.023     0.075    bd_0_i/hls_inst/inst/grp_node_0_0_Pipeline_l_S_t_1_t_fu_297/v1004_reg_5003[11]
    SLICE_X51Y139        LUT6 (Prop_G6LUT_SLICEL_I2_O)
                                                      0.022     0.097 r  bd_0_i/hls_inst/inst/grp_node_0_0_Pipeline_l_S_t_1_t_fu_297/v7_din[12]_INST_0/O
                         net (fo=0)                   0.000     0.097    v7_wr_data[12]
                                                                      r  v7_wr_data[12] (OUT)
  -------------------------------------------------------------------    -------------------

Slack:                    inf
  Source:                 bd_0_i/hls_inst/inst/grp_node_0_0_Pipeline_l_S_t_1_t_fu_297/v1004_reg_5003_reg[15]/C
                            (rising edge-triggered cell FDRE clocked by ap_clk  {rise@0.000ns fall@1.665ns period=3.330ns})
  Destination:            v7_wr_data[16]
                            (output port)
  Path Group:             (none)
  Path Type:              Min at Fast Process Corner
  Data Path Delay:        0.084ns  (logic 0.061ns (72.619%)  route 0.023ns (27.381%))
  Logic Levels:           1  (LUT6=1)
  Clock Uncertainty:      0.025ns  ((TSJ^2 + TIJ^2)^1/2 + DJ) / 2 + PE
    Total System Jitter     (TSJ):    0.050ns
    Total Input Jitter      (TIJ):    0.000ns
    Discrete Jitter          (DJ):    0.000ns
    Phase Error              (PE):    0.000ns

    Location             Delay type                Incr(ns)  Path(ns)    Netlist Resource(s)
  -------------------------------------------------------------------    -------------------
                         (clock ap_clk rise edge)     0.000     0.000 r  
                                                      0.000     0.000 r  ap_clk (IN)
                         net (fo=2591, unset)         0.013     0.013    bd_0_i/hls_inst/inst/grp_node_0_0_Pipeline_l_S_t_1_t_fu_297/ap_clk
    SLICE_X52Y141        FDRE                                         r  bd_0_i/hls_inst/inst/grp_node_0_0_Pipeline_l_S_t_1_t_fu_297/v1004_reg_5003_reg[15]/C
  -------------------------------------------------------------------    -------------------
    SLICE_X52Y141        FDRE (Prop_GFF_SLICEL_C_Q)
                                                      0.039     0.052 r  bd_0_i/hls_inst/inst/grp_node_0_0_Pipeline_l_S_t_1_t_fu_297/v1004_reg_5003_reg[15]/Q
                         net (fo=1, routed)           0.023     0.075    bd_0_i/hls_inst/inst/grp_node_0_0_Pipeline_l_S_t_1_t_fu_297/v1004_reg_5003[15]
    SLICE_X52Y141        LUT6 (Prop_D6LUT_SLICEL_I2_O)
                                                      0.022     0.097 r  bd_0_i/hls_inst/inst/grp_node_0_0_Pipeline_l_S_t_1_t_fu_297/v7_din[16]_INST_0/O
                         net (fo=0)                   0.000     0.097    v7_wr_data[16]
                                                                      r  v7_wr_data[16] (OUT)
  -------------------------------------------------------------------    -------------------

Slack:                    inf
  Source:                 bd_0_i/hls_inst/inst/grp_node_0_0_Pipeline_l_S_t_1_t_fu_297/v1004_reg_5003_reg[0]/C
                            (rising edge-triggered cell FDRE clocked by ap_clk  {rise@0.000ns fall@1.665ns period=3.330ns})
  Destination:            v7_wr_data[1]
                            (output port)
  Path Group:             (none)
  Path Type:              Min at Fast Process Corner
  Data Path Delay:        0.084ns  (logic 0.061ns (72.619%)  route 0.023ns (27.381%))
  Logic Levels:           1  (LUT6=1)
  Clock Uncertainty:      0.025ns  ((TSJ^2 + TIJ^2)^1/2 + DJ) / 2 + PE
    Total System Jitter     (TSJ):    0.050ns
    Total Input Jitter      (TIJ):    0.000ns
    Discrete Jitter          (DJ):    0.000ns
    Phase Error              (PE):    0.000ns

    Location             Delay type                Incr(ns)  Path(ns)    Netlist Resource(s)
  -------------------------------------------------------------------    -------------------
                         (clock ap_clk rise edge)     0.000     0.000 r  
                                                      0.000     0.000 r  ap_clk (IN)
                         net (fo=2591, unset)         0.013     0.013    bd_0_i/hls_inst/inst/grp_node_0_0_Pipeline_l_S_t_1_t_fu_297/ap_clk
    SLICE_X52Y142        FDRE                                         r  bd_0_i/hls_inst/inst/grp_node_0_0_Pipeline_l_S_t_1_t_fu_297/v1004_reg_5003_reg[0]/C
  -------------------------------------------------------------------    -------------------
    SLICE_X52Y142        FDRE (Prop_GFF_SLICEL_C_Q)
                                                      0.039     0.052 r  bd_0_i/hls_inst/inst/grp_node_0_0_Pipeline_l_S_t_1_t_fu_297/v1004_reg_5003_reg[0]/Q
                         net (fo=1, routed)           0.023     0.075    bd_0_i/hls_inst/inst/grp_node_0_0_Pipeline_l_S_t_1_t_fu_297/v1004_reg_5003[0]
    SLICE_X52Y142        LUT6 (Prop_D6LUT_SLICEL_I2_O)
                                                      0.022     0.097 r  bd_0_i/hls_inst/inst/grp_node_0_0_Pipeline_l_S_t_1_t_fu_297/v7_din[1]_INST_0/O
                         net (fo=0)                   0.000     0.097    v7_wr_data[1]
                                                                      r  v7_wr_data[1] (OUT)
  -------------------------------------------------------------------    -------------------

Slack:                    inf
  Source:                 bd_0_i/hls_inst/inst/grp_node_0_0_Pipeline_l_S_t_1_t_fu_297/v1004_reg_5003_reg[6]/C
                            (rising edge-triggered cell FDRE clocked by ap_clk  {rise@0.000ns fall@1.665ns period=3.330ns})
  Destination:            v7_wr_data[7]
                            (output port)
  Path Group:             (none)
  Path Type:              Min at Fast Process Corner
  Data Path Delay:        0.084ns  (logic 0.061ns (72.619%)  route 0.023ns (27.381%))
  Logic Levels:           1  (LUT6=1)
  Clock Uncertainty:      0.025ns  ((TSJ^2 + TIJ^2)^1/2 + DJ) / 2 + PE
    Total System Jitter     (TSJ):    0.050ns
    Total Input Jitter      (TIJ):    0.000ns
    Discrete Jitter          (DJ):    0.000ns
    Phase Error              (PE):    0.000ns

    Location             Delay type                Incr(ns)  Path(ns)    Netlist Resource(s)
  -------------------------------------------------------------------    -------------------
                         (clock ap_clk rise edge)     0.000     0.000 r  
                                                      0.000     0.000 r  ap_clk (IN)
                         net (fo=2591, unset)         0.013     0.013    bd_0_i/hls_inst/inst/grp_node_0_0_Pipeline_l_S_t_1_t_fu_297/ap_clk
    SLICE_X51Y138        FDRE                                         r  bd_0_i/hls_inst/inst/grp_node_0_0_Pipeline_l_S_t_1_t_fu_297/v1004_reg_5003_reg[6]/C
  -------------------------------------------------------------------    -------------------
    SLICE_X51Y138        FDRE (Prop_HFF_SLICEL_C_Q)
                                                      0.039     0.052 r  bd_0_i/hls_inst/inst/grp_node_0_0_Pipeline_l_S_t_1_t_fu_297/v1004_reg_5003_reg[6]/Q
                         net (fo=1, routed)           0.023     0.075    bd_0_i/hls_inst/inst/grp_node_0_0_Pipeline_l_S_t_1_t_fu_297/v1004_reg_5003[6]
    SLICE_X51Y138        LUT6 (Prop_G6LUT_SLICEL_I2_O)
                                                      0.022     0.097 r  bd_0_i/hls_inst/inst/grp_node_0_0_Pipeline_l_S_t_1_t_fu_297/v7_din[7]_INST_0/O
                         net (fo=0)                   0.000     0.097    v7_wr_data[7]
                                                                      r  v7_wr_data[7] (OUT)
  -------------------------------------------------------------------    -------------------

Slack:                    inf
  Source:                 bd_0_i/hls_inst/inst/grp_node_0_0_Pipeline_l_S_t_1_t_fu_297/v1038_reg_4887_reg[5]/C
                            (rising edge-triggered cell FDRE clocked by ap_clk  {rise@0.000ns fall@1.665ns period=3.330ns})
  Destination:            v5_wr_data[6]
                            (output port)
  Path Group:             (none)
  Path Type:              Min at Fast Process Corner
  Data Path Delay:        0.086ns  (logic 0.061ns (70.930%)  route 0.025ns (29.070%))
  Logic Levels:           1  (LUT6=1)
  Clock Uncertainty:      0.025ns  ((TSJ^2 + TIJ^2)^1/2 + DJ) / 2 + PE
    Total System Jitter     (TSJ):    0.050ns
    Total Input Jitter      (TIJ):    0.000ns
    Discrete Jitter          (DJ):    0.000ns
    Phase Error              (PE):    0.000ns

    Location             Delay type                Incr(ns)  Path(ns)    Netlist Resource(s)
  -------------------------------------------------------------------    -------------------
                         (clock ap_clk rise edge)     0.000     0.000 r  
                                                      0.000     0.000 r  ap_clk (IN)
                         net (fo=2591, unset)         0.013     0.013    bd_0_i/hls_inst/inst/grp_node_0_0_Pipeline_l_S_t_1_t_fu_297/ap_clk
    SLICE_X53Y135        FDRE                                         r  bd_0_i/hls_inst/inst/grp_node_0_0_Pipeline_l_S_t_1_t_fu_297/v1038_reg_4887_reg[5]/C
  -------------------------------------------------------------------    -------------------
    SLICE_X53Y135        FDRE (Prop_GFF_SLICEM_C_Q)
                                                      0.039     0.052 r  bd_0_i/hls_inst/inst/grp_node_0_0_Pipeline_l_S_t_1_t_fu_297/v1038_reg_4887_reg[5]/Q
                         net (fo=1, routed)           0.025     0.077    bd_0_i/hls_inst/inst/grp_node_0_0_Pipeline_l_S_t_1_t_fu_297/v1038_reg_4887[5]
    SLICE_X53Y135        LUT6 (Prop_D6LUT_SLICEM_I2_O)
                                                      0.022     0.099 r  bd_0_i/hls_inst/inst/grp_node_0_0_Pipeline_l_S_t_1_t_fu_297/v5_din[6]_INST_0/O
                         net (fo=0)                   0.000     0.099    v5_wr_data[6]
                                                                      r  v5_wr_data[6] (OUT)
  -------------------------------------------------------------------    -------------------

Slack:                    inf
  Source:                 bd_0_i/hls_inst/inst/grp_node_0_0_Pipeline_l_S_t_1_t_fu_297/v1106_reg_1238_reg[10]/C
                            (rising edge-triggered cell FDRE clocked by ap_clk  {rise@0.000ns fall@1.665ns period=3.330ns})
  Destination:            v1_wr_data[10]
                            (output port)
  Path Group:             (none)
  Path Type:              Min at Fast Process Corner
  Data Path Delay:        0.087ns  (logic 0.061ns (70.115%)  route 0.026ns (29.885%))
  Logic Levels:           1  (LUT4=1)
  Clock Uncertainty:      0.025ns  ((TSJ^2 + TIJ^2)^1/2 + DJ) / 2 + PE
    Total System Jitter     (TSJ):    0.050ns
    Total Input Jitter      (TIJ):    0.000ns
    Discrete Jitter          (DJ):    0.000ns
    Phase Error              (PE):    0.000ns

    Location             Delay type                Incr(ns)  Path(ns)    Netlist Resource(s)
  -------------------------------------------------------------------    -------------------
                         (clock ap_clk rise edge)     0.000     0.000 r  
                                                      0.000     0.000 r  ap_clk (IN)
                         net (fo=2591, unset)         0.013     0.013    bd_0_i/hls_inst/inst/grp_node_0_0_Pipeline_l_S_t_1_t_fu_297/ap_clk
    SLICE_X53Y151        FDRE                                         r  bd_0_i/hls_inst/inst/grp_node_0_0_Pipeline_l_S_t_1_t_fu_297/v1106_reg_1238_reg[10]/C
  -------------------------------------------------------------------    -------------------
    SLICE_X53Y151        FDRE (Prop_DFF_SLICEM_C_Q)
                                                      0.039     0.052 r  bd_0_i/hls_inst/inst/grp_node_0_0_Pipeline_l_S_t_1_t_fu_297/v1106_reg_1238_reg[10]/Q
                         net (fo=1, routed)           0.026     0.078    bd_0_i/hls_inst/inst/grp_node_0_0_Pipeline_l_S_t_1_t_fu_297/grp_node_0_0_Pipeline_l_S_t_1_t_fu_297_v1_din[10]
    SLICE_X53Y151        LUT4 (Prop_B6LUT_SLICEM_I2_O)
                                                      0.022     0.100 r  bd_0_i/hls_inst/inst/grp_node_0_0_Pipeline_l_S_t_1_t_fu_297/v1_din[10]_INST_0/O
                         net (fo=0)                   0.000     0.100    v1_wr_data[10]
                                                                      r  v1_wr_data[10] (OUT)
  -------------------------------------------------------------------    -------------------

Slack:                    inf
  Source:                 bd_0_i/hls_inst/inst/grp_node_0_0_Pipeline_l_S_t_1_t_fu_297/v1106_reg_1238_reg[12]/C
                            (rising edge-triggered cell FDRE clocked by ap_clk  {rise@0.000ns fall@1.665ns period=3.330ns})
  Destination:            v1_wr_data[12]
                            (output port)
  Path Group:             (none)
  Path Type:              Min at Fast Process Corner
  Data Path Delay:        0.087ns  (logic 0.061ns (70.115%)  route 0.026ns (29.885%))
  Logic Levels:           1  (LUT4=1)
  Clock Uncertainty:      0.025ns  ((TSJ^2 + TIJ^2)^1/2 + DJ) / 2 + PE
    Total System Jitter     (TSJ):    0.050ns
    Total Input Jitter      (TIJ):    0.000ns
    Discrete Jitter          (DJ):    0.000ns
    Phase Error              (PE):    0.000ns

    Location             Delay type                Incr(ns)  Path(ns)    Netlist Resource(s)
  -------------------------------------------------------------------    -------------------
                         (clock ap_clk rise edge)     0.000     0.000 r  
                                                      0.000     0.000 r  ap_clk (IN)
                         net (fo=2591, unset)         0.013     0.013    bd_0_i/hls_inst/inst/grp_node_0_0_Pipeline_l_S_t_1_t_fu_297/ap_clk
    SLICE_X54Y151        FDRE                                         r  bd_0_i/hls_inst/inst/grp_node_0_0_Pipeline_l_S_t_1_t_fu_297/v1106_reg_1238_reg[12]/C
  -------------------------------------------------------------------    -------------------
    SLICE_X54Y151        FDRE (Prop_DFF_SLICEM_C_Q)
                                                      0.039     0.052 r  bd_0_i/hls_inst/inst/grp_node_0_0_Pipeline_l_S_t_1_t_fu_297/v1106_reg_1238_reg[12]/Q
                         net (fo=1, routed)           0.026     0.078    bd_0_i/hls_inst/inst/grp_node_0_0_Pipeline_l_S_t_1_t_fu_297/grp_node_0_0_Pipeline_l_S_t_1_t_fu_297_v1_din[12]
    SLICE_X54Y151        LUT4 (Prop_B6LUT_SLICEM_I2_O)
                                                      0.022     0.100 r  bd_0_i/hls_inst/inst/grp_node_0_0_Pipeline_l_S_t_1_t_fu_297/v1_din[12]_INST_0/O
                         net (fo=0)                   0.000     0.100    v1_wr_data[12]
                                                                      r  v1_wr_data[12] (OUT)
  -------------------------------------------------------------------    -------------------





--------------------------------------------------------------------------------------
Path Group:  (none)
From Clock:  
  To Clock:  ap_clk

Max Delay          2970 Endpoints
Min Delay          2970 Endpoints
--------------------------------------------------------------------------------------


Max Delay Paths
--------------------------------------------------------------------------------------
Slack:                    inf
  Source:                 <hidden>
                            (internal pin)
  Destination:            <hidden>
                            (rising edge-triggered cell FDRE clocked by ap_clk  {rise@0.000ns fall@1.665ns period=3.330ns})
  Path Group:             (none)
  Path Type:              Setup (Max at Slow Process Corner)
  Data Path Delay:        4.022ns  (logic 2.832ns (70.412%)  route 1.190ns (29.588%))
  Logic Levels:           12  (CARRY8=2 DSP_A_B_DATA=1 DSP_ALU=2 DSP_M_DATA=1 DSP_MULTIPLIER=1 DSP_OUTPUT=2 DSP_PREADD_DATA=1 LUT2=1 LUT5=1)
  Clock Uncertainty:      0.025ns  ((TSJ^2 + TIJ^2)^1/2 + DJ) / 2 + PE
    Total System Jitter     (TSJ):    0.050ns
    Total Input Jitter      (TIJ):    0.000ns
    Discrete Jitter          (DJ):    0.000ns
    Phase Error              (PE):    0.000ns

    Location             Delay type                Incr(ns)  Path(ns)    Netlist Resource(s)
  -------------------------------------------------------------------    -------------------
    DSP48E2_X5Y48        DSP_A_B_DATA                 0.000     0.000 r  <hidden>
                         net (fo=1, routed)           0.000     0.000    <hidden>
    DSP48E2_X5Y48        DSP_PREADD_DATA (Prop_DSP_PREADD_DATA_DSP48E2_B2_DATA[17]_B2B1[17])
                                                      0.073     0.073 r  <hidden>
                         net (fo=1, routed)           0.000     0.073    <hidden>
    DSP48E2_X5Y48        DSP_MULTIPLIER (Prop_DSP_MULTIPLIER_DSP48E2_B2B1[17]_V[43])
                                                      0.609     0.682 f  <hidden>
                         net (fo=1, routed)           0.000     0.682    <hidden>
    DSP48E2_X5Y48        DSP_M_DATA (Prop_DSP_M_DATA_DSP48E2_V[43]_V_DATA[43])
                                                      0.046     0.728 r  <hidden>
                         net (fo=1, routed)           0.000     0.728    <hidden>
    DSP48E2_X5Y48        DSP_ALU (Prop_DSP_ALU_DSP48E2_V_DATA[43]_ALU_OUT[47])
                                                      0.571     1.299 r  <hidden>
                         net (fo=1, routed)           0.000     1.299    <hidden>
    DSP48E2_X5Y48        DSP_OUTPUT (Prop_DSP_OUTPUT_DSP48E2_ALU_OUT[47]_PATTERN_DETECT)
                                                      0.363     1.662 r  <hidden>
                         net (fo=2, routed)           0.270     1.932    <hidden>
    SLICE_X57Y123        LUT5 (Prop_C6LUT_SLICEM_I1_O)
                                                      0.051     1.983 r  <hidden>
                         net (fo=1, routed)           0.021     2.004    <hidden>
    SLICE_X57Y123        CARRY8 (Prop_CARRY8_SLICEM_S[2]_CO[2])
                                                      0.063     2.067 f  <hidden>
                         net (fo=1, routed)           0.432     2.499    <hidden>
    DSP48E2_X6Y50        DSP_A_B_DATA (Prop_DSP_A_B_DATA_DSP48E2_B[1]_B_ALU[1])
                                                      0.165     2.664 r  <hidden>
                         net (fo=1, routed)           0.000     2.664    <hidden>
    DSP48E2_X6Y50        DSP_ALU (Prop_DSP_ALU_DSP48E2_B_ALU[1]_ALU_OUT[12])
                                                      0.541     3.205 f  <hidden>
                         net (fo=1, routed)           0.000     3.205    <hidden>
    DSP48E2_X6Y50        DSP_OUTPUT (Prop_DSP_OUTPUT_DSP48E2_ALU_OUT[12]_P[12])
                                                      0.109     3.314 r  <hidden>
                         net (fo=1, routed)           0.254     3.568    <hidden>
    SLICE_X62Y126        CARRY8 (Prop_CARRY8_SLICEL_CI_O[4])
                                                      0.191     3.759 r  <hidden>
                         net (fo=1, routed)           0.165     3.924    <hidden>
    SLICE_X62Y125        LUT2 (Prop_A6LUT_SLICEL_I0_O)
                                                      0.050     3.974 r  <hidden>
                         net (fo=1, routed)           0.048     4.022    <hidden>
    SLICE_X62Y125        FDRE                                         r  <hidden>
  -------------------------------------------------------------------    -------------------

                         (clock ap_clk rise edge)     0.000     0.000 r  
                                                      0.000     0.000 r  ap_clk (IN)
                         net (fo=2591, unset)         0.020     0.020    <hidden>
    SLICE_X62Y125        FDRE                                         r  <hidden>

Slack:                    inf
  Source:                 <hidden>
                            (internal pin)
  Destination:            <hidden>
                            (rising edge-triggered cell FDRE clocked by ap_clk  {rise@0.000ns fall@1.665ns period=3.330ns})
  Path Group:             (none)
  Path Type:              Setup (Max at Slow Process Corner)
  Data Path Delay:        3.960ns  (logic 2.814ns (71.060%)  route 1.146ns (28.940%))
  Logic Levels:           12  (CARRY8=2 DSP_A_B_DATA=1 DSP_ALU=2 DSP_M_DATA=1 DSP_MULTIPLIER=1 DSP_OUTPUT=2 DSP_PREADD_DATA=1 LUT2=1 LUT5=1)
  Clock Uncertainty:      0.025ns  ((TSJ^2 + TIJ^2)^1/2 + DJ) / 2 + PE
    Total System Jitter     (TSJ):    0.050ns
    Total Input Jitter      (TIJ):    0.000ns
    Discrete Jitter          (DJ):    0.000ns
    Phase Error              (PE):    0.000ns

    Location             Delay type                Incr(ns)  Path(ns)    Netlist Resource(s)
  -------------------------------------------------------------------    -------------------
    DSP48E2_X5Y48        DSP_A_B_DATA                 0.000     0.000 r  <hidden>
                         net (fo=1, routed)           0.000     0.000    <hidden>
    DSP48E2_X5Y48        DSP_PREADD_DATA (Prop_DSP_PREADD_DATA_DSP48E2_B2_DATA[17]_B2B1[17])
                                                      0.073     0.073 r  <hidden>
                         net (fo=1, routed)           0.000     0.073    <hidden>
    DSP48E2_X5Y48        DSP_MULTIPLIER (Prop_DSP_MULTIPLIER_DSP48E2_B2B1[17]_V[43])
                                                      0.609     0.682 f  <hidden>
                         net (fo=1, routed)           0.000     0.682    <hidden>
    DSP48E2_X5Y48        DSP_M_DATA (Prop_DSP_M_DATA_DSP48E2_V[43]_V_DATA[43])
                                                      0.046     0.728 r  <hidden>
                         net (fo=1, routed)           0.000     0.728    <hidden>
    DSP48E2_X5Y48        DSP_ALU (Prop_DSP_ALU_DSP48E2_V_DATA[43]_ALU_OUT[47])
                                                      0.571     1.299 r  <hidden>
                         net (fo=1, routed)           0.000     1.299    <hidden>
    DSP48E2_X5Y48        DSP_OUTPUT (Prop_DSP_OUTPUT_DSP48E2_ALU_OUT[47]_PATTERN_DETECT)
                                                      0.363     1.662 r  <hidden>
                         net (fo=2, routed)           0.270     1.932    <hidden>
    SLICE_X57Y123        LUT5 (Prop_C6LUT_SLICEM_I1_O)
                                                      0.051     1.983 r  <hidden>
                         net (fo=1, routed)           0.021     2.004    <hidden>
    SLICE_X57Y123        CARRY8 (Prop_CARRY8_SLICEM_S[2]_CO[2])
                                                      0.063     2.067 f  <hidden>
                         net (fo=1, routed)           0.432     2.499    <hidden>
    DSP48E2_X6Y50        DSP_A_B_DATA (Prop_DSP_A_B_DATA_DSP48E2_B[1]_B_ALU[1])
                                                      0.165     2.664 r  <hidden>
                         net (fo=1, routed)           0.000     2.664    <hidden>
    DSP48E2_X6Y50        DSP_ALU (Prop_DSP_ALU_DSP48E2_B_ALU[1]_ALU_OUT[12])
                                                      0.541     3.205 f  <hidden>
                         net (fo=1, routed)           0.000     3.205    <hidden>
    DSP48E2_X6Y50        DSP_OUTPUT (Prop_DSP_OUTPUT_DSP48E2_ALU_OUT[12]_P[12])
                                                      0.109     3.314 r  <hidden>
                         net (fo=1, routed)           0.254     3.568    <hidden>
    SLICE_X62Y126        CARRY8 (Prop_CARRY8_SLICEL_CI_O[3])
                                                      0.133     3.701 r  <hidden>
                         net (fo=1, routed)           0.120     3.821    <hidden>
    SLICE_X62Y125        LUT2 (Prop_B6LUT_SLICEL_I0_O)
                                                      0.090     3.911 r  <hidden>
                         net (fo=1, routed)           0.049     3.960    <hidden>
    SLICE_X62Y125        FDRE                                         r  <hidden>
  -------------------------------------------------------------------    -------------------

                         (clock ap_clk rise edge)     0.000     0.000 r  
                                                      0.000     0.000 r  ap_clk (IN)
                         net (fo=2591, unset)         0.020     0.020    <hidden>
    SLICE_X62Y125        FDRE                                         r  <hidden>

Slack:                    inf
  Source:                 <hidden>
                            (internal pin)
  Destination:            <hidden>
                            (rising edge-triggered cell FDRE clocked by ap_clk  {rise@0.000ns fall@1.665ns period=3.330ns})
  Path Group:             (none)
  Path Type:              Setup (Max at Slow Process Corner)
  Data Path Delay:        3.918ns  (logic 2.752ns (70.239%)  route 1.166ns (29.761%))
  Logic Levels:           12  (CARRY8=2 DSP_A_B_DATA=1 DSP_ALU=2 DSP_M_DATA=1 DSP_MULTIPLIER=1 DSP_OUTPUT=2 DSP_PREADD_DATA=1 LUT5=1 LUT6=1)
  Clock Uncertainty:      0.025ns  ((TSJ^2 + TIJ^2)^1/2 + DJ) / 2 + PE
    Total System Jitter     (TSJ):    0.050ns
    Total Input Jitter      (TIJ):    0.000ns
    Discrete Jitter          (DJ):    0.000ns
    Phase Error              (PE):    0.000ns

    Location             Delay type                Incr(ns)  Path(ns)    Netlist Resource(s)
  -------------------------------------------------------------------    -------------------
    DSP48E2_X5Y48        DSP_A_B_DATA                 0.000     0.000 r  <hidden>
                         net (fo=1, routed)           0.000     0.000    <hidden>
    DSP48E2_X5Y48        DSP_PREADD_DATA (Prop_DSP_PREADD_DATA_DSP48E2_B2_DATA[17]_B2B1[17])
                                                      0.073     0.073 r  <hidden>
                         net (fo=1, routed)           0.000     0.073    <hidden>
    DSP48E2_X5Y48        DSP_MULTIPLIER (Prop_DSP_MULTIPLIER_DSP48E2_B2B1[17]_V[43])
                                                      0.609     0.682 f  <hidden>
                         net (fo=1, routed)           0.000     0.682    <hidden>
    DSP48E2_X5Y48        DSP_M_DATA (Prop_DSP_M_DATA_DSP48E2_V[43]_V_DATA[43])
                                                      0.046     0.728 r  <hidden>
                         net (fo=1, routed)           0.000     0.728    <hidden>
    DSP48E2_X5Y48        DSP_ALU (Prop_DSP_ALU_DSP48E2_V_DATA[43]_ALU_OUT[47])
                                                      0.571     1.299 r  <hidden>
                         net (fo=1, routed)           0.000     1.299    <hidden>
    DSP48E2_X5Y48        DSP_OUTPUT (Prop_DSP_OUTPUT_DSP48E2_ALU_OUT[47]_PATTERN_DETECT)
                                                      0.363     1.662 r  <hidden>
                         net (fo=2, routed)           0.270     1.932    <hidden>
    SLICE_X57Y123        LUT5 (Prop_C6LUT_SLICEM_I1_O)
                                                      0.051     1.983 r  <hidden>
                         net (fo=1, routed)           0.021     2.004    <hidden>
    SLICE_X57Y123        CARRY8 (Prop_CARRY8_SLICEM_S[2]_CO[2])
                                                      0.063     2.067 f  <hidden>
                         net (fo=1, routed)           0.432     2.499    <hidden>
    DSP48E2_X6Y50        DSP_A_B_DATA (Prop_DSP_A_B_DATA_DSP48E2_B[1]_B_ALU[1])
                                                      0.165     2.664 r  <hidden>
                         net (fo=1, routed)           0.000     2.664    <hidden>
    DSP48E2_X6Y50        DSP_ALU (Prop_DSP_ALU_DSP48E2_B_ALU[1]_ALU_OUT[12])
                                                      0.541     3.205 f  <hidden>
                         net (fo=1, routed)           0.000     3.205    <hidden>
    DSP48E2_X6Y50        DSP_OUTPUT (Prop_DSP_OUTPUT_DSP48E2_ALU_OUT[12]_P[12])
                                                      0.109     3.314 r  <hidden>
                         net (fo=1, routed)           0.254     3.568    <hidden>
    SLICE_X62Y126        CARRY8 (Prop_CARRY8_SLICEL_CI_O[0])
                                                      0.108     3.676 r  <hidden>
                         net (fo=1, routed)           0.131     3.807    <hidden>
    SLICE_X63Y126        LUT6 (Prop_H6LUT_SLICEM_I2_O)
                                                      0.053     3.860 r  <hidden>
                         net (fo=1, routed)           0.058     3.918    <hidden>
    SLICE_X63Y126        FDRE                                         r  <hidden>
  -------------------------------------------------------------------    -------------------

                         (clock ap_clk rise edge)     0.000     0.000 r  
                                                      0.000     0.000 r  ap_clk (IN)
                         net (fo=2591, unset)         0.021     0.021    <hidden>
    SLICE_X63Y126        FDRE                                         r  <hidden>

Slack:                    inf
  Source:                 <hidden>
                            (internal pin)
  Destination:            <hidden>
                            (rising edge-triggered cell FDRE clocked by ap_clk  {rise@0.000ns fall@1.665ns period=3.330ns})
  Path Group:             (none)
  Path Type:              Setup (Max at Slow Process Corner)
  Data Path Delay:        3.915ns  (logic 2.771ns (70.778%)  route 1.144ns (29.222%))
  Logic Levels:           12  (CARRY8=2 DSP_A_B_DATA=1 DSP_ALU=2 DSP_M_DATA=1 DSP_MULTIPLIER=1 DSP_OUTPUT=2 DSP_PREADD_DATA=1 LUT2=1 LUT5=1)
  Clock Uncertainty:      0.025ns  ((TSJ^2 + TIJ^2)^1/2 + DJ) / 2 + PE
    Total System Jitter     (TSJ):    0.050ns
    Total Input Jitter      (TIJ):    0.000ns
    Discrete Jitter          (DJ):    0.000ns
    Phase Error              (PE):    0.000ns

    Location             Delay type                Incr(ns)  Path(ns)    Netlist Resource(s)
  -------------------------------------------------------------------    -------------------
    DSP48E2_X5Y48        DSP_A_B_DATA                 0.000     0.000 r  <hidden>
                         net (fo=1, routed)           0.000     0.000    <hidden>
    DSP48E2_X5Y48        DSP_PREADD_DATA (Prop_DSP_PREADD_DATA_DSP48E2_B2_DATA[17]_B2B1[17])
                                                      0.073     0.073 r  <hidden>
                         net (fo=1, routed)           0.000     0.073    <hidden>
    DSP48E2_X5Y48        DSP_MULTIPLIER (Prop_DSP_MULTIPLIER_DSP48E2_B2B1[17]_V[43])
                                                      0.609     0.682 f  <hidden>
                         net (fo=1, routed)           0.000     0.682    <hidden>
    DSP48E2_X5Y48        DSP_M_DATA (Prop_DSP_M_DATA_DSP48E2_V[43]_V_DATA[43])
                                                      0.046     0.728 r  <hidden>
                         net (fo=1, routed)           0.000     0.728    <hidden>
    DSP48E2_X5Y48        DSP_ALU (Prop_DSP_ALU_DSP48E2_V_DATA[43]_ALU_OUT[47])
                                                      0.571     1.299 r  <hidden>
                         net (fo=1, routed)           0.000     1.299    <hidden>
    DSP48E2_X5Y48        DSP_OUTPUT (Prop_DSP_OUTPUT_DSP48E2_ALU_OUT[47]_PATTERN_DETECT)
                                                      0.363     1.662 r  <hidden>
                         net (fo=2, routed)           0.270     1.932    <hidden>
    SLICE_X57Y123        LUT5 (Prop_C6LUT_SLICEM_I1_O)
                                                      0.051     1.983 r  <hidden>
                         net (fo=1, routed)           0.021     2.004    <hidden>
    SLICE_X57Y123        CARRY8 (Prop_CARRY8_SLICEM_S[2]_CO[2])
                                                      0.063     2.067 f  <hidden>
                         net (fo=1, routed)           0.432     2.499    <hidden>
    DSP48E2_X6Y50        DSP_A_B_DATA (Prop_DSP_A_B_DATA_DSP48E2_B[1]_B_ALU[1])
                                                      0.165     2.664 r  <hidden>
                         net (fo=1, routed)           0.000     2.664    <hidden>
    DSP48E2_X6Y50        DSP_ALU (Prop_DSP_ALU_DSP48E2_B_ALU[1]_ALU_OUT[12])
                                                      0.541     3.205 f  <hidden>
                         net (fo=1, routed)           0.000     3.205    <hidden>
    DSP48E2_X6Y50        DSP_OUTPUT (Prop_DSP_OUTPUT_DSP48E2_ALU_OUT[12]_P[12])
                                                      0.109     3.314 r  <hidden>
                         net (fo=1, routed)           0.254     3.568    <hidden>
    SLICE_X62Y126        CARRY8 (Prop_CARRY8_SLICEL_CI_O[1])
                                                      0.130     3.698 r  <hidden>
                         net (fo=1, routed)           0.118     3.816    <hidden>
    SLICE_X62Y125        LUT2 (Prop_D6LUT_SLICEL_I0_O)
                                                      0.050     3.866 r  <hidden>
                         net (fo=1, routed)           0.049     3.915    <hidden>
    SLICE_X62Y125        FDRE                                         r  <hidden>
  -------------------------------------------------------------------    -------------------

                         (clock ap_clk rise edge)     0.000     0.000 r  
                                                      0.000     0.000 r  ap_clk (IN)
                         net (fo=2591, unset)         0.020     0.020    <hidden>
    SLICE_X62Y125        FDRE                                         r  <hidden>

Slack:                    inf
  Source:                 <hidden>
                            (internal pin)
  Destination:            <hidden>
                            (rising edge-triggered cell FDRE clocked by ap_clk  {rise@0.000ns fall@1.665ns period=3.330ns})
  Path Group:             (none)
  Path Type:              Setup (Max at Slow Process Corner)
  Data Path Delay:        3.911ns  (logic 2.755ns (70.441%)  route 1.156ns (29.559%))
  Logic Levels:           12  (CARRY8=2 DSP_A_B_DATA=1 DSP_ALU=2 DSP_M_DATA=1 DSP_MULTIPLIER=1 DSP_OUTPUT=2 DSP_PREADD_DATA=1 LUT2=1 LUT5=1)
  Clock Uncertainty:      0.025ns  ((TSJ^2 + TIJ^2)^1/2 + DJ) / 2 + PE
    Total System Jitter     (TSJ):    0.050ns
    Total Input Jitter      (TIJ):    0.000ns
    Discrete Jitter          (DJ):    0.000ns
    Phase Error              (PE):    0.000ns

    Location             Delay type                Incr(ns)  Path(ns)    Netlist Resource(s)
  -------------------------------------------------------------------    -------------------
    DSP48E2_X5Y48        DSP_A_B_DATA                 0.000     0.000 r  <hidden>
                         net (fo=1, routed)           0.000     0.000    <hidden>
    DSP48E2_X5Y48        DSP_PREADD_DATA (Prop_DSP_PREADD_DATA_DSP48E2_B2_DATA[17]_B2B1[17])
                                                      0.073     0.073 r  <hidden>
                         net (fo=1, routed)           0.000     0.073    <hidden>
    DSP48E2_X5Y48        DSP_MULTIPLIER (Prop_DSP_MULTIPLIER_DSP48E2_B2B1[17]_V[43])
                                                      0.609     0.682 f  <hidden>
                         net (fo=1, routed)           0.000     0.682    <hidden>
    DSP48E2_X5Y48        DSP_M_DATA (Prop_DSP_M_DATA_DSP48E2_V[43]_V_DATA[43])
                                                      0.046     0.728 r  <hidden>
                         net (fo=1, routed)           0.000     0.728    <hidden>
    DSP48E2_X5Y48        DSP_ALU (Prop_DSP_ALU_DSP48E2_V_DATA[43]_ALU_OUT[47])
                                                      0.571     1.299 r  <hidden>
                         net (fo=1, routed)           0.000     1.299    <hidden>
    DSP48E2_X5Y48        DSP_OUTPUT (Prop_DSP_OUTPUT_DSP48E2_ALU_OUT[47]_PATTERN_DETECT)
                                                      0.363     1.662 r  <hidden>
                         net (fo=2, routed)           0.270     1.932    <hidden>
    SLICE_X57Y123        LUT5 (Prop_C6LUT_SLICEM_I1_O)
                                                      0.051     1.983 r  <hidden>
                         net (fo=1, routed)           0.021     2.004    <hidden>
    SLICE_X57Y123        CARRY8 (Prop_CARRY8_SLICEM_S[2]_CO[2])
                                                      0.063     2.067 f  <hidden>
                         net (fo=1, routed)           0.432     2.499    <hidden>
    DSP48E2_X6Y50        DSP_A_B_DATA (Prop_DSP_A_B_DATA_DSP48E2_B[1]_B_ALU[1])
                                                      0.165     2.664 r  <hidden>
                         net (fo=1, routed)           0.000     2.664    <hidden>
    DSP48E2_X6Y50        DSP_ALU (Prop_DSP_ALU_DSP48E2_B_ALU[1]_ALU_OUT[12])
                                                      0.541     3.205 f  <hidden>
                         net (fo=1, routed)           0.000     3.205    <hidden>
    DSP48E2_X6Y50        DSP_OUTPUT (Prop_DSP_OUTPUT_DSP48E2_ALU_OUT[12]_P[12])
                                                      0.109     3.314 r  <hidden>
                         net (fo=1, routed)           0.254     3.568    <hidden>
    SLICE_X62Y126        CARRY8 (Prop_CARRY8_SLICEL_CI_O[2])
                                                      0.129     3.697 r  <hidden>
                         net (fo=1, routed)           0.129     3.826    <hidden>
    SLICE_X62Y125        LUT2 (Prop_C6LUT_SLICEL_I0_O)
                                                      0.035     3.861 r  <hidden>
                         net (fo=1, routed)           0.050     3.911    <hidden>
    SLICE_X62Y125        FDRE                                         r  <hidden>
  -------------------------------------------------------------------    -------------------

                         (clock ap_clk rise edge)     0.000     0.000 r  
                                                      0.000     0.000 r  ap_clk (IN)
                         net (fo=2591, unset)         0.020     0.020    <hidden>
    SLICE_X62Y125        FDRE                                         r  <hidden>

Slack:                    inf
  Source:                 <hidden>
                            (internal pin)
  Destination:            <hidden>
                            (rising edge-triggered cell FDRE clocked by ap_clk  {rise@0.000ns fall@1.665ns period=3.330ns})
  Path Group:             (none)
  Path Type:              Setup (Max at Slow Process Corner)
  Data Path Delay:        3.621ns  (logic 2.691ns (74.315%)  route 0.930ns (25.685%))
  Logic Levels:           11  (CARRY8=1 DSP_A_B_DATA=1 DSP_ALU=2 DSP_M_DATA=1 DSP_MULTIPLIER=1 DSP_OUTPUT=2 DSP_PREADD_DATA=1 LUT4=1 LUT5=1)
  Clock Uncertainty:      0.025ns  ((TSJ^2 + TIJ^2)^1/2 + DJ) / 2 + PE
    Total System Jitter     (TSJ):    0.050ns
    Total Input Jitter      (TIJ):    0.000ns
    Discrete Jitter          (DJ):    0.000ns
    Phase Error              (PE):    0.000ns

    Location             Delay type                Incr(ns)  Path(ns)    Netlist Resource(s)
  -------------------------------------------------------------------    -------------------
    DSP48E2_X5Y48        DSP_A_B_DATA                 0.000     0.000 r  <hidden>
                         net (fo=1, routed)           0.000     0.000    <hidden>
    DSP48E2_X5Y48        DSP_PREADD_DATA (Prop_DSP_PREADD_DATA_DSP48E2_B2_DATA[17]_B2B1[17])
                                                      0.073     0.073 r  <hidden>
                         net (fo=1, routed)           0.000     0.073    <hidden>
    DSP48E2_X5Y48        DSP_MULTIPLIER (Prop_DSP_MULTIPLIER_DSP48E2_B2B1[17]_V[43])
                                                      0.609     0.682 f  <hidden>
                         net (fo=1, routed)           0.000     0.682    <hidden>
    DSP48E2_X5Y48        DSP_M_DATA (Prop_DSP_M_DATA_DSP48E2_V[43]_V_DATA[43])
                                                      0.046     0.728 r  <hidden>
                         net (fo=1, routed)           0.000     0.728    <hidden>
    DSP48E2_X5Y48        DSP_ALU (Prop_DSP_ALU_DSP48E2_V_DATA[43]_ALU_OUT[47])
                                                      0.571     1.299 r  <hidden>
                         net (fo=1, routed)           0.000     1.299    <hidden>
    DSP48E2_X5Y48        DSP_OUTPUT (Prop_DSP_OUTPUT_DSP48E2_ALU_OUT[47]_PATTERN_DETECT)
                                                      0.363     1.662 r  <hidden>
                         net (fo=2, routed)           0.270     1.932    <hidden>
    SLICE_X57Y123        LUT5 (Prop_C6LUT_SLICEM_I1_O)
                                                      0.051     1.983 r  <hidden>
                         net (fo=1, routed)           0.021     2.004    <hidden>
    SLICE_X57Y123        CARRY8 (Prop_CARRY8_SLICEM_S[2]_CO[2])
                                                      0.063     2.067 f  <hidden>
                         net (fo=1, routed)           0.432     2.499    <hidden>
    DSP48E2_X6Y50        DSP_A_B_DATA (Prop_DSP_A_B_DATA_DSP48E2_B[1]_B_ALU[1])
                                                      0.165     2.664 r  <hidden>
                         net (fo=1, routed)           0.000     2.664    <hidden>
    DSP48E2_X6Y50        DSP_ALU (Prop_DSP_ALU_DSP48E2_B_ALU[1]_ALU_OUT[10])
                                                      0.541     3.205 f  <hidden>
                         net (fo=1, routed)           0.000     3.205    <hidden>
    DSP48E2_X6Y50        DSP_OUTPUT (Prop_DSP_OUTPUT_DSP48E2_ALU_OUT[10]_P[10])
                                                      0.109     3.314 r  <hidden>
                         net (fo=1, routed)           0.148     3.462    <hidden>
    SLICE_X63Y126        LUT4 (Prop_G6LUT_SLICEM_I2_O)
                                                      0.100     3.562 r  <hidden>
                         net (fo=1, routed)           0.059     3.621    <hidden>
    SLICE_X63Y126        FDRE                                         r  <hidden>
  -------------------------------------------------------------------    -------------------

                         (clock ap_clk rise edge)     0.000     0.000 r  
                                                      0.000     0.000 r  ap_clk (IN)
                         net (fo=2591, unset)         0.021     0.021    <hidden>
    SLICE_X63Y126        FDRE                                         r  <hidden>

Slack:                    inf
  Source:                 <hidden>
                            (internal pin)
  Destination:            <hidden>
                            (rising edge-triggered cell FDRE clocked by ap_clk  {rise@0.000ns fall@1.665ns period=3.330ns})
  Path Group:             (none)
  Path Type:              Setup (Max at Slow Process Corner)
  Data Path Delay:        3.590ns  (logic 2.591ns (72.171%)  route 0.999ns (27.829%))
  Logic Levels:           10  (CARRY8=1 DSP_A_B_DATA=1 DSP_ALU=2 DSP_M_DATA=1 DSP_MULTIPLIER=1 DSP_OUTPUT=2 DSP_PREADD_DATA=1 LUT5=1)
  Clock Uncertainty:      0.025ns  ((TSJ^2 + TIJ^2)^1/2 + DJ) / 2 + PE
    Total System Jitter     (TSJ):    0.050ns
    Total Input Jitter      (TIJ):    0.000ns
    Discrete Jitter          (DJ):    0.000ns
    Phase Error              (PE):    0.000ns

    Location             Delay type                Incr(ns)  Path(ns)    Netlist Resource(s)
  -------------------------------------------------------------------    -------------------
    DSP48E2_X5Y48        DSP_A_B_DATA                 0.000     0.000 r  <hidden>
                         net (fo=1, routed)           0.000     0.000    <hidden>
    DSP48E2_X5Y48        DSP_PREADD_DATA (Prop_DSP_PREADD_DATA_DSP48E2_B2_DATA[17]_B2B1[17])
                                                      0.073     0.073 r  <hidden>
                         net (fo=1, routed)           0.000     0.073    <hidden>
    DSP48E2_X5Y48        DSP_MULTIPLIER (Prop_DSP_MULTIPLIER_DSP48E2_B2B1[17]_V[43])
                                                      0.609     0.682 f  <hidden>
                         net (fo=1, routed)           0.000     0.682    <hidden>
    DSP48E2_X5Y48        DSP_M_DATA (Prop_DSP_M_DATA_DSP48E2_V[43]_V_DATA[43])
                                                      0.046     0.728 r  <hidden>
                         net (fo=1, routed)           0.000     0.728    <hidden>
    DSP48E2_X5Y48        DSP_ALU (Prop_DSP_ALU_DSP48E2_V_DATA[43]_ALU_OUT[47])
                                                      0.571     1.299 r  <hidden>
                         net (fo=1, routed)           0.000     1.299    <hidden>
    DSP48E2_X5Y48        DSP_OUTPUT (Prop_DSP_OUTPUT_DSP48E2_ALU_OUT[47]_PATTERN_DETECT)
                                                      0.363     1.662 r  <hidden>
                         net (fo=2, routed)           0.270     1.932    <hidden>
    SLICE_X57Y123        LUT5 (Prop_C6LUT_SLICEM_I1_O)
                                                      0.051     1.983 r  <hidden>
                         net (fo=1, routed)           0.021     2.004    <hidden>
    SLICE_X57Y123        CARRY8 (Prop_CARRY8_SLICEM_S[2]_CO[2])
                                                      0.063     2.067 f  <hidden>
                         net (fo=1, routed)           0.432     2.499    <hidden>
    DSP48E2_X6Y50        DSP_A_B_DATA (Prop_DSP_A_B_DATA_DSP48E2_B[1]_B_ALU[1])
                                                      0.165     2.664 r  <hidden>
                         net (fo=1, routed)           0.000     2.664    <hidden>
    DSP48E2_X6Y50        DSP_ALU (Prop_DSP_ALU_DSP48E2_B_ALU[1]_ALU_OUT[6])
                                                      0.541     3.205 f  <hidden>
                         net (fo=1, routed)           0.000     3.205    <hidden>
    DSP48E2_X6Y50        DSP_OUTPUT (Prop_DSP_OUTPUT_DSP48E2_ALU_OUT[6]_P[6])
                                                      0.109     3.314 r  <hidden>
                         net (fo=1, routed)           0.276     3.590    <hidden>
    SLICE_X63Y125        FDRE                                         r  <hidden>
  -------------------------------------------------------------------    -------------------

                         (clock ap_clk rise edge)     0.000     0.000 r  
                                                      0.000     0.000 r  ap_clk (IN)
                         net (fo=2591, unset)         0.021     0.021    <hidden>
    SLICE_X63Y125        FDRE                                         r  <hidden>

Slack:                    inf
  Source:                 <hidden>
                            (internal pin)
  Destination:            <hidden>
                            (rising edge-triggered cell FDRE clocked by ap_clk  {rise@0.000ns fall@1.665ns period=3.330ns})
  Path Group:             (none)
  Path Type:              Setup (Max at Slow Process Corner)
  Data Path Delay:        3.553ns  (logic 2.591ns (72.923%)  route 0.962ns (27.077%))
  Logic Levels:           10  (CARRY8=1 DSP_A_B_DATA=1 DSP_ALU=2 DSP_M_DATA=1 DSP_MULTIPLIER=1 DSP_OUTPUT=2 DSP_PREADD_DATA=1 LUT5=1)
  Clock Uncertainty:      0.025ns  ((TSJ^2 + TIJ^2)^1/2 + DJ) / 2 + PE
    Total System Jitter     (TSJ):    0.050ns
    Total Input Jitter      (TIJ):    0.000ns
    Discrete Jitter          (DJ):    0.000ns
    Phase Error              (PE):    0.000ns

    Location             Delay type                Incr(ns)  Path(ns)    Netlist Resource(s)
  -------------------------------------------------------------------    -------------------
    DSP48E2_X5Y48        DSP_A_B_DATA                 0.000     0.000 r  <hidden>
                         net (fo=1, routed)           0.000     0.000    <hidden>
    DSP48E2_X5Y48        DSP_PREADD_DATA (Prop_DSP_PREADD_DATA_DSP48E2_B2_DATA[17]_B2B1[17])
                                                      0.073     0.073 r  <hidden>
                         net (fo=1, routed)           0.000     0.073    <hidden>
    DSP48E2_X5Y48        DSP_MULTIPLIER (Prop_DSP_MULTIPLIER_DSP48E2_B2B1[17]_V[43])
                                                      0.609     0.682 f  <hidden>
                         net (fo=1, routed)           0.000     0.682    <hidden>
    DSP48E2_X5Y48        DSP_M_DATA (Prop_DSP_M_DATA_DSP48E2_V[43]_V_DATA[43])
                                                      0.046     0.728 r  <hidden>
                         net (fo=1, routed)           0.000     0.728    <hidden>
    DSP48E2_X5Y48        DSP_ALU (Prop_DSP_ALU_DSP48E2_V_DATA[43]_ALU_OUT[47])
                                                      0.571     1.299 r  <hidden>
                         net (fo=1, routed)           0.000     1.299    <hidden>
    DSP48E2_X5Y48        DSP_OUTPUT (Prop_DSP_OUTPUT_DSP48E2_ALU_OUT[47]_PATTERN_DETECT)
                                                      0.363     1.662 r  <hidden>
                         net (fo=2, routed)           0.270     1.932    <hidden>
    SLICE_X57Y123        LUT5 (Prop_C6LUT_SLICEM_I1_O)
                                                      0.051     1.983 r  <hidden>
                         net (fo=1, routed)           0.021     2.004    <hidden>
    SLICE_X57Y123        CARRY8 (Prop_CARRY8_SLICEM_S[2]_CO[2])
                                                      0.063     2.067 f  <hidden>
                         net (fo=1, routed)           0.432     2.499    <hidden>
    DSP48E2_X6Y50        DSP_A_B_DATA (Prop_DSP_A_B_DATA_DSP48E2_B[1]_B_ALU[1])
                                                      0.165     2.664 r  <hidden>
                         net (fo=1, routed)           0.000     2.664    <hidden>
    DSP48E2_X6Y50        DSP_ALU (Prop_DSP_ALU_DSP48E2_B_ALU[1]_ALU_OUT[1])
                                                      0.541     3.205 f  <hidden>
                         net (fo=1, routed)           0.000     3.205    <hidden>
    DSP48E2_X6Y50        DSP_OUTPUT (Prop_DSP_OUTPUT_DSP48E2_ALU_OUT[1]_P[1])
                                                      0.109     3.314 r  <hidden>
                         net (fo=1, routed)           0.239     3.553    <hidden>
    SLICE_X64Y125        FDRE                                         r  <hidden>
  -------------------------------------------------------------------    -------------------

                         (clock ap_clk rise edge)     0.000     0.000 r  
                                                      0.000     0.000 r  ap_clk (IN)
                         net (fo=2591, unset)         0.021     0.021    <hidden>
    SLICE_X64Y125        FDRE                                         r  <hidden>

Slack:                    inf
  Source:                 <hidden>
                            (internal pin)
  Destination:            <hidden>
                            (rising edge-triggered cell FDRE clocked by ap_clk  {rise@0.000ns fall@1.665ns period=3.330ns})
  Path Group:             (none)
  Path Type:              Setup (Max at Slow Process Corner)
  Data Path Delay:        3.550ns  (logic 2.591ns (72.985%)  route 0.959ns (27.015%))
  Logic Levels:           10  (CARRY8=1 DSP_A_B_DATA=1 DSP_ALU=2 DSP_M_DATA=1 DSP_MULTIPLIER=1 DSP_OUTPUT=2 DSP_PREADD_DATA=1 LUT5=1)
  Clock Uncertainty:      0.025ns  ((TSJ^2 + TIJ^2)^1/2 + DJ) / 2 + PE
    Total System Jitter     (TSJ):    0.050ns
    Total Input Jitter      (TIJ):    0.000ns
    Discrete Jitter          (DJ):    0.000ns
    Phase Error              (PE):    0.000ns

    Location             Delay type                Incr(ns)  Path(ns)    Netlist Resource(s)
  -------------------------------------------------------------------    -------------------
    DSP48E2_X5Y48        DSP_A_B_DATA                 0.000     0.000 r  <hidden>
                         net (fo=1, routed)           0.000     0.000    <hidden>
    DSP48E2_X5Y48        DSP_PREADD_DATA (Prop_DSP_PREADD_DATA_DSP48E2_B2_DATA[17]_B2B1[17])
                                                      0.073     0.073 r  <hidden>
                         net (fo=1, routed)           0.000     0.073    <hidden>
    DSP48E2_X5Y48        DSP_MULTIPLIER (Prop_DSP_MULTIPLIER_DSP48E2_B2B1[17]_V[43])
                                                      0.609     0.682 f  <hidden>
                         net (fo=1, routed)           0.000     0.682    <hidden>
    DSP48E2_X5Y48        DSP_M_DATA (Prop_DSP_M_DATA_DSP48E2_V[43]_V_DATA[43])
                                                      0.046     0.728 r  <hidden>
                         net (fo=1, routed)           0.000     0.728    <hidden>
    DSP48E2_X5Y48        DSP_ALU (Prop_DSP_ALU_DSP48E2_V_DATA[43]_ALU_OUT[47])
                                                      0.571     1.299 r  <hidden>
                         net (fo=1, routed)           0.000     1.299    <hidden>
    DSP48E2_X5Y48        DSP_OUTPUT (Prop_DSP_OUTPUT_DSP48E2_ALU_OUT[47]_PATTERN_DETECT)
                                                      0.363     1.662 r  <hidden>
                         net (fo=2, routed)           0.270     1.932    <hidden>
    SLICE_X57Y123        LUT5 (Prop_C6LUT_SLICEM_I1_O)
                                                      0.051     1.983 r  <hidden>
                         net (fo=1, routed)           0.021     2.004    <hidden>
    SLICE_X57Y123        CARRY8 (Prop_CARRY8_SLICEM_S[2]_CO[2])
                                                      0.063     2.067 f  <hidden>
                         net (fo=1, routed)           0.432     2.499    <hidden>
    DSP48E2_X6Y50        DSP_A_B_DATA (Prop_DSP_A_B_DATA_DSP48E2_B[1]_B_ALU[1])
                                                      0.165     2.664 r  <hidden>
                         net (fo=1, routed)           0.000     2.664    <hidden>
    DSP48E2_X6Y50        DSP_ALU (Prop_DSP_ALU_DSP48E2_B_ALU[1]_ALU_OUT[3])
                                                      0.541     3.205 f  <hidden>
                         net (fo=1, routed)           0.000     3.205    <hidden>
    DSP48E2_X6Y50        DSP_OUTPUT (Prop_DSP_OUTPUT_DSP48E2_ALU_OUT[3]_P[3])
                                                      0.109     3.314 r  <hidden>
                         net (fo=1, routed)           0.236     3.550    <hidden>
    SLICE_X64Y125        FDRE                                         r  <hidden>
  -------------------------------------------------------------------    -------------------

                         (clock ap_clk rise edge)     0.000     0.000 r  
                                                      0.000     0.000 r  ap_clk (IN)
                         net (fo=2591, unset)         0.021     0.021    <hidden>
    SLICE_X64Y125        FDRE                                         r  <hidden>

Slack:                    inf
  Source:                 <hidden>
                            (internal pin)
  Destination:            <hidden>
                            (rising edge-triggered cell FDRE clocked by ap_clk  {rise@0.000ns fall@1.665ns period=3.330ns})
  Path Group:             (none)
  Path Type:              Setup (Max at Slow Process Corner)
  Data Path Delay:        3.549ns  (logic 2.591ns (73.005%)  route 0.958ns (26.995%))
  Logic Levels:           10  (CARRY8=1 DSP_A_B_DATA=1 DSP_ALU=2 DSP_M_DATA=1 DSP_MULTIPLIER=1 DSP_OUTPUT=2 DSP_PREADD_DATA=1 LUT5=1)
  Clock Uncertainty:      0.025ns  ((TSJ^2 + TIJ^2)^1/2 + DJ) / 2 + PE
    Total System Jitter     (TSJ):    0.050ns
    Total Input Jitter      (TIJ):    0.000ns
    Discrete Jitter          (DJ):    0.000ns
    Phase Error              (PE):    0.000ns

    Location             Delay type                Incr(ns)  Path(ns)    Netlist Resource(s)
  -------------------------------------------------------------------    -------------------
    DSP48E2_X5Y48        DSP_A_B_DATA                 0.000     0.000 r  <hidden>
                         net (fo=1, routed)           0.000     0.000    <hidden>
    DSP48E2_X5Y48        DSP_PREADD_DATA (Prop_DSP_PREADD_DATA_DSP48E2_B2_DATA[17]_B2B1[17])
                                                      0.073     0.073 r  <hidden>
                         net (fo=1, routed)           0.000     0.073    <hidden>
    DSP48E2_X5Y48        DSP_MULTIPLIER (Prop_DSP_MULTIPLIER_DSP48E2_B2B1[17]_V[43])
                                                      0.609     0.682 f  <hidden>
                         net (fo=1, routed)           0.000     0.682    <hidden>
    DSP48E2_X5Y48        DSP_M_DATA (Prop_DSP_M_DATA_DSP48E2_V[43]_V_DATA[43])
                                                      0.046     0.728 r  <hidden>
                         net (fo=1, routed)           0.000     0.728    <hidden>
    DSP48E2_X5Y48        DSP_ALU (Prop_DSP_ALU_DSP48E2_V_DATA[43]_ALU_OUT[47])
                                                      0.571     1.299 r  <hidden>
                         net (fo=1, routed)           0.000     1.299    <hidden>
    DSP48E2_X5Y48        DSP_OUTPUT (Prop_DSP_OUTPUT_DSP48E2_ALU_OUT[47]_PATTERN_DETECT)
                                                      0.363     1.662 r  <hidden>
                         net (fo=2, routed)           0.270     1.932    <hidden>
    SLICE_X57Y123        LUT5 (Prop_C6LUT_SLICEM_I1_O)
                                                      0.051     1.983 r  <hidden>
                         net (fo=1, routed)           0.021     2.004    <hidden>
    SLICE_X57Y123        CARRY8 (Prop_CARRY8_SLICEM_S[2]_CO[2])
                                                      0.063     2.067 f  <hidden>
                         net (fo=1, routed)           0.432     2.499    <hidden>
    DSP48E2_X6Y50        DSP_A_B_DATA (Prop_DSP_A_B_DATA_DSP48E2_B[1]_B_ALU[1])
                                                      0.165     2.664 r  <hidden>
                         net (fo=1, routed)           0.000     2.664    <hidden>
    DSP48E2_X6Y50        DSP_ALU (Prop_DSP_ALU_DSP48E2_B_ALU[1]_ALU_OUT[4])
                                                      0.541     3.205 f  <hidden>
                         net (fo=1, routed)           0.000     3.205    <hidden>
    DSP48E2_X6Y50        DSP_OUTPUT (Prop_DSP_OUTPUT_DSP48E2_ALU_OUT[4]_P[4])
                                                      0.109     3.314 r  <hidden>
                         net (fo=1, routed)           0.235     3.549    <hidden>
    SLICE_X64Y125        FDRE                                         r  <hidden>
  -------------------------------------------------------------------    -------------------

                         (clock ap_clk rise edge)     0.000     0.000 r  
                                                      0.000     0.000 r  ap_clk (IN)
                         net (fo=2591, unset)         0.021     0.021    <hidden>
    SLICE_X64Y125        FDRE                                         r  <hidden>





Min Delay Paths
--------------------------------------------------------------------------------------
Slack:                    inf
  Source:                 v31_rd_data[12]
                            (input port)
  Destination:            bd_0_i/hls_inst/inst/grp_node_0_0_Pipeline_l_S_t_1_t_fu_297/mux_case_0119700_fu_810_reg[11]/D
                            (rising edge-triggered cell FDRE clocked by ap_clk  {rise@0.000ns fall@1.665ns period=3.330ns})
  Path Group:             (none)
  Path Type:              Hold (Min at Fast Process Corner)
  Data Path Delay:        0.007ns  (logic 0.000ns (0.000%)  route 0.007ns (100.000%))
  Logic Levels:           0  
  Clock Path Skew:        0.019ns (DCD - SCD - CPR)
    Destination Clock Delay (DCD):    0.019ns
    Source Clock Delay      (SCD):    0.000ns
    Clock Pessimism Removal (CPR):    -0.000ns

    Location             Delay type                Incr(ns)  Path(ns)    Netlist Resource(s)
  -------------------------------------------------------------------    -------------------
                                                      0.000     0.000 r  v31_rd_data[12] (IN)
                         net (fo=1, unset)            0.007     0.007    bd_0_i/hls_inst/inst/grp_node_0_0_Pipeline_l_S_t_1_t_fu_297/v31_dout[12]
    SLICE_X63Y130        FDRE                                         r  bd_0_i/hls_inst/inst/grp_node_0_0_Pipeline_l_S_t_1_t_fu_297/mux_case_0119700_fu_810_reg[11]/D
  -------------------------------------------------------------------    -------------------

                         (clock ap_clk rise edge)     0.000     0.000 r  
                                                      0.000     0.000 r  ap_clk (IN)
                         net (fo=2591, unset)         0.019     0.019    bd_0_i/hls_inst/inst/grp_node_0_0_Pipeline_l_S_t_1_t_fu_297/ap_clk
    SLICE_X63Y130        FDRE                                         r  bd_0_i/hls_inst/inst/grp_node_0_0_Pipeline_l_S_t_1_t_fu_297/mux_case_0119700_fu_810_reg[11]/C

Slack:                    inf
  Source:                 v31_rd_data[13]
                            (input port)
  Destination:            bd_0_i/hls_inst/inst/grp_node_0_0_Pipeline_l_S_t_1_t_fu_297/mux_case_0119700_fu_810_reg[12]/D
                            (rising edge-triggered cell FDRE clocked by ap_clk  {rise@0.000ns fall@1.665ns period=3.330ns})
  Path Group:             (none)
  Path Type:              Hold (Min at Fast Process Corner)
  Data Path Delay:        0.007ns  (logic 0.000ns (0.000%)  route 0.007ns (100.000%))
  Logic Levels:           0  
  Clock Path Skew:        0.019ns (DCD - SCD - CPR)
    Destination Clock Delay (DCD):    0.019ns
    Source Clock Delay      (SCD):    0.000ns
    Clock Pessimism Removal (CPR):    -0.000ns

    Location             Delay type                Incr(ns)  Path(ns)    Netlist Resource(s)
  -------------------------------------------------------------------    -------------------
                                                      0.000     0.000 r  v31_rd_data[13] (IN)
                         net (fo=1, unset)            0.007     0.007    bd_0_i/hls_inst/inst/grp_node_0_0_Pipeline_l_S_t_1_t_fu_297/v31_dout[13]
    SLICE_X64Y129        FDRE                                         r  bd_0_i/hls_inst/inst/grp_node_0_0_Pipeline_l_S_t_1_t_fu_297/mux_case_0119700_fu_810_reg[12]/D
  -------------------------------------------------------------------    -------------------

                         (clock ap_clk rise edge)     0.000     0.000 r  
                                                      0.000     0.000 r  ap_clk (IN)
                         net (fo=2591, unset)         0.019     0.019    bd_0_i/hls_inst/inst/grp_node_0_0_Pipeline_l_S_t_1_t_fu_297/ap_clk
    SLICE_X64Y129        FDRE                                         r  bd_0_i/hls_inst/inst/grp_node_0_0_Pipeline_l_S_t_1_t_fu_297/mux_case_0119700_fu_810_reg[12]/C

Slack:                    inf
  Source:                 v31_rd_data[5]
                            (input port)
  Destination:            bd_0_i/hls_inst/inst/grp_node_0_0_Pipeline_l_S_t_1_t_fu_297/mux_case_0119700_fu_810_reg[4]/D
                            (rising edge-triggered cell FDRE clocked by ap_clk  {rise@0.000ns fall@1.665ns period=3.330ns})
  Path Group:             (none)
  Path Type:              Hold (Min at Fast Process Corner)
  Data Path Delay:        0.007ns  (logic 0.000ns (0.000%)  route 0.007ns (100.000%))
  Logic Levels:           0  
  Clock Path Skew:        0.019ns (DCD - SCD - CPR)
    Destination Clock Delay (DCD):    0.019ns
    Source Clock Delay      (SCD):    0.000ns
    Clock Pessimism Removal (CPR):    -0.000ns

    Location             Delay type                Incr(ns)  Path(ns)    Netlist Resource(s)
  -------------------------------------------------------------------    -------------------
                                                      0.000     0.000 r  v31_rd_data[5] (IN)
                         net (fo=1, unset)            0.007     0.007    bd_0_i/hls_inst/inst/grp_node_0_0_Pipeline_l_S_t_1_t_fu_297/v31_dout[5]
    SLICE_X64Y118        FDRE                                         r  bd_0_i/hls_inst/inst/grp_node_0_0_Pipeline_l_S_t_1_t_fu_297/mux_case_0119700_fu_810_reg[4]/D
  -------------------------------------------------------------------    -------------------

                         (clock ap_clk rise edge)     0.000     0.000 r  
                                                      0.000     0.000 r  ap_clk (IN)
                         net (fo=2591, unset)         0.019     0.019    bd_0_i/hls_inst/inst/grp_node_0_0_Pipeline_l_S_t_1_t_fu_297/ap_clk
    SLICE_X64Y118        FDRE                                         r  bd_0_i/hls_inst/inst/grp_node_0_0_Pipeline_l_S_t_1_t_fu_297/mux_case_0119700_fu_810_reg[4]/C

Slack:                    inf
  Source:                 v31_rd_data[6]
                            (input port)
  Destination:            bd_0_i/hls_inst/inst/grp_node_0_0_Pipeline_l_S_t_1_t_fu_297/mux_case_0119700_fu_810_reg[5]/D
                            (rising edge-triggered cell FDRE clocked by ap_clk  {rise@0.000ns fall@1.665ns period=3.330ns})
  Path Group:             (none)
  Path Type:              Hold (Min at Fast Process Corner)
  Data Path Delay:        0.007ns  (logic 0.000ns (0.000%)  route 0.007ns (100.000%))
  Logic Levels:           0  
  Clock Path Skew:        0.019ns (DCD - SCD - CPR)
    Destination Clock Delay (DCD):    0.019ns
    Source Clock Delay      (SCD):    0.000ns
    Clock Pessimism Removal (CPR):    -0.000ns

    Location             Delay type                Incr(ns)  Path(ns)    Netlist Resource(s)
  -------------------------------------------------------------------    -------------------
                                                      0.000     0.000 r  v31_rd_data[6] (IN)
                         net (fo=1, unset)            0.007     0.007    bd_0_i/hls_inst/inst/grp_node_0_0_Pipeline_l_S_t_1_t_fu_297/v31_dout[6]
    SLICE_X64Y124        FDRE                                         r  bd_0_i/hls_inst/inst/grp_node_0_0_Pipeline_l_S_t_1_t_fu_297/mux_case_0119700_fu_810_reg[5]/D
  -------------------------------------------------------------------    -------------------

                         (clock ap_clk rise edge)     0.000     0.000 r  
                                                      0.000     0.000 r  ap_clk (IN)
                         net (fo=2591, unset)         0.019     0.019    bd_0_i/hls_inst/inst/grp_node_0_0_Pipeline_l_S_t_1_t_fu_297/ap_clk
    SLICE_X64Y124        FDRE                                         r  bd_0_i/hls_inst/inst/grp_node_0_0_Pipeline_l_S_t_1_t_fu_297/mux_case_0119700_fu_810_reg[5]/C

Slack:                    inf
  Source:                 v31_rd_data[8]
                            (input port)
  Destination:            bd_0_i/hls_inst/inst/grp_node_0_0_Pipeline_l_S_t_1_t_fu_297/mux_case_0119700_fu_810_reg[7]/D
                            (rising edge-triggered cell FDRE clocked by ap_clk  {rise@0.000ns fall@1.665ns period=3.330ns})
  Path Group:             (none)
  Path Type:              Hold (Min at Fast Process Corner)
  Data Path Delay:        0.007ns  (logic 0.000ns (0.000%)  route 0.007ns (100.000%))
  Logic Levels:           0  
  Clock Path Skew:        0.019ns (DCD - SCD - CPR)
    Destination Clock Delay (DCD):    0.019ns
    Source Clock Delay      (SCD):    0.000ns
    Clock Pessimism Removal (CPR):    -0.000ns

    Location             Delay type                Incr(ns)  Path(ns)    Netlist Resource(s)
  -------------------------------------------------------------------    -------------------
                                                      0.000     0.000 r  v31_rd_data[8] (IN)
                         net (fo=1, unset)            0.007     0.007    bd_0_i/hls_inst/inst/grp_node_0_0_Pipeline_l_S_t_1_t_fu_297/v31_dout[8]
    SLICE_X65Y112        FDRE                                         r  bd_0_i/hls_inst/inst/grp_node_0_0_Pipeline_l_S_t_1_t_fu_297/mux_case_0119700_fu_810_reg[7]/D
  -------------------------------------------------------------------    -------------------

                         (clock ap_clk rise edge)     0.000     0.000 r  
                                                      0.000     0.000 r  ap_clk (IN)
                         net (fo=2591, unset)         0.019     0.019    bd_0_i/hls_inst/inst/grp_node_0_0_Pipeline_l_S_t_1_t_fu_297/ap_clk
    SLICE_X65Y112        FDRE                                         r  bd_0_i/hls_inst/inst/grp_node_0_0_Pipeline_l_S_t_1_t_fu_297/mux_case_0119700_fu_810_reg[7]/C

Slack:                    inf
  Source:                 v31_rd_data[9]
                            (input port)
  Destination:            bd_0_i/hls_inst/inst/grp_node_0_0_Pipeline_l_S_t_1_t_fu_297/mux_case_0119700_fu_810_reg[8]/D
                            (rising edge-triggered cell FDRE clocked by ap_clk  {rise@0.000ns fall@1.665ns period=3.330ns})
  Path Group:             (none)
  Path Type:              Hold (Min at Fast Process Corner)
  Data Path Delay:        0.007ns  (logic 0.000ns (0.000%)  route 0.007ns (100.000%))
  Logic Levels:           0  
  Clock Path Skew:        0.019ns (DCD - SCD - CPR)
    Destination Clock Delay (DCD):    0.019ns
    Source Clock Delay      (SCD):    0.000ns
    Clock Pessimism Removal (CPR):    -0.000ns

    Location             Delay type                Incr(ns)  Path(ns)    Netlist Resource(s)
  -------------------------------------------------------------------    -------------------
                                                      0.000     0.000 r  v31_rd_data[9] (IN)
                         net (fo=1, unset)            0.007     0.007    bd_0_i/hls_inst/inst/grp_node_0_0_Pipeline_l_S_t_1_t_fu_297/v31_dout[9]
    SLICE_X65Y113        FDRE                                         r  bd_0_i/hls_inst/inst/grp_node_0_0_Pipeline_l_S_t_1_t_fu_297/mux_case_0119700_fu_810_reg[8]/D
  -------------------------------------------------------------------    -------------------

                         (clock ap_clk rise edge)     0.000     0.000 r  
                                                      0.000     0.000 r  ap_clk (IN)
                         net (fo=2591, unset)         0.019     0.019    bd_0_i/hls_inst/inst/grp_node_0_0_Pipeline_l_S_t_1_t_fu_297/ap_clk
    SLICE_X65Y113        FDRE                                         r  bd_0_i/hls_inst/inst/grp_node_0_0_Pipeline_l_S_t_1_t_fu_297/mux_case_0119700_fu_810_reg[8]/C

Slack:                    inf
  Source:                 v32_rd_data[5]
                            (input port)
  Destination:            bd_0_i/hls_inst/inst/grp_node_0_0_Pipeline_l_S_t_1_t_fu_297/mux_case_1121711_fu_814_reg[4]/D
                            (rising edge-triggered cell FDRE clocked by ap_clk  {rise@0.000ns fall@1.665ns period=3.330ns})
  Path Group:             (none)
  Path Type:              Hold (Min at Fast Process Corner)
  Data Path Delay:        0.007ns  (logic 0.000ns (0.000%)  route 0.007ns (100.000%))
  Logic Levels:           0  
  Clock Path Skew:        0.019ns (DCD - SCD - CPR)
    Destination Clock Delay (DCD):    0.019ns
    Source Clock Delay      (SCD):    0.000ns
    Clock Pessimism Removal (CPR):    -0.000ns

    Location             Delay type                Incr(ns)  Path(ns)    Netlist Resource(s)
  -------------------------------------------------------------------    -------------------
                                                      0.000     0.000 r  v32_rd_data[5] (IN)
                         net (fo=1, unset)            0.007     0.007    bd_0_i/hls_inst/inst/grp_node_0_0_Pipeline_l_S_t_1_t_fu_297/v32_dout[5]
    SLICE_X65Y114        FDRE                                         r  bd_0_i/hls_inst/inst/grp_node_0_0_Pipeline_l_S_t_1_t_fu_297/mux_case_1121711_fu_814_reg[4]/D
  -------------------------------------------------------------------    -------------------

                         (clock ap_clk rise edge)     0.000     0.000 r  
                                                      0.000     0.000 r  ap_clk (IN)
                         net (fo=2591, unset)         0.019     0.019    bd_0_i/hls_inst/inst/grp_node_0_0_Pipeline_l_S_t_1_t_fu_297/ap_clk
    SLICE_X65Y114        FDRE                                         r  bd_0_i/hls_inst/inst/grp_node_0_0_Pipeline_l_S_t_1_t_fu_297/mux_case_1121711_fu_814_reg[4]/C

Slack:                    inf
  Source:                 v29_rd_data[11]
                            (input port)
  Destination:            bd_0_i/hls_inst/inst/grp_node_0_0_Pipeline_l_S_t_1_t_fu_297/mux_case_2123720_fu_818_reg[10]/D
                            (rising edge-triggered cell FDRE clocked by ap_clk  {rise@0.000ns fall@1.665ns period=3.330ns})
  Path Group:             (none)
  Path Type:              Hold (Min at Fast Process Corner)
  Data Path Delay:        0.007ns  (logic 0.000ns (0.000%)  route 0.007ns (100.000%))
  Logic Levels:           0  
  Clock Path Skew:        0.019ns (DCD - SCD - CPR)
    Destination Clock Delay (DCD):    0.019ns
    Source Clock Delay      (SCD):    0.000ns
    Clock Pessimism Removal (CPR):    -0.000ns

    Location             Delay type                Incr(ns)  Path(ns)    Netlist Resource(s)
  -------------------------------------------------------------------    -------------------
                                                      0.000     0.000 r  v29_rd_data[11] (IN)
                         net (fo=1, unset)            0.007     0.007    bd_0_i/hls_inst/inst/grp_node_0_0_Pipeline_l_S_t_1_t_fu_297/v29_dout[11]
    SLICE_X65Y130        FDRE                                         r  bd_0_i/hls_inst/inst/grp_node_0_0_Pipeline_l_S_t_1_t_fu_297/mux_case_2123720_fu_818_reg[10]/D
  -------------------------------------------------------------------    -------------------

                         (clock ap_clk rise edge)     0.000     0.000 r  
                                                      0.000     0.000 r  ap_clk (IN)
                         net (fo=2591, unset)         0.019     0.019    bd_0_i/hls_inst/inst/grp_node_0_0_Pipeline_l_S_t_1_t_fu_297/ap_clk
    SLICE_X65Y130        FDRE                                         r  bd_0_i/hls_inst/inst/grp_node_0_0_Pipeline_l_S_t_1_t_fu_297/mux_case_2123720_fu_818_reg[10]/C

Slack:                    inf
  Source:                 v29_rd_data[14]
                            (input port)
  Destination:            bd_0_i/hls_inst/inst/grp_node_0_0_Pipeline_l_S_t_1_t_fu_297/mux_case_2123720_fu_818_reg[13]/D
                            (rising edge-triggered cell FDRE clocked by ap_clk  {rise@0.000ns fall@1.665ns period=3.330ns})
  Path Group:             (none)
  Path Type:              Hold (Min at Fast Process Corner)
  Data Path Delay:        0.007ns  (logic 0.000ns (0.000%)  route 0.007ns (100.000%))
  Logic Levels:           0  
  Clock Path Skew:        0.019ns (DCD - SCD - CPR)
    Destination Clock Delay (DCD):    0.019ns
    Source Clock Delay      (SCD):    0.000ns
    Clock Pessimism Removal (CPR):    -0.000ns

    Location             Delay type                Incr(ns)  Path(ns)    Netlist Resource(s)
  -------------------------------------------------------------------    -------------------
                                                      0.000     0.000 r  v29_rd_data[14] (IN)
                         net (fo=1, unset)            0.007     0.007    bd_0_i/hls_inst/inst/grp_node_0_0_Pipeline_l_S_t_1_t_fu_297/v29_dout[14]
    SLICE_X65Y130        FDRE                                         r  bd_0_i/hls_inst/inst/grp_node_0_0_Pipeline_l_S_t_1_t_fu_297/mux_case_2123720_fu_818_reg[13]/D
  -------------------------------------------------------------------    -------------------

                         (clock ap_clk rise edge)     0.000     0.000 r  
                                                      0.000     0.000 r  ap_clk (IN)
                         net (fo=2591, unset)         0.019     0.019    bd_0_i/hls_inst/inst/grp_node_0_0_Pipeline_l_S_t_1_t_fu_297/ap_clk
    SLICE_X65Y130        FDRE                                         r  bd_0_i/hls_inst/inst/grp_node_0_0_Pipeline_l_S_t_1_t_fu_297/mux_case_2123720_fu_818_reg[13]/C

Slack:                    inf
  Source:                 v29_rd_data[3]
                            (input port)
  Destination:            bd_0_i/hls_inst/inst/grp_node_0_0_Pipeline_l_S_t_1_t_fu_297/mux_case_2123720_fu_818_reg[2]/D
                            (rising edge-triggered cell FDRE clocked by ap_clk  {rise@0.000ns fall@1.665ns period=3.330ns})
  Path Group:             (none)
  Path Type:              Hold (Min at Fast Process Corner)
  Data Path Delay:        0.007ns  (logic 0.000ns (0.000%)  route 0.007ns (100.000%))
  Logic Levels:           0  
  Clock Path Skew:        0.019ns (DCD - SCD - CPR)
    Destination Clock Delay (DCD):    0.019ns
    Source Clock Delay      (SCD):    0.000ns
    Clock Pessimism Removal (CPR):    -0.000ns

    Location             Delay type                Incr(ns)  Path(ns)    Netlist Resource(s)
  -------------------------------------------------------------------    -------------------
                                                      0.000     0.000 r  v29_rd_data[3] (IN)
                         net (fo=1, unset)            0.007     0.007    bd_0_i/hls_inst/inst/grp_node_0_0_Pipeline_l_S_t_1_t_fu_297/v29_dout[3]
    SLICE_X64Y114        FDRE                                         r  bd_0_i/hls_inst/inst/grp_node_0_0_Pipeline_l_S_t_1_t_fu_297/mux_case_2123720_fu_818_reg[2]/D
  -------------------------------------------------------------------    -------------------

                         (clock ap_clk rise edge)     0.000     0.000 r  
                                                      0.000     0.000 r  ap_clk (IN)
                         net (fo=2591, unset)         0.019     0.019    bd_0_i/hls_inst/inst/grp_node_0_0_Pipeline_l_S_t_1_t_fu_297/ap_clk
    SLICE_X64Y114        FDRE                                         r  bd_0_i/hls_inst/inst/grp_node_0_0_Pipeline_l_S_t_1_t_fu_297/mux_case_2123720_fu_818_reg[2]/C





