-- Catapult Ultra Synthesis: Report                                              
-- ------------------------- ---------------------------------------------------
-- Version:                  2024.2/1130128 Production Release                   
-- Build Date:               Mon Aug 26 21:59:12 PDT 2024                        
                                                                                 
-- Generated by:             zsm9@zhang-21.ece.cornell.edu                       
-- Generated date:           Mon Aug 03 14:51:47 EDT 2026                        

Solution Settings: top.v1
  Current state: extract
  Project: Catapult

Design Input Files Specified
  $PROJECT_HOME/../kernel.cpp
    $MGC_HOME/shared/include/systemc.h
      $MGC_HOME/shared/include/systemc
        $MGC_HOME/shared/include/sysc/kernel/sc_cmnhdr.h
        $MGC_HOME/shared/include/sysc/kernel/sc_externs.h
        $MGC_HOME/shared/include/sysc/kernel/sc_except.h
          $MGC_HOME/shared/include/sysc/kernel/sc_cmnhdr.h
        $MGC_HOME/shared/include/sysc/kernel/sc_module.h
          $MGC_HOME/shared/include/sysc/kernel/sc_kernel_ids.h
            $MGC_HOME/shared/include/sysc/utils/sc_report.h
              $MGC_HOME/shared/include/sysc/kernel/sc_cmnhdr.h
              $MGC_HOME/shared/include/sysc/utils/sc_report_handler.h
          $MGC_HOME/shared/include/sysc/kernel/sc_process.h
            $MGC_HOME/shared/include/sysc/kernel/sc_constants.h
            $MGC_HOME/shared/include/sysc/kernel/sc_object.h
              $MGC_HOME/shared/include/sysc/kernel/sc_attribute.h
                $MGC_HOME/shared/include/sysc/kernel/sc_cmnhdr.h
            $MGC_HOME/shared/include/sysc/communication/sc_export.h
              $MGC_HOME/shared/include/sysc/communication/sc_communication_ids.h
              $MGC_HOME/shared/include/sysc/communication/sc_interface.h
                $MGC_HOME/shared/include/sysc/kernel/sc_cmnhdr.h
              $MGC_HOME/shared/include/sysc/utils/sc_typeindex.h
                $MGC_HOME/shared/include/sysc/kernel/sc_cmnhdr.h
          $MGC_HOME/shared/include/sysc/kernel/sc_module_name.h
          $MGC_HOME/shared/include/sysc/kernel/sc_sensitive.h
          $MGC_HOME/shared/include/sysc/kernel/sc_time.h
            $MGC_HOME/shared/include/sysc/datatypes/int/sc_nbdefs.h
              $MGC_HOME/shared/include/sysc/kernel/sc_cmnhdr.h
            $MGC_HOME/shared/include/sysc/datatypes/fx/scfx_ieee.h
              $MGC_HOME/shared/include/sysc/datatypes/fx/sc_fxdefs.h
                $MGC_HOME/shared/include/sysc/kernel/sc_cmnhdr.h
                $MGC_HOME/shared/include/sysc/utils/sc_machine.h
                  $MGC_HOME/shared/include/sysc/packages/boost/detail/endian.hpp
                $MGC_HOME/shared/include/sysc/datatypes/fx/sc_fx_ids.h
                $MGC_HOME/shared/include/sysc/datatypes/int/sc_nbutils.h
                  $MGC_HOME/shared/include/sysc/datatypes/bit/sc_bit_ids.h
                  $MGC_HOME/shared/include/sysc/datatypes/int/sc_int_ids.h
          $MGC_HOME/shared/include/sysc/kernel/sc_wait.h
            $MGC_HOME/shared/include/sysc/kernel/sc_simcontext.h
              $MGC_HOME/shared/include/sysc/kernel/sc_cmnhdr.h
              $MGC_HOME/shared/include/sysc/kernel/sc_status.h
                $MGC_HOME/shared/include/sysc/kernel/sc_cmnhdr.h
              $MGC_HOME/shared/include/sysc/utils/sc_hash.h
                $MGC_HOME/shared/include/sysc/kernel/sc_simcontext.h
              $MGC_HOME/shared/include/sysc/utils/sc_pq.h
                $MGC_HOME/shared/include/sysc/kernel/sc_cmnhdr.h
          $MGC_HOME/shared/include/sysc/kernel/sc_wait_cthread.h
            $MGC_HOME/shared/include/sysc/datatypes/bit/sc_logic.h
              $MGC_HOME/shared/include/sysc/kernel/sc_cmnhdr.h
              $MGC_HOME/shared/include/sysc/kernel/sc_macros.h
                $MGC_HOME/shared/include/sysc/kernel/sc_cmnhdr.h
              $MGC_HOME/shared/include/sysc/utils/sc_mempool.h
              $MGC_HOME/shared/include/sysc/datatypes/bit/sc_bit.h
          $MGC_HOME/shared/include/sysc/kernel/sc_process_handle.h
            $MGC_HOME/shared/include/sysc/kernel/sc_module.h
          $MGC_HOME/shared/include/sysc/utils/sc_list.h
            $MGC_HOME/shared/include/sysc/kernel/sc_cmnhdr.h
        $MGC_HOME/shared/include/sysc/kernel/sc_ver.h
          $MGC_HOME/shared/include/sysc/kernel/sc_cmnhdr.h
          $MGC_HOME/shared/include/sysc/communication/sc_writer_policy.h
        $MGC_HOME/shared/include/sysc/communication/sc_buffer.h
          $MGC_HOME/shared/include/sysc/communication/sc_signal.h
            $MGC_HOME/shared/include/sysc/communication/sc_port.h
              $MGC_HOME/shared/include/sysc/kernel/sc_event.h
                $MGC_HOME/shared/include/sysc/kernel/sc_cmnhdr.h
            $MGC_HOME/shared/include/sysc/communication/sc_prim_channel.h
            $MGC_HOME/shared/include/sysc/communication/sc_signal_ifs.h
            $MGC_HOME/shared/include/sysc/tracing/sc_trace.h
        $MGC_HOME/shared/include/sysc/communication/sc_clock.h
        $MGC_HOME/shared/include/sysc/communication/sc_clock_ports.h
          $MGC_HOME/shared/include/sysc/communication/sc_signal_ports.h
            $MGC_HOME/shared/include/sysc/communication/sc_event_finder.h
        $MGC_HOME/shared/include/sysc/communication/sc_event_queue.h
        $MGC_HOME/shared/include/sysc/communication/sc_fifo.h
          $MGC_HOME/shared/include/sysc/communication/sc_fifo_ifs.h
        $MGC_HOME/shared/include/sysc/communication/sc_fifo_ports.h
        $MGC_HOME/shared/include/sysc/communication/sc_mutex.h
          $MGC_HOME/shared/include/sysc/communication/sc_mutex_if.h
        $MGC_HOME/shared/include/sysc/communication/sc_semaphore.h
          $MGC_HOME/shared/include/sysc/communication/sc_semaphore_if.h
        $MGC_HOME/shared/include/sysc/communication/sc_signal_resolved.h
        $MGC_HOME/shared/include/sysc/communication/sc_signal_resolved_ports.h
        $MGC_HOME/shared/include/sysc/communication/sc_signal_rv.h
          $MGC_HOME/shared/include/sysc/datatypes/bit/sc_lv.h
            $MGC_HOME/shared/include/sysc/datatypes/bit/sc_lv_base.h
              $MGC_HOME/shared/include/sysc/datatypes/bit/sc_bv_base.h
                $MGC_HOME/shared/include/sysc/datatypes/bit/sc_bit_proxies.h
                  $MGC_HOME/shared/include/sysc/datatypes/bit/sc_proxy.h
                    $MGC_HOME/shared/include/sysc/kernel/sc_cmnhdr.h
                    $MGC_HOME/shared/include/sysc/datatypes/int/sc_signed.h
                      $MGC_HOME/shared/include/sysc/datatypes/misc/sc_value_base.h
                      $MGC_HOME/shared/include/sysc/utils/sc_temporary.h
                        $MGC_HOME/shared/include/sysc/kernel/sc_cmnhdr.h
                      $MGC_HOME/shared/include/sysc/datatypes/int/sc_length_param.h
                        $MGC_HOME/shared/include/sysc/datatypes/fx/sc_context.h
                          $MGC_HOME/shared/include/sysc/kernel/sc_cmnhdr.h
                      $MGC_HOME/shared/include/sysc/datatypes/int/sc_nbexterns.h
                      $MGC_HOME/shared/include/sysc/datatypes/int/sc_unsigned.h
                    $MGC_HOME/shared/include/sysc/datatypes/int/sc_int_base.h
                      $MGC_HOME/shared/include/sysc/kernel/sc_cmnhdr.h
                      $MGC_HOME/shared/include/sysc/datatypes/int/sc_uint_base.h
        $MGC_HOME/shared/include/sysc/communication/sc_signal_rv_ports.h
        $MGC_HOME/shared/include/sysc/datatypes/bit/sc_bv.h
        $MGC_HOME/shared/include/sysc/datatypes/int/sc_bigint.h
        $MGC_HOME/shared/include/sysc/datatypes/int/sc_biguint.h
        $MGC_HOME/shared/include/sysc/datatypes/int/sc_int.h
        $MGC_HOME/shared/include/sysc/datatypes/int/sc_uint.h
        $MGC_HOME/shared/include/sysc/datatypes/misc/sc_concatref.h
        $MGC_HOME/shared/include/sysc/utils/sc_utils_ids.h
        $MGC_HOME/shared/include/sysc/utils/sc_pvector.h
        $MGC_HOME/shared/include/sysc/utils/sc_string_view.h
          $MGC_HOME/shared/include/sysc/kernel/sc_cmnhdr.h
          $MGC_HOME/shared/include/sysc/packages/boost/utility/string_view.hpp
            $MGC_HOME/shared/include/sysc/packages/boost/config.hpp
              $MGC_HOME/shared/include/sysc/packages/boost/config/user.hpp
              $MGC_HOME/shared/include/sysc/packages/boost/config/select_compiler_config.hpp
              $MGC_HOME/shared/include/sysc/packages/boost/config/compiler/gcc.hpp
              $MGC_HOME/shared/include/sysc/packages/boost/config/select_stdlib_config.hpp
              $MGC_HOME/shared/include/sysc/packages/boost/config/stdlib/libstdcpp3.hpp
              $MGC_HOME/shared/include/sysc/packages/boost/config/select_platform_config.hpp
              $MGC_HOME/shared/include/sysc/packages/boost/config/platform/linux.hpp
                $MGC_HOME/shared/include/sysc/packages/boost/config/posix_features.hpp
              $MGC_HOME/shared/include/sysc/packages/boost/config/suffix.hpp
            $MGC_HOME/shared/include/sysc/packages/boost/utility/string_view_fwd.hpp
        $MGC_HOME/shared/include/sysc/utils/sc_vector.h
    $MGC_HOME/shared/include/mc_connections.h
      $MGC_HOME/shared/include/ac_sysc_macros.h
      $MGC_HOME/shared/include/ac_sysc_trace.h
      $MGC_HOME/shared/include/connections/connections.h
        $MGC_HOME/shared/include/connections/marshaller.h
          $MGC_HOME/shared/include/ccs_types.h
            $MGC_HOME/shared/include/tlm.h
              $MGC_HOME/shared/include/tlm
                $MGC_HOME/shared/include/systemc
                $MGC_HOME/shared/include/tlm_core/tlm_2/tlm_version.h
                $MGC_HOME/shared/include/tlm_core/tlm_1/tlm_analysis/tlm_analysis.h
                  $MGC_HOME/shared/include/tlm_core/tlm_1/tlm_analysis/tlm_write_if.h
                    $MGC_HOME/shared/include/systemc
                  $MGC_HOME/shared/include/tlm_core/tlm_1/tlm_analysis/tlm_analysis_if.h
                  $MGC_HOME/shared/include/tlm_core/tlm_1/tlm_analysis/tlm_analysis_triple.h
                  $MGC_HOME/shared/include/tlm_core/tlm_1/tlm_analysis/tlm_analysis_port.h
                  $MGC_HOME/shared/include/tlm_core/tlm_1/tlm_analysis/tlm_analysis_fifo.h
                    $MGC_HOME/shared/include/tlm_core/tlm_1/tlm_req_rsp/tlm_channels/tlm_fifo/tlm_fifo.h
                      $MGC_HOME/shared/include/tlm_core/tlm_1/tlm_req_rsp/tlm_1_interfaces/tlm_fifo_ifs.h
                        $MGC_HOME/shared/include/tlm_core/tlm_1/tlm_req_rsp/tlm_1_interfaces/tlm_core_ifs.h
                          $MGC_HOME/shared/include/tlm_core/tlm_1/tlm_req_rsp/tlm_1_interfaces/tlm_tag.h
                      $MGC_HOME/shared/include/tlm_core/tlm_1/tlm_req_rsp/tlm_channels/tlm_fifo/circular_buffer.h
                      $MGC_HOME/shared/include/tlm_core/tlm_1/tlm_req_rsp/tlm_channels/tlm_fifo/tlm_fifo_put_get.h
                      $MGC_HOME/shared/include/tlm_core/tlm_1/tlm_req_rsp/tlm_channels/tlm_fifo/tlm_fifo_peek.h
                      $MGC_HOME/shared/include/tlm_core/tlm_1/tlm_req_rsp/tlm_channels/tlm_fifo/tlm_fifo_resize.h
                $MGC_HOME/shared/include/tlm_core/tlm_1/tlm_req_rsp/tlm_req_rsp.h
                  $MGC_HOME/shared/include/tlm_core/tlm_1/tlm_req_rsp/tlm_1_interfaces/tlm_master_slave_ifs.h
                  $MGC_HOME/shared/include/tlm_core/tlm_1/tlm_req_rsp/tlm_channels/tlm_req_rsp_channels/tlm_req_rsp_channels.h
                    $MGC_HOME/shared/include/tlm_core/tlm_1/tlm_req_rsp/tlm_adapters/tlm_adapters.h
                    $MGC_HOME/shared/include/tlm_core/tlm_1/tlm_req_rsp/tlm_channels/tlm_req_rsp_channels/tlm_put_get_imp.h
                  $MGC_HOME/shared/include/tlm_core/tlm_1/tlm_req_rsp/tlm_ports/tlm_nonblocking_port.h
                    $MGC_HOME/shared/include/tlm_core/tlm_1/tlm_req_rsp/tlm_ports/tlm_event_finder.h
                $MGC_HOME/shared/include/tlm_core/tlm_2/tlm_2_interfaces/tlm_2_interfaces.h
                  $MGC_HOME/shared/include/tlm_core/tlm_2/tlm_2_interfaces/tlm_dmi.h
                    $MGC_HOME/shared/include/systemc
                  $MGC_HOME/shared/include/tlm_core/tlm_2/tlm_2_interfaces/tlm_fw_bw_ifs.h
                    $MGC_HOME/shared/include/systemc
                    $MGC_HOME/shared/include/tlm_core/tlm_2/tlm_generic_payload/tlm_generic_payload.h
                      $MGC_HOME/shared/include/tlm_core/tlm_2/tlm_generic_payload/tlm_helpers.h
                      $MGC_HOME/shared/include/tlm_core/tlm_2/tlm_generic_payload/tlm_phase.h
                        $MGC_HOME/shared/include/sysc/kernel/sc_cmnhdr.h
                      $MGC_HOME/shared/include/tlm_core/tlm_2/tlm_generic_payload/tlm_gp.h
                        $MGC_HOME/shared/include/sysc/kernel/sc_cmnhdr.h
                        $MGC_HOME/shared/include/tlm_core/tlm_2/tlm_generic_payload/tlm_array.h
                      $MGC_HOME/shared/include/tlm_core/tlm_2/tlm_generic_payload/tlm_endian_conv.h
                $MGC_HOME/shared/include/tlm_core/tlm_2/tlm_sockets/tlm_sockets.h
                  $MGC_HOME/shared/include/tlm_core/tlm_2/tlm_sockets/tlm_initiator_socket.h
                    $MGC_HOME/shared/include/tlm_core/tlm_2/tlm_sockets/tlm_base_socket_if.h
                  $MGC_HOME/shared/include/tlm_core/tlm_2/tlm_sockets/tlm_target_socket.h
                $MGC_HOME/shared/include/tlm_core/tlm_2/tlm_quantum/tlm_quantum.h
                  $MGC_HOME/shared/include/tlm_core/tlm_2/tlm_quantum/tlm_global_quantum.h
            $MGC_HOME/shared/include/ac_sc.h
              $MGC_HOME/shared/include/ac_complex.h
                $MGC_HOME/shared/include/ac_float.h
                  $MGC_HOME/shared/include/ac_fixed.h
                    $MGC_HOME/shared/include/ac_int.h
            $MGC_HOME/shared/include/mc_typeconv.h
          $MGC_HOME/shared/include/connections/connections_utils.h
            $MGC_HOME/shared/include/ac_assert.h
        $MGC_HOME/shared/include/connections/connections_trace.h
          $MGC_HOME/shared/include/systemc
        $MGC_HOME/shared/include/connections/message.h
      $MGC_HOME/shared/include/connections/connections_sync.h
      $MGC_HOME/shared/include/connections/connections_fifo.h
      $MGC_HOME/shared/include/connections/port_scanner.h
        $MGC_HOME/shared/include/systemc
    $MGC_HOME/shared/include/ac_channel.h
    $MGC_HOME/shared/include/ac_std_float.h
    $MGC_HOME/shared/include/mc_scverify.h
      $MGC_HOME/shared/include/ac_assert.h

Processes/Blocks in Design
  Process                                     Real Operation(s) count Latency Throughput Reset Length II Comments 
  ------------------------------------------- ----------------------- ------- ---------- ------------ -- --------
  /top/AlloMemW<ac_int<32,true>,234,8,32>/run                       1       0          2            0  0          
  /top/AlloMemW<half,234,8,16>/run                                  1       0          2            0  0          
  /top/AlloMem<ac_int<32,true>,234,8,32>/run                        4       2          4            0  0          
  /top/AlloMem<half,234,8,16>/run                                   4       2          4            0  0          
  /top/AlloMem<ac_int<32,true>,1,1,32>/run                          3       1          3            0  0          
  /top/rclc_s_0/run                                                22      -1          1          472  0          
  /top/rclc_n_0/run                                                22      -1          1          472  0          
  /top/rclc_e_0/run                                                22      -1          1          472  0          
  /top/rclc_w_0/run                                                22      -1          1          472  0          
  /top/rdrv_s_0/run                                                38      -1          1          705  0          
  /top/rdrv_n_0/run                                                38      -1          1          705  0          
  /top/rdrv_e_0/run                                                38      -1          1          705  0          
  /top/rdrv_w_0/run                                                38      -1          1          705  0          
  /top/col_s_0/run                                                 22      -1          1          472  0          
  /top/col_n_0/run                                                 22      -1          1          472  0          
  /top/col_e_0/run                                                 22      -1          1          472  0          
  /top/col_w_0/run                                                 22      -1          1          472  0          
  /top/drv_s_0/run                                                 44      -1          1          939  0          
  /top/drv_n_0/run                                                 44      -1          1          939  0          
  /top/drv_e_0/run                                                 44      -1          1          939  0          
  /top/drv_w_0/run                                                 44      -1          1          939  0          
  /top/node_0_0/run                                              1960      -1          1         7963  0          
  /top/AlloFifo<ac_int<32,true>,8>/run                             43       1          3            0  0          
  /top/AlloFifo<ac_int<26,false>,8>/run                            43       1          3            0  0          
  /top/AlloFifo<ac_int<17,false>,8>/run                            43       1          3            0  0          
  Design Total:                                                  2606      -9          4         7963  0          
  
Bill Of Materials (Datapath)
  Component Name                                                    Area Score Area(Combinational)  Area(Raw)   AreaSeq Delay Post Alloc Post Assign 
  ----------------------------------------------------------------- ---------- ------------------- ---------- --------- ----- ---------- -----------
  [Lib: VIRTUAL]                                                                                                                                     
  l_S_k_7_k:if#2:v659:equal                                              3.811               0.000      0.000     0.000 0.215          1           0 
  l_S_k_7_k:if#2:v677:equal                                              3.811               0.000      0.000     0.000 0.215          1           0 
  l_S_o_3_o:if:v291:equal                                                2.470               0.000      0.000     0.000 0.201          1           0 
  l_S_t_1_t:if#23:if:v755:equal                                         11.853               0.000      0.000     0.000 0.254          1           0 
  l_S_t_1_t:if#23:v749:equal                                             3.811               0.000      0.000     0.000 0.215          1           0 
  l_S_t_1_t:v795:equal                                                   2.470               0.000      0.000     0.000 0.201          1           0 
  return.add_generic<AC_RND_CONV,false>#1:e1_eq_e2:equal                 6.491               0.000      0.000     0.000 0.233          1           0 
  return.add_generic<AC_RND_CONV,false>#1:m1_eq_m2:equal                14.534               0.000      0.000     0.000 0.261          1           0 
  return.add_generic<AC_RND_CONV,false>:e1_eq_e2:equal                   6.491               0.000      0.000     0.000 0.233          1           0 
  return.add_generic<AC_RND_CONV,false>:m1_eq_m2:equal                  14.534               0.000      0.000     0.000 0.261          1           0 
  return.operator==#1:return.operator==#1:return.operator==#1:equal     21.236               0.000      0.000     0.000 0.274          1           0 
  return.operator==#2:return.operator==#2:return.operator==#2:equal     21.236               0.000      0.000     0.000 0.274          1           0 
  return.operator==#3:return.operator==#3:return.operator==#3:equal     21.236               0.000      0.000     0.000 0.274          1           0 
  return.operator==:return.operator==:return.operator==:equal           21.236               0.000      0.000     0.000 0.274          1           0 
  [Lib: ccs_connections]                                                                                                                             
  ccs_conn_in_wait(106,32,0,0,0,0)                                       0.000               0.000      0.000     0.000 0.000          1           1 
  ccs_conn_in_wait(108,32,0,0,0,0)                                       0.000               0.000      0.000     0.000 0.000          1           1 
  ccs_conn_in_wait(110,32,0,0,0,0)                                       0.000               0.000      0.000     0.000 0.000          1           1 
  ccs_conn_in_wait(112,16,0,0,0,0)                                       0.000               0.000      0.000     0.000 0.000          1           1 
  ccs_conn_in_wait(116,32,0,0,0,0)                                       0.000               0.000      0.000     0.000 0.000          1           1 
  ccs_conn_in_wait(118,32,0,0,0,0)                                       0.000               0.000      0.000     0.000 0.000          1           1 
  ccs_conn_in_wait(120,32,0,0,0,0)                                       0.000               0.000      0.000     0.000 0.000          1           1 
  ccs_conn_in_wait(122,16,0,0,0,0)                                       0.000               0.000      0.000     0.000 0.000          1           1 
  ccs_conn_in_wait(126,32,0,0,0,0)                                       0.000               0.000      0.000     0.000 0.000          1           1 
  ccs_conn_in_wait(128,32,0,0,0,0)                                       0.000               0.000      0.000     0.000 0.000          1           1 
  ccs_conn_in_wait(130,32,0,0,0,0)                                       0.000               0.000      0.000     0.000 0.000          1           1 
  ccs_conn_in_wait(132,16,0,0,0,0)                                       0.000               0.000      0.000     0.000 0.000          1           1 
  ccs_conn_in_wait(136,32,0,0,0,0)                                       0.000               0.000      0.000     0.000 0.000          1           1 
  ccs_conn_in_wait(138,32,0,0,0,0)                                       0.000               0.000      0.000     0.000 0.000          1           1 
  ccs_conn_in_wait(140,32,0,0,0,0)                                       0.000               0.000      0.000     0.000 0.000          1           1 
  ccs_conn_in_wait(142,16,0,0,0,0)                                       0.000               0.000      0.000     0.000 0.000          1           1 
  ccs_conn_in_wait(146,32,0,0,0,0)                                       0.000               0.000      0.000     0.000 0.000          1           1 
  ccs_conn_in_wait(148,17,0,0,0,0)                                       0.000               0.000      0.000     0.000 0.000          1           1 
  ccs_conn_in_wait(152,32,0,0,0,0)                                       0.000               0.000      0.000     0.000 0.000          1           1 
  ccs_conn_in_wait(154,17,0,0,0,0)                                       0.000               0.000      0.000     0.000 0.000          1           1 
  ccs_conn_in_wait(158,32,0,0,0,0)                                       0.000               0.000      0.000     0.000 0.000          1           1 
  ccs_conn_in_wait(160,17,0,0,0,0)                                       0.000               0.000      0.000     0.000 0.000          1           1 
  ccs_conn_in_wait(164,32,0,0,0,0)                                       0.000               0.000      0.000     0.000 0.000          1           1 
  ccs_conn_in_wait(166,17,0,0,0,0)                                       0.000               0.000      0.000     0.000 0.000          1           1 
  ccs_conn_in_wait(17,26,0,0,0,0)                                        0.000               0.000      0.000     0.000 0.000          1           8 
  ccs_conn_in_wait(170,32,0,0,0,0)                                       0.000               0.000      0.000     0.000 0.000          1           1 
  ccs_conn_in_wait(172,32,0,0,0,0)                                       0.000               0.000      0.000     0.000 0.000          1           1 
  ccs_conn_in_wait(174,32,0,0,0,0)                                       0.000               0.000      0.000     0.000 0.000          1           1 
  ccs_conn_in_wait(178,32,0,0,0,0)                                       0.000               0.000      0.000     0.000 0.000          1           1 
  ccs_conn_in_wait(180,32,0,0,0,0)                                       0.000               0.000      0.000     0.000 0.000          1           1 
  ccs_conn_in_wait(182,32,0,0,0,0)                                       0.000               0.000      0.000     0.000 0.000          1           1 
  ccs_conn_in_wait(186,32,0,0,0,0)                                       0.000               0.000      0.000     0.000 0.000          1           1 
  ccs_conn_in_wait(188,32,0,0,0,0)                                       0.000               0.000      0.000     0.000 0.000          1           1 
  ccs_conn_in_wait(190,32,0,0,0,0)                                       0.000               0.000      0.000     0.000 0.000          1           1 
  ccs_conn_in_wait(194,32,0,0,0,0)                                       0.000               0.000      0.000     0.000 0.000          1           1 
  ccs_conn_in_wait(196,32,0,0,0,0)                                       0.000               0.000      0.000     0.000 0.000          1           1 
  ccs_conn_in_wait(198,32,0,0,0,0)                                       0.000               0.000      0.000     0.000 0.000          1           1 
  ccs_conn_in_wait(202,32,0,0,0,0)                                       0.000               0.000      0.000     0.000 0.000          1           1 
  ccs_conn_in_wait(204,26,0,0,0,0)                                       0.000               0.000      0.000     0.000 0.000          1           1 
  ccs_conn_in_wait(208,32,0,0,0,0)                                       0.000               0.000      0.000     0.000 0.000          1           1 
  ccs_conn_in_wait(210,26,0,0,0,0)                                       0.000               0.000      0.000     0.000 0.000          1           1 
  ccs_conn_in_wait(214,32,0,0,0,0)                                       0.000               0.000      0.000     0.000 0.000          1           1 
  ccs_conn_in_wait(216,26,0,0,0,0)                                       0.000               0.000      0.000     0.000 0.000          1           1 
  ccs_conn_in_wait(220,32,0,0,0,0)                                       0.000               0.000      0.000     0.000 0.000          1           1 
  ccs_conn_in_wait(222,26,0,0,0,0)                                       0.000               0.000      0.000     0.000 0.000          1           1 
  ccs_conn_in_wait(226,34,0,0,0,0)                                       0.000               0.000      0.000     0.000 0.000          1          17 
  ccs_conn_in_wait(231,25,0,0,0,0)                                       0.000               0.000      0.000     0.000 0.000          1           4 
  ccs_conn_in_wait(235,41,0,0,0,0)                                       0.000               0.000      0.000     0.000 0.000          1           8 
  ccs_conn_in_wait(238,25,0,0,0,0)                                       0.000               0.000      0.000     0.000 0.000          1           4 
  ccs_conn_in_wait(239,41,0,0,0,0)                                       0.000               0.000      0.000     0.000 0.000          1           4 
  ccs_conn_in_wait(26,32,0,0,0,0)                                        0.000               0.000      0.000     0.000 0.000          1          16 
  ccs_conn_in_wait(36,32,0,0,0,0)                                        0.000               0.000      0.000     0.000 0.000          1           1 
  ccs_conn_in_wait(53,26,0,0,0,0)                                        0.000               0.000      0.000     0.000 0.000          1           1 
  ccs_conn_in_wait(54,26,0,0,0,0)                                        0.000               0.000      0.000     0.000 0.000          1           1 
  ccs_conn_in_wait(55,26,0,0,0,0)                                        0.000               0.000      0.000     0.000 0.000          1           1 
  ccs_conn_in_wait(56,26,0,0,0,0)                                        0.000               0.000      0.000     0.000 0.000          1           1 
  ccs_conn_in_wait(57,32,0,0,0,0)                                        0.000               0.000      0.000     0.000 0.000          1           1 
  ccs_conn_in_wait(58,32,0,0,0,0)                                        0.000               0.000      0.000     0.000 0.000          1           1 
  ccs_conn_in_wait(59,32,0,0,0,0)                                        0.000               0.000      0.000     0.000 0.000          1           1 
  ccs_conn_in_wait(60,32,0,0,0,0)                                        0.000               0.000      0.000     0.000 0.000          1           1 
  ccs_conn_in_wait(61,32,0,0,0,0)                                        0.000               0.000      0.000     0.000 0.000          1           1 
  ccs_conn_in_wait(62,32,0,0,0,0)                                        0.000               0.000      0.000     0.000 0.000          1           1 
  ccs_conn_in_wait(63,32,0,0,0,0)                                        0.000               0.000      0.000     0.000 0.000          1           1 
  ccs_conn_in_wait(64,32,0,0,0,0)                                        0.000               0.000      0.000     0.000 0.000          1           1 
  ccs_conn_in_wait(65,17,0,0,0,0)                                        0.000               0.000      0.000     0.000 0.000          1           1 
  ccs_conn_in_wait(66,17,0,0,0,0)                                        0.000               0.000      0.000     0.000 0.000          1           1 
  ccs_conn_in_wait(67,17,0,0,0,0)                                        0.000               0.000      0.000     0.000 0.000          1           1 
  ccs_conn_in_wait(68,17,0,0,0,0)                                        0.000               0.000      0.000     0.000 0.000          1           1 
  ccs_conn_in_wait(8,17,0,0,0,0)                                         0.000               0.000      0.000     0.000 0.000          1           8 
  ccs_conn_out_wait(105,34,0,0,0,0)                                      0.000               0.000      0.000     0.000 0.000          1           1 
  ccs_conn_out_wait(107,17,0,0,0,0)                                      0.000               0.000      0.000     0.000 0.000          1           1 
  ccs_conn_out_wait(109,41,0,0,0,0)                                      0.000               0.000      0.000     0.000 0.000          1           1 
  ccs_conn_out_wait(111,25,0,0,0,0)                                      0.000               0.000      0.000     0.000 0.000          1           1 
  ccs_conn_out_wait(115,34,0,0,0,0)                                      0.000               0.000      0.000     0.000 0.000          1           1 
  ccs_conn_out_wait(117,17,0,0,0,0)                                      0.000               0.000      0.000     0.000 0.000          1           1 
  ccs_conn_out_wait(119,41,0,0,0,0)                                      0.000               0.000      0.000     0.000 0.000          1           1 
  ccs_conn_out_wait(121,25,0,0,0,0)                                      0.000               0.000      0.000     0.000 0.000          1           1 
  ccs_conn_out_wait(125,34,0,0,0,0)                                      0.000               0.000      0.000     0.000 0.000          1           1 
  ccs_conn_out_wait(127,17,0,0,0,0)                                      0.000               0.000      0.000     0.000 0.000          1           1 
  ccs_conn_out_wait(129,41,0,0,0,0)                                      0.000               0.000      0.000     0.000 0.000          1           1 
  ccs_conn_out_wait(131,25,0,0,0,0)                                      0.000               0.000      0.000     0.000 0.000          1           1 
  ccs_conn_out_wait(135,34,0,0,0,0)                                      0.000               0.000      0.000     0.000 0.000          1           1 
  ccs_conn_out_wait(137,17,0,0,0,0)                                      0.000               0.000      0.000     0.000 0.000          1           1 
  ccs_conn_out_wait(139,41,0,0,0,0)                                      0.000               0.000      0.000     0.000 0.000          1           1 
  ccs_conn_out_wait(141,25,0,0,0,0)                                      0.000               0.000      0.000     0.000 0.000          1           1 
  ccs_conn_out_wait(145,34,0,0,0,0)                                      0.000               0.000      0.000     0.000 0.000          1           1 
  ccs_conn_out_wait(147,32,0,0,0,0)                                      0.000               0.000      0.000     0.000 0.000          1           1 
  ccs_conn_out_wait(149,25,0,0,0,0)                                      0.000               0.000      0.000     0.000 0.000          1           1 
  ccs_conn_out_wait(151,34,0,0,0,0)                                      0.000               0.000      0.000     0.000 0.000          1           1 
  ccs_conn_out_wait(153,32,0,0,0,0)                                      0.000               0.000      0.000     0.000 0.000          1           1 
  ccs_conn_out_wait(155,25,0,0,0,0)                                      0.000               0.000      0.000     0.000 0.000          1           1 
  ccs_conn_out_wait(157,34,0,0,0,0)                                      0.000               0.000      0.000     0.000 0.000          1           1 
  ccs_conn_out_wait(159,32,0,0,0,0)                                      0.000               0.000      0.000     0.000 0.000          1           1 
  ccs_conn_out_wait(16,26,0,0,0,0)                                       0.000               0.000      0.000     0.000 0.000          1           8 
  ccs_conn_out_wait(161,25,0,0,0,0)                                      0.000               0.000      0.000     0.000 0.000          1           1 
  ccs_conn_out_wait(163,34,0,0,0,0)                                      0.000               0.000      0.000     0.000 0.000          1           1 
  ccs_conn_out_wait(165,32,0,0,0,0)                                      0.000               0.000      0.000     0.000 0.000          1           1 
  ccs_conn_out_wait(167,25,0,0,0,0)                                      0.000               0.000      0.000     0.000 0.000          1           1 
  ccs_conn_out_wait(169,34,0,0,0,0)                                      0.000               0.000      0.000     0.000 0.000          1           1 
  ccs_conn_out_wait(171,26,0,0,0,0)                                      0.000               0.000      0.000     0.000 0.000          1           1 
  ccs_conn_out_wait(173,41,0,0,0,0)                                      0.000               0.000      0.000     0.000 0.000          1           1 
  ccs_conn_out_wait(177,34,0,0,0,0)                                      0.000               0.000      0.000     0.000 0.000          1           1 
  ccs_conn_out_wait(179,26,0,0,0,0)                                      0.000               0.000      0.000     0.000 0.000          1           1 
  ccs_conn_out_wait(181,41,0,0,0,0)                                      0.000               0.000      0.000     0.000 0.000          1           1 
  ccs_conn_out_wait(185,34,0,0,0,0)                                      0.000               0.000      0.000     0.000 0.000          1           1 
  ccs_conn_out_wait(187,26,0,0,0,0)                                      0.000               0.000      0.000     0.000 0.000          1           1 
  ccs_conn_out_wait(189,41,0,0,0,0)                                      0.000               0.000      0.000     0.000 0.000          1           1 
  ccs_conn_out_wait(193,34,0,0,0,0)                                      0.000               0.000      0.000     0.000 0.000          1           1 
  ccs_conn_out_wait(195,26,0,0,0,0)                                      0.000               0.000      0.000     0.000 0.000          1           1 
  ccs_conn_out_wait(197,41,0,0,0,0)                                      0.000               0.000      0.000     0.000 0.000          1           1 
  ccs_conn_out_wait(201,34,0,0,0,0)                                      0.000               0.000      0.000     0.000 0.000          1           1 
  ccs_conn_out_wait(203,32,0,0,0,0)                                      0.000               0.000      0.000     0.000 0.000          1           1 
  ccs_conn_out_wait(205,41,0,0,0,0)                                      0.000               0.000      0.000     0.000 0.000          1           1 
  ccs_conn_out_wait(207,34,0,0,0,0)                                      0.000               0.000      0.000     0.000 0.000          1           1 
  ccs_conn_out_wait(209,32,0,0,0,0)                                      0.000               0.000      0.000     0.000 0.000          1           1 
  ccs_conn_out_wait(211,41,0,0,0,0)                                      0.000               0.000      0.000     0.000 0.000          1           1 
  ccs_conn_out_wait(213,34,0,0,0,0)                                      0.000               0.000      0.000     0.000 0.000          1           1 
  ccs_conn_out_wait(215,32,0,0,0,0)                                      0.000               0.000      0.000     0.000 0.000          1           1 
  ccs_conn_out_wait(217,41,0,0,0,0)                                      0.000               0.000      0.000     0.000 0.000          1           1 
  ccs_conn_out_wait(219,34,0,0,0,0)                                      0.000               0.000      0.000     0.000 0.000          1           1 
  ccs_conn_out_wait(221,32,0,0,0,0)                                      0.000               0.000      0.000     0.000 0.000          1           1 
  ccs_conn_out_wait(223,41,0,0,0,0)                                      0.000               0.000      0.000     0.000 0.000          1           1 
  ccs_conn_out_wait(227,32,0,0,0,0)                                      0.000               0.000      0.000     0.000 0.000          1          17 
  ccs_conn_out_wait(232,16,0,0,0,0)                                      0.000               0.000      0.000     0.000 0.000          1           4 
  ccs_conn_out_wait(236,32,0,0,0,0)                                      0.000               0.000      0.000     0.000 0.000          1           8 
  ccs_conn_out_wait(25,32,0,0,0,0)                                       0.000               0.000      0.000     0.000 0.000          1          16 
  ccs_conn_out_wait(35,34,0,0,0,0)                                       0.000               0.000      0.000     0.000 0.000          1           1 
  ccs_conn_out_wait(37,26,0,0,0,0)                                       0.000               0.000      0.000     0.000 0.000          1           1 
  ccs_conn_out_wait(38,26,0,0,0,0)                                       0.000               0.000      0.000     0.000 0.000          1           1 
  ccs_conn_out_wait(39,26,0,0,0,0)                                       0.000               0.000      0.000     0.000 0.000          1           1 
  ccs_conn_out_wait(40,26,0,0,0,0)                                       0.000               0.000      0.000     0.000 0.000          1           1 
  ccs_conn_out_wait(41,17,0,0,0,0)                                       0.000               0.000      0.000     0.000 0.000          1           1 
  ccs_conn_out_wait(42,17,0,0,0,0)                                       0.000               0.000      0.000     0.000 0.000          1           1 
  ccs_conn_out_wait(43,17,0,0,0,0)                                       0.000               0.000      0.000     0.000 0.000          1           1 
  ccs_conn_out_wait(44,17,0,0,0,0)                                       0.000               0.000      0.000     0.000 0.000          1           1 
  ccs_conn_out_wait(45,32,0,0,0,0)                                       0.000               0.000      0.000     0.000 0.000          1           1 
  ccs_conn_out_wait(46,32,0,0,0,0)                                       0.000               0.000      0.000     0.000 0.000          1           1 
  ccs_conn_out_wait(47,32,0,0,0,0)                                       0.000               0.000      0.000     0.000 0.000          1           1 
  ccs_conn_out_wait(48,32,0,0,0,0)                                       0.000               0.000      0.000     0.000 0.000          1           1 
  ccs_conn_out_wait(49,32,0,0,0,0)                                       0.000               0.000      0.000     0.000 0.000          1           1 
  ccs_conn_out_wait(50,32,0,0,0,0)                                       0.000               0.000      0.000     0.000 0.000          1           1 
  ccs_conn_out_wait(51,32,0,0,0,0)                                       0.000               0.000      0.000     0.000 0.000          1           1 
  ccs_conn_out_wait(52,32,0,0,0,0)                                       0.000               0.000      0.000     0.000 0.000          1           1 
  ccs_conn_out_wait(7,17,0,0,0,0)                                        0.000               0.000      0.000     0.000 0.000          1           8 
  [Lib: ccs_sample_mem]                                                                                                                              
  ccs_ram_sync_1R1W(233,16,8,234,234,16,5)                               0.000               0.000      0.000     0.000 0.500          0           4 
  ccs_ram_sync_1R1W(237,32,8,234,234,32,5)                               0.000               0.000      0.000     0.000 0.500          0           8 
  ccs_ram_sync_1R1W_rwport(233,16,8,234,234,16,5)                        0.000               0.000      0.000     0.000 0.500          1           0 
  ccs_ram_sync_1R1W_rwport(237,32,8,234,234,32,5)                        0.000               0.000      0.000     0.000 0.500          1           0 
  [Lib: cluster]                                                                                                                                     
  leading_sign_11_0_7399a00ed732c391813c19d2eff9a2bc6432()              54.930               0.000      0.000     0.000 0.382          1           1 
  leading_sign_15_0_1_0_53db6be4e04311194d2cefb6d4a1ecc26aaa()          59.816               0.000      0.000     0.000 0.375          2           1 
  [Lib: nangate-45nm_beh]                                                                                                                            
  mgc_add(10,0,1,0,10,7)                                                28.196               0.000      0.000     0.000 0.452          1           1 
  mgc_add(11,0,1,0,12,2)                                                63.095              95.019     94.435     0.000 0.176          1           0 
  mgc_add(11,0,1,0,12,5)                                                44.770              40.463     40.057     0.000 0.230          0           1 
  mgc_add(15,0,14,0,15,3)                                              140.465              57.579     59.893     0.000 0.324          1           0 
  mgc_add(15,0,14,0,15,5)                                              115.447              23.397     25.988     0.000 0.345          0           1 
  mgc_add(2,0,1,0,2,7)                                                   6.916               0.000      0.000     0.000 0.186          0           1 
  mgc_add(2,0,1,0,3,6)                                                   7.980               0.000      0.000     0.000 0.099          0           2 
  mgc_add(3,0,1,0,3,7)                                                   9.576               0.000      0.000     0.000 0.218          0          65 
  mgc_add(3,0,2,1,3,2)                                                  34.739               0.000      0.000     0.000 0.152          3           0 
  mgc_add(3,0,2,1,3,7)                                                  14.963               0.000      0.000     0.000 0.308          1           0 
  mgc_add(31,0,1,1,31,5)                                               211.204             126.625    129.385     0.000 0.791          0           4 
  mgc_add(31,0,1,1,32,5)                                               211.204             194.274    193.928     0.000 0.791          1           2 
  mgc_add(32,0,1,0,32,6)                                               100.098              41.262     44.398     0.000 0.636          0          16 
  mgc_add(32,0,1,0,32,7)                                                86.716              26.386     29.820     0.000 1.202          0           1 
  mgc_add(32,0,1,1,32,5)                                               217.043             133.124    135.884     0.000 0.806          0           8 
  mgc_add(32,0,1,1,32,6)                                               227.449             117.632    120.646     0.000 0.661          9           0 
  mgc_add(32,0,2,1,32,5)                                               217.355             142.520    145.412     0.000 0.809          0          32 
  mgc_add(32,0,2,1,32,6)                                               227.132             127.028    130.173     0.000 0.744          3           0 
  mgc_add(32,0,32,0,32,5)                                              243.147             126.181    129.543     0.000 0.642         12           0 
  mgc_add(32,0,32,0,32,6)                                              212.231             110.689    114.304     0.000 0.933          0           3 
  mgc_add(32,0,32,1,32,6)                                              217.614             187.059    190.552     0.000 0.797          0           9 
  mgc_add(32,1,2,1,33,3)                                               282.942             245.004    244.581     0.000 0.460          8           0 
  mgc_add(32,1,2,1,33,4)                                               259.700             227.207    226.871     0.000 0.576         17           0 
  mgc_add(5,0,5,0,5,7)                                                  21.280               0.000      0.000     0.000 0.421          0           2 
  mgc_add(5,0,5,1,6,2)                                                  64.484              86.641     85.401     0.000 0.188          0           1 
  mgc_add(5,0,5,1,6,4)                                                  43.955              48.470     47.219     0.000 0.224          0           1 
  mgc_add(6,0,1,0,6,7)                                                  17.556               0.000      0.000     0.000 0.317          2           2 
  mgc_add(6,1,5,0,7,2)                                                  70.976              84.925     83.506     0.000 0.203          0           1 
  mgc_add(6,1,5,0,7,5)                                                  42.908              30.369     29.128     0.000 0.255          1           0 
  mgc_add(7,0,5,1,7,1)                                                  91.814              57.918     59.936     0.000 0.208          0           1 
  mgc_add(7,0,5,1,7,2)                                                  88.118              31.250     32.717     0.000 0.212          2           0 
  mgc_add(8,0,1,0,8,7)                                                  22.876               0.000      0.000     0.000 0.385          0          21 
  mgc_add(8,0,1,1,9,6)                                                  52.839              26.534     26.259     0.000 0.305          0           1 
  mgc_add(8,0,1,1,9,7)                                                  37.524              11.658     11.681     0.000 0.665          1           0 
  mgc_add(8,0,2,1,8,6)                                                  52.531               0.000      0.000     0.000 0.388          1           0 
  mgc_add(8,0,2,1,8,7)                                                  37.214               0.000      0.000     0.000 0.665         18           1 
  mgc_add(8,0,8,0,8,7)                                                  34.048               0.000      0.000     0.000 0.631          4           4 
  mgc_add_msb(11,0,10,0,11,6)                                           24.806               0.000      0.000     0.000 0.277          2           1 
  mgc_add_msb(16,0,15,0,16,6)                                           37.817               0.000      8.470     0.000 0.324          4           2 
  mgc_add_msb(2,0,1,1,3,4)                                               4.687               0.000      1.438     0.000 0.111          1           1 
  mgc_add_msb(2,0,2,1,3,6)                                               7.149               3.613      0.501     0.000 0.148          1           1 
  mgc_add_msb(29,1,1,1,30,4)                                            53.163              47.036     48.031     0.000 0.361          3          32 
  mgc_add_msb(3,0,1,0,3,7)                                               4.655               0.000      0.000     0.000 0.177          0           2 
  mgc_add_msb(3,0,3,0,3,5)                                               7.049               0.000      0.000     0.000 0.134          4           0 
  mgc_add_msb(31,1,8,1,32,4)                                            62.044              65.800     66.451     0.000 0.392         16          16 
  mgc_add_msb(32,1,1,0,33,4)                                            16.741              16.541     18.854     0.000 0.155          0          60 
  mgc_add_msb(32,1,2,1,33,4)                                            59.624              54.389     55.292     0.000 0.380         23           0 
  mgc_add_msb(32,1,32,1,33,6)                                           79.398             111.545     98.959     0.000 0.433         17          17 
  mgc_add_msb(32,1,8,0,33,4)                                            30.746              31.521     33.798     0.000 0.306          4           4 
  mgc_add_msb(6,0,5,0,6,4)                                              13.621               0.000      0.000     0.000 0.184          4           0 
  mgc_add_msb(6,0,5,0,6,5)                                              12.359               0.000      0.000     0.000 0.203          0           1 
  mgc_add_msb(7,0,1,0,7,3)                                               5.694               0.000      0.000     0.000 0.087          0           1 
  mgc_add_msb(7,0,1,1,8,4)                                              11.066               5.375     10.217     0.000 0.232          1           0 
  mgc_add_msb(7,0,1,1,8,5)                                              11.076               5.616      8.677     0.000 0.200          0           2 
  mgc_add_msb(7,0,2,1,7,6)                                              12.369               0.000      0.000     0.000 0.241          1           0 
  mgc_add_msb(8,0,7,0,8,5)                                              17.081               0.000      0.000     0.000 0.236         17          17 
  mgc_add_msb(9,0,1,0,9,6)                                               5.274               0.000      0.000     0.000 0.203          0           4 
  mgc_add_msb(9,0,2,1,9,6)                                              16.834               0.000      0.000     0.000 0.262          2           0 
  mgc_and(1,12,1)                                                       14.215              18.177     17.713     0.000 0.098          0           1 
  mgc_and(1,2,1)                                                         5.355              12.202     11.849     0.000 0.043          0           3 
  mgc_and(1,2,3)                                                         0.796               0.765      0.000     0.000 0.046          0        1413 
  mgc_and(1,3,1)                                                         6.241              12.812     12.427     0.000 0.056          0           6 
  mgc_and(1,3,4)                                                         1.333               0.000      0.000     0.000 0.077          0         255 
  mgc_and(1,34,4)                                                       14.883              17.693     18.004     0.000 0.239          0           1 
  mgc_and(1,4,1)                                                         7.127              13.416     13.010     0.000 0.064          0           6 
  mgc_and(1,4,4)                                                         1.770               0.000      0.295     0.000 0.096          0          60 
  mgc_and(1,5,4)                                                         2.207               0.547      0.879     0.000 0.111          0          44 
  mgc_and(1,6,1)                                                         8.899              14.613     14.181     0.000 0.077          0           1 
  mgc_and(1,6,4)                                                         2.644               1.145      1.466     0.000 0.123          0           9 
  mgc_and(1,7,4)                                                         3.081               1.741      2.053     0.000 0.134          0           1 
  mgc_and(1,8,4)                                                         3.519               2.336      2.641     0.000 0.143          0           4 
  mgc_and(10,2,3)                                                        7.957              13.159     11.987     0.000 0.046          2           0 
  mgc_and(16,2,3)                                                       12.732              22.542     21.286     0.000 0.046         12          15 
  mgc_and(16,3,4)                                                       21.329              30.422     30.542     0.000 0.077          4           0 
  mgc_and(16,5,4)                                                       35.316              50.229     50.180     0.000 0.111          0           4 
  mgc_and(2,2,3)                                                         1.591               2.042      0.960     0.000 0.046          0           4 
  mgc_and(2,3,4)                                                         2.666               1.242      1.596     0.000 0.077          0           4 
  mgc_and(21,2,3)                                                       16.711              31.045     29.708     0.000 0.046          1           1 
  mgc_and(25,2,3)                                                       19.894              38.296     36.887     0.000 0.046         12           0 
  mgc_and(25,5,4)                                                       55.182              82.726     82.406     0.000 0.111          0           4 
  mgc_and(26,2,3)                                                       20.689              40.171     38.743     0.000 0.046          8          10 
  mgc_and(3,3,4)                                                         3.999               3.164      3.504     0.000 0.077          0           4 
  mgc_and(4,2,3)                                                         3.183               4.672      3.570     0.000 0.046          4          18 
  mgc_and(6,2,3)                                                         4.774               7.402      6.278     0.000 0.046          2           1 
  mgc_and(8,2,3)                                                         6.366              10.231      9.083     0.000 0.046          3          20 
  mgc_and(8,3,4)                                                        10.665              13.150     13.414     0.000 0.077          0           1 
  mgc_and(9,2,3)                                                         7.162              11.682     10.523     0.000 0.046          3           0 
  mgc_and(9,3,4)                                                        11.998              15.222     15.469     0.000 0.077          0           4 
  mgc_equal(12,4)                                                       24.701              25.101     23.168     0.000 0.306          0           1 
  mgc_equal(16,4)                                                       32.883              34.983     32.987     0.000 0.318          0           2 
  mgc_equal(3,3)                                                         5.861              15.818      8.547     0.000 0.191          0           2 
  mgc_equal(4,3)                                                         8.288              11.439      9.696     0.000 0.197          0           3 
  mgc_equal(6,4)                                                        12.430               9.046     10.023     0.000 0.277          0           1 
  mgc_equal(9,3)                                                        20.423              21.189     19.238     0.000 0.214          0           1 
  mgc_mul(11,0,11,0,22,3)                                              911.217             852.859    850.943     0.000 0.657          0           1 
  mgc_mul(11,0,11,0,22,5)                                              685.523             758.466    757.873     0.000 0.807          1           0 
  mgc_mux(1,1,2,2)                                                       3.192              11.794      9.797     0.000 0.062        243          11 
  mgc_mux(1,1,2,5)                                                       1.862               0.000      0.000     0.000 0.085          0         365 
  mgc_mux(1,2,4,5)                                                       5.586               0.000      0.000     0.000 0.136          6          16 
  mgc_mux(1,3,8,5)                                                      13.034               0.877      2.283     0.000 0.204         11          12 
  mgc_mux(10,1,2,3)                                                     30.324              36.250     32.211     0.000 0.122          3           0 
  mgc_mux(10,1,2,5)                                                     23.940              21.439     21.261     0.000 0.127          0           1 
  mgc_mux(13,1,2,5)                                                     24.206              29.394     28.925     0.000 0.125          2           0 
  mgc_mux(16,1,2,1)                                                     48.146              66.201     66.321     0.000 0.127         21           0 
  mgc_mux(16,1,2,5)                                                     29.792              37.145     36.417     0.000 0.172         12          13 
  mgc_mux(16,2,4,5)                                                     59.983              76.815     73.262     0.000 0.310          2           3 
  mgc_mux(16,3,8,5)                                                    116.583             155.040    147.798     0.000 0.396          3           1 
  mgc_mux(17,1,2,5)                                                     31.654              39.696     38.887     0.000 0.144          8           4 
  mgc_mux(17,3,8,5)                                                    124.451             164.852    157.110     0.000 0.359          1           8 
  mgc_mux(2,1,2,5)                                                       3.724               0.000      0.000     0.000 0.089          8          13 
  mgc_mux(2,2,4,5)                                                       9.753               2.602      2.892     0.000 0.139          1           1 
  mgc_mux(2,3,8,5)                                                      21.103              13.058     13.577     0.000 0.198          0           1 
  mgc_mux(26,1,2,5)                                                     48.412              62.207     60.743     0.000 0.153         16          16 
  mgc_mux(26,2,4,5)                                                    100.797             126.080    120.392     0.000 0.404          1           3 
  mgc_mux(26,3,8,5)                                                    195.693             252.712    240.536     0.000 0.361          1           8 
  mgc_mux(29,1,2,5)                                                     53.998              69.589     67.927     0.000 0.154          0          32 
  mgc_mux(3,1,2,3)                                                       8.867              15.470     12.474     0.000 0.085          5           0 
  mgc_mux(3,1,2,5)                                                       5.586               0.659      1.523     0.000 0.091          8          14 
  mgc_mux(3,2,4,5)                                                      13.921               8.865      8.724     0.000 0.141          1           4 
  mgc_mux(3,3,8,5)                                                      29.171              24.162     23.970     0.000 0.195          0           1 
  mgc_mux(31,1,2,5)                                                     57.722              74.488     72.697     0.000 0.156          0           8 
  mgc_mux(32,1,2,2)                                                    153.482              96.829     91.355     0.000 0.132          0          11 
  mgc_mux(32,1,2,5)                                                     59.584              76.931     75.077     0.000 0.156         35          83 
  mgc_mux(32,3,8,5)                                                    243.333             311.001    295.917     0.000 0.366          1          16 
  mgc_mux(4,1,2,4)                                                      11.704               8.785      7.434     0.000 0.087          0           1 
  mgc_mux(4,1,2,5)                                                       7.448               4.061      4.706     0.000 0.092         15          15 
  mgc_mux(4,2,4,5)                                                      18.088              14.687     14.186     0.000 0.143          2           2 
  mgc_mux(5,1,2,4)                                                      15.162              11.945     10.414     0.000 0.100          4           0 
  mgc_mux(5,1,2,5)                                                      11.970               7.221      7.686     0.000 0.102          8           3 
  mgc_mux(5,3,8,5)                                                      43.890              45.245     43.814     0.000 0.209          3           0 
  mgc_mux(6,1,2,2)                                                      18.620              30.126     26.816     0.000 0.106          1           0 
  mgc_mux(7,2,4,5)                                                      28.462              31.017     29.623     0.000 0.160          1           2 
  mgc_mux(8,1,2,1)                                                      25.536              45.010     45.904     0.000 0.114          0          17 
  mgc_mux(8,1,2,2)                                                      25.536              35.852     32.279     0.000 0.113         14           0 
  mgc_mux(8,2,4,1)                                                     109.592              65.318     64.506     0.000 0.149          0           1 
  mgc_mux(8,2,4,5)                                                      31.920              36.262     34.602     0.000 0.165          3           3 
  mgc_mux(8,3,8,5)                                                      63.840              75.762     72.653     0.000 0.237          0           1 
  mgc_mux(9,1,2,4)                                                      27.930              23.444     21.379     0.000 0.117          8           1 
  mgc_mux(9,1,2,5)                                                      24.738              18.720     18.650     0.000 0.120          8           9 
  mgc_mux(9,3,8,4)                                                      73.682              90.512     84.872     0.000 0.219          2           0 
  mgc_mux(9,3,8,5)                                                      70.490              85.788     82.143     0.000 0.258          1           0 
  mgc_mux1hot(1,13,2)                                                   19.983              25.363     22.920     0.000 0.101          0           2 
  mgc_mux1hot(1,13,4)                                                   11.708               8.034      8.080     0.000 0.151          0           4 
  mgc_mux1hot(1,3,4)                                                     2.832               0.000      0.000     0.000 0.089          0          16 
  mgc_mux1hot(1,4,1)                                                     7.108              23.337     25.695     0.000 0.070          0           1 
  mgc_mux1hot(1,4,4)                                                     3.720               0.000      0.000     0.000 0.099          0          13 
  mgc_mux1hot(1,5,4)                                                     4.607               0.000      0.000     0.000 0.107          0           4 
  mgc_mux1hot(1,7,4)                                                     6.382               0.000      0.000     0.000 0.121          0           1 
  mgc_mux1hot(1,8,4)                                                     7.270               0.533      0.831     0.000 0.126          0           1 
  mgc_mux1hot(11,3,3)                                                   42.657              40.480     41.066     0.000 0.112          1           0 
  mgc_mux1hot(11,3,4)                                                   29.456              32.137     30.562     0.000 0.128          0           1 
  mgc_mux1hot(12,3,4)                                                   32.118              35.765     34.171     0.000 0.129          0           1 
  mgc_mux1hot(15,3,4)                                                   40.105              46.957     45.110     0.000 0.133          0           1 
  mgc_mux1hot(16,3,4)                                                   42.768              50.844     48.828     0.000 0.134          4           4 
  mgc_mux1hot(16,6,4)                                                   83.500             105.442    103.151     0.000 0.160          2           0 
  mgc_mux1hot(2,13,1)                                                   53.836              49.166     50.803     0.000 0.103          0           2 
  mgc_mux1hot(2,3,4)                                                     5.495               0.000      0.000     0.000 0.100          0           3 
  mgc_mux1hot(2,4,4)                                                     7.228               0.000      0.000     0.000 0.110          0           2 
  mgc_mux1hot(2,5,4)                                                     8.962               0.000      0.061     0.000 0.118          0           1 
  mgc_mux1hot(2,9,4)                                                    15.896              10.425     10.260     0.000 0.143          0           2 
  mgc_mux1hot(21,4,4)                                                   73.887              95.622     91.864     0.000 0.149          1           1 
  mgc_mux1hot(26,3,4)                                                   69.391              95.752     89.125     0.000 0.143          0           1 
  mgc_mux1hot(3,13,1)                                                   74.621              65.840     66.380     0.000 0.111          0           2 
  mgc_mux1hot(3,3,4)                                                     8.157               0.000      0.000     0.000 0.107          1           0 
  mgc_mux1hot(3,5,4)                                                    13.316               7.247      6.573     0.000 0.125          2           0 
  mgc_mux1hot(3,7,4)                                                    18.475              14.922     13.936     0.000 0.138          0           1 
  mgc_mux1hot(3,9,4)                                                    23.634              22.598     21.353     0.000 0.150          0           3 
  mgc_mux1hot(31,3,4)                                                   82.703             122.726    111.712     0.000 0.146          0           1 
  mgc_mux1hot(32,3,4)                                                   85.365             128.485    116.429     0.000 0.146          8           0 
  mgc_mux1hot(4,3,4)                                                    10.819               4.537      3.711     0.000 0.111          8           0 
  mgc_mux1hot(4,4,3)                                                    20.825              17.965     18.991     0.000 0.098          0           1 
  mgc_mux1hot(4,5,4)                                                    17.670              14.658     13.283     0.000 0.129          1           0 
  mgc_mux1hot(5,3,4)                                                    13.482               9.145      7.945     0.000 0.115          1           0 
  mgc_mux1hot(5,5,4)                                                    22.025              21.624     19.802     0.000 0.133          1           0 
  mgc_mux1hot(8,13,1)                                                  178.542             142.573    142.274     0.000 0.129          0           2 
  mgc_mux1hot(8,3,4)                                                    21.469              21.200     19.630     0.000 0.123          4           4 
  mgc_mux1hot(8,4,4)                                                    28.278              30.924     28.944     0.000 0.133          0           1 
  mgc_mux1hot(8,6,4)                                                    41.897              49.920     47.499     0.000 0.148          0           2 
  mgc_mux1hot(9,4,4)                                                    31.787              35.732     33.745     0.000 0.135          1           0 
  mgc_mux1hot(9,9,4)                                                    70.064              88.061     85.553     0.000 0.168          0           2 
  mgc_nand(1,16,4)                                                       7.096               8.217      8.041     0.000 0.131          0           4 
  mgc_nand(1,2,3)                                                        1.051               0.227      0.227     0.000 0.033          0          19 
  mgc_nand(1,2,4)                                                        0.698               0.000      0.000     0.000 0.044          0         193 
  mgc_nand(1,3,4)                                                        1.155               0.000      0.000     0.000 0.061          0          18 
  mgc_nand(1,4,4)                                                        1.612               0.075      0.000     0.000 0.073          0           6 
  mgc_nand(1,5,4)                                                        2.069               0.792      0.617     0.000 0.082          0           6 
  mgc_nand(1,7,4)                                                        2.983               2.186      1.949     0.000 0.096          0           1 
  mgc_nand(2,2,4)                                                        1.397               0.000      0.000     0.000 0.044          0           1 
  mgc_nor(1,10,4)                                                        4.339               4.978      6.071     0.000 0.168          0          12 
  mgc_nor(1,15,4)                                                        6.614               8.365      9.096     0.000 0.182          0           4 
  mgc_nor(1,2,1)                                                         2.500               4.848      5.695     0.000 0.076          0           5 
  mgc_nor(1,2,2)                                                         1.399               0.000      0.618     0.000 0.082          0          11 
  mgc_nor(1,2,3)                                                         1.451               0.000      0.000     0.000 0.080          0           1 
  mgc_nor(1,2,4)                                                         0.699               0.000      0.000     0.000 0.111          0         582 
  mgc_nor(1,3,1)                                                         3.844               7.945      7.754     0.000 0.085          0           1 
  mgc_nor(1,3,3)                                                         2.023               3.005      2.020     0.000 0.094          0           1 
  mgc_nor(1,3,4)                                                         1.154               0.000      0.000     0.000 0.125          0         309 
  mgc_nor(1,31,4)                                                       13.893              14.942     16.215     0.000 0.208          0          32 
  mgc_nor(1,32,4)                                                       14.348              15.252     16.599     0.000 0.209          0          32 
  mgc_nor(1,4,1)                                                         5.188              10.163      9.285     0.000 0.092          0           5 
  mgc_nor(1,4,3)                                                         2.594               5.224      3.551     0.000 0.104          0           8 
  mgc_nor(1,4,4)                                                         1.609               0.000      0.515     0.000 0.135          0          20 
  mgc_nor(1,5,4)                                                         2.064               0.000      1.756     0.000 0.143          0          27 
  mgc_nor(1,6,4)                                                         2.519               0.878      2.815     0.000 0.150          0           1 
  mgc_nor(1,7,4)                                                         2.974               2.100      3.748     0.000 0.155          0           8 
  mgc_nor(1,8,4)                                                         3.429               3.169      4.588     0.000 0.160          0           3 
  mgc_nor(1,9,4)                                                         3.884               4.120      5.357     0.000 0.164          0           2 
  mgc_not(1,1)                                                           0.532               0.532      0.532     0.000 0.039          0        1835 
  mgc_not(12,1)                                                          6.384               8.985      8.985     0.000 0.039          0           1 
  mgc_not(2,1)                                                           1.064               0.709      0.709     0.000 0.039          0           6 
  mgc_not(26,1)                                                         13.832              40.432     40.432     0.000 0.039          0           1 
  mgc_not(3,1)                                                           1.596               1.005      1.005     0.000 0.039          0           5 
  mgc_not(31,1)                                                         16.492              57.279     57.279     0.000 0.039          0           8 
  mgc_not(32,1)                                                         17.024              61.003     61.003     0.000 0.039          0          72 
  mgc_not(4,1)                                                           2.128               1.419      1.419     0.000 0.039          0           4 
  mgc_not(6,1)                                                           3.192               2.601      2.601     0.000 0.039          0           1 
  mgc_not(7,1)                                                           3.724               3.369      3.369     0.000 0.039          0           1 
  mgc_not(8,1)                                                           4.256               4.256      4.256     0.000 0.039          0           4 
  mgc_not(9,1)                                                           4.788               5.261      5.261     0.000 0.039          0           3 
  mgc_or(1,10,4)                                                         4.393               4.016      5.250     0.000 0.147          0           2 
  mgc_or(1,11,4)                                                         4.830               4.930      6.059     0.000 0.150          0           1 
  mgc_or(1,2,2)                                                          2.242               0.616      1.773     0.000 0.062          0          22 
  mgc_or(1,2,3)                                                          1.816               0.090      0.800     0.000 0.072          0           5 
  mgc_or(1,2,4)                                                          0.896               0.000      0.000     0.000 0.098          0         647 
  mgc_or(1,22,4)                                                         9.638              12.844     13.666     0.000 0.171          0           1 
  mgc_or(1,3,2)                                                          3.057               3.397      3.713     0.000 0.075          0           2 
  mgc_or(1,3,4)                                                          1.333               0.000      0.000     0.000 0.110          0         172 
  mgc_or(1,32,4)                                                        14.009              18.502     19.650     0.000 0.183          0           4 
  mgc_or(1,4,4)                                                          1.770               0.000      0.000     0.000 0.119          0          27 
  mgc_or(1,5,2)                                                          4.687               7.152      6.499     0.000 0.090          0           2 
  mgc_or(1,5,4)                                                          2.207               0.000      0.414     0.000 0.126          0          23 
  mgc_or(1,6,4)                                                          2.644               0.000      1.541     0.000 0.132          0          14 
  mgc_or(1,7,4)                                                          3.081               0.848      2.564     0.000 0.136          0           3 
  mgc_or(1,8,4)                                                          3.519               1.992      3.513     0.000 0.140          0           4 
  mgc_or(1,9,4)                                                          3.956               3.041      4.404     0.000 0.144          0           3 
  mgc_or(16,2,4)                                                        14.336              11.137     11.007     0.000 0.098          0           4 
  mgc_or(2,2,4)                                                          1.792               0.000      0.000     0.000 0.098          2           2 
  mgc_or(2,3,4)                                                          2.666               0.000      0.000     0.000 0.110          0           1 
  mgc_or(24,2,4)                                                        21.504              21.554     19.177     0.000 0.098          4           0 
  mgc_or(25,2,4)                                                        22.400              22.856     20.198     0.000 0.098          0           4 
  mgc_or(32,2,4)                                                        28.672              31.971     27.347     0.000 0.098          0           9 
  mgc_or(33,2,4)                                                        29.568              33.273     28.368     0.000 0.098          4           0 
  mgc_or(4,2,4)                                                          3.584               0.000      0.000     0.000 0.098          2           1 
  mgc_or(5,2,4)                                                          4.480               0.000      0.000     0.000 0.098          3           0 
  mgc_reg_pos(1,1,0,0,0,0,0,1)                                           5.320               0.000      5.320     5.320 0.122          0         258 
  mgc_reg_pos(1,1,0,0,0,1,1,1)                                           5.320               0.000      5.320     5.320 0.122          0         457 
  mgc_reg_pos(12,1,0,0,0,1,1,1)                                         63.840               0.000     63.840    63.840 0.122          0           1 
  mgc_reg_pos(16,1,0,0,0,1,1,1)                                         85.120               0.000     85.120    85.120 0.122          0          48 
  mgc_reg_pos(17,1,0,0,0,1,1,1)                                         90.440               0.000     90.440    90.440 0.122          0          80 
  mgc_reg_pos(2,1,0,0,0,1,1,1)                                          10.640               0.000     10.640    10.640 0.122          0          29 
  mgc_reg_pos(21,1,0,0,0,1,1,1)                                        111.720               0.000    111.720   111.720 0.122          0           1 
  mgc_reg_pos(24,1,0,0,0,1,1,1)                                        127.680               0.000    127.680   127.680 0.122          0           4 
  mgc_reg_pos(25,1,0,0,0,1,1,1)                                        133.000               0.000    133.000   133.000 0.122          0           8 
  mgc_reg_pos(26,1,0,0,0,1,1,1)                                        138.320               0.000    138.320   138.320 0.122          0          92 
  mgc_reg_pos(3,1,0,0,0,1,1,1)                                          15.960               0.000     15.960    15.960 0.122          0          95 
  mgc_reg_pos(31,1,0,0,0,1,1,1)                                        164.920               0.000    164.920   164.920 0.122          0           8 
  mgc_reg_pos(32,1,0,0,0,1,1,1)                                        170.240               0.000    170.240   170.240 0.122          0         343 
  mgc_reg_pos(4,1,0,0,0,1,1,1)                                          21.280               0.000     21.280    21.280 0.122          0          33 
  mgc_reg_pos(5,1,0,0,0,1,1,1)                                          26.600               0.000     26.600    26.600 0.122          0           8 
  mgc_reg_pos(6,1,0,0,0,1,1,1)                                          31.920               0.000     31.920    31.920 0.122          0           2 
  mgc_reg_pos(8,1,0,0,0,1,1,1)                                          42.560               0.000     42.560    42.560 0.122          0          55 
  mgc_reg_pos(9,1,0,0,0,1,1,1)                                          47.880               0.000     47.880    47.880 0.122          0          18 
  mgc_shift_br(8,0,5,1,1)                                                0.000              10.462     10.462     0.000 0.194          0           3 
  mgc_shift_br(8,0,6,1,1)                                                0.000               7.919      7.919     0.000 0.194          4           1 
  mgc_shift_l(11,0,4,11,2)                                              52.733              59.260     59.260     0.000 0.268          1           0 
  mgc_shift_l(15,0,4,15,1)                                             145.179             104.618    104.618     0.000 0.187          1           1 
  mgc_shift_l(22,0,4,22,1)                                             222.852             152.182    152.182     0.000 0.203          0           1 
  mgc_shift_l(22,0,4,22,2)                                             115.073             133.364    133.364     0.000 0.297          1           0 
  mgc_shift_r(12,0,4,12,2)                                              60.484              70.386     70.348     0.000 0.284          1           1 
  mgc_shift_r(14,0,4,14,1)                                             141.004             106.607    106.677     0.000 0.192          1           0 
  mgc_shift_r(14,0,4,14,2)                                              71.456              84.842     84.906     0.000 0.293          0           1 
  mgc_xnor(1,2,4)                                                        1.596               0.000      0.000     0.000 0.000          0           6 
  mgc_xnor(1,3,4)                                                        3.192               0.000      0.467     0.000 0.171          0           2 
  mgc_xor(1,2,2)                                                         0.885               1.141      1.437     0.000 0.090          0           5 
  mgc_xor(1,3,3)                                                         2.986               1.945      1.066     0.000 0.139          0           2 
                                                                                                                                                     
  TOTAL AREA (After Assignment):                                    149311.519           51922.000 145709.000 95318.000                              
  
Area Scores
                      Post-Scheduling    Post-DP & FSM  Post-Assignment 
  ----------------- ----------------- ---------------- ----------------
  Total Area Score:   171096.0         177621.2         151217.3        
  Total Reg:          106777.7  (62%)   97169.4  (55%)   97169.4  (64%) 
                                                                        
  DataPath:           171096.0 (100%)  175761.2  (99%)  149311.5  (99%) 
    MUX:               32280.8  (19%)   23618.9  (13%)   21450.8  (14%) 
    FUNC:              31071.2  (18%)   48557.2  (28%)   23462.0  (16%) 
    LOGIC:               966.3   (1%)    8266.7   (5%)    9080.3   (6%) 
    BUFFER:                0.0              0.0              0.0        
    MEM:                   0.0              0.0              0.0        
    ROM:                   0.0              0.0              0.0        
    REG:              106777.7  (62%)   95318.4  (54%)   95318.4  (64%) 
                                                                        
  
  FSM:                     0.0           1860.0   (1%)    1905.8   (1%) 
    FSM-REG:               0.0           1851.0 (100%)    1851.0  (97%) 
    FSM-COMB:              0.0              9.0   (0%)      54.8   (3%) 
                                                                        
  
  
  (MUX = multiplexers; FUNC = datapath logic (e.g. add/mult); LOGIC = control logic)

Register-to-Variable Mappings
  Register                                                                   Size(bits) Gated Register CG Opt Done Variables                                                                                
  -------------------------------------------------------------------------- ---------- -------------- ----------- ----------------------------------------------------------------------------------------
  buf(0).sva                                                                         32         Y           Y      buf(0).sva                                                                               
  buf(1).sva                                                                         32         Y           Y      buf(1).sva                                                                               
  buf(2).sva                                                                         32         Y           Y      buf(2).sva                                                                               
  buf(3).sva                                                                         32         Y           Y      buf(3).sva                                                                               
  buf(4).sva                                                                         32         Y           Y      buf(4).sva                                                                               
  buf(5).sva                                                                         32         Y           Y      buf(5).sva                                                                               
  buf(6).sva                                                                         32         Y           Y      buf(6).sva                                                                               
  buf(7).sva                                                                         32         Y           Y      buf(7).sva                                                                               
  cnt.sva                                                                            32         Y           Y      cnt.sva                                                                                  
                                                                                                                   cnt.sva.dfm                                                                              
  cnt.sva                                                                            32         Y           Y      cnt.sva                                                                                  
                                                                                                                   cnt.sva.dfm                                                                              
  cnt.sva                                                                            32         Y           Y      cnt.sva                                                                                  
                                                                                                                   cnt.sva.dfm                                                                              
  count                                                                              32         Y           Y      count                                                                                    
  count                                                                              32         Y           Y      count                                                                                    
  count                                                                              32         Y           Y      count                                                                                    
  for#2:v1122.sva                                                                    32         Y           Y      for#2:v1122.sva                                                                          
                                                                                                                   l_S_t_1_t1:if:v1140.sva                                                                  
  for#2:v1179.sva                                                                    32         Y           Y      for#2:v1179.sva                                                                          
                                                                                                                   l_S_t_1_t2:if:v1197.sva                                                                  
  for#2:v1236.sva                                                                    32         Y           Y      for#2:v1236.sva                                                                          
                                                                                                                   l_S_t_1_t3:if:v1254.sva                                                                  
  for#2:v1293.sva                                                                    32         Y           Y      for#2:v1293.sva                                                                          
                                                                                                                   l_S_t_1_t4:if:v1311.sva                                                                  
  for#2:v1349.sva                                                                    32         Y           Y      for#2:v1349.sva                                                                          
  for#2:v1384.sva                                                                    32         Y           Y      for#2:v1384.sva                                                                          
  for#2:v1419.sva                                                                    32         Y           Y      for#2:v1419.sva                                                                          
  for#2:v1454.sva                                                                    32         Y           Y      for#2:v1454.sva                                                                          
  for#2:v1489.sva                                                                    32         Y           Y      for#2:v1489.sva                                                                          
  for#2:v1541.sva                                                                    32         Y           Y      for#2:v1541.sva                                                                          
  for#2:v1593.sva                                                                    32         Y           Y      for#2:v1593.sva                                                                          
  for#2:v1645.sva                                                                    32         Y           Y      for#2:v1645.sva                                                                          
  for#2:v1697.sva                                                                    32         Y           Y      for#2:v1697.sva                                                                          
  for#2:v1732.sva                                                                    32         Y           Y      for#2:v1732.sva                                                                          
  for#2:v1767.sva                                                                    32         Y           Y      for#2:v1767.sva                                                                          
  for#2:v1802.sva                                                                    32         Y           Y      for#2:v1802.sva                                                                          
  k2.sva                                                                             32         Y           Y      k2.sva                                                                                   
                                                                                                                   l_S_t_1_t5:mux.itm                                                                       
  k3.sva                                                                             32         Y           Y      k3.sva                                                                                   
                                                                                                                   l_S_t_1_t6:mux.itm                                                                       
  k4.sva                                                                             32         Y           Y      k4.sva                                                                                   
                                                                                                                   l_S_t_1_t7:mux.itm                                                                       
  k5.sva                                                                             32         Y           Y      k5.sva                                                                                   
                                                                                                                   l_S_t_1_t8:mux.itm                                                                       
  k6.sva                                                                             32         Y           Y      k6.sva                                                                                   
                                                                                                                   l_S_t_1_t13:mux.itm                                                                      
  k7.sva                                                                             32         Y           Y      k7.sva                                                                                   
                                                                                                                   l_S_t_1_t14:mux.itm                                                                      
  k8.sva                                                                             32         Y           Y      k8.sva                                                                                   
                                                                                                                   l_S_t_1_t15:mux.itm                                                                      
  k9.sva                                                                             32         Y           Y      k9.sva                                                                                   
                                                                                                                   l_S_t_1_t16:mux.itm                                                                      
  l_S_t_1_t10:l_S_t_1_t10:mux1h.itm                                                  32         Y           Y      l_S_t_1_t10:l_S_t_1_t10:mux1h.itm                                                        
                                                                                                                   sp5.sva                                                                                  
  l_S_t_1_t11:l_S_t_1_t11:mux1h.itm                                                  32         Y           Y      l_S_t_1_t11:l_S_t_1_t11:mux1h.itm                                                        
                                                                                                                   sp6.sva                                                                                  
  l_S_t_1_t12:l_S_t_1_t12:mux1h.itm                                                  32         Y           Y      l_S_t_1_t12:l_S_t_1_t12:mux1h.itm                                                        
                                                                                                                   sp7.sva                                                                                  
  l_S_t_1_t1:l_S_t_1_t1:mux1h.itm                                                    32         Y           Y      l_S_t_1_t1:l_S_t_1_t1:mux1h.itm                                                          
                                                                                                                   sp.sva                                                                                   
  l_S_t_1_t2:l_S_t_1_t2:mux1h.itm                                                    32         Y           Y      l_S_t_1_t2:l_S_t_1_t2:mux1h.itm                                                          
                                                                                                                   sp1.sva                                                                                  
  l_S_t_1_t3:l_S_t_1_t3:mux1h.itm                                                    32         Y           Y      l_S_t_1_t3:l_S_t_1_t3:mux1h.itm                                                          
                                                                                                                   sp2.sva                                                                                  
  l_S_t_1_t4:l_S_t_1_t4:mux1h.itm                                                    32         Y           Y      l_S_t_1_t4:l_S_t_1_t4:mux1h.itm                                                          
                                                                                                                   sp3.sva                                                                                  
  l_S_t_1_t9:l_S_t_1_t9:mux1h.itm                                                    32         Y           Y      l_S_t_1_t9:l_S_t_1_t9:mux1h.itm                                                          
                                                                                                                   sp4.sva                                                                                  
  l_S_t_1_t:mux#398.itm                                                              32         Y           Y      l_S_t_1_t:mux#398.itm                                                                    
                                                                                                                   l_S_t_1_t:v192:acc.ncse.sva                                                              
                                                                                                                   scred(0).sva                                                                             
  l_S_t_1_t:mux#404.itm                                                              32         Y           Y      l_S_t_1_t:mux#404.itm                                                                    
                                                                                                                   l_S_t_1_t:v204:acc.ncse.sva                                                              
                                                                                                                   scred(2).sva                                                                             
  l_S_t_1_t:mux#407.itm                                                              32         Y           Y      l_S_t_1_t:mux#407.itm                                                                    
                                                                                                                   l_S_t_1_t:v210:acc.ncse.sva                                                              
                                                                                                                   scred(3).sva                                                                             
  l_S_t_1_t:v198:acc.ncse.sva                                                        32         Y           Y      l_S_t_1_t:v198:acc.ncse.sva                                                              
                                                                                                                   scred(1).sva                                                                             
  mem.sva                                                                            32         Y           Y      mem.sva                                                                                  
  mem:rsci.q_d.bfwt                                                                  32         Y           Y      mem:rsci.q_d.bfwt                                                                        
  out.PushNB():mioi.idat                                                             32         Y           Y      out.PushNB():mioi.idat                                                                   
  rsp.Push():mioi.idat                                                               32         Y           Y      rsp.Push():mioi.idat                                                                     
  rsp.Push():mioi.idat                                                               32         Y           Y      rsp.Push():mioi.idat                                                                     
  v0_rsp.Pop():mioi.idat.bfwt                                                        32         Y           Y      v0_rsp.Pop():mioi.idat.bfwt                                                              
  v1109_req.Push():mioi.idat(32:1)                                                   32         Y           Y      v1109_req.Push():mioi.idat(32:1)                                                         
  v1109_rsp.Pop():mioi.idat.bfwt                                                     32         Y           Y      v1109_rsp.Pop():mioi.idat.bfwt                                                           
  v1110_rsp.Pop():mioi.idat.bfwt                                                     32         Y           Y      v1110_rsp.Pop():mioi.idat.bfwt                                                           
  v1120(31:0).sva                                                                    32         Y           Y      v1120(31:0).sva                                                                          
  v1166_req.Push():mioi.idat(32:1)                                                   32         Y           Y      v1166_req.Push():mioi.idat(32:1)                                                         
  v1166_rsp.Pop():mioi.idat.bfwt                                                     32         Y           Y      v1166_rsp.Pop():mioi.idat.bfwt                                                           
  v1167_rsp.Pop():mioi.idat.bfwt                                                     32         Y           Y      v1167_rsp.Pop():mioi.idat.bfwt                                                           
  v1177(31:0).sva                                                                    32         Y           Y      v1177(31:0).sva                                                                          
  v1223_req.Push():mioi.idat(32:1)                                                   32         Y           Y      v1223_req.Push():mioi.idat(32:1)                                                         
  v1223_rsp.Pop():mioi.idat.bfwt                                                     32         Y           Y      v1223_rsp.Pop():mioi.idat.bfwt                                                           
  v1224_rsp.Pop():mioi.idat.bfwt                                                     32         Y           Y      v1224_rsp.Pop():mioi.idat.bfwt                                                           
  v1234(31:0).sva                                                                    32         Y           Y      v1234(31:0).sva                                                                          
  v1280_req.Push():mioi.idat(32:1)                                                   32         Y           Y      v1280_req.Push():mioi.idat(32:1)                                                         
  v1280_rsp.Pop():mioi.idat.bfwt                                                     32         Y           Y      v1280_rsp.Pop():mioi.idat.bfwt                                                           
  v1281_rsp.Pop():mioi.idat.bfwt                                                     32         Y           Y      v1281_rsp.Pop():mioi.idat.bfwt                                                           
  v1291(31:0).sva                                                                    32         Y           Y      v1291(31:0).sva                                                                          
  v1337_rsp.Pop():mioi.idat.bfwt                                                     32         Y           Y      v1337_rsp.Pop():mioi.idat.bfwt                                                           
  v1347(31:0).sva                                                                    32         Y           Y      v1347(31:0).sva                                                                          
  v1372_rsp.Pop():mioi.idat.bfwt                                                     32         Y           Y      v1372_rsp.Pop():mioi.idat.bfwt                                                           
  v1382(31:0).sva                                                                    32         Y           Y      v1382(31:0).sva                                                                          
  v1407_rsp.Pop():mioi.idat.bfwt                                                     32         Y           Y      v1407_rsp.Pop():mioi.idat.bfwt                                                           
  v1417(31:0).sva                                                                    32         Y           Y      v1417(31:0).sva                                                                          
  v1442_rsp.Pop():mioi.idat.bfwt                                                     32         Y           Y      v1442_rsp.Pop():mioi.idat.bfwt                                                           
  v1452(31:0).sva                                                                    32         Y           Y      v1452(31:0).sva                                                                          
  v1476_req.Push():mioi.idat(32:1)                                                   32         Y           Y      v1476_req.Push():mioi.idat(32:1)                                                         
  v1477_rsp.Pop():mioi.idat.bfwt                                                     32         Y           Y      v1477_rsp.Pop():mioi.idat.bfwt                                                           
  v1487(31:0).sva                                                                    32         Y           Y      v1487(31:0).sva                                                                          
  v1528_req.Push():mioi.idat(32:1)                                                   32         Y           Y      v1528_req.Push():mioi.idat(32:1)                                                         
  v1529_rsp.Pop():mioi.idat.bfwt                                                     32         Y           Y      v1529_rsp.Pop():mioi.idat.bfwt                                                           
  v1539(31:0).sva                                                                    32         Y           Y      v1539(31:0).sva                                                                          
  v1580_req.Push():mioi.idat(32:1)                                                   32         Y           Y      v1580_req.Push():mioi.idat(32:1)                                                         
  v1581_rsp.Pop():mioi.idat.bfwt                                                     32         Y           Y      v1581_rsp.Pop():mioi.idat.bfwt                                                           
  v1591(31:0).sva                                                                    32         Y           Y      v1591(31:0).sva                                                                          
  v1632_req.Push():mioi.idat(32:1)                                                   32         Y           Y      v1632_req.Push():mioi.idat(32:1)                                                         
  v1633_rsp.Pop():mioi.idat.bfwt                                                     32         Y           Y      v1633_rsp.Pop():mioi.idat.bfwt                                                           
  v1643(31:0).sva                                                                    32         Y           Y      v1643(31:0).sva                                                                          
  v1685_rsp.Pop():mioi.idat.bfwt                                                     32         Y           Y      v1685_rsp.Pop():mioi.idat.bfwt                                                           
  v1695(31:0).sva                                                                    32         Y           Y      v1695(31:0).sva                                                                          
  v1720_rsp.Pop():mioi.idat.bfwt                                                     32         Y           Y      v1720_rsp.Pop():mioi.idat.bfwt                                                           
  v1730(31:0).sva                                                                    32         Y           Y      v1730(31:0).sva                                                                          
  v1755_rsp.Pop():mioi.idat.bfwt                                                     32         Y           Y      v1755_rsp.Pop():mioi.idat.bfwt                                                           
  v1765(31:0).sva                                                                    32         Y           Y      v1765(31:0).sva                                                                          
  v1790_rsp.Pop():mioi.idat.bfwt                                                     32         Y           Y      v1790_rsp.Pop():mioi.idat.bfwt                                                           
  v1800(31:0).sva                                                                    32         Y           Y      v1800(31:0).sva                                                                          
  v25.Pop():mioi.idat.bfwt                                                           32         Y           Y      v25.Pop():mioi.idat.bfwt                                                                 
  v26.Pop():mioi.idat.bfwt                                                           32         Y           Y      v26.Pop():mioi.idat.bfwt                                                                 
  v27.Pop():mioi.idat.bfwt                                                           32         Y           Y      v27.Pop():mioi.idat.bfwt                                                                 
  v28.Pop():mioi.idat.bfwt                                                           32         Y           Y      v28.Pop():mioi.idat.bfwt                                                                 
  dcred.sva(30:0)                                                                    31         Y           Y      dcred.sva                                                                                
                                                                                                                   l_S_t_1_t1:mux.itm                                                                       
                                                                                                                   l_S_t_1_t1:v1130.sva                                                                     
  dcred1.sva(30:0)                                                                   31         Y           Y      dcred1.sva                                                                               
                                                                                                                   l_S_t_1_t2:mux.itm                                                                       
                                                                                                                   l_S_t_1_t2:v1187.sva                                                                     
  dcred2.sva(30:0)                                                                   31         Y           Y      dcred2.sva                                                                               
                                                                                                                   l_S_t_1_t3:mux.itm                                                                       
                                                                                                                   l_S_t_1_t3:v1244.sva                                                                     
  dcred3.sva(30:0)                                                                   31         Y           Y      dcred3.sva                                                                               
                                                                                                                   l_S_t_1_t4:mux.itm                                                                       
                                                                                                                   l_S_t_1_t4:v1301.sva                                                                     
  dcred4.sva(30:0)                                                                   31         Y           Y      dcred4.sva                                                                               
                                                                                                                   l_S_t_1_t9:mux.itm                                                                       
                                                                                                                   l_S_t_1_t9:v1497.sva                                                                     
  dcred5.sva(30:0)                                                                   31         Y           Y      dcred5.sva                                                                               
                                                                                                                   l_S_t_1_t10:mux.itm                                                                      
                                                                                                                   l_S_t_1_t10:v1549.sva                                                                    
  dcred6.sva(30:0)                                                                   31         Y           Y      dcred6.sva                                                                               
                                                                                                                   l_S_t_1_t11:mux.itm                                                                      
                                                                                                                   l_S_t_1_t11:v1601.sva                                                                    
  dcred7.sva(30:0)                                                                   31         Y           Y      dcred7.sva                                                                               
                                                                                                                   l_S_t_1_t12:mux.itm                                                                      
                                                                                                                   l_S_t_1_t12:v1653.sva                                                                    
  buf(0).sva                                                                         26         Y           Y      buf(0).sva                                                                               
  buf(1).sva                                                                         26         Y           Y      buf(1).sva                                                                               
  buf(2).sva                                                                         26         Y           Y      buf(2).sva                                                                               
  buf(3).sva                                                                         26         Y           Y      buf(3).sva                                                                               
  buf(4).sva                                                                         26         Y           Y      buf(4).sva                                                                               
  buf(5).sva                                                                         26         Y           Y      buf(5).sva                                                                               
  buf(6).sva                                                                         26         Y           Y      buf(6).sva                                                                               
  buf(7).sva                                                                         26         Y           Y      buf(7).sva                                                                               
  for#25:v122.sva(25:0)                                                              26         Y           Y      for#25:v122.sva                                                                          
                                                                                                                   for#3:mux#23.itm                                                                         
                                                                                                                   l_S_t_1_t:fin(3).sva                                                                     
                                                                                                                   l_S_t_1_t:hd(3).sva.dfm                                                                  
  l_S_t_1_t:hd(1).sva                                                                26         Y           Y      l_S_t_1_t:hd(1).sva                                                                      
                                                                                                                   l_S_t_1_t:hd(1).sva.dfm                                                                  
                                                                                                                   l_S_t_1_t:fin(1).sva                                                                     
  l_S_t_1_t:hd(2).sva                                                                26         Y           Y      l_S_t_1_t:hd(2).sva                                                                      
                                                                                                                   l_S_t_1_t:hd(2).sva.dfm                                                                  
                                                                                                                   l_S_t_1_t:fin(2).sva                                                                     
  out.PushNB():mioi.idat                                                             26         Y           Y      out.PushNB():mioi.idat                                                                   
  rbuf(0)(0).lpi#4                                                                   26         Y           Y      rbuf(0)(0).lpi#4                                                                         
                                                                                                                   rbuf(0)(0).lpi#4.dfm                                                                     
                                                                                                                   rbuf(0)(0).lpi#4.dfm.dfm                                                                 
                                                                                                                   rbuf(0)(0).sva.dfm                                                                       
  rbuf(0)(1).lpi#4                                                                   26         Y           Y      rbuf(0)(1).lpi#4                                                                         
                                                                                                                   rbuf(0)(1).lpi#4.dfm                                                                     
                                                                                                                   rbuf(0)(1).sva.dfm                                                                       
  rbuf(1)(0).lpi#4                                                                   26         Y           Y      rbuf(1)(0).lpi#4                                                                         
                                                                                                                   rbuf(1)(0).lpi#4.dfm                                                                     
                                                                                                                   rbuf(1)(0).lpi#4.dfm.dfm                                                                 
                                                                                                                   rbuf(1)(0).sva.dfm                                                                       
  rbuf(1)(1).lpi#4                                                                   26         Y           Y      rbuf(1)(1).lpi#4                                                                         
                                                                                                                   rbuf(1)(1).lpi#4.dfm                                                                     
                                                                                                                   rbuf(1)(1).sva.dfm                                                                       
  rbuf(2)(0).lpi#4                                                                   26         Y           Y      rbuf(2)(0).lpi#4                                                                         
                                                                                                                   rbuf(2)(0).lpi#4.dfm                                                                     
                                                                                                                   rbuf(2)(0).lpi#4.dfm.dfm                                                                 
                                                                                                                   rbuf(2)(0).sva.dfm                                                                       
  rbuf(2)(1).lpi#4                                                                   26         Y           Y      rbuf(2)(1).lpi#4                                                                         
                                                                                                                   rbuf(2)(1).lpi#4.dfm                                                                     
                                                                                                                   rbuf(2)(1).sva.dfm                                                                       
  rbuf(3)(0).lpi#4                                                                   26         Y           Y      rbuf(3)(0).lpi#4                                                                         
                                                                                                                   rbuf(3)(0).lpi#4.dfm                                                                     
                                                                                                                   rbuf(3)(0).lpi#4.dfm.dfm                                                                 
                                                                                                                   rbuf(3)(0).sva.dfm                                                                       
  rbuf(3)(1).lpi#4                                                                   26         Y           Y      rbuf(3)(1).lpi#4                                                                         
                                                                                                                   rbuf(3)(1).lpi#4.dfm                                                                     
                                                                                                                   rbuf(3)(1).sva.dfm                                                                       
  v120(31:0).sva(25:0)                                                               26         Y           Y      v120(31:0).sva                                                                           
                                                                                                                   l_S_t_1_t:hd(0).sva                                                                      
                                                                                                                   l_S_t_1_t:hd(0).sva.dfm                                                                  
                                                                                                                   l_S_t_1_t:fin(0).sva                                                                     
  v1476_rsp.Pop():mioi.idat.bfwt(25:0)                                               26         Y           Y      v1476_rsp.Pop():mioi.idat.bfwt(25:0)                                                     
  v1528_rsp.Pop():mioi.idat.bfwt(25:0)                                               26         Y           Y      v1528_rsp.Pop():mioi.idat.bfwt(25:0)                                                     
  v1580_rsp.Pop():mioi.idat.bfwt(25:0)                                               26         Y           Y      v1580_rsp.Pop():mioi.idat.bfwt(25:0)                                                     
  v1632_rsp.Pop():mioi.idat.bfwt(25:0)                                               26         Y           Y      v1632_rsp.Pop():mioi.idat.bfwt(25:0)                                                     
  v17.Pop():mioi.idat.bfwt                                                           26         Y           Y      v17.Pop():mioi.idat.bfwt                                                                 
  v18.Pop():mioi.idat.bfwt                                                           26         Y           Y      v18.Pop():mioi.idat.bfwt                                                                 
  v19.Pop():mioi.idat.bfwt                                                           26         Y           Y      v19.Pop():mioi.idat.bfwt                                                                 
  v20.Pop():mioi.idat.bfwt                                                           26         Y           Y      v20.Pop():mioi.idat.bfwt                                                                 
  v1478.Push():mioi.idat(24:0)                                                       25         Y           Y      v1478.Push():mioi.idat(24:0)                                                             
  v1530.Push():mioi.idat(24:0)                                                       25         Y           Y      v1530.Push():mioi.idat(24:0)                                                             
  v1582.Push():mioi.idat(24:0)                                                       25         Y           Y      v1582.Push():mioi.idat(24:0)                                                             
  v1634.Push():mioi.idat(24:0)                                                       25         Y           Y      v1634.Push():mioi.idat(24:0)                                                             
  v1684_req.Push():mioi.idat(33:9)                                                   25         Y           Y      v1684_req.Push():mioi.idat(33:9)                                                         
  v1719_req.Push():mioi.idat(33:9)                                                   25         Y           Y      v1719_req.Push():mioi.idat(33:9)                                                         
  v1754_req.Push():mioi.idat(33:9)                                                   25         Y           Y      v1754_req.Push():mioi.idat(33:9)                                                         
  v1789_req.Push():mioi.idat(33:9)                                                   25         Y           Y      v1789_req.Push():mioi.idat(33:9)                                                         
  v1108_req.Push():mioi.idat(24:1)                                                   24         Y           Y      v1108_req.Push():mioi.idat(24:1)                                                         
  v1165_req.Push():mioi.idat(24:1)                                                   24         Y           Y      v1165_req.Push():mioi.idat(24:1)                                                         
  v1222_req.Push():mioi.idat(24:1)                                                   24         Y           Y      v1222_req.Push():mioi.idat(24:1)                                                         
  v1279_req.Push():mioi.idat(24:1)                                                   24         Y           Y      v1279_req.Push():mioi.idat(24:1)                                                         
  l_S_t_1_t:o_crv(20:0).lpi#1.dfm#3                                                  21         Y           Y      l_S_t_1_t:o_crv(20:0).lpi#1.dfm#3                                                        
  buf(0).sva                                                                         17         Y           Y      buf(0).sva                                                                               
  buf(1).sva                                                                         17         Y           Y      buf(1).sva                                                                               
  buf(2).sva                                                                         17         Y           Y      buf(2).sva                                                                               
  buf(3).sva                                                                         17         Y           Y      buf(3).sva                                                                               
  buf(4).sva                                                                         17         Y           Y      buf(4).sva                                                                               
  buf(5).sva                                                                         17         Y           Y      buf(5).sva                                                                               
  buf(6).sva                                                                         17         Y           Y      buf(6).sva                                                                               
  buf(7).sva                                                                         17         Y           Y      buf(7).sva                                                                               
  l_S_t_1_t:rx_e.sva                                                                 17         Y           Y      l_S_t_1_t:rx_e.sva                                                                       
  l_S_t_1_t:rx_n.sva                                                                 17         Y           Y      l_S_t_1_t:rx_n.sva                                                                       
  l_S_t_1_t:rx_s.sva                                                                 17         Y           Y      l_S_t_1_t:rx_s.sva                                                                       
  l_S_t_1_t:rx_w.sva                                                                 17         Y           Y      l_S_t_1_t:rx_w.sva                                                                       
  out.PushNB():mioi.idat                                                             17         Y           Y      out.PushNB():mioi.idat                                                                   
  v29.Pop():mioi.idat.bfwt                                                           17         Y           Y      v29.Pop():mioi.idat.bfwt                                                                 
  v30.Pop():mioi.idat.bfwt                                                           17         Y           Y      v30.Pop():mioi.idat.bfwt                                                                 
  v31.Pop():mioi.idat.bfwt                                                           17         Y           Y      v31.Pop():mioi.idat.bfwt                                                                 
  v32.Pop():mioi.idat.bfwt                                                           17         Y           Y      v32.Pop():mioi.idat.bfwt                                                                 
  hold_v.d(0)(0).lpi#4                                                               16         Y           Y      hold_v.d(0)(0).lpi#4                                                                     
                                                                                                                   hold_v.d(0)(0).lpi#4.dfm                                                                 
                                                                                                                   hold_v.d(0)(0).sva.dfm                                                                   
                                                                                                                   l_S_t_1_t:l_S_t_1_t:mux1h#2.itm                                                          
  hold_v.d(0)(1).lpi#4                                                               16         Y           Y      hold_v.d(0)(1).lpi#4                                                                     
                                                                                                                   hold_v.d(0)(1).lpi#4.dfm                                                                 
                                                                                                                   hold_v.d(0)(1).sva.dfm                                                                   
  hold_v.d(1)(0).lpi#4                                                               16         Y           Y      hold_v.d(1)(0).lpi#4                                                                     
                                                                                                                   hold_v.d(1)(0).lpi#4.dfm                                                                 
                                                                                                                   hold_v.d(1)(0).sva.dfm                                                                   
                                                                                                                   l_S_t_1_t:l_S_t_1_t:mux1h#3.itm                                                          
  hold_v.d(1)(1).lpi#4                                                               16         Y           Y      hold_v.d(1)(1).lpi#4                                                                     
                                                                                                                   hold_v.d(1)(1).lpi#4.dfm                                                                 
                                                                                                                   hold_v.d(1)(1).sva.dfm                                                                   
  hold_v.d(2)(0).lpi#4                                                               16         Y           Y      hold_v.d(2)(0).lpi#4                                                                     
                                                                                                                   hold_v.d(2)(0).lpi#4.dfm                                                                 
                                                                                                                   hold_v.d(2)(0).sva.dfm                                                                   
                                                                                                                   l_S_t_1_t:l_S_t_1_t:mux1h#4.itm                                                          
  hold_v.d(2)(1).lpi#4                                                               16         Y           Y      hold_v.d(2)(1).lpi#4                                                                     
                                                                                                                   hold_v.d(2)(1).lpi#4.dfm                                                                 
                                                                                                                   hold_v.d(2)(1).sva.dfm                                                                   
  hold_v.d(3)(0).lpi#4                                                               16         Y           Y      hold_v.d(3)(0).lpi#4                                                                     
                                                                                                                   hold_v.d(3)(0).lpi#4.dfm                                                                 
                                                                                                                   hold_v.d(3)(0).sva.dfm                                                                   
                                                                                                                   l_S_t_1_t:l_S_t_1_t:mux1h#5.itm                                                          
  hold_v.d(3)(1).lpi#4                                                               16         Y           Y      hold_v.d(3)(1).lpi#4                                                                     
                                                                                                                   hold_v.d(3)(1).lpi#4.dfm                                                                 
                                                                                                                   hold_v.d(3)(1).sva.dfm                                                                   
  irf(0).sva                                                                         16         Y           Y      irf(0).sva                                                                               
                                                                                                                   l_S_t_1_t:mux#410.itm                                                                    
  irf(1).sva                                                                         16         Y           Y      irf(1).sva                                                                               
                                                                                                                   l_S_t_1_t:mux#411.itm                                                                    
  irf(2).sva                                                                         16         Y           Y      irf(2).sva                                                                               
                                                                                                                   l_S_t_1_t:mux#412.itm                                                                    
  irf(3).sva                                                                         16         Y           Y      irf(3).sva                                                                               
                                                                                                                   l_S_t_1_t:mux#413.itm                                                                    
  irf(4).sva                                                                         16         Y           Y      irf(4).sva                                                                               
                                                                                                                   l_S_t_1_t:mux#414.itm                                                                    
  irf(5).sva                                                                         16         Y           Y      irf(5).sva                                                                               
                                                                                                                   l_S_t_1_t:mux#415.itm                                                                    
  irf(6).sva                                                                         16         Y           Y      irf(6).sva                                                                               
                                                                                                                   l_S_t_1_t:mux#416.itm                                                                    
  irf(7).sva                                                                         16         Y           Y      irf(7).sva                                                                               
                                                                                                                   l_S_t_1_t:mux#417.itm                                                                    
  l_S_t_1_t:instr(15:0).lpi#1.dfm                                                    16         Y           Y      l_S_t_1_t:instr(15:0).lpi#1.dfm                                                          
  mem.d:rsci.q_d.bfwt                                                                16         Y           Y      mem.d:rsci.q_d.bfwt                                                                      
  rsp.Push():mioi.idat                                                               16         Y           Y      rsp.Push():mioi.idat                                                                     
  v1108_rsp.Pop():mioi.idat.bfwt                                                     16         Y           Y      v1108_rsp.Pop():mioi.idat.bfwt                                                           
  v1111.Push():mioi.idat(16:1)                                                       16         Y           Y      v1111.Push():mioi.idat(16:1)                                                             
  v1165_rsp.Pop():mioi.idat.bfwt                                                     16         Y           Y      v1165_rsp.Pop():mioi.idat.bfwt                                                           
  v1168.Push():mioi.idat(16:1)                                                       16         Y           Y      v1168.Push():mioi.idat(16:1)                                                             
  v1222_rsp.Pop():mioi.idat.bfwt                                                     16         Y           Y      v1222_rsp.Pop():mioi.idat.bfwt                                                           
  v1225.Push():mioi.idat(16:1)                                                       16         Y           Y      v1225.Push():mioi.idat(16:1)                                                             
  v1279_rsp.Pop():mioi.idat.bfwt                                                     16         Y           Y      v1279_rsp.Pop():mioi.idat.bfwt                                                           
  v1282.Push():mioi.idat(16:1)                                                       16         Y           Y      v1282.Push():mioi.idat(16:1)                                                             
  v1336_req.Push():mioi.idat(24:9)                                                   16         Y           Y      v1336_req.Push():mioi.idat(24:9)                                                         
  v1371_req.Push():mioi.idat(24:9)                                                   16         Y           Y      v1371_req.Push():mioi.idat(24:9)                                                         
  v1406_req.Push():mioi.idat(24:9)                                                   16         Y           Y      v1406_req.Push():mioi.idat(24:9)                                                         
  v1441_req.Push():mioi.idat(24:9)                                                   16         Y           Y      v1441_req.Push():mioi.idat(24:9)                                                         
  v784.ac_ieee_float_base:slc(hold_v.d,*16)(15-0).ctmp.sva                           16         Y           Y      v784.ac_ieee_float_base:slc(hold_v.d,*16)(15-0).ctmp.sva                                 
  v798.ac_ieee_float_base:slc(hold_v.d,*16)(15-0).ctmp.sva                           16         Y           Y      v798.ac_ieee_float_base:slc(hold_v.d,*16)(15-0).ctmp.sva                                 
  return.add_generic<AC_RND_CONV,false>#1:mux#6.itm(11:0)                            12         Y                  return.add_generic<AC_RND_CONV,false>#1:mux#6.itm                                        
                                                                                                                   return.add_generic<AC_RND_CONV,false>:mux#6.itm                                          
                                                                                                                   return.add_generic<AC_RND_CONV,false>#1:res_rounded.sva                                  
                                                                                                                   return.add_generic<AC_RND_CONV,false>:res_rounded.sva                                    
  drf.d(0).sva(8:0)                                                                   9         Y           Y      drf.d(0).sva                                                                             
                                                                                                                   drf.d(0).sva.dfm#5                                                                       
                                                                                                                   l_S_t_1_t:mux#418.itm                                                                    
  drf.d(1).sva(8:0)                                                                   9         Y           Y      drf.d(1).sva                                                                             
                                                                                                                   drf.d(1).sva.dfm#5                                                                       
                                                                                                                   l_S_t_1_t:mux#419.itm                                                                    
  drf.d(2).sva(8:0)                                                                   9         Y           Y      drf.d(2).sva                                                                             
                                                                                                                   drf.d(2).sva.dfm#5                                                                       
                                                                                                                   l_S_t_1_t:mux#420.itm                                                                    
  drf.d(3).sva(8:0)                                                                   9         Y           Y      drf.d(3).sva                                                                             
                                                                                                                   drf.d(3).sva.dfm#5                                                                       
                                                                                                                   l_S_t_1_t:mux#421.itm                                                                    
  drf.d(4).sva(8:0)                                                                   9         Y           Y      drf.d(4).sva                                                                             
                                                                                                                   drf.d(4).sva.dfm#5                                                                       
                                                                                                                   l_S_t_1_t:mux#422.itm                                                                    
  drf.d(5).sva(8:0)                                                                   9         Y           Y      drf.d(5).sva                                                                             
                                                                                                                   drf.d(5).sva.dfm#5                                                                       
                                                                                                                   l_S_t_1_t:mux#423.itm                                                                    
  drf.d(6).sva(8:0)                                                                   9         Y           Y      drf.d(6).sva                                                                             
                                                                                                                   drf.d(6).sva.dfm#5                                                                       
                                                                                                                   l_S_t_1_t:mux#424.itm                                                                    
  drf.d(7).sva(8:0)                                                                   9         Y           Y      drf.d(7).sva                                                                             
                                                                                                                   drf.d(7).sva.dfm#5                                                                       
                                                                                                                   l_S_t_1_t:mux#425.itm                                                                    
  txp_d.d(0).sva(8:0)                                                                 9         Y           Y      txp_d.d(0).sva                                                                           
                                                                                                                   txp_d.d(0).sva.dfm#3                                                                     
                                                                                                                   l_S_t_1_t:mux#426.itm                                                                    
  txp_d.d(1).sva(8:0)                                                                 9         Y           Y      txp_d.d(1).sva                                                                           
                                                                                                                   txp_d.d(1).sva.dfm#3                                                                     
                                                                                                                   l_S_t_1_t:mux#427.itm                                                                    
  txp_d.d(2).sva(8:0)                                                                 9         Y           Y      txp_d.d(2).sva                                                                           
                                                                                                                   txp_d.d(2).sva.dfm#3                                                                     
                                                                                                                   l_S_t_1_t:mux#428.itm                                                                    
  txp_d.d(3).sva(8:0)                                                                 9         Y           Y      txp_d.d(3).sva                                                                           
                                                                                                                   txp_d.d(3).sva.dfm#3                                                                     
                                                                                                                   l_S_t_1_t:mux#429.itm                                                                    
  v5.Push():mioi.idat(9:1)                                                            9         Y           Y      v5.Push():mioi.idat(9:1)                                                                 
  v6.Push():mioi.idat(9:1)                                                            9         Y           Y      v6.Push():mioi.idat(9:1)                                                                 
  v7.Push():mioi.idat(9:1)                                                            9         Y           Y      v7.Push():mioi.idat(9:1)                                                                 
  v8.Push():mioi.idat(9:1)                                                            9         Y           Y      v8.Push():mioi.idat(9:1)                                                                 
  cfg_itsz(7:0).sva                                                                   8         Y           Y      cfg_itsz(7:0).sva                                                                        
                                                                                                                   l_S_t_1_t:mux#435.itm                                                                    
  csd_pkt(15:0)#1.sva.rsp.4.rsp.1                                                     8         Y           Y      csd_pkt(15:0)#1.sva                                                                      
                                                                                                                   l_S_t_1_t:mux#27.itm                                                                     
                                                                                                                   l_S_t_1_t:if#5:v431.d.sva                                                                
  dsmask(7:0).sva                                                                     8         Y           Y      dsmask(7:0).sva                                                                          
                                                                                                                   l_S_t_1_t:mux#433.itm                                                                    
  hold_cnt(0).lpi#2                                                                   8         Y           Y      hold_cnt(0).lpi#2                                                                        
                                                                                                                   hold_cnt(0).lpi#2.dfm                                                                    
                                                                                                                   hold_cnt(0).sva                                                                          
                                                                                                                   hold_cnt(0).sva.dfm                                                                      
  hold_cnt(1).lpi#2                                                                   8         Y           Y      hold_cnt(1).lpi#2                                                                        
                                                                                                                   hold_cnt(1).lpi#2.dfm                                                                    
                                                                                                                   hold_cnt(1).sva                                                                          
                                                                                                                   hold_cnt(1).sva.dfm                                                                      
                                                                                                                   l_S_t_1_t:mux#105.itm                                                                    
  hold_cnt(2).lpi#2                                                                   8         Y           Y      hold_cnt(2).lpi#2                                                                        
                                                                                                                   hold_cnt(2).lpi#2.dfm                                                                    
                                                                                                                   hold_cnt(2).sva                                                                          
                                                                                                                   hold_cnt(2).sva.dfm                                                                      
                                                                                                                   l_S_t_1_t:mux#106.itm                                                                    
  hold_cnt(3).lpi#2                                                                   8         Y           Y      hold_cnt(3).lpi#2                                                                        
                                                                                                                   hold_cnt(3).lpi#2.dfm                                                                    
                                                                                                                   hold_cnt(3).sva                                                                          
                                                                                                                   hold_cnt(3).sva.dfm                                                                      
                                                                                                                   l_S_t_1_t:mux#107.itm                                                                    
  instr_cnt.sva                                                                       8         Y           Y      instr_cnt.sva                                                                            
                                                                                                                   instr_cnt.sva.dfm#1                                                                      
                                                                                                                   l_S_t_1_t:mux#430.itm                                                                    
  iter_cnt.sva                                                                        8         Y           Y      iter_cnt.sva                                                                             
                                                                                                                   iter_cnt.sva.dfm#2                                                                       
                                                                                                                   l_S_t_1_t:mux#431.itm                                                                    
  l_S_t_1_t10:t10(7:0).sva                                                            8         Y           Y      l_S_t_1_t10:t10(7:0).sva                                                                 
                                                                                                                   l_S_t_1_t10:t10(7:0).sva#1                                                               
  l_S_t_1_t11:t11(7:0).sva                                                            8         Y           Y      l_S_t_1_t11:t11(7:0).sva                                                                 
                                                                                                                   l_S_t_1_t11:t11(7:0).sva#1                                                               
  l_S_t_1_t12:t12(7:0).sva                                                            8         Y           Y      l_S_t_1_t12:t12(7:0).sva                                                                 
                                                                                                                   l_S_t_1_t12:t12(7:0).sva#1                                                               
  l_S_t_1_t13:t13(7:0).sva                                                            8         Y           Y      l_S_t_1_t13:t13(7:0).sva                                                                 
                                                                                                                   l_S_t_1_t13:t13(7:0).sva#1                                                               
  l_S_t_1_t14:t14(7:0).sva                                                            8         Y           Y      l_S_t_1_t14:t14(7:0).sva                                                                 
                                                                                                                   l_S_t_1_t14:t14(7:0).sva#1                                                               
  l_S_t_1_t15:t15(7:0).sva                                                            8         Y           Y      l_S_t_1_t15:t15(7:0).sva                                                                 
                                                                                                                   l_S_t_1_t15:t15(7:0).sva#1                                                               
  l_S_t_1_t16:t16(7:0).sva                                                            8         Y           Y      l_S_t_1_t16:t16(7:0).sva                                                                 
                                                                                                                   l_S_t_1_t16:t16(7:0).sva#1                                                               
  l_S_t_1_t1:t1(7:0).sva                                                              8         Y           Y      l_S_t_1_t1:t1(7:0).sva                                                                   
                                                                                                                   l_S_t_1_t1:t1(7:0).sva#1                                                                 
  l_S_t_1_t2:t2(7:0).sva                                                              8         Y           Y      l_S_t_1_t2:t2(7:0).sva                                                                   
                                                                                                                   l_S_t_1_t2:t2(7:0).sva#1                                                                 
  l_S_t_1_t3:t3(7:0).sva                                                              8         Y           Y      l_S_t_1_t3:t3(7:0).sva                                                                   
                                                                                                                   l_S_t_1_t3:t3(7:0).sva#1                                                                 
  l_S_t_1_t4:t4(7:0).sva                                                              8         Y           Y      l_S_t_1_t4:t4(7:0).sva                                                                   
                                                                                                                   l_S_t_1_t4:t4(7:0).sva#1                                                                 
  l_S_t_1_t5:t5(7:0).sva                                                              8         Y           Y      l_S_t_1_t5:t5(7:0).sva                                                                   
                                                                                                                   l_S_t_1_t5:t5(7:0).sva#1                                                                 
  l_S_t_1_t6:t6(7:0).sva                                                              8         Y           Y      l_S_t_1_t6:t6(7:0).sva                                                                   
                                                                                                                   l_S_t_1_t6:t6(7:0).sva#1                                                                 
  l_S_t_1_t7:t7(7:0).sva                                                              8         Y           Y      l_S_t_1_t7:t7(7:0).sva                                                                   
                                                                                                                   l_S_t_1_t7:t7(7:0).sva#1                                                                 
  l_S_t_1_t8:t8(7:0).sva                                                              8         Y           Y      l_S_t_1_t8:t8(7:0).sva                                                                   
                                                                                                                   l_S_t_1_t8:t8(7:0).sva#1                                                                 
  l_S_t_1_t9:t9(7:0).sva                                                              8         Y           Y      l_S_t_1_t9:t9(7:0).sva                                                                   
                                                                                                                   l_S_t_1_t9:t9(7:0).sva#1                                                                 
  l_S_t_1_t:a.d.lpi#1.dfm#1(7:0)                                                      8         Y           Y      l_S_t_1_t:a.d.lpi#1.dfm#1                                                                
                                                                                                                   l_S_t_1_t:a.d.sva#1                                                                      
  l_S_t_1_t:b.d.lpi#1.dfm#1(7:0)                                                      8         Y           Y      l_S_t_1_t:b.d.lpi#1.dfm#1                                                                
                                                                                                                   l_S_t_1_t:b.d.sva#1                                                                      
  l_S_t_1_t:if#10:v566:slc(hold_cnt,*8)(7-0).ncse.sva#1                               8         Y           Y      l_S_t_1_t:if#10:v566:slc(hold_cnt,*8)(7-0).ncse.sva#1                                    
                                                                                                                   l_S_t_1_t:if#27:v801:mux.itm                                                             
                                                                                                                   l_S_t_1_t:mux#104.itm                                                                    
                                                                                                                   operator-<33,true>#7:acc.ctmp.sva                                                        
  l_S_t_1_t:mux#361.itm.rsp.1                                                         8         Y           Y      l_S_t_1_t:mux#361.itm                                                                    
                                                                                                                   resq.d(0)(8:0).sva                                                                       
  l_S_t_1_t:mux#365.itm.rsp.1                                                         8         Y           Y      l_S_t_1_t:mux#365.itm                                                                    
                                                                                                                   resq.d(1)(8:0).sva                                                                       
  l_S_t_1_t:mux#369.itm.rsp.1                                                         8         Y           Y      l_S_t_1_t:mux#369.itm                                                                    
                                                                                                                   resq.d(2)(8:0).sva                                                                       
  l_S_t_1_t:mux#373.itm.rsp.1                                                         8         Y           Y      l_S_t_1_t:mux#373.itm                                                                    
                                                                                                                   resq.d(3)(8:0).sva                                                                       
  l_S_t_1_t:mux#377.itm.rsp.1                                                         8         Y           Y      l_S_t_1_t:mux#377.itm                                                                    
                                                                                                                   resq.d(4)(8:0).sva                                                                       
  l_S_t_1_t:mux#381.itm.rsp.1                                                         8         Y           Y      l_S_t_1_t:mux#381.itm                                                                    
                                                                                                                   resq.d(5)(8:0).sva                                                                       
  l_S_t_1_t:mux#385.itm.rsp.1                                                         8         Y           Y      l_S_t_1_t:mux#385.itm                                                                    
                                                                                                                   resq.d(6)(8:0).sva                                                                       
  l_S_t_1_t:mux#389.itm.rsp.1                                                         8         Y           Y      l_S_t_1_t:mux#389.itm                                                                    
                                                                                                                   resq.d(7)(8:0).sva                                                                       
  l_S_t_1_t:o_out(0)(15:0).sva(7:0)                                                   8         Y           Y      l_S_t_1_t:o_out(0)(15:0).sva                                                             
                                                                                                                   l_S_t_1_t:o_out(0)(15:0).sva.dfm#2                                                       
  l_S_t_1_t:o_out(1)(15:0).sva(7:0)                                                   8         Y           Y      l_S_t_1_t:o_out(1)(15:0).sva                                                             
                                                                                                                   l_S_t_1_t:o_out(1)(15:0).sva.dfm#2                                                       
  l_S_t_1_t:o_out(2)(15:0).sva(7:0)                                                   8         Y           Y      l_S_t_1_t:o_out(2)(15:0).sva                                                             
                                                                                                                   l_S_t_1_t:o_out(2)(15:0).sva.dfm#2                                                       
  l_S_t_1_t:o_out(3)(15:0).sva.dfm#2(7:0)                                             8         Y           Y      l_S_t_1_t:o_out(3)(15:0).sva.dfm#2(7:0)                                                  
  l_S_t_1_t:t(7:0).sva                                                                8         Y           Y      l_S_t_1_t:t(7:0).sva                                                                     
                                                                                                                   l_S_t_1_t:t(7:0).sva#1                                                                   
  rbcnt(0).lpi#2                                                                      8         Y           Y      rbcnt(0).lpi#2                                                                           
                                                                                                                   rbcnt(0).lpi#2.dfm                                                                       
                                                                                                                   rbcnt(0).lpi#2.dfm.dfm                                                                   
                                                                                                                   rbcnt(0).sva                                                                             
  rbcnt(1).lpi#2                                                                      8         Y           Y      rbcnt(1).lpi#2                                                                           
                                                                                                                   rbcnt(1).lpi#2.dfm                                                                       
                                                                                                                   rbcnt(1).lpi#2.dfm.dfm                                                                   
                                                                                                                   rbcnt(1).sva                                                                             
  rbcnt(2).lpi#2                                                                      8         Y           Y      rbcnt(2).lpi#2                                                                           
                                                                                                                   rbcnt(2).lpi#2.dfm                                                                       
                                                                                                                   rbcnt(2).lpi#2.dfm.dfm                                                                   
                                                                                                                   rbcnt(2).sva                                                                             
  rbcnt(3).lpi#2                                                                      8         Y           Y      rbcnt(3).lpi#2                                                                           
                                                                                                                   rbcnt(3).lpi#2.dfm                                                                       
                                                                                                                   rbcnt(3).lpi#2.dfm.dfm                                                                   
                                                                                                                   rbcnt(3).sva                                                                             
  rcred(0).sva                                                                        8         Y           Y      rcred(0).sva                                                                             
                                                                                                                   rcred(0).sva#1.dfm#2                                                                     
                                                                                                                   rcred(0).sva#1                                                                           
  rcred(1).sva                                                                        8         Y           Y      rcred(1).sva                                                                             
                                                                                                                   rcred(1).sva#1.dfm#2                                                                     
                                                                                                                   rcred(1).sva#1                                                                           
  rcred(2).sva                                                                        8         Y           Y      rcred(2).sva                                                                             
                                                                                                                   rcred(2).sva#1.dfm#2                                                                     
                                                                                                                   rcred(2).sva#1                                                                           
  rcred(3).sva                                                                        8         Y           Y      rcred(3).sva                                                                             
                                                                                                                   rcred(3).sva#1.dfm#2                                                                     
                                                                                                                   rcred(3).sva#1                                                                           
  return.mult_generic<AC_RND_CONV,false>:res_bef_rnd#2(11:1).lpi#1.dfm(7:0)           8         Y           Y      return.mult_generic<AC_RND_CONV,false>:res_bef_rnd#2(11:1).lpi#1.dfm                     
                                                                                                                   l_S_t_1_t:res.d(8:0).lpi#1.dfm#1                                                         
                                                                                                                   l_S_t_1_t:res.d(8:0).lpi#1.dfm#4                                                         
                                                                                                                   return.add_generic<AC_RND_CONV,false>#1:op_bigger:mux#2.itm                              
                                                                                                                   return.add_generic<AC_RND_CONV,false>:op_bigger:mux#2.itm                                
                                                                                                                   return.mult_generic<AC_RND_CONV,false>:m_r(8:0).lpi#1.dfm                                
  v1.Push():mioi.idat(7:0)                                                            8         Y           Y      v1.Push():mioi.idat(7:0)                                                                 
  v1336_req.Push():mioi.idat(8:1)                                                     8         Y           Y      v1336_req.Push():mioi.idat(8:1)                                                          
  v1371_req.Push():mioi.idat(8:1)                                                     8         Y           Y      v1371_req.Push():mioi.idat(8:1)                                                          
  v1406_req.Push():mioi.idat(8:1)                                                     8         Y           Y      v1406_req.Push():mioi.idat(8:1)                                                          
  v1441_req.Push():mioi.idat(8:1)                                                     8         Y           Y      v1441_req.Push():mioi.idat(8:1)                                                          
  v1684_req.Push():mioi.idat(8:1)                                                     8         Y           Y      v1684_req.Push():mioi.idat(8:1)                                                          
  v1719_req.Push():mioi.idat(8:1)                                                     8         Y           Y      v1719_req.Push():mioi.idat(8:1)                                                          
  v1754_req.Push():mioi.idat(8:1)                                                     8         Y           Y      v1754_req.Push():mioi.idat(8:1)                                                          
  v1789_req.Push():mioi.idat(8:1)                                                     8         Y           Y      v1789_req.Push():mioi.idat(8:1)                                                          
  v2.Push():mioi.idat(7:0)                                                            8         Y           Y      v2.Push():mioi.idat(7:0)                                                                 
  v21.Pop():mioi.idat.bfwt(7:0)                                                       8         Y           Y      v21.Pop():mioi.idat.bfwt(7:0)                                                            
  v22.Pop():mioi.idat.bfwt(7:0)                                                       8         Y           Y      v22.Pop():mioi.idat.bfwt(7:0)                                                            
  v23.Pop():mioi.idat.bfwt(7:0)                                                       8         Y           Y      v23.Pop():mioi.idat.bfwt(7:0)                                                            
  v24.Pop():mioi.idat.bfwt(7:0)                                                       8         Y           Y      v24.Pop():mioi.idat.bfwt(7:0)                                                            
  v3.Push():mioi.idat(7:0)                                                            8         Y           Y      v3.Push():mioi.idat(7:0)                                                                 
  v4.Push():mioi.idat(7:0)                                                            8         Y           Y      v4.Push():mioi.idat(7:0)                                                                 
  for#25:v122.sva(31:26)                                                              6         Y           Y      for#25:v122.sva                                                                          
                                                                                                                   for#3:mux#23.itm                                                                         
                                                                                                                   l_S_t_1_t:fin(3).sva                                                                     
                                                                                                                   l_S_t_1_t:hd(3).sva.dfm                                                                  
  v120(31:0).sva(31:26)                                                               6         Y           Y      v120(31:0).sva                                                                           
                                                                                                                   l_S_t_1_t:hd(0).sva                                                                      
                                                                                                                   l_S_t_1_t:hd(0).sva.dfm                                                                  
                                                                                                                   l_S_t_1_t:fin(0).sva                                                                     
  drf.d(0).sva(14:10)                                                                 5         Y           Y      drf.d(0).sva                                                                             
                                                                                                                   drf.d(0).sva.dfm#5                                                                       
                                                                                                                   l_S_t_1_t:mux#418.itm                                                                    
  drf.d(1).sva(14:10)                                                                 5         Y           Y      drf.d(1).sva                                                                             
                                                                                                                   drf.d(1).sva.dfm#5                                                                       
                                                                                                                   l_S_t_1_t:mux#419.itm                                                                    
  drf.d(2).sva(14:10)                                                                 5         Y           Y      drf.d(2).sva                                                                             
                                                                                                                   drf.d(2).sva.dfm#5                                                                       
                                                                                                                   l_S_t_1_t:mux#420.itm                                                                    
  drf.d(3).sva(14:10)                                                                 5         Y           Y      drf.d(3).sva                                                                             
                                                                                                                   drf.d(3).sva.dfm#5                                                                       
                                                                                                                   l_S_t_1_t:mux#421.itm                                                                    
  drf.d(4).sva(14:10)                                                                 5         Y           Y      drf.d(4).sva                                                                             
                                                                                                                   drf.d(4).sva.dfm#5                                                                       
                                                                                                                   l_S_t_1_t:mux#422.itm                                                                    
  drf.d(5).sva(14:10)                                                                 5         Y           Y      drf.d(5).sva                                                                             
                                                                                                                   drf.d(5).sva.dfm#5                                                                       
                                                                                                                   l_S_t_1_t:mux#423.itm                                                                    
  drf.d(6).sva(14:10)                                                                 5         Y           Y      drf.d(6).sva                                                                             
                                                                                                                   drf.d(6).sva.dfm#5                                                                       
                                                                                                                   l_S_t_1_t:mux#424.itm                                                                    
  drf.d(7).sva(14:10)                                                                 5         Y           Y      drf.d(7).sva                                                                             
                                                                                                                   drf.d(7).sva.dfm#5                                                                       
                                                                                                                   l_S_t_1_t:mux#425.itm                                                                    
  csd_pkt(19:16).sva                                                                  4         Y           Y      csd_pkt(19:16).sva                                                                       
                                                                                                                   l_S_t_1_t:mux#29.itm                                                                     
  csd_pkt(24:21).sva                                                                  4         Y           Y      csd_pkt(24:21).sva                                                                       
                                                                                                                   l_S_t_1_t:mux#28.itm                                                                     
  l_S_t_1_t:mux#340.itm                                                               4         Y           Y      l_S_t_1_t:mux#340.itm                                                                    
                                                                                                                   sb_dst(4)(3:0).sva                                                                       
  l_S_t_1_t:mux#344.itm                                                               4         Y           Y      l_S_t_1_t:mux#344.itm                                                                    
                                                                                                                   sb_id(4)(3:0).sva                                                                        
  l_S_t_1_t:o_out(0)(19:16).sva                                                       4         Y           Y      l_S_t_1_t:o_out(0)(19:16).sva                                                            
                                                                                                                   l_S_t_1_t:o_out(0)(19:16).sva.dfm#2                                                      
  l_S_t_1_t:o_out(0)(24:21).sva                                                       4         Y           Y      l_S_t_1_t:o_out(0)(24:21).sva                                                            
                                                                                                                   l_S_t_1_t:o_out(0)(24:21).sva.dfm#2                                                      
  l_S_t_1_t:o_out(1)(19:16).sva                                                       4         Y           Y      l_S_t_1_t:o_out(1)(19:16).sva                                                            
                                                                                                                   l_S_t_1_t:o_out(1)(19:16).sva.dfm#2                                                      
  l_S_t_1_t:o_out(1)(24:21).sva                                                       4         Y           Y      l_S_t_1_t:o_out(1)(24:21).sva                                                            
                                                                                                                   l_S_t_1_t:o_out(1)(24:21).sva.dfm#2                                                      
  l_S_t_1_t:o_out(2)(19:16).sva                                                       4         Y           Y      l_S_t_1_t:o_out(2)(19:16).sva                                                            
                                                                                                                   l_S_t_1_t:o_out(2)(19:16).sva.dfm#2                                                      
  l_S_t_1_t:o_out(2)(24:21).sva                                                       4         Y           Y      l_S_t_1_t:o_out(2)(24:21).sva                                                            
                                                                                                                   l_S_t_1_t:o_out(2)(24:21).sva.dfm#2                                                      
  l_S_t_1_t:o_out(3)(19:16).sva.dfm#2                                                 4         Y           Y      l_S_t_1_t:o_out(3)(19:16).sva.dfm#2                                                      
  l_S_t_1_t:o_out(3)(24:21).sva.dfm#2                                                 4         Y           Y      l_S_t_1_t:o_out(3)(24:21).sva.dfm#2                                                      
  sb_dst(0)(3:0).lpi#2                                                                4         Y           Y      sb_dst(0)(3:0).lpi#2                                                                     
                                                                                                                   sb_dst(0)(3:0).sva#1                                                                     
                                                                                                                   l_S_t_1_t:mux#282.itm                                                                    
  sb_dst(0)(3:0).sva                                                                  4         Y           Y      sb_dst(0)(3:0).sva                                                                       
  sb_dst(1)(3:0).lpi#2                                                                4         Y           Y      sb_dst(1)(3:0).lpi#2                                                                     
                                                                                                                   sb_dst(1)(3:0).sva#1                                                                     
                                                                                                                   l_S_t_1_t:mux#283.itm                                                                    
  sb_dst(1)(3:0).sva                                                                  4         Y           Y      sb_dst(1)(3:0).sva                                                                       
  sb_dst(2)(3:0).lpi#2                                                                4         Y           Y      sb_dst(2)(3:0).lpi#2                                                                     
                                                                                                                   sb_dst(2)(3:0).sva#1                                                                     
                                                                                                                   l_S_t_1_t:mux#284.itm                                                                    
  sb_dst(2)(3:0).sva                                                                  4         Y           Y      sb_dst(2)(3:0).sva                                                                       
  sb_dst(3)(3:0).lpi#2                                                                4         Y           Y      sb_dst(3)(3:0).lpi#2                                                                     
                                                                                                                   sb_dst(3)(3:0).sva#1                                                                     
                                                                                                                   l_S_t_1_t:mux#285.itm                                                                    
  sb_dst(3)(3:0).sva                                                                  4         Y           Y      sb_dst(3)(3:0).sva                                                                       
  sb_id(0)(3:0).lpi#2                                                                 4         Y           Y      sb_id(0)(3:0).lpi#2                                                                      
                                                                                                                   sb_id(0)(3:0).sva#1                                                                      
                                                                                                                   l_S_t_1_t:mux#302.itm                                                                    
  sb_id(0)(3:0).sva                                                                   4         Y           Y      sb_id(0)(3:0).sva                                                                        
  sb_id(1)(3:0).lpi#2                                                                 4         Y           Y      sb_id(1)(3:0).lpi#2                                                                      
                                                                                                                   sb_id(1)(3:0).sva                                                                        
                                                                                                                   sb_id(1)(3:0).sva#1                                                                      
                                                                                                                   l_S_t_1_t:mux#303.itm                                                                    
  sb_id(2)(3:0).lpi#2                                                                 4         Y           Y      sb_id(2)(3:0).lpi#2                                                                      
                                                                                                                   sb_id(2)(3:0).sva                                                                        
                                                                                                                   sb_id(2)(3:0).sva#1                                                                      
                                                                                                                   l_S_t_1_t:mux#304.itm                                                                    
  sb_id(3)(3:0).lpi#2                                                                 4         Y           Y      sb_id(3)(3:0).lpi#2                                                                      
                                                                                                                   sb_id(3)(3:0).sva                                                                        
                                                                                                                   sb_id(3)(3:0).sva#1                                                                      
                                                                                                                   l_S_t_1_t:mux#305.itm                                                                    
  v1.Push():mioi.idat(19:16)                                                          4         Y           Y      v1.Push():mioi.idat(19:16)                                                               
  v1.Push():mioi.idat(24:21)                                                          4         Y           Y      v1.Push():mioi.idat(24:21)                                                               
  v2.Push():mioi.idat(19:16)                                                          4         Y           Y      v2.Push():mioi.idat(19:16)                                                               
  v2.Push():mioi.idat(24:21)                                                          4         Y           Y      v2.Push():mioi.idat(24:21)                                                               
  v3.Push():mioi.idat(19:16)                                                          4         Y           Y      v3.Push():mioi.idat(19:16)                                                               
  v3.Push():mioi.idat(24:21)                                                          4         Y           Y      v3.Push():mioi.idat(24:21)                                                               
  v4.Push():mioi.idat(19:16)                                                          4         Y           Y      v4.Push():mioi.idat(19:16)                                                               
  v4.Push():mioi.idat(24:21)                                                          4         Y           Y      v4.Push():mioi.idat(24:21)                                                               
  cfg_isz(2:0).sva                                                                    3         Y           Y      cfg_isz(2:0).sva                                                                         
                                                                                                                   l_S_t_1_t:mux#434.itm                                                                    
  csd_pkt(15:0)#1.sva.rsp.2                                                           3         Y           Y      csd_pkt(15:0)#1.sva                                                                      
                                                                                                                   l_S_t_1_t:mux#27.itm                                                                     
                                                                                                                   l_S_t_1_t:if#5:v431.d.sva                                                                
  head(2:0).sva                                                                       3         Y           Y      head(2:0).sva                                                                            
  head(2:0).sva                                                                       3         Y           Y      head(2:0).sva                                                                            
  head(2:0).sva                                                                       3         Y           Y      head(2:0).sva                                                                            
  l_S_t_1_t:fwd_b_ix(2:0).sva                                                         3         Y           Y      l_S_t_1_t:fwd_b_ix(2:0).sva                                                              
                                                                                                                   l_S_t_1_t:fwd_b_ix(2:0).sva.dfm#2                                                        
                                                                                                                   l_S_t_1_t:crv_in(2:0).lpi#1.dfm#3                                                        
  l_S_t_1_t:mux#331.itm                                                               3         Y           Y      l_S_t_1_t:mux#331.itm                                                                    
                                                                                                                   resq_wr(2:0).sva                                                                         
  l_S_t_1_t:o_out(0)(15:0).sva(12:10)                                                 3         Y           Y      l_S_t_1_t:o_out(0)(15:0).sva                                                             
                                                                                                                   l_S_t_1_t:o_out(0)(15:0).sva.dfm#2                                                       
  l_S_t_1_t:o_out(1)(15:0).sva(12:10)                                                 3         Y           Y      l_S_t_1_t:o_out(1)(15:0).sva                                                             
                                                                                                                   l_S_t_1_t:o_out(1)(15:0).sva.dfm#2                                                       
  l_S_t_1_t:o_out(2)(15:0).sva(12:10)                                                 3         Y           Y      l_S_t_1_t:o_out(2)(15:0).sva                                                             
                                                                                                                   l_S_t_1_t:o_out(2)(15:0).sva.dfm#2                                                       
  l_S_t_1_t:o_out(3)(15:0).sva.dfm#2(12:10)                                           3         Y           Y      l_S_t_1_t:o_out(3)(15:0).sva.dfm#2(12:10)                                                
  operator-<4,false>#1:acc.psp.sva(4:2)                                               3         Y                  operator-<4,false>#1:acc.psp.sva                                                         
                                                                                                                   operator-<4,false>:acc.psp.sva                                                           
                                                                                                                   return.mult_generic<AC_RND_CONV,false>:exp#1(5:0).lpi#1.dfm                              
                                                                                                                   return.mult_generic<AC_RND_CONV,false>:exp_plus_1:acc.psp(5:0).sva                       
                                                                                                                   for#3:mux#17.itm(1:0)                                                                    
                                                                                                                   for#5:v64(2:0).sva(1:0)                                                                  
                                                                                                                   l_S_d_6_d3:d3(2:0).sva(1:0)                                                              
                                                                                                                   l_S_o_3_o:o(2:0).sva(1:0)                                                                
  sb_ix(1)(2:0).lpi#2                                                                 3         Y           Y      sb_ix(1)(2:0).lpi#2                                                                      
                                                                                                                   sb_ix(1)(2:0).sva#1                                                                      
                                                                                                                   l_S_t_1_t:mux#311.itm                                                                    
  sb_ix(1)(2:0).sva                                                                   3         Y           Y      sb_ix(1)(2:0).sva                                                                        
  sb_ix(2)(2:0).lpi#2                                                                 3         Y           Y      sb_ix(2)(2:0).lpi#2                                                                      
                                                                                                                   sb_ix(2)(2:0).sva#1                                                                      
                                                                                                                   l_S_t_1_t:mux#312.itm                                                                    
  sb_ix(2)(2:0).sva                                                                   3         Y           Y      sb_ix(2)(2:0).sva                                                                        
  sb_ix(3)(2:0).lpi#2                                                                 3         Y           Y      sb_ix(3)(2:0).lpi#2                                                                      
                                                                                                                   sb_ix(3)(2:0).sva#1                                                                      
                                                                                                                   l_S_t_1_t:mux#313.itm                                                                    
  sb_ix(3)(2:0).sva                                                                   3         Y           Y      sb_ix(3)(2:0).sva                                                                        
  sb_ix(4)(2:0).sva                                                                   3         Y           Y      sb_ix(4)(2:0).sva                                                                        
                                                                                                                   sb_ix(4)(2:0).sva.dfm                                                                    
  tail(2:0).sva                                                                       3         Y           Y      tail(2:0).sva                                                                            
  tail(2:0).sva                                                                       3         Y           Y      tail(2:0).sva                                                                            
  tail(2:0).sva                                                                       3         Y           Y      tail(2:0).sva                                                                            
  txp_d.d(0).sva(12:10)                                                               3         Y           Y      txp_d.d(0).sva                                                                           
                                                                                                                   txp_d.d(0).sva.dfm#3                                                                     
                                                                                                                   l_S_t_1_t:mux#426.itm                                                                    
  txp_d.d(1).sva(12:10)                                                               3         Y           Y      txp_d.d(1).sva                                                                           
                                                                                                                   txp_d.d(1).sva.dfm#3                                                                     
                                                                                                                   l_S_t_1_t:mux#427.itm                                                                    
  txp_d.d(2).sva(12:10)                                                               3         Y           Y      txp_d.d(2).sva                                                                           
                                                                                                                   txp_d.d(2).sva.dfm#3                                                                     
                                                                                                                   l_S_t_1_t:mux#428.itm                                                                    
  txp_d.d(3).sva(12:10)                                                               3         Y           Y      txp_d.d(3).sva                                                                           
                                                                                                                   txp_d.d(3).sva.dfm#3                                                                     
                                                                                                                   l_S_t_1_t:mux#429.itm                                                                    
  v1.Push():mioi.idat(12:10)                                                          3         Y           Y      v1.Push():mioi.idat(12:10)                                                               
  v2.Push():mioi.idat(12:10)                                                          3         Y           Y      v2.Push():mioi.idat(12:10)                                                               
  v3.Push():mioi.idat(12:10)                                                          3         Y           Y      v3.Push():mioi.idat(12:10)                                                               
  v4.Push():mioi.idat(12:10)                                                          3         Y           Y      v4.Push():mioi.idat(12:10)                                                               
  v5.Push():mioi.idat(13:11)                                                          3         Y           Y      v5.Push():mioi.idat(13:11)                                                               
  v6.Push():mioi.idat(13:11)                                                          3         Y           Y      v6.Push():mioi.idat(13:11)                                                               
  v7.Push():mioi.idat(13:11)                                                          3         Y           Y      v7.Push():mioi.idat(13:11)                                                               
  v8.Push():mioi.idat(13:11)                                                          3         Y           Y      v8.Push():mioi.idat(13:11)                                                               
  csd_dir(1:0).sva                                                                    2         Y           Y      csd_dir(1:0).sva                                                                         
                                                                                                                   l_S_t_1_t:mux#51.itm                                                                     
  csd_pkt(15:0)#1.sva.rsp.1                                                           2         Y           Y      csd_pkt(15:0)#1.sva                                                                      
                                                                                                                   l_S_t_1_t:mux#27.itm                                                                     
                                                                                                                   l_S_t_1_t:if#5:v431.d.sva                                                                
  drf(_qr.lval)#1.smx.lpi#1.dfm.rsp.0                                                 2         Y           Y      drf(_qr.lval)#1.smx.lpi#1.dfm                                                            
                                                                                                                   drf(_qr.lval).smx.lpi#1.dfm                                                              
                                                                                                                   l_S_t_1_t:res.d(14:10).lpi#1.dfm#2                                                       
                                                                                                                   l_S_t_1_t:res.d(14:10).lpi#1.dfm#4                                                       
                                                                                                                   return.add_generic<AC_RND_CONV,false>#1:return.add_generic<AC_RND_CONV,false>#1:or#2.itm 
                                                                                                                   return.add_generic<AC_RND_CONV,false>:return.add_generic<AC_RND_CONV,false>:or#2.itm     
                                                                                                                   l_S_t_1_t:fwd_a_ix(2:0).sva.dfm#2                                                        
                                                                                                                   sb_ix(0)(2:0).sva                                                                        
                                                                                                                   l_S_t_1_t:fwd_a_ix(2:0).sva                                                              
  drf(_qr.lval)#1.smx.lpi#1.dfm.rsp.1.rsp.1                                           2         Y           Y      drf(_qr.lval)#1.smx.lpi#1.dfm                                                            
                                                                                                                   drf(_qr.lval).smx.lpi#1.dfm                                                              
                                                                                                                   l_S_t_1_t:res.d(14:10).lpi#1.dfm#2                                                       
                                                                                                                   l_S_t_1_t:res.d(14:10).lpi#1.dfm#4                                                       
                                                                                                                   return.add_generic<AC_RND_CONV,false>#1:return.add_generic<AC_RND_CONV,false>#1:or#2.itm 
                                                                                                                   return.add_generic<AC_RND_CONV,false>:return.add_generic<AC_RND_CONV,false>:or#2.itm     
                                                                                                                   l_S_t_1_t:fwd_a_ix(2:0).sva.dfm#2                                                        
                                                                                                                   sb_ix(0)(2:0).sva                                                                        
                                                                                                                   l_S_t_1_t:fwd_a_ix(2:0).sva                                                              
  for#3:mux#16.itm(1:0)                                                               2         Y           Y      for#3:mux#16.itm(1:0)                                                                    
                                                                                                                   for#3:v59(2:0).sva(1:0)                                                                  
                                                                                                                   l_S_d_1_d:d(2:0).sva(1:0)                                                                
                                                                                                                   l_S_d_2_d1:d1(2:0).sva(1:0)                                                              
                                                                                                                   l_S_d_4_d2:d2(2:0).sva(1:0)                                                              
                                                                                                                   l_S_k_7_k:k(1:0).sva                                                                     
                                                                                                                   l_S_k_9_k1:k1(1:0).sva                                                                   
                                                                                                                   l_S_t_1_t:c2(1:0).lpi#1.dfm                                                              
                                                                                                                   l_S_t_1_t:idir(1:0).lpi#1.dfm                                                            
  l_S_t_1_t:a.d.lpi#1.dfm#1(11:10)                                                    2         Y           Y      l_S_t_1_t:a.d.lpi#1.dfm#1                                                                
                                                                                                                   l_S_t_1_t:a.d.sva#1                                                                      
  l_S_t_1_t:a.d.lpi#1.dfm#1(14:13)                                                    2         Y           Y      l_S_t_1_t:a.d.lpi#1.dfm#1                                                                
                                                                                                                   l_S_t_1_t:a.d.sva#1                                                                      
  l_S_t_1_t:b.d.lpi#1.dfm#1(11:10)                                                    2         Y           Y      l_S_t_1_t:b.d.lpi#1.dfm#1                                                                
                                                                                                                   l_S_t_1_t:b.d.sva#1                                                                      
  l_S_t_1_t:b.d.lpi#1.dfm#1(14:13)                                                    2         Y           Y      l_S_t_1_t:b.d.lpi#1.dfm#1                                                                
                                                                                                                   l_S_t_1_t:b.d.sva#1                                                                      
  l_S_t_1_t:mux#343.itm                                                               2         Y           Y      l_S_t_1_t:mux#343.itm                                                                    
                                                                                                                   sb_dir(4)(1:0).sva                                                                       
  l_S_t_1_t:o_out(0)(15:0).sva(14:13)                                                 2         Y           Y      l_S_t_1_t:o_out(0)(15:0).sva                                                             
                                                                                                                   l_S_t_1_t:o_out(0)(15:0).sva.dfm#2                                                       
  l_S_t_1_t:o_out(1)(15:0).sva(14:13)                                                 2         Y           Y      l_S_t_1_t:o_out(1)(15:0).sva                                                             
                                                                                                                   l_S_t_1_t:o_out(1)(15:0).sva.dfm#2                                                       
  l_S_t_1_t:o_out(2)(15:0).sva(14:13)                                                 2         Y           Y      l_S_t_1_t:o_out(2)(15:0).sva                                                             
                                                                                                                   l_S_t_1_t:o_out(2)(15:0).sva.dfm#2                                                       
  l_S_t_1_t:o_out(3)(15:0).sva.dfm#2(14:13)                                           2         Y           Y      l_S_t_1_t:o_out(3)(15:0).sva.dfm#2(14:13)                                                
  operator-<4,false>#1:acc.psp.sva(1:0)                                               2         Y           Y      operator-<4,false>#1:acc.psp.sva                                                         
                                                                                                                   operator-<4,false>:acc.psp.sva                                                           
                                                                                                                   return.mult_generic<AC_RND_CONV,false>:exp#1(5:0).lpi#1.dfm                              
                                                                                                                   return.mult_generic<AC_RND_CONV,false>:exp_plus_1:acc.psp(5:0).sva                       
                                                                                                                   for#3:mux#17.itm(1:0)                                                                    
                                                                                                                   for#5:v64(2:0).sva(1:0)                                                                  
                                                                                                                   l_S_d_6_d3:d3(2:0).sva(1:0)                                                              
                                                                                                                   l_S_o_3_o:o(2:0).sva(1:0)                                                                
  reg(l_S_t_1_t:mux#359)#1.ftd#1                                                      2         Y           Y      reg(l_S_t_1_t:mux#359)#1.ftd#1                                                           
  reg(l_S_t_1_t:mux#359).ftd                                                          2         Y           Y      reg(l_S_t_1_t:mux#359).ftd                                                               
  reg(l_S_t_1_t:mux#363)#1.ftd#1                                                      2         Y           Y      reg(l_S_t_1_t:mux#363)#1.ftd#1                                                           
  reg(l_S_t_1_t:mux#363).ftd                                                          2         Y           Y      reg(l_S_t_1_t:mux#363).ftd                                                               
  reg(l_S_t_1_t:mux#367)#1.ftd#1                                                      2         Y           Y      reg(l_S_t_1_t:mux#367)#1.ftd#1                                                           
  reg(l_S_t_1_t:mux#367).ftd                                                          2         Y           Y      reg(l_S_t_1_t:mux#367).ftd                                                               
  reg(l_S_t_1_t:mux#371)#1.ftd#1                                                      2         Y           Y      reg(l_S_t_1_t:mux#371)#1.ftd#1                                                           
  reg(l_S_t_1_t:mux#371).ftd                                                          2         Y           Y      reg(l_S_t_1_t:mux#371).ftd                                                               
  reg(l_S_t_1_t:mux#375)#1.ftd#1                                                      2         Y           Y      reg(l_S_t_1_t:mux#375)#1.ftd#1                                                           
  reg(l_S_t_1_t:mux#375).ftd                                                          2         Y           Y      reg(l_S_t_1_t:mux#375).ftd                                                               
  reg(l_S_t_1_t:mux#379)#1.ftd#1                                                      2         Y           Y      reg(l_S_t_1_t:mux#379)#1.ftd#1                                                           
  reg(l_S_t_1_t:mux#379).ftd                                                          2         Y           Y      reg(l_S_t_1_t:mux#379).ftd                                                               
  reg(l_S_t_1_t:mux#383)#1.ftd#1                                                      2         Y           Y      reg(l_S_t_1_t:mux#383)#1.ftd#1                                                           
  reg(l_S_t_1_t:mux#383).ftd                                                          2         Y           Y      reg(l_S_t_1_t:mux#383).ftd                                                               
  reg(l_S_t_1_t:mux#387)#1.ftd#1                                                      2         Y           Y      reg(l_S_t_1_t:mux#387)#1.ftd#1                                                           
  reg(l_S_t_1_t:mux#387).ftd                                                          2         Y           Y      reg(l_S_t_1_t:mux#387).ftd                                                               
  return.mult_generic<AC_RND_CONV,false>:res_bef_rnd#2(11:1).lpi#1.dfm(10:9)          2         Y                  return.mult_generic<AC_RND_CONV,false>:res_bef_rnd#2(11:1).lpi#1.dfm                     
                                                                                                                   l_S_t_1_t:res.d(8:0).lpi#1.dfm#1                                                         
                                                                                                                   l_S_t_1_t:res.d(8:0).lpi#1.dfm#4                                                         
                                                                                                                   return.add_generic<AC_RND_CONV,false>#1:op_bigger:mux#2.itm                              
                                                                                                                   return.add_generic<AC_RND_CONV,false>:op_bigger:mux#2.itm                                
                                                                                                                   return.mult_generic<AC_RND_CONV,false>:m_r(8:0).lpi#1.dfm                                
  sb_dir(0)(1:0).lpi#2                                                                2         Y           Y      sb_dir(0)(1:0).lpi#2                                                                     
                                                                                                                   sb_dir(0)(1:0).sva#1                                                                     
                                                                                                                   l_S_t_1_t:mux#298.itm                                                                    
  sb_dir(0)(1:0).sva                                                                  2         Y           Y      sb_dir(0)(1:0).sva                                                                       
  sb_dir(1)(1:0).lpi#2                                                                2         Y           Y      sb_dir(1)(1:0).lpi#2                                                                     
                                                                                                                   sb_dir(1)(1:0).sva                                                                       
                                                                                                                   sb_dir(1)(1:0).sva#1                                                                     
                                                                                                                   l_S_t_1_t:mux#299.itm                                                                    
  sb_dir(2)(1:0).lpi#2                                                                2         Y           Y      sb_dir(2)(1:0).lpi#2                                                                     
                                                                                                                   sb_dir(2)(1:0).sva                                                                       
                                                                                                                   sb_dir(2)(1:0).sva#1                                                                     
                                                                                                                   l_S_t_1_t:mux#300.itm                                                                    
  sb_dir(3)(1:0).lpi#2                                                                2         Y           Y      sb_dir(3)(1:0).lpi#2                                                                     
                                                                                                                   sb_dir(3)(1:0).sva                                                                       
                                                                                                                   sb_dir(3)(1:0).sva#1                                                                     
                                                                                                                   l_S_t_1_t:mux#301.itm                                                                    
  sb_ix(0)(2:0).lpi#2(1:0)                                                            2         Y           Y      sb_ix(0)(2:0).lpi#2                                                                      
                                                                                                                   sb_ix(0)(2:0).sva#1                                                                      
                                                                                                                   l_S_t_1_t:mux#310.itm                                                                    
  txp_d.d(0).sva(14:13)                                                               2         Y           Y      txp_d.d(0).sva                                                                           
                                                                                                                   txp_d.d(0).sva.dfm#3                                                                     
                                                                                                                   l_S_t_1_t:mux#426.itm                                                                    
  txp_d.d(1).sva(14:13)                                                               2         Y           Y      txp_d.d(1).sva                                                                           
                                                                                                                   txp_d.d(1).sva.dfm#3                                                                     
                                                                                                                   l_S_t_1_t:mux#427.itm                                                                    
  txp_d.d(2).sva(14:13)                                                               2         Y           Y      txp_d.d(2).sva                                                                           
                                                                                                                   txp_d.d(2).sva.dfm#3                                                                     
                                                                                                                   l_S_t_1_t:mux#428.itm                                                                    
  txp_d.d(3).sva(14:13)                                                               2         Y           Y      txp_d.d(3).sva                                                                           
                                                                                                                   txp_d.d(3).sva.dfm#3                                                                     
                                                                                                                   l_S_t_1_t:mux#429.itm                                                                    
  v1.Push():mioi.idat(14:13)                                                          2         Y           Y      v1.Push():mioi.idat(14:13)                                                               
  v2.Push():mioi.idat(14:13)                                                          2         Y           Y      v2.Push():mioi.idat(14:13)                                                               
  v3.Push():mioi.idat(14:13)                                                          2         Y           Y      v3.Push():mioi.idat(14:13)                                                               
  v4.Push():mioi.idat(14:13)                                                          2         Y           Y      v4.Push():mioi.idat(14:13)                                                               
  v5.Push():mioi.idat(15:14)                                                          2         Y           Y      v5.Push():mioi.idat(15:14)                                                               
  v6.Push():mioi.idat(15:14)                                                          2         Y           Y      v6.Push():mioi.idat(15:14)                                                               
  v7.Push():mioi.idat(15:14)                                                          2         Y           Y      v7.Push():mioi.idat(15:14)                                                               
  v8.Push():mioi.idat(15:14)                                                          2         Y           Y      v8.Push():mioi.idat(15:14)                                                               
  cmpq(0)(0).sva                                                                      1         Y           Y      cmpq(0)(0).sva                                                                           
                                                                                                                   l_S_t_1_t:mux#390.itm                                                                    
  cmpq(1)(0).sva                                                                      1         Y           Y      cmpq(1)(0).sva                                                                           
                                                                                                                   l_S_t_1_t:mux#391.itm                                                                    
  cmpq(2)(0).sva                                                                      1         Y           Y      cmpq(2)(0).sva                                                                           
                                                                                                                   l_S_t_1_t:mux#392.itm                                                                    
  cmpq(3)(0).sva                                                                      1         Y           Y      cmpq(3)(0).sva                                                                           
                                                                                                                   l_S_t_1_t:mux#393.itm                                                                    
  cmpq(4)(0).sva                                                                      1         Y           Y      cmpq(4)(0).sva                                                                           
                                                                                                                   l_S_t_1_t:mux#394.itm                                                                    
  cmpq(5)(0).sva                                                                      1         Y           Y      cmpq(5)(0).sva                                                                           
                                                                                                                   l_S_t_1_t:mux#395.itm                                                                    
  cmpq(6)(0).sva                                                                      1         Y           Y      cmpq(6)(0).sva                                                                           
                                                                                                                   l_S_t_1_t:mux#396.itm                                                                    
  cmpq(7)(0).sva                                                                      1         Y           Y      cmpq(7)(0).sva                                                                           
                                                                                                                   l_S_t_1_t:mux#397.itm                                                                    
  condition_reg(0).sva                                                                1         Y           Y      condition_reg(0).sva                                                                     
                                                                                                                   condition_reg(0).sva.dfm#1                                                               
  csd_pkt(15:0)#1.sva.rsp.0                                                           1         Y           Y      csd_pkt(15:0)#1.sva                                                                      
                                                                                                                   l_S_t_1_t:mux#27.itm                                                                     
                                                                                                                   l_S_t_1_t:if#5:v431.d.sva                                                                
  csd_pkt(15:0)#1.sva.rsp.3                                                           1         Y           Y      csd_pkt(15:0)#1.sva                                                                      
                                                                                                                   l_S_t_1_t:mux#27.itm                                                                     
                                                                                                                   l_S_t_1_t:if#5:v431.d.sva                                                                
  csd_pkt(15:0)#1.sva.rsp.4.rsp.0                                                     1         Y           Y      csd_pkt(15:0)#1.sva                                                                      
                                                                                                                   l_S_t_1_t:mux#27.itm                                                                     
                                                                                                                   l_S_t_1_t:if#5:v431.d.sva                                                                
  csd_pkt(25).sva                                                                     1         Y           Y      csd_pkt(25).sva                                                                          
                                                                                                                   csd_pkt(25).sva.dfm                                                                      
                                                                                                                   l_S_t_1_t:mux#26.itm                                                                     
  dcred.sva(31)                                                                       1         Y           Y      dcred.sva                                                                                
                                                                                                                   l_S_t_1_t1:mux.itm                                                                       
                                                                                                                   l_S_t_1_t1:v1130.sva                                                                     
  dcred1.sva(31)                                                                      1         Y           Y      dcred1.sva                                                                               
                                                                                                                   l_S_t_1_t2:mux.itm                                                                       
                                                                                                                   l_S_t_1_t2:v1187.sva                                                                     
  dcred2.sva(31)                                                                      1         Y           Y      dcred2.sva                                                                               
                                                                                                                   l_S_t_1_t3:mux.itm                                                                       
                                                                                                                   l_S_t_1_t3:v1244.sva                                                                     
  dcred3.sva(31)                                                                      1         Y           Y      dcred3.sva                                                                               
                                                                                                                   l_S_t_1_t4:mux.itm                                                                       
                                                                                                                   l_S_t_1_t4:v1301.sva                                                                     
  dcred4.sva(31)                                                                      1         Y           Y      dcred4.sva                                                                               
                                                                                                                   l_S_t_1_t9:mux.itm                                                                       
                                                                                                                   l_S_t_1_t9:v1497.sva                                                                     
  dcred5.sva(31)                                                                      1         Y           Y      dcred5.sva                                                                               
                                                                                                                   l_S_t_1_t10:mux.itm                                                                      
                                                                                                                   l_S_t_1_t10:v1549.sva                                                                    
  dcred6.sva(31)                                                                      1         Y           Y      dcred6.sva                                                                               
                                                                                                                   l_S_t_1_t11:mux.itm                                                                      
                                                                                                                   l_S_t_1_t11:v1601.sva                                                                    
  dcred7.sva(31)                                                                      1         Y           Y      dcred7.sva                                                                               
                                                                                                                   l_S_t_1_t12:mux.itm                                                                      
                                                                                                                   l_S_t_1_t12:v1653.sva                                                                    
  done                                                                                1         Y           Y      done                                                                                     
  done                                                                                1         Y           Y      done                                                                                     
  done                                                                                1         Y           Y      done                                                                                     
  done                                                                                1         Y           Y      done                                                                                     
  done                                                                                1         Y           Y      done                                                                                     
  done                                                                                1         Y           Y      done                                                                                     
  done                                                                                1         Y           Y      done                                                                                     
  done                                                                                1         Y           Y      done                                                                                     
  done                                                                                1         Y           Y      done                                                                                     
  done                                                                                1         Y           Y      done                                                                                     
  done                                                                                1         Y           Y      done                                                                                     
  done                                                                                1         Y           Y      done                                                                                     
  done                                                                                1         Y           Y      done                                                                                     
  done                                                                                1         Y           Y      done                                                                                     
  done                                                                                1         Y           Y      done                                                                                     
  done                                                                                1         Y           Y      done                                                                                     
  done                                                                                1         Y           Y      done                                                                                     
  drf(_qr.lval)#1.smx.lpi#1.dfm.rsp.1.rsp.0                                           1         Y           Y      drf(_qr.lval)#1.smx.lpi#1.dfm                                                            
                                                                                                                   drf(_qr.lval).smx.lpi#1.dfm                                                              
                                                                                                                   l_S_t_1_t:res.d(14:10).lpi#1.dfm#2                                                       
                                                                                                                   l_S_t_1_t:res.d(14:10).lpi#1.dfm#4                                                       
                                                                                                                   return.add_generic<AC_RND_CONV,false>#1:return.add_generic<AC_RND_CONV,false>#1:or#2.itm 
                                                                                                                   return.add_generic<AC_RND_CONV,false>:return.add_generic<AC_RND_CONV,false>:or#2.itm     
                                                                                                                   l_S_t_1_t:fwd_a_ix(2:0).sva.dfm#2                                                        
                                                                                                                   sb_ix(0)(2:0).sva                                                                        
                                                                                                                   l_S_t_1_t:fwd_a_ix(2:0).sva                                                              
  drf.d(0).sva(15)                                                                    1         Y           Y      drf.d(0).sva                                                                             
                                                                                                                   drf.d(0).sva.dfm#5                                                                       
                                                                                                                   l_S_t_1_t:mux#418.itm                                                                    
  drf.d(0).sva(9)                                                                     1         Y           Y      drf.d(0).sva                                                                             
                                                                                                                   drf.d(0).sva.dfm#5                                                                       
                                                                                                                   l_S_t_1_t:mux#418.itm                                                                    
  drf.d(1).sva(15)                                                                    1         Y           Y      drf.d(1).sva                                                                             
                                                                                                                   drf.d(1).sva.dfm#5                                                                       
                                                                                                                   l_S_t_1_t:mux#419.itm                                                                    
  drf.d(1).sva(9)                                                                     1         Y           Y      drf.d(1).sva                                                                             
                                                                                                                   drf.d(1).sva.dfm#5                                                                       
                                                                                                                   l_S_t_1_t:mux#419.itm                                                                    
  drf.d(2).sva(15)                                                                    1         Y           Y      drf.d(2).sva                                                                             
                                                                                                                   drf.d(2).sva.dfm#5                                                                       
                                                                                                                   l_S_t_1_t:mux#420.itm                                                                    
  drf.d(2).sva(9)                                                                     1         Y           Y      drf.d(2).sva                                                                             
                                                                                                                   drf.d(2).sva.dfm#5                                                                       
                                                                                                                   l_S_t_1_t:mux#420.itm                                                                    
  drf.d(3).sva(15)                                                                    1         Y           Y      drf.d(3).sva                                                                             
                                                                                                                   drf.d(3).sva.dfm#5                                                                       
                                                                                                                   l_S_t_1_t:mux#421.itm                                                                    
  drf.d(3).sva(9)                                                                     1         Y           Y      drf.d(3).sva                                                                             
                                                                                                                   drf.d(3).sva.dfm#5                                                                       
                                                                                                                   l_S_t_1_t:mux#421.itm                                                                    
  drf.d(4).sva(15)                                                                    1         Y           Y      drf.d(4).sva                                                                             
                                                                                                                   drf.d(4).sva.dfm#5                                                                       
                                                                                                                   l_S_t_1_t:mux#422.itm                                                                    
  drf.d(4).sva(9)                                                                     1         Y           Y      drf.d(4).sva                                                                             
                                                                                                                   drf.d(4).sva.dfm#5                                                                       
                                                                                                                   l_S_t_1_t:mux#422.itm                                                                    
  drf.d(5).sva(15)                                                                    1         Y           Y      drf.d(5).sva                                                                             
                                                                                                                   drf.d(5).sva.dfm#5                                                                       
                                                                                                                   l_S_t_1_t:mux#423.itm                                                                    
  drf.d(5).sva(9)                                                                     1         Y           Y      drf.d(5).sva                                                                             
                                                                                                                   drf.d(5).sva.dfm#5                                                                       
                                                                                                                   l_S_t_1_t:mux#423.itm                                                                    
  drf.d(6).sva(15)                                                                    1         Y           Y      drf.d(6).sva                                                                             
                                                                                                                   drf.d(6).sva.dfm#5                                                                       
                                                                                                                   l_S_t_1_t:mux#424.itm                                                                    
  drf.d(6).sva(9)                                                                     1         Y           Y      drf.d(6).sva                                                                             
                                                                                                                   drf.d(6).sva.dfm#5                                                                       
                                                                                                                   l_S_t_1_t:mux#424.itm                                                                    
  drf.d(7).sva(15)                                                                    1         Y           Y      drf.d(7).sva                                                                             
                                                                                                                   drf.d(7).sva.dfm#5                                                                       
                                                                                                                   l_S_t_1_t:mux#425.itm                                                                    
  drf.d(7).sva(9)                                                                     1         Y           Y      drf.d(7).sva                                                                             
                                                                                                                   drf.d(7).sva.dfm#5                                                                       
                                                                                                                   l_S_t_1_t:mux#425.itm                                                                    
  drf_full(0)(0).sva                                                                  1         Y           Y      drf_full(0)(0).sva                                                                       
                                                                                                                   drf_full(0)(0).sva.dfm#7                                                                 
                                                                                                                   drf_full(0)(0).sva.dfm#5                                                                 
                                                                                                                   l_S_t_1_t:mux#448.itm                                                                    
  drf_full(1)(0).sva                                                                  1         Y           Y      drf_full(1)(0).sva                                                                       
                                                                                                                   drf_full(1)(0).sva.dfm#7                                                                 
                                                                                                                   drf_full(1)(0).sva.dfm#5                                                                 
                                                                                                                   l_S_t_1_t:mux#449.itm                                                                    
  drf_full(2)(0).sva                                                                  1         Y           Y      drf_full(2)(0).sva                                                                       
                                                                                                                   drf_full(2)(0).sva.dfm#7                                                                 
                                                                                                                   drf_full(2)(0).sva.dfm#5                                                                 
                                                                                                                   l_S_t_1_t:mux#450.itm                                                                    
  drf_full(3)(0).sva                                                                  1         Y           Y      drf_full(3)(0).sva                                                                       
                                                                                                                   drf_full(3)(0).sva.dfm#7                                                                 
                                                                                                                   drf_full(3)(0).sva.dfm#5                                                                 
                                                                                                                   l_S_t_1_t:mux#451.itm                                                                    
  drf_full(4)(0).sva                                                                  1         Y           Y      drf_full(4)(0).sva                                                                       
                                                                                                                   drf_full(4)(0).sva.dfm#7                                                                 
                                                                                                                   drf_full(4)(0).sva.dfm#5                                                                 
                                                                                                                   l_S_t_1_t:mux#452.itm                                                                    
  drf_full(5)(0).sva                                                                  1         Y           Y      drf_full(5)(0).sva                                                                       
                                                                                                                   drf_full(5)(0).sva.dfm#7                                                                 
                                                                                                                   drf_full(5)(0).sva.dfm#5                                                                 
                                                                                                                   l_S_t_1_t:mux#453.itm                                                                    
  drf_full(6)(0).sva                                                                  1         Y           Y      drf_full(6)(0).sva                                                                       
                                                                                                                   drf_full(6)(0).sva.dfm#7                                                                 
                                                                                                                   drf_full(6)(0).sva.dfm#5                                                                 
                                                                                                                   l_S_t_1_t:mux#454.itm                                                                    
  drf_full(7)(0).sva                                                                  1         Y           Y      drf_full(7)(0).sva                                                                       
                                                                                                                   drf_full(7)(0).sva.dfm#7                                                                 
                                                                                                                   drf_full(7)(0).sva.dfm#5                                                                 
                                                                                                                   l_S_t_1_t:mux#455.itm                                                                    
  exit:for#25.sva                                                                     1         Y           Y      exit:for#25.sva                                                                          
                                                                                                                   exit:for#25.sva.dfm                                                                      
                                                                                                                   l_S_t_1_t:and#19.tmp                                                                     
                                                                                                                   l_S_t_1_t:if#23:v749:l_S_t_1_t:if#23:v749:and.svs                                        
                                                                                                                   l_S_t_1_t:and#3.itm                                                                      
                                                                                                                   l_S_t_1_t:v985:and.mdf.sva                                                               
  exit:for#3.sva                                                                      1         Y           Y      exit:for#3.sva                                                                           
                                                                                                                   exit:for#3.sva.dfm                                                                       
                                                                                                                   l_S_t_1_t:v604:l_S_t_1_t:v604:and.cse.sva                                                
  fetch_en(0).sva                                                                     1         Y           Y      fetch_en(0).sva                                                                          
                                                                                                                   fetch_en(0).sva.dfm#2                                                                    
                                                                                                                   l_S_t_1_t:mux#432.itm                                                                    
  in.PopNB():mioi.irdy                                                                1                            in.PopNB():mioi.irdy                                                                     
  in.PopNB():mioi.irdy                                                                1                            in.PopNB():mioi.irdy                                                                     
  in.PopNB():mioi.irdy                                                                1                            in.PopNB():mioi.irdy                                                                     
  l_S_d_4_d2:and#4.cse                                                                1         Y           Y      l_S_d_4_d2:and#4.cse                                                                     
  l_S_t_1_t10:slc(l_S_t_1_t10:acc)(7).itm                                             1         Y           Y      l_S_t_1_t10:slc(l_S_t_1_t10:acc)(7).itm                                                  
  l_S_t_1_t10:v1552:slc(l_S_t_1_t10:v1552:acc)(31).svs                                1         Y                  l_S_t_1_t10:v1552:slc(l_S_t_1_t10:v1552:acc)(31).svs                                     
  l_S_t_1_t11:slc(l_S_t_1_t11:acc)(7).itm                                             1         Y           Y      l_S_t_1_t11:slc(l_S_t_1_t11:acc)(7).itm                                                  
  l_S_t_1_t11:v1604:slc(l_S_t_1_t11:v1604:acc)(31).svs                                1         Y                  l_S_t_1_t11:v1604:slc(l_S_t_1_t11:v1604:acc)(31).svs                                     
  l_S_t_1_t12:slc(l_S_t_1_t12:acc)(7).itm                                             1         Y           Y      l_S_t_1_t12:slc(l_S_t_1_t12:acc)(7).itm                                                  
  l_S_t_1_t12:v1656:slc(l_S_t_1_t12:v1656:acc)(31).svs                                1         Y                  l_S_t_1_t12:v1656:slc(l_S_t_1_t12:v1656:acc)(31).svs                                     
  l_S_t_1_t13:slc(l_S_t_1_t13:acc)(7).itm                                             1         Y                  l_S_t_1_t13:slc(l_S_t_1_t13:acc)(7).itm                                                  
  l_S_t_1_t14:slc(l_S_t_1_t14:acc)(7).itm                                             1         Y                  l_S_t_1_t14:slc(l_S_t_1_t14:acc)(7).itm                                                  
  l_S_t_1_t15:slc(l_S_t_1_t15:acc)(7).itm                                             1         Y                  l_S_t_1_t15:slc(l_S_t_1_t15:acc)(7).itm                                                  
  l_S_t_1_t16:slc(l_S_t_1_t16:acc)(7).itm                                             1         Y                  l_S_t_1_t16:slc(l_S_t_1_t16:acc)(7).itm                                                  
  l_S_t_1_t1:if:else:v1147:slc()(32).mdf.sva                                          1         Y                  l_S_t_1_t1:if:else:v1147:slc()(32).mdf.sva                                               
  l_S_t_1_t1:if:unequal.tmp                                                           1         Y                  l_S_t_1_t1:if:unequal.tmp                                                                
  l_S_t_1_t1:slc(l_S_t_1_t1:acc)(7).itm                                               1         Y           Y      l_S_t_1_t1:slc(l_S_t_1_t1:acc)(7).itm                                                    
  l_S_t_1_t1:v1137:and.svs                                                            1         Y           Y      l_S_t_1_t1:v1137:and.svs                                                                 
  l_S_t_1_t2:if:else:v1204:slc()(32).mdf.sva                                          1         Y                  l_S_t_1_t2:if:else:v1204:slc()(32).mdf.sva                                               
  l_S_t_1_t2:if:unequal.tmp                                                           1         Y                  l_S_t_1_t2:if:unequal.tmp                                                                
  l_S_t_1_t2:slc(l_S_t_1_t2:acc)(7).itm                                               1         Y           Y      l_S_t_1_t2:slc(l_S_t_1_t2:acc)(7).itm                                                    
  l_S_t_1_t2:v1194:and.svs                                                            1         Y           Y      l_S_t_1_t2:v1194:and.svs                                                                 
  l_S_t_1_t3:if:else:v1261:slc()(32).mdf.sva                                          1         Y                  l_S_t_1_t3:if:else:v1261:slc()(32).mdf.sva                                               
  l_S_t_1_t3:if:unequal.tmp                                                           1         Y                  l_S_t_1_t3:if:unequal.tmp                                                                
  l_S_t_1_t3:slc(l_S_t_1_t3:acc)(7).itm                                               1         Y           Y      l_S_t_1_t3:slc(l_S_t_1_t3:acc)(7).itm                                                    
  l_S_t_1_t3:v1251:and.svs                                                            1         Y           Y      l_S_t_1_t3:v1251:and.svs                                                                 
  l_S_t_1_t4:if:else:v1318:slc()(32).mdf.sva                                          1         Y                  l_S_t_1_t4:if:else:v1318:slc()(32).mdf.sva                                               
  l_S_t_1_t4:if:unequal.tmp                                                           1         Y                  l_S_t_1_t4:if:unequal.tmp                                                                
  l_S_t_1_t4:slc(l_S_t_1_t4:acc)(7).itm                                               1         Y           Y      l_S_t_1_t4:slc(l_S_t_1_t4:acc)(7).itm                                                    
  l_S_t_1_t4:v1308:and.svs                                                            1         Y           Y      l_S_t_1_t4:v1308:and.svs                                                                 
  l_S_t_1_t5:slc(l_S_t_1_t5:acc)(7).itm                                               1         Y                  l_S_t_1_t5:slc(l_S_t_1_t5:acc)(7).itm                                                    
  l_S_t_1_t6:slc(l_S_t_1_t6:acc)(7).itm                                               1         Y                  l_S_t_1_t6:slc(l_S_t_1_t6:acc)(7).itm                                                    
  l_S_t_1_t7:slc(l_S_t_1_t7:acc)(7).itm                                               1         Y                  l_S_t_1_t7:slc(l_S_t_1_t7:acc)(7).itm                                                    
  l_S_t_1_t8:slc(l_S_t_1_t8:acc)(7).itm                                               1         Y                  l_S_t_1_t8:slc(l_S_t_1_t8:acc)(7).itm                                                    
  l_S_t_1_t9:slc(l_S_t_1_t9:acc)(7).itm                                               1         Y           Y      l_S_t_1_t9:slc(l_S_t_1_t9:acc)(7).itm                                                    
  l_S_t_1_t9:v1500:slc(l_S_t_1_t9:v1500:acc)(31).svs                                  1         Y                  l_S_t_1_t9:v1500:slc(l_S_t_1_t9:v1500:acc)(31).svs                                       
  l_S_t_1_t:a.d.lpi#1.dfm#1(12)                                                       1         Y           Y      l_S_t_1_t:a.d.lpi#1.dfm#1                                                                
                                                                                                                   l_S_t_1_t:a.d.sva#1                                                                      
  l_S_t_1_t:a.d.lpi#1.dfm#1(15)                                                       1         Y           Y      l_S_t_1_t:a.d.lpi#1.dfm#1                                                                
                                                                                                                   l_S_t_1_t:a.d.sva#1                                                                      
  l_S_t_1_t:a.d.lpi#1.dfm#1(8)                                                        1         Y           Y      l_S_t_1_t:a.d.lpi#1.dfm#1                                                                
                                                                                                                   l_S_t_1_t:a.d.sva#1                                                                      
  l_S_t_1_t:a.d.lpi#1.dfm#1(9)                                                        1         Y           Y      l_S_t_1_t:a.d.lpi#1.dfm#1                                                                
                                                                                                                   l_S_t_1_t:a.d.sva#1                                                                      
  l_S_t_1_t:a_vld(0).lpi#1.dfm#3                                                      1         Y           Y      l_S_t_1_t:a_vld(0).lpi#1.dfm#3                                                           
                                                                                                                   l_S_t_1_t:a_vld(0).sva#1                                                                 
                                                                                                                   l_S_t_1_t:hit(2)(0).sva                                                                  
                                                                                                                   l_S_t_1_t:hit(2)(0).sva.dfm#1                                                            
                                                                                                                   for#3:for:v60(0).sva                                                                     
                                                                                                                   l_S_t_1_t:l_S_t_1_t:and#31.itm                                                           
                                                                                                                   l_S_t_1_t:slc(l_S_t_1_t:acc)(7).itm                                                      
  l_S_t_1_t:and#10.tmp                                                                1         Y           Y      l_S_t_1_t:and#10.tmp                                                                     
                                                                                                                   l_S_t_1_t:and#7.itm                                                                      
                                                                                                                   l_S_t_1_t:if#23:if:v755:equal.svs                                                        
  l_S_t_1_t:and#11.tmp                                                                1         Y           Y      l_S_t_1_t:and#11.tmp                                                                     
                                                                                                                   l_S_t_1_t:v591:rshift.cse.sva                                                            
                                                                                                                   l_S_t_1_t:v795:l_S_t_1_t:v795:nor.cse.sva                                                
  l_S_t_1_t:and#16.tmp                                                                1         Y           Y      l_S_t_1_t:and#16.tmp                                                                     
                                                                                                                   l_S_t_1_t:v601:l_S_t_1_t:v601:nor.cse.sva                                                
  l_S_t_1_t:and#17.tmp                                                                1         Y           Y      l_S_t_1_t:and#17.tmp                                                                     
                                                                                                                   l_S_t_1_t:v603:l_S_t_1_t:v603:and.cse.sva                                                
  l_S_t_1_t:and#90.itm                                                                1         Y                  l_S_t_1_t:and#90.itm                                                                     
                                                                                                                   return.mult_generic<AC_RND_CONV,false>:or#2.svs                                          
  l_S_t_1_t:and#91.itm                                                                1         Y                  l_S_t_1_t:and#91.itm                                                                     
                                                                                                                   return.mult_generic<AC_RND_CONV,false>:r_nan.sva                                         
  l_S_t_1_t:and#92.itm                                                                1         Y           Y      l_S_t_1_t:and#92.itm                                                                     
  l_S_t_1_t:and#93.itm                                                                1         Y           Y      l_S_t_1_t:and#93.itm                                                                     
  l_S_t_1_t:and#94.itm                                                                1         Y           Y      l_S_t_1_t:and#94.itm                                                                     
  l_S_t_1_t:and.itm                                                                   1         Y           Y      l_S_t_1_t:and.itm                                                                        
  l_S_t_1_t:b.d.lpi#1.dfm#1(12)                                                       1         Y           Y      l_S_t_1_t:b.d.lpi#1.dfm#1                                                                
                                                                                                                   l_S_t_1_t:b.d.sva#1                                                                      
  l_S_t_1_t:b.d.lpi#1.dfm#1(15)                                                       1         Y           Y      l_S_t_1_t:b.d.lpi#1.dfm#1                                                                
                                                                                                                   l_S_t_1_t:b.d.sva#1                                                                      
  l_S_t_1_t:b.d.lpi#1.dfm#1(8)                                                        1         Y           Y      l_S_t_1_t:b.d.lpi#1.dfm#1                                                                
                                                                                                                   l_S_t_1_t:b.d.sva#1                                                                      
  l_S_t_1_t:b.d.lpi#1.dfm#1(9)                                                        1         Y           Y      l_S_t_1_t:b.d.lpi#1.dfm#1                                                                
                                                                                                                   l_S_t_1_t:b.d.sva#1                                                                      
  l_S_t_1_t:b_vld(0).lpi#1.dfm#3                                                      1         Y           Y      l_S_t_1_t:b_vld(0).lpi#1.dfm#3                                                           
                                                                                                                   l_S_t_1_t:b_vld(0).sva#1                                                                 
                                                                                                                   l_S_t_1_t:hit(0)(0).sva                                                                  
                                                                                                                   l_S_t_1_t:hit(0)(0).sva.dfm#1                                                            
                                                                                                                   l_S_t_1_t:l_S_t_1_t:or#10.itm                                                            
  l_S_t_1_t:cmp_busy(0).sva                                                           1         Y           Y      l_S_t_1_t:cmp_busy(0).sva                                                                
                                                                                                                   l_S_t_1_t:cmp_busy(0).sva.dfm                                                            
                                                                                                                   l_S_t_1_t:hvld(0)(0).sva                                                                 
                                                                                                                   l_S_t_1_t:hvld(0)(0).sva.dfm                                                             
                                                                                                                   l_S_t_1_t:l_S_t_1_t:or#11.itm                                                            
  l_S_t_1_t:else#32:else:else:l_S_t_1_t:else#32:else:else:and.itm                     1         Y           Y      l_S_t_1_t:else#32:else:else:l_S_t_1_t:else#32:else:else:and.itm                          
                                                                                                                   l_S_t_1_t:else#32:else:mux#21.itm                                                        
                                                                                                                   l_S_t_1_t:fwd_a(0).sva                                                                   
                                                                                                                   l_S_t_1_t:fwd_a(0).sva.dfm#1                                                             
                                                                                                                   l_S_t_1_t:pop(1)(0).sva                                                                  
                                                                                                                   l_S_t_1_t:pop(1)(0).sva.dfm#2                                                            
                                                                                                                   l_S_t_1_t:pop(1)(0).lpi#1.dfm                                                            
                                                                                                                   l_S_t_1_t:l_S_t_1_t:or#12.itm                                                            
  l_S_t_1_t:fwd_b(0).sva                                                              1         Y           Y      l_S_t_1_t:fwd_b(0).sva                                                                   
                                                                                                                   l_S_t_1_t:fwd_b(0).sva.dfm#1                                                             
                                                                                                                   l_S_t_1_t:pop(2)(0).sva                                                                  
                                                                                                                   l_S_t_1_t:pop(2)(0).sva.dfm#2                                                            
                                                                                                                   l_S_t_1_t:pop(2)(0).lpi#1.dfm                                                            
                                                                                                                   l_S_t_1_t:l_S_t_1_t:or#13.itm                                                            
  l_S_t_1_t:grant(0).lpi#1.dfm#2                                                      1         Y           Y      l_S_t_1_t:grant(0).lpi#1.dfm#2                                                           
                                                                                                                   l_S_t_1_t:v542:acc.cse(2).sva                                                            
                                                                                                                   l_S_t_1_t:hvld(3)(0).sva.dfm                                                             
  l_S_t_1_t:hit(1)(0).sva                                                             1         Y           Y      l_S_t_1_t:hit(1)(0).sva                                                                  
                                                                                                                   l_S_t_1_t:hit(1)(0).sva.dfm#1                                                            
                                                                                                                   l_S_t_1_t:res.d(15).lpi#1.dfm#4                                                          
                                                                                                                   l_S_t_1_t:raw_b(0).sva                                                                   
                                                                                                                   l_S_t_1_t:raw_b(0).sva.dfm#1                                                             
  l_S_t_1_t:hvld(1)(0).sva                                                            1         Y           Y      l_S_t_1_t:hvld(1)(0).sva                                                                 
                                                                                                                   l_S_t_1_t:hvld(1)(0).sva.dfm                                                             
                                                                                                                   l_S_t_1_t:ret(0)(0).sva                                                                  
                                                                                                                   l_S_t_1_t:ret(0)(0).sva.dfm                                                              
  l_S_t_1_t:hvld(2)(0).sva                                                            1         Y           Y      l_S_t_1_t:hvld(2)(0).sva                                                                 
                                                                                                                   l_S_t_1_t:hvld(2)(0).sva.dfm                                                             
                                                                                                                   l_S_t_1_t:ret(1)(0).sva                                                                  
                                                                                                                   l_S_t_1_t:ret(1)(0).sva.dfm                                                              
  l_S_t_1_t:if#26:and#2.cse.sva                                                       1         Y           Y      l_S_t_1_t:if#26:and#2.cse.sva                                                            
                                                                                                                   l_S_t_1_t:if#42:if:if:and.stg_1_0.sva                                                    
                                                                                                                   sb_cmp(1)(0).sva                                                                         
  l_S_t_1_t:if#26:and.cse.sva                                                         1         Y           Y      l_S_t_1_t:if#26:and.cse.sva                                                              
                                                                                                                   sb_cmp(2)(0).sva                                                                         
  l_S_t_1_t:if#26:nor.cse.sva                                                         1         Y           Y      l_S_t_1_t:if#26:nor.cse.sva                                                              
                                                                                                                   sb_cmp(3)(0).sva                                                                         
  l_S_t_1_t:if#42:if:else:unequal.tmp                                                 1         Y           Y      l_S_t_1_t:if#42:if:else:unequal.tmp                                                      
                                                                                                                   return.mult_generic<AC_RND_CONV,false>:e_incr.lpi#1.dfm#1                                
  l_S_t_1_t:if#5:and#23.psp                                                           1         Y           Y      l_S_t_1_t:if#5:and#23.psp                                                                
  l_S_t_1_t:if#5:if#1:v449:and.svs                                                    1         Y           Y      l_S_t_1_t:if#5:if#1:v449:and.svs                                                         
  l_S_t_1_t:inj_done(0).sva                                                           1         Y           Y      l_S_t_1_t:inj_done(0).sva                                                                
                                                                                                                   l_S_t_1_t:inj_done(0).sva.dfm#1                                                          
  l_S_t_1_t:l_S_t_1_t:and#16.itm                                                      1         Y           Y      l_S_t_1_t:l_S_t_1_t:and#16.itm                                                           
                                                                                                                   l_S_t_1_t:mux#277.itm                                                                    
                                                                                                                   sb_v(0)(0).sva                                                                           
                                                                                                                   l_S_t_1_t:if#26:and#1.cse.sva                                                            
  l_S_t_1_t:l_S_t_1_t:or#14.itm                                                       1         Y           Y      l_S_t_1_t:l_S_t_1_t:or#14.itm                                                            
                                                                                                                   sb_v(4)(0).sva                                                                           
  l_S_t_1_t:mux#341.itm                                                               1         Y           Y      l_S_t_1_t:mux#341.itm                                                                    
                                                                                                                   sb_rtr(4)(0).sva                                                                         
  l_S_t_1_t:mux#342.itm                                                               1         Y           Y      l_S_t_1_t:mux#342.itm                                                                    
                                                                                                                   sb_inj(4)(0).sva                                                                         
  l_S_t_1_t:mux#345.itm                                                               1         Y           Y      l_S_t_1_t:mux#345.itm                                                                    
                                                                                                                   sb_rvld(4)(0).sva                                                                        
  l_S_t_1_t:mux#347.itm                                                               1         Y           Y      l_S_t_1_t:mux#347.itm                                                                    
                                                                                                                   sb_long(4)(0).sva                                                                        
  l_S_t_1_t:mux#357.itm                                                               1         Y           Y      l_S_t_1_t:mux#357.itm                                                                    
                                                                                                                   sb_cmp(4)(0).sva                                                                         
  l_S_t_1_t:mux#358.itm                                                               1         Y           Y      l_S_t_1_t:mux#358.itm                                                                    
                                                                                                                   resq.d(0)(15).sva                                                                        
  l_S_t_1_t:mux#360.itm                                                               1         Y           Y      l_S_t_1_t:mux#360.itm                                                                    
                                                                                                                   resq.d(0)(9).sva                                                                         
  l_S_t_1_t:mux#361.itm.rsp.0                                                         1         Y           Y      l_S_t_1_t:mux#361.itm                                                                    
                                                                                                                   resq.d(0)(8:0).sva                                                                       
  l_S_t_1_t:mux#362.itm                                                               1         Y           Y      l_S_t_1_t:mux#362.itm                                                                    
                                                                                                                   resq.d(1)(15).sva                                                                        
  l_S_t_1_t:mux#364.itm                                                               1         Y           Y      l_S_t_1_t:mux#364.itm                                                                    
                                                                                                                   resq.d(1)(9).sva                                                                         
  l_S_t_1_t:mux#365.itm.rsp.0                                                         1         Y           Y      l_S_t_1_t:mux#365.itm                                                                    
                                                                                                                   resq.d(1)(8:0).sva                                                                       
  l_S_t_1_t:mux#366.itm                                                               1         Y           Y      l_S_t_1_t:mux#366.itm                                                                    
                                                                                                                   resq.d(2)(15).sva                                                                        
  l_S_t_1_t:mux#368.itm                                                               1         Y           Y      l_S_t_1_t:mux#368.itm                                                                    
                                                                                                                   resq.d(2)(9).sva                                                                         
  l_S_t_1_t:mux#369.itm.rsp.0                                                         1         Y           Y      l_S_t_1_t:mux#369.itm                                                                    
                                                                                                                   resq.d(2)(8:0).sva                                                                       
  l_S_t_1_t:mux#370.itm                                                               1         Y           Y      l_S_t_1_t:mux#370.itm                                                                    
                                                                                                                   resq.d(3)(15).sva                                                                        
  l_S_t_1_t:mux#372.itm                                                               1         Y           Y      l_S_t_1_t:mux#372.itm                                                                    
                                                                                                                   resq.d(3)(9).sva                                                                         
  l_S_t_1_t:mux#373.itm.rsp.0                                                         1         Y           Y      l_S_t_1_t:mux#373.itm                                                                    
                                                                                                                   resq.d(3)(8:0).sva                                                                       
  l_S_t_1_t:mux#374.itm                                                               1         Y           Y      l_S_t_1_t:mux#374.itm                                                                    
                                                                                                                   resq.d(4)(15).sva                                                                        
  l_S_t_1_t:mux#376.itm                                                               1         Y           Y      l_S_t_1_t:mux#376.itm                                                                    
                                                                                                                   resq.d(4)(9).sva                                                                         
  l_S_t_1_t:mux#377.itm.rsp.0                                                         1         Y           Y      l_S_t_1_t:mux#377.itm                                                                    
                                                                                                                   resq.d(4)(8:0).sva                                                                       
  l_S_t_1_t:mux#378.itm                                                               1         Y           Y      l_S_t_1_t:mux#378.itm                                                                    
                                                                                                                   resq.d(5)(15).sva                                                                        
  l_S_t_1_t:mux#380.itm                                                               1         Y           Y      l_S_t_1_t:mux#380.itm                                                                    
                                                                                                                   resq.d(5)(9).sva                                                                         
  l_S_t_1_t:mux#381.itm.rsp.0                                                         1         Y           Y      l_S_t_1_t:mux#381.itm                                                                    
                                                                                                                   resq.d(5)(8:0).sva                                                                       
  l_S_t_1_t:mux#382.itm                                                               1         Y           Y      l_S_t_1_t:mux#382.itm                                                                    
                                                                                                                   resq.d(6)(15).sva                                                                        
  l_S_t_1_t:mux#384.itm                                                               1         Y           Y      l_S_t_1_t:mux#384.itm                                                                    
                                                                                                                   resq.d(6)(9).sva                                                                         
  l_S_t_1_t:mux#385.itm.rsp.0                                                         1         Y           Y      l_S_t_1_t:mux#385.itm                                                                    
                                                                                                                   resq.d(6)(8:0).sva                                                                       
  l_S_t_1_t:mux#386.itm                                                               1         Y           Y      l_S_t_1_t:mux#386.itm                                                                    
                                                                                                                   resq.d(7)(15).sva                                                                        
  l_S_t_1_t:mux#388.itm                                                               1         Y           Y      l_S_t_1_t:mux#388.itm                                                                    
                                                                                                                   resq.d(7)(9).sva                                                                         
  l_S_t_1_t:mux#389.itm.rsp.0                                                         1         Y           Y      l_S_t_1_t:mux#389.itm                                                                    
                                                                                                                   resq.d(7)(8:0).sva                                                                       
  l_S_t_1_t:o_crv(25).lpi#1.dfm#3                                                     1         Y           Y      l_S_t_1_t:o_crv(25).lpi#1.dfm#3                                                          
  l_S_t_1_t:o_out(0)(15:0).sva(15)                                                    1         Y           Y      l_S_t_1_t:o_out(0)(15:0).sva                                                             
                                                                                                                   l_S_t_1_t:o_out(0)(15:0).sva.dfm#2                                                       
  l_S_t_1_t:o_out(0)(15:0).sva(8)                                                     1         Y           Y      l_S_t_1_t:o_out(0)(15:0).sva                                                             
                                                                                                                   l_S_t_1_t:o_out(0)(15:0).sva.dfm#2                                                       
  l_S_t_1_t:o_out(0)(15:0).sva(9)                                                     1         Y           Y      l_S_t_1_t:o_out(0)(15:0).sva                                                             
                                                                                                                   l_S_t_1_t:o_out(0)(15:0).sva.dfm#2                                                       
  l_S_t_1_t:o_out(0)(20).sva                                                          1         Y           Y      l_S_t_1_t:o_out(0)(20).sva                                                               
                                                                                                                   l_S_t_1_t:o_out(0)(20).sva.dfm#2                                                         
  l_S_t_1_t:o_out(0)(25).sva                                                          1         Y           Y      l_S_t_1_t:o_out(0)(25).sva                                                               
                                                                                                                   l_S_t_1_t:o_out(0)(25).sva.dfm#2                                                         
  l_S_t_1_t:o_out(1)(15:0).sva(15)                                                    1         Y           Y      l_S_t_1_t:o_out(1)(15:0).sva                                                             
                                                                                                                   l_S_t_1_t:o_out(1)(15:0).sva.dfm#2                                                       
  l_S_t_1_t:o_out(1)(15:0).sva(8)                                                     1         Y           Y      l_S_t_1_t:o_out(1)(15:0).sva                                                             
                                                                                                                   l_S_t_1_t:o_out(1)(15:0).sva.dfm#2                                                       
  l_S_t_1_t:o_out(1)(15:0).sva(9)                                                     1         Y           Y      l_S_t_1_t:o_out(1)(15:0).sva                                                             
                                                                                                                   l_S_t_1_t:o_out(1)(15:0).sva.dfm#2                                                       
  l_S_t_1_t:o_out(1)(20).sva                                                          1         Y           Y      l_S_t_1_t:o_out(1)(20).sva                                                               
                                                                                                                   l_S_t_1_t:o_out(1)(20).sva.dfm#2                                                         
  l_S_t_1_t:o_out(1)(25).sva                                                          1         Y           Y      l_S_t_1_t:o_out(1)(25).sva                                                               
                                                                                                                   l_S_t_1_t:o_out(1)(25).sva.dfm#2                                                         
  l_S_t_1_t:o_out(2)(15:0).sva(15)                                                    1         Y           Y      l_S_t_1_t:o_out(2)(15:0).sva                                                             
                                                                                                                   l_S_t_1_t:o_out(2)(15:0).sva.dfm#2                                                       
  l_S_t_1_t:o_out(2)(15:0).sva(8)                                                     1         Y           Y      l_S_t_1_t:o_out(2)(15:0).sva                                                             
                                                                                                                   l_S_t_1_t:o_out(2)(15:0).sva.dfm#2                                                       
  l_S_t_1_t:o_out(2)(15:0).sva(9)                                                     1         Y           Y      l_S_t_1_t:o_out(2)(15:0).sva                                                             
                                                                                                                   l_S_t_1_t:o_out(2)(15:0).sva.dfm#2                                                       
  l_S_t_1_t:o_out(2)(20).sva                                                          1         Y           Y      l_S_t_1_t:o_out(2)(20).sva                                                               
                                                                                                                   l_S_t_1_t:o_out(2)(20).sva.dfm#2                                                         
  l_S_t_1_t:o_out(2)(25).sva                                                          1         Y           Y      l_S_t_1_t:o_out(2)(25).sva                                                               
                                                                                                                   l_S_t_1_t:o_out(2)(25).sva.dfm#2                                                         
  l_S_t_1_t:o_out(3)(15:0).sva.dfm#2(15)                                              1         Y           Y      l_S_t_1_t:o_out(3)(15:0).sva.dfm#2(15)                                                   
  l_S_t_1_t:o_out(3)(15:0).sva.dfm#2(8)                                               1         Y           Y      l_S_t_1_t:o_out(3)(15:0).sva.dfm#2(8)                                                    
  l_S_t_1_t:o_out(3)(15:0).sva.dfm#2(9)                                               1         Y           Y      l_S_t_1_t:o_out(3)(15:0).sva.dfm#2(9)                                                    
  l_S_t_1_t:o_out(3)(20).sva.dfm#2                                                    1         Y           Y      l_S_t_1_t:o_out(3)(20).sva.dfm#2                                                         
  l_S_t_1_t:o_out(3)(25).sva.dfm#2                                                    1         Y           Y      l_S_t_1_t:o_out(3)(25).sva.dfm#2                                                         
  l_S_t_1_t:pop(0)(0).sva                                                             1         Y           Y      l_S_t_1_t:pop(0)(0).sva                                                                  
                                                                                                                   l_S_t_1_t:pop(0)(0).sva.dfm#2                                                            
                                                                                                                   l_S_t_1_t:pop(0)(0).lpi#1.dfm                                                            
                                                                                                                   l_S_t_1_t:res.d(9).lpi#1.dfm#4                                                           
                                                                                                                   l_S_t_1_t:raw(0).sva                                                                     
                                                                                                                   l_S_t_1_t:raw(0).sva.dfm#1                                                               
  l_S_t_1_t:pop(3)(0).lpi#1.dfm                                                       1         Y           Y      l_S_t_1_t:pop(3)(0).lpi#1.dfm                                                            
                                                                                                                   l_S_t_1_t:pop(3)(0).sva.dfm#2                                                            
                                                                                                                   l_S_t_1_t:hit(3)(0).sva.dfm#1                                                            
                                                                                                                   l_S_t_1_t:pc(7).lpi#1.dfm                                                                
  l_S_t_1_t:ret(2)(0).sva                                                             1         Y           Y      l_S_t_1_t:ret(2)(0).sva                                                                  
                                                                                                                   l_S_t_1_t:ret(2)(0).sva.dfm                                                              
  l_S_t_1_t:retire_ok(0).lpi#1.dfm                                                    1         Y           Y      l_S_t_1_t:retire_ok(0).lpi#1.dfm                                                         
  l_S_t_1_t:v428:and.svs                                                              1         Y           Y      l_S_t_1_t:v428:and.svs                                                                   
  l_S_t_1_t:v551:acc.cse(2).sva                                                       1         Y           Y      l_S_t_1_t:v551:acc.cse(2).sva                                                            
  l_S_t_1_t:v580:rshift.cse.sva                                                       1         Y           Y      l_S_t_1_t:v580:rshift.cse.sva                                                            
                                                                                                                   l_S_t_1_t:v770:and.mdf.sva                                                               
                                                                                                                   l_S_t_1_t:and#128.itm                                                                    
  l_S_t_1_t:v602:l_S_t_1_t:v602:and.cse.sva                                           1         Y           Y      l_S_t_1_t:v602:l_S_t_1_t:v602:and.cse.sva                                                
                                                                                                                   return.isnan#6:return.isnan#6:nor.itm                                                    
  l_S_t_1_t:v605:l_S_t_1_t:v605:and.cse.sva                                           1         Y           Y      l_S_t_1_t:v605:l_S_t_1_t:v605:and.cse.sva                                                
  l_S_t_1_t:v609:or.cse.sva                                                           1         Y           Y      l_S_t_1_t:v609:or.cse.sva                                                                
  l_S_t_1_t:v716:l_S_t_1_t:v716:l_S_t_1_t:v713:not.mdf.sva                            1         Y           Y      l_S_t_1_t:v716:l_S_t_1_t:v716:l_S_t_1_t:v713:not.mdf.sva                                 
  mem.d:rsci.bcwt#1                                                                   1                            mem.d:rsci.bcwt#1                                                                        
  mem:rsci.bcwt#1                                                                     1                            mem:rsci.bcwt#1                                                                          
  operator-<4,false>#1:acc.psp.sva(5)                                                 1         Y                  operator-<4,false>#1:acc.psp.sva                                                         
                                                                                                                   operator-<4,false>:acc.psp.sva                                                           
                                                                                                                   return.mult_generic<AC_RND_CONV,false>:exp#1(5:0).lpi#1.dfm                              
                                                                                                                   return.mult_generic<AC_RND_CONV,false>:exp_plus_1:acc.psp(5:0).sva                       
                                                                                                                   for#3:mux#17.itm(1:0)                                                                    
                                                                                                                   for#5:v64(2:0).sva(1:0)                                                                  
                                                                                                                   l_S_d_6_d3:d3(2:0).sva(1:0)                                                              
                                                                                                                   l_S_o_3_o:o(2:0).sva(1:0)                                                                
  out.PushNB():mioi.ivld                                                              1                            out.PushNB():mioi.ivld                                                                   
  out.PushNB():mioi.ivld                                                              1                            out.PushNB():mioi.ivld                                                                   
  out.PushNB():mioi.ivld                                                              1                            out.PushNB():mioi.ivld                                                                   
  reg(l_S_t_1_t:mux#359)#1.ftd                                                        1         Y           Y      reg(l_S_t_1_t:mux#359)#1.ftd                                                             
  reg(l_S_t_1_t:mux#363)#1.ftd                                                        1         Y           Y      reg(l_S_t_1_t:mux#363)#1.ftd                                                             
  reg(l_S_t_1_t:mux#367)#1.ftd                                                        1         Y           Y      reg(l_S_t_1_t:mux#367)#1.ftd                                                             
  reg(l_S_t_1_t:mux#371)#1.ftd                                                        1         Y           Y      reg(l_S_t_1_t:mux#371)#1.ftd                                                             
  reg(l_S_t_1_t:mux#375)#1.ftd                                                        1         Y           Y      reg(l_S_t_1_t:mux#375)#1.ftd                                                             
  reg(l_S_t_1_t:mux#379)#1.ftd                                                        1         Y           Y      reg(l_S_t_1_t:mux#379)#1.ftd                                                             
  reg(l_S_t_1_t:mux#383)#1.ftd                                                        1         Y           Y      reg(l_S_t_1_t:mux#383)#1.ftd                                                             
  reg(l_S_t_1_t:mux#387)#1.ftd                                                        1         Y           Y      reg(l_S_t_1_t:mux#387)#1.ftd                                                             
  reg(mem.d:rsci.port_0_r_ram_ir_internal_RMASK_B_d.run.psct).cse                     1         Y                  reg(mem.d:rsci.port_0_r_ram_ir_internal_RMASK_B_d.run.psct).cse                          
  reg(mem:rsci.port_0_r_ram_ir_internal_RMASK_B_d.run.psct).cse                       1         Y                  reg(mem:rsci.port_0_r_ram_ir_internal_RMASK_B_d.run.psct).cse                            
  reg(req.Pop():mioi.iswt0).cse                                                       1         Y                  reg(req.Pop():mioi.iswt0).cse                                                            
  reg(req.Pop():mioi.iswt0).cse                                                       1         Y                  reg(req.Pop():mioi.iswt0).cse                                                            
  reg(req.Pop():mioi.iswt0).cse                                                       1         Y                  reg(req.Pop():mioi.iswt0).cse                                                            
  reg(req.Pop():mioi.iswt0).cse                                                       1         Y                  reg(req.Pop():mioi.iswt0).cse                                                            
  reg(req.Pop():mioi.iswt0).cse                                                       1         Y                  reg(req.Pop():mioi.iswt0).cse                                                            
  reg(return.operator==#2:and#1).cse                                                  1         Y           Y      reg(return.operator==#2:and#1).cse                                                       
  reg(rsp.Push():mioi.iswt0).cse                                                      1         Y                  reg(rsp.Push():mioi.iswt0).cse                                                           
  reg(rsp.Push():mioi.iswt0).cse                                                      1         Y                  reg(rsp.Push():mioi.iswt0).cse                                                           
  reg(rsp.Push():mioi.iswt0).cse                                                      1         Y                  reg(rsp.Push():mioi.iswt0).cse                                                           
  reg(v0_rsp.Pop():mioi.iswt0).cse                                                    1         Y                  reg(v0_rsp.Pop():mioi.iswt0).cse                                                         
  reg(v1108_rsp.Pop():mioi.iswt0).cse                                                 1         Y                  reg(v1108_rsp.Pop():mioi.iswt0).cse                                                      
  reg(v1109_rsp.Pop():mioi.iswt0).cse                                                 1         Y                  reg(v1109_rsp.Pop():mioi.iswt0).cse                                                      
  reg(v1110_rsp.Pop():mioi.iswt0).cse                                                 1         Y                  reg(v1110_rsp.Pop():mioi.iswt0).cse                                                      
  reg(v1111.Push():mioi.iswt0).cse                                                    1         Y                  reg(v1111.Push():mioi.iswt0).cse                                                         
  reg(v1112.Pop():mioi.iswt0).cse                                                     1         Y                  reg(v1112.Pop():mioi.iswt0).cse                                                          
  reg(v1165_rsp.Pop():mioi.iswt0).cse                                                 1         Y                  reg(v1165_rsp.Pop():mioi.iswt0).cse                                                      
  reg(v1166_rsp.Pop():mioi.iswt0).cse                                                 1         Y                  reg(v1166_rsp.Pop():mioi.iswt0).cse                                                      
  reg(v1167_rsp.Pop():mioi.iswt0).cse                                                 1         Y                  reg(v1167_rsp.Pop():mioi.iswt0).cse                                                      
  reg(v1168.Push():mioi.iswt0).cse                                                    1         Y                  reg(v1168.Push():mioi.iswt0).cse                                                         
  reg(v1169.Pop():mioi.iswt0).cse                                                     1         Y                  reg(v1169.Pop():mioi.iswt0).cse                                                          
  reg(v12.Push():mioi.idat(1)).cse                                                    1         Y           Y      reg(v12.Push():mioi.idat(1)).cse                                                         
  reg(v1222_rsp.Pop():mioi.iswt0).cse                                                 1         Y                  reg(v1222_rsp.Pop():mioi.iswt0).cse                                                      
  reg(v1223_rsp.Pop():mioi.iswt0).cse                                                 1         Y                  reg(v1223_rsp.Pop():mioi.iswt0).cse                                                      
  reg(v1224_rsp.Pop():mioi.iswt0).cse                                                 1         Y                  reg(v1224_rsp.Pop():mioi.iswt0).cse                                                      
  reg(v1225.Push():mioi.iswt0).cse                                                    1         Y                  reg(v1225.Push():mioi.iswt0).cse                                                         
  reg(v1226.Pop():mioi.iswt0).cse                                                     1         Y                  reg(v1226.Pop():mioi.iswt0).cse                                                          
  reg(v1279_rsp.Pop():mioi.iswt0).cse                                                 1         Y                  reg(v1279_rsp.Pop():mioi.iswt0).cse                                                      
  reg(v1280_rsp.Pop():mioi.iswt0).cse                                                 1         Y                  reg(v1280_rsp.Pop():mioi.iswt0).cse                                                      
  reg(v1281_rsp.Pop():mioi.iswt0).cse                                                 1         Y                  reg(v1281_rsp.Pop():mioi.iswt0).cse                                                      
  reg(v1282.Push():mioi.iswt0).cse                                                    1         Y                  reg(v1282.Push():mioi.iswt0).cse                                                         
  reg(v1283.Pop():mioi.iswt0).cse                                                     1         Y                  reg(v1283.Pop():mioi.iswt0).cse                                                          
  reg(v1336_req.Push():mioi.iswt0).cse                                                1         Y                  reg(v1336_req.Push():mioi.iswt0).cse                                                     
  reg(v1337_rsp.Pop():mioi.iswt0).cse                                                 1         Y                  reg(v1337_rsp.Pop():mioi.iswt0).cse                                                      
  reg(v1338.Push():mioi.iswt0).cse                                                    1         Y                  reg(v1338.Push():mioi.iswt0).cse                                                         
  reg(v1339.Pop():mioi.iswt0).cse                                                     1         Y                  reg(v1339.Pop():mioi.iswt0).cse                                                          
  reg(v1371_req.Push():mioi.iswt0).cse                                                1         Y                  reg(v1371_req.Push():mioi.iswt0).cse                                                     
  reg(v1372_rsp.Pop():mioi.iswt0).cse                                                 1         Y                  reg(v1372_rsp.Pop():mioi.iswt0).cse                                                      
  reg(v1373.Push():mioi.iswt0).cse                                                    1         Y                  reg(v1373.Push():mioi.iswt0).cse                                                         
  reg(v1374.Pop():mioi.iswt0).cse                                                     1         Y                  reg(v1374.Pop():mioi.iswt0).cse                                                          
  reg(v1406_req.Push():mioi.iswt0).cse                                                1         Y                  reg(v1406_req.Push():mioi.iswt0).cse                                                     
  reg(v1407_rsp.Pop():mioi.iswt0).cse                                                 1         Y                  reg(v1407_rsp.Pop():mioi.iswt0).cse                                                      
  reg(v1408.Push():mioi.iswt0).cse                                                    1         Y                  reg(v1408.Push():mioi.iswt0).cse                                                         
  reg(v1409.Pop():mioi.iswt0).cse                                                     1         Y                  reg(v1409.Pop():mioi.iswt0).cse                                                          
  reg(v1441_req.Push():mioi.iswt0).cse                                                1         Y                  reg(v1441_req.Push():mioi.iswt0).cse                                                     
  reg(v1442_rsp.Pop():mioi.iswt0).cse                                                 1         Y                  reg(v1442_rsp.Pop():mioi.iswt0).cse                                                      
  reg(v1443.Push():mioi.iswt0).cse                                                    1         Y                  reg(v1443.Push():mioi.iswt0).cse                                                         
  reg(v1444.Pop():mioi.iswt0).cse                                                     1         Y                  reg(v1444.Pop():mioi.iswt0).cse                                                          
  reg(v1476_rsp.Pop():mioi.iswt0).cse                                                 1         Y                  reg(v1476_rsp.Pop():mioi.iswt0).cse                                                      
  reg(v1477_rsp.Pop():mioi.iswt0).cse                                                 1         Y                  reg(v1477_rsp.Pop():mioi.iswt0).cse                                                      
  reg(v1478.Push():mioi.iswt0).cse                                                    1         Y                  reg(v1478.Push():mioi.iswt0).cse                                                         
  reg(v1479.Pop():mioi.iswt0).cse                                                     1         Y                  reg(v1479.Pop():mioi.iswt0).cse                                                          
  reg(v1528_rsp.Pop():mioi.iswt0).cse                                                 1         Y                  reg(v1528_rsp.Pop():mioi.iswt0).cse                                                      
  reg(v1529_rsp.Pop():mioi.iswt0).cse                                                 1         Y                  reg(v1529_rsp.Pop():mioi.iswt0).cse                                                      
  reg(v1530.Push():mioi.iswt0).cse                                                    1         Y                  reg(v1530.Push():mioi.iswt0).cse                                                         
  reg(v1531.Pop():mioi.iswt0).cse                                                     1         Y                  reg(v1531.Pop():mioi.iswt0).cse                                                          
  reg(v1580_rsp.Pop():mioi.iswt0).cse                                                 1         Y                  reg(v1580_rsp.Pop():mioi.iswt0).cse                                                      
  reg(v1581_rsp.Pop():mioi.iswt0).cse                                                 1         Y                  reg(v1581_rsp.Pop():mioi.iswt0).cse                                                      
  reg(v1582.Push():mioi.iswt0).cse                                                    1         Y                  reg(v1582.Push():mioi.iswt0).cse                                                         
  reg(v1583.Pop():mioi.iswt0).cse                                                     1         Y                  reg(v1583.Pop():mioi.iswt0).cse                                                          
  reg(v16.Push():mioi.idat(1:0)).cse                                                  1         Y           Y      reg(v16.Push():mioi.idat(1:0)).cse                                                       
  reg(v16.Push():mioi.iswt0).cse                                                      1         Y                  reg(v16.Push():mioi.iswt0).cse                                                           
  reg(v1632_rsp.Pop():mioi.iswt0).cse                                                 1         Y                  reg(v1632_rsp.Pop():mioi.iswt0).cse                                                      
  reg(v1633_rsp.Pop():mioi.iswt0).cse                                                 1         Y                  reg(v1633_rsp.Pop():mioi.iswt0).cse                                                      
  reg(v1634.Push():mioi.iswt0).cse                                                    1         Y                  reg(v1634.Push():mioi.iswt0).cse                                                         
  reg(v1635.Pop():mioi.iswt0).cse                                                     1         Y                  reg(v1635.Pop():mioi.iswt0).cse                                                          
  reg(v1684_req.Push():mioi.iswt0).cse                                                1         Y                  reg(v1684_req.Push():mioi.iswt0).cse                                                     
  reg(v1685_rsp.Pop():mioi.iswt0).cse                                                 1         Y                  reg(v1685_rsp.Pop():mioi.iswt0).cse                                                      
  reg(v1686.Push():mioi.iswt0).cse                                                    1         Y                  reg(v1686.Push():mioi.iswt0).cse                                                         
  reg(v1687.Pop():mioi.iswt0).cse                                                     1         Y                  reg(v1687.Pop():mioi.iswt0).cse                                                          
  reg(v1719_req.Push():mioi.iswt0).cse                                                1         Y                  reg(v1719_req.Push():mioi.iswt0).cse                                                     
  reg(v1720_rsp.Pop():mioi.iswt0).cse                                                 1         Y                  reg(v1720_rsp.Pop():mioi.iswt0).cse                                                      
  reg(v1721.Push():mioi.iswt0).cse                                                    1         Y                  reg(v1721.Push():mioi.iswt0).cse                                                         
  reg(v1722.Pop():mioi.iswt0).cse                                                     1         Y                  reg(v1722.Pop():mioi.iswt0).cse                                                          
  reg(v1754_req.Push():mioi.iswt0).cse                                                1         Y                  reg(v1754_req.Push():mioi.iswt0).cse                                                     
  reg(v1755_rsp.Pop():mioi.iswt0).cse                                                 1         Y                  reg(v1755_rsp.Pop():mioi.iswt0).cse                                                      
  reg(v1756.Push():mioi.iswt0).cse                                                    1         Y                  reg(v1756.Push():mioi.iswt0).cse                                                         
  reg(v1757.Pop():mioi.iswt0).cse                                                     1         Y                  reg(v1757.Pop():mioi.iswt0).cse                                                          
  reg(v1789_req.Push():mioi.iswt0).cse                                                1         Y                  reg(v1789_req.Push():mioi.iswt0).cse                                                     
  reg(v1790_rsp.Pop():mioi.iswt0).cse                                                 1         Y                  reg(v1790_rsp.Pop():mioi.iswt0).cse                                                      
  reg(v1791.Push():mioi.iswt0).cse                                                    1         Y                  reg(v1791.Push():mioi.iswt0).cse                                                         
  reg(v1792.Pop():mioi.iswt0).cse                                                     1         Y                  reg(v1792.Pop():mioi.iswt0).cse                                                          
  reg(v28.Pop():mioi.iswt0).cse                                                       1         Y                  reg(v28.Pop():mioi.iswt0).cse                                                            
  reg(v32.Pop():mioi.iswt0).cse                                                       1         Y                  reg(v32.Pop():mioi.iswt0).cse                                                            
  reg(v4.Push():mioi.iswt0).cse                                                       1         Y                  reg(v4.Push():mioi.iswt0).cse                                                            
  return.add_generic<AC_RND_CONV,false>#1:do_sub.sva                                  1         Y           Y      return.add_generic<AC_RND_CONV,false>#1:do_sub.sva                                       
                                                                                                                   return.add_generic<AC_RND_CONV,false>:do_sub.sva                                         
                                                                                                                   l_S_t_1_t:and#8.tmp                                                                      
  return.add_generic<AC_RND_CONV,false>#1:mux#6.itm(12)                               1         Y           Y      return.add_generic<AC_RND_CONV,false>#1:mux#6.itm                                        
                                                                                                                   return.add_generic<AC_RND_CONV,false>:mux#6.itm                                          
                                                                                                                   return.add_generic<AC_RND_CONV,false>#1:res_rounded.sva                                  
                                                                                                                   return.add_generic<AC_RND_CONV,false>:res_rounded.sva                                    
  return.add_generic<AC_RND_CONV,false>#1:mux#7.itm                                   1         Y           Y      return.add_generic<AC_RND_CONV,false>#1:mux#7.itm                                        
                                                                                                                   return.add_generic<AC_RND_CONV,false>:mux#7.itm                                          
                                                                                                                   return.mult_generic<AC_RND_CONV,false>:or#3.svs                                          
                                                                                                                   sb_cmp(0)(0).sva                                                                         
  return.add_generic<AC_RND_CONV,false>#1:op1_inf.sva                                 1         Y           Y      return.add_generic<AC_RND_CONV,false>#1:op1_inf.sva                                      
                                                                                                                   return.add_generic<AC_RND_CONV,false>:op1_inf.sva                                        
                                                                                                                   l_S_t_1_t:and#88.itm                                                                     
  return.add_generic<AC_RND_CONV,false>#1:op2_inf.sva                                 1         Y           Y      return.add_generic<AC_RND_CONV,false>#1:op2_inf.sva                                      
                                                                                                                   return.add_generic<AC_RND_CONV,false>:op2_inf.sva                                        
                                                                                                                   l_S_t_1_t:and#89.itm                                                                     
  return.add_generic<AC_RND_CONV,false>#1:op_bigger:mux#1.itm                         1         Y           Y      return.add_generic<AC_RND_CONV,false>#1:op_bigger:mux#1.itm                              
                                                                                                                   return.add_generic<AC_RND_CONV,false>:op_bigger:mux#1.itm                                
                                                                                                                   return.mult_generic<AC_RND_CONV,false>:or.itm                                            
                                                                                                                   sb_long(1)(0).sva                                                                        
  return.add_generic<AC_RND_CONV,false>#1:op_bigger:mux#3.itm                         1         Y           Y      return.add_generic<AC_RND_CONV,false>#1:op_bigger:mux#3.itm                              
                                                                                                                   return.add_generic<AC_RND_CONV,false>:op_bigger:mux#3.itm                                
                                                                                                                   sb_long(2)(0).sva                                                                        
  return.add_generic<AC_RND_CONV,false>#1:r_nan.sva                                   1         Y           Y      return.add_generic<AC_RND_CONV,false>#1:r_nan.sva                                        
                                                                                                                   return.add_generic<AC_RND_CONV,false>:r_nan.sva                                          
                                                                                                                   l_S_t_1_t:and#9.tmp                                                                      
  return.add_generic<AC_RND_CONV,false>#1:r_zero#1.sva                                1         Y           Y      return.add_generic<AC_RND_CONV,false>#1:r_zero#1.sva                                     
                                                                                                                   return.add_generic<AC_RND_CONV,false>:r_zero#1.sva                                       
                                                                                                                   l_S_t_1_t:and#18.tmp                                                                     
                                                                                                                   return.mult_generic<AC_RND_CONV,false>:r_zero.sva                                        
  return.isnan#11:nor.itm                                                             1         Y           Y      return.isnan#11:nor.itm                                                                  
  return.isnan#11:return.isnan#11:nand.itm                                            1         Y           Y      return.isnan#11:return.isnan#11:nand.itm                                                 
  return.isnan#8:return.isnan#8:nor.itm                                               1         Y           Y      return.isnan#8:return.isnan#8:nor.itm                                                    
  return.isnan#9:return.isnan#9:nor.itm                                               1         Y                  return.isnan#9:return.isnan#9:nor.itm                                                    
  return.mult_generic<AC_RND_CONV,false>:res_bef_rnd#2(11:1).lpi#1.dfm(8)             1         Y           Y      return.mult_generic<AC_RND_CONV,false>:res_bef_rnd#2(11:1).lpi#1.dfm                     
                                                                                                                   l_S_t_1_t:res.d(8:0).lpi#1.dfm#1                                                         
                                                                                                                   l_S_t_1_t:res.d(8:0).lpi#1.dfm#4                                                         
                                                                                                                   return.add_generic<AC_RND_CONV,false>#1:op_bigger:mux#2.itm                              
                                                                                                                   return.add_generic<AC_RND_CONV,false>:op_bigger:mux#2.itm                                
                                                                                                                   return.mult_generic<AC_RND_CONV,false>:m_r(8:0).lpi#1.dfm                                
  run.wten.reg                                                                        1                            run.wten.reg                                                                             
  run.wten.reg                                                                        1                            run.wten.reg                                                                             
  sb_cmp(0)(0).lpi#2                                                                  1         Y           Y      sb_cmp(0)(0).lpi#2                                                                       
                                                                                                                   sb_cmp(0)(0).sva#1                                                                       
                                                                                                                   l_S_t_1_t:mux#286.itm                                                                    
  sb_cmp(1)(0).lpi#2                                                                  1         Y           Y      sb_cmp(1)(0).lpi#2                                                                       
                                                                                                                   sb_cmp(1)(0).sva#1                                                                       
                                                                                                                   l_S_t_1_t:mux#287.itm                                                                    
  sb_cmp(2)(0).lpi#2                                                                  1         Y           Y      sb_cmp(2)(0).lpi#2                                                                       
                                                                                                                   sb_cmp(2)(0).sva#1                                                                       
                                                                                                                   l_S_t_1_t:mux#288.itm                                                                    
  sb_cmp(3)(0).lpi#2                                                                  1         Y           Y      sb_cmp(3)(0).lpi#2                                                                       
                                                                                                                   sb_cmp(3)(0).sva#1                                                                       
                                                                                                                   l_S_t_1_t:mux#289.itm                                                                    
  sb_inj(0)(0).lpi#2                                                                  1         Y           Y      sb_inj(0)(0).lpi#2                                                                       
                                                                                                                   sb_inj(0)(0).sva#1                                                                       
                                                                                                                   sb_inj(0)(0).sva                                                                         
                                                                                                                   l_S_t_1_t:mux#294.itm                                                                    
  sb_inj(1)(0).lpi#2                                                                  1         Y           Y      sb_inj(1)(0).lpi#2                                                                       
                                                                                                                   sb_inj(1)(0).sva                                                                         
                                                                                                                   sb_inj(1)(0).sva#1                                                                       
                                                                                                                   l_S_t_1_t:mux#295.itm                                                                    
  sb_inj(2)(0).lpi#2                                                                  1         Y           Y      sb_inj(2)(0).lpi#2                                                                       
                                                                                                                   sb_inj(2)(0).sva                                                                         
                                                                                                                   sb_inj(2)(0).sva#1                                                                       
                                                                                                                   l_S_t_1_t:mux#296.itm                                                                    
  sb_inj(3)(0).lpi#2                                                                  1         Y           Y      sb_inj(3)(0).lpi#2                                                                       
                                                                                                                   sb_inj(3)(0).sva                                                                         
                                                                                                                   sb_inj(3)(0).sva#1                                                                       
                                                                                                                   l_S_t_1_t:mux#297.itm                                                                    
  sb_ix(0)(2:0).lpi#2(2)                                                              1         Y           Y      sb_ix(0)(2:0).lpi#2                                                                      
                                                                                                                   sb_ix(0)(2:0).sva#1                                                                      
                                                                                                                   l_S_t_1_t:mux#310.itm                                                                    
  sb_long(1)(0).lpi#2                                                                 1         Y           Y      sb_long(1)(0).lpi#2                                                                      
                                                                                                                   sb_long(1)(0).sva#1                                                                      
                                                                                                                   l_S_t_1_t:mux#314.itm                                                                    
  sb_long(2)(0).lpi#2                                                                 1         Y           Y      sb_long(2)(0).lpi#2                                                                      
                                                                                                                   sb_long(2)(0).sva#1                                                                      
                                                                                                                   l_S_t_1_t:mux#315.itm                                                                    
  sb_long(3)(0).lpi#2                                                                 1         Y           Y      sb_long(3)(0).lpi#2                                                                      
                                                                                                                   sb_long(3)(0).sva#1                                                                      
                                                                                                                   l_S_t_1_t:mux#316.itm                                                                    
  sb_long(3)(0).sva                                                                   1         Y           Y      sb_long(3)(0).sva                                                                        
  sb_rtr(0)(0).lpi#2                                                                  1         Y           Y      sb_rtr(0)(0).lpi#2                                                                       
                                                                                                                   sb_rtr(0)(0).sva#1                                                                       
                                                                                                                   l_S_t_1_t:mux#290.itm                                                                    
  sb_rtr(0)(0).sva                                                                    1         Y           Y      sb_rtr(0)(0).sva                                                                         
  sb_rtr(1)(0).lpi#2                                                                  1         Y           Y      sb_rtr(1)(0).lpi#2                                                                       
                                                                                                                   sb_rtr(1)(0).sva#1                                                                       
                                                                                                                   l_S_t_1_t:mux#291.itm                                                                    
  sb_rtr(1)(0).sva                                                                    1         Y           Y      sb_rtr(1)(0).sva                                                                         
  sb_rtr(2)(0).lpi#2                                                                  1         Y           Y      sb_rtr(2)(0).lpi#2                                                                       
                                                                                                                   sb_rtr(2)(0).sva#1                                                                       
                                                                                                                   l_S_t_1_t:mux#292.itm                                                                    
  sb_rtr(2)(0).sva                                                                    1         Y           Y      sb_rtr(2)(0).sva                                                                         
  sb_rtr(3)(0).lpi#2                                                                  1         Y           Y      sb_rtr(3)(0).lpi#2                                                                       
                                                                                                                   sb_rtr(3)(0).sva#1                                                                       
                                                                                                                   l_S_t_1_t:mux#293.itm                                                                    
  sb_rtr(3)(0).sva                                                                    1         Y           Y      sb_rtr(3)(0).sva                                                                         
  sb_rvld(0)(0).lpi#2                                                                 1         Y           Y      sb_rvld(0)(0).lpi#2                                                                      
                                                                                                                   sb_rvld(0)(0).sva#1                                                                      
                                                                                                                   l_S_t_1_t:mux#306.itm                                                                    
  sb_rvld(0)(0).sva                                                                   1         Y           Y      sb_rvld(0)(0).sva                                                                        
  sb_rvld(1)(0).lpi#2                                                                 1         Y           Y      sb_rvld(1)(0).lpi#2                                                                      
                                                                                                                   sb_rvld(1)(0).sva                                                                        
                                                                                                                   sb_rvld(1)(0).sva#1                                                                      
                                                                                                                   l_S_t_1_t:mux#307.itm                                                                    
  sb_rvld(2)(0).lpi#2                                                                 1         Y           Y      sb_rvld(2)(0).lpi#2                                                                      
                                                                                                                   sb_rvld(2)(0).sva                                                                        
                                                                                                                   sb_rvld(2)(0).sva#1                                                                      
                                                                                                                   l_S_t_1_t:mux#308.itm                                                                    
  sb_rvld(3)(0).lpi#2                                                                 1         Y           Y      sb_rvld(3)(0).lpi#2                                                                      
                                                                                                                   sb_rvld(3)(0).sva                                                                        
                                                                                                                   sb_rvld(3)(0).sva#1                                                                      
                                                                                                                   l_S_t_1_t:mux#309.itm                                                                    
  sb_v(0)(0).lpi#2                                                                    1         Y           Y      sb_v(0)(0).lpi#2                                                                         
                                                                                                                   sb_v(0)(0).sva#1                                                                         
  sb_v(1)(0).lpi#2                                                                    1         Y           Y      sb_v(1)(0).lpi#2                                                                         
                                                                                                                   sb_v(1)(0).sva#1                                                                         
                                                                                                                   l_S_t_1_t:mux#278.itm                                                                    
  sb_v(1)(0).sva                                                                      1         Y           Y      sb_v(1)(0).sva                                                                           
  sb_v(2)(0).lpi#2                                                                    1         Y           Y      sb_v(2)(0).lpi#2                                                                         
                                                                                                                   sb_v(2)(0).sva#1                                                                         
                                                                                                                   l_S_t_1_t:mux#279.itm                                                                    
  sb_v(2)(0).sva                                                                      1         Y           Y      sb_v(2)(0).sva                                                                           
  sb_v(3)(0).lpi#2                                                                    1         Y           Y      sb_v(3)(0).lpi#2                                                                         
                                                                                                                   sb_v(3)(0).sva#1                                                                         
                                                                                                                   l_S_t_1_t:mux#280.itm                                                                    
  sb_v(3)(0).sva                                                                      1         Y           Y      sb_v(3)(0).sva                                                                           
  txp_d.d(0).sva(15)                                                                  1         Y           Y      txp_d.d(0).sva                                                                           
                                                                                                                   txp_d.d(0).sva.dfm#3                                                                     
                                                                                                                   l_S_t_1_t:mux#426.itm                                                                    
  txp_d.d(0).sva(9)                                                                   1         Y           Y      txp_d.d(0).sva                                                                           
                                                                                                                   txp_d.d(0).sva.dfm#3                                                                     
                                                                                                                   l_S_t_1_t:mux#426.itm                                                                    
  txp_d.d(1).sva(15)                                                                  1         Y           Y      txp_d.d(1).sva                                                                           
                                                                                                                   txp_d.d(1).sva.dfm#3                                                                     
                                                                                                                   l_S_t_1_t:mux#427.itm                                                                    
  txp_d.d(1).sva(9)                                                                   1         Y           Y      txp_d.d(1).sva                                                                           
                                                                                                                   txp_d.d(1).sva.dfm#3                                                                     
                                                                                                                   l_S_t_1_t:mux#427.itm                                                                    
  txp_d.d(2).sva(15)                                                                  1         Y           Y      txp_d.d(2).sva                                                                           
                                                                                                                   txp_d.d(2).sva.dfm#3                                                                     
                                                                                                                   l_S_t_1_t:mux#428.itm                                                                    
  txp_d.d(2).sva(9)                                                                   1         Y           Y      txp_d.d(2).sva                                                                           
                                                                                                                   txp_d.d(2).sva.dfm#3                                                                     
                                                                                                                   l_S_t_1_t:mux#428.itm                                                                    
  txp_d.d(3).sva(15)                                                                  1         Y           Y      txp_d.d(3).sva                                                                           
                                                                                                                   txp_d.d(3).sva.dfm#3                                                                     
                                                                                                                   l_S_t_1_t:mux#429.itm                                                                    
  txp_d.d(3).sva(9)                                                                   1         Y           Y      txp_d.d(3).sva                                                                           
                                                                                                                   txp_d.d(3).sva.dfm#3                                                                     
                                                                                                                   l_S_t_1_t:mux#429.itm                                                                    
  txp_v(0)(0).sva                                                                     1         Y           Y      txp_v(0)(0).sva                                                                          
                                                                                                                   txp_v(0)(0).sva.dfm#3                                                                    
                                                                                                                   l_S_t_1_t:mux#456.itm                                                                    
  txp_v(1)(0).sva                                                                     1         Y           Y      txp_v(1)(0).sva                                                                          
                                                                                                                   txp_v(1)(0).sva.dfm#3                                                                    
                                                                                                                   l_S_t_1_t:mux#457.itm                                                                    
  txp_v(2)(0).sva                                                                     1         Y           Y      txp_v(2)(0).sva                                                                          
                                                                                                                   txp_v(2)(0).sva.dfm#3                                                                    
                                                                                                                   l_S_t_1_t:mux#458.itm                                                                    
  txp_v(3)(0).sva                                                                     1         Y           Y      txp_v(3)(0).sva                                                                          
                                                                                                                   txp_v(3)(0).sva.dfm#3                                                                    
                                                                                                                   l_S_t_1_t:mux#459.itm                                                                    
  v0_req.Push():mioi.bcwt                                                             1                            v0_req.Push():mioi.bcwt                                                                  
  v0_rsp.Pop():mioi.bcwt                                                              1                            v0_rsp.Pop():mioi.bcwt                                                                   
  v1.Push():mioi.bcwt                                                                 1                            v1.Push():mioi.bcwt                                                                      
  v1.Push():mioi.idat(15)                                                             1         Y           Y      v1.Push():mioi.idat(15)                                                                  
  v1.Push():mioi.idat(20)                                                             1         Y           Y      v1.Push():mioi.idat(20)                                                                  
  v1.Push():mioi.idat(25)                                                             1         Y           Y      v1.Push():mioi.idat(25)                                                                  
  v1.Push():mioi.idat(8)                                                              1         Y           Y      v1.Push():mioi.idat(8)                                                                   
  v1.Push():mioi.idat(9)                                                              1         Y           Y      v1.Push():mioi.idat(9)                                                                   
  v10.Push():mioi.bcwt                                                                1                            v10.Push():mioi.bcwt                                                                     
  v10.Push():mioi.idat(0)                                                             1         Y           Y      v10.Push():mioi.idat(0)                                                                  
  v11.Push():mioi.bcwt                                                                1                            v11.Push():mioi.bcwt                                                                     
  v11.Push():mioi.idat(0)                                                             1         Y           Y      v11.Push():mioi.idat(0)                                                                  
  v1108_req.Push():mioi.bcwt                                                          1                            v1108_req.Push():mioi.bcwt                                                               
  v1108_rsp.Pop():mioi.bcwt                                                           1                            v1108_rsp.Pop():mioi.bcwt                                                                
  v1109_req.Push():mioi.bcwt                                                          1                            v1109_req.Push():mioi.bcwt                                                               
  v1109_rsp.Pop():mioi.bcwt                                                           1                            v1109_rsp.Pop():mioi.bcwt                                                                
  v1110_req.Push():mioi.bcwt                                                          1                            v1110_req.Push():mioi.bcwt                                                               
  v1110_rsp.Pop():mioi.bcwt                                                           1                            v1110_rsp.Pop():mioi.bcwt                                                                
  v1111.Push():mioi.idat(0)                                                           1         Y           Y      v1111.Push():mioi.idat(0)                                                                
  v1165_req.Push():mioi.bcwt                                                          1                            v1165_req.Push():mioi.bcwt                                                               
  v1165_rsp.Pop():mioi.bcwt                                                           1                            v1165_rsp.Pop():mioi.bcwt                                                                
  v1166_req.Push():mioi.bcwt                                                          1                            v1166_req.Push():mioi.bcwt                                                               
  v1166_rsp.Pop():mioi.bcwt                                                           1                            v1166_rsp.Pop():mioi.bcwt                                                                
  v1167_req.Push():mioi.bcwt                                                          1                            v1167_req.Push():mioi.bcwt                                                               
  v1167_rsp.Pop():mioi.bcwt                                                           1                            v1167_rsp.Pop():mioi.bcwt                                                                
  v1168.Push():mioi.idat(0)                                                           1         Y           Y      v1168.Push():mioi.idat(0)                                                                
  v12.Push():mioi.bcwt                                                                1                            v12.Push():mioi.bcwt                                                                     
  v12.Push():mioi.idat(0)                                                             1         Y           Y      v12.Push():mioi.idat(0)                                                                  
  v1222_req.Push():mioi.bcwt                                                          1                            v1222_req.Push():mioi.bcwt                                                               
  v1222_rsp.Pop():mioi.bcwt                                                           1                            v1222_rsp.Pop():mioi.bcwt                                                                
  v1223_req.Push():mioi.bcwt                                                          1                            v1223_req.Push():mioi.bcwt                                                               
  v1223_rsp.Pop():mioi.bcwt                                                           1                            v1223_rsp.Pop():mioi.bcwt                                                                
  v1224_req.Push():mioi.bcwt                                                          1                            v1224_req.Push():mioi.bcwt                                                               
  v1224_rsp.Pop():mioi.bcwt                                                           1                            v1224_rsp.Pop():mioi.bcwt                                                                
  v1225.Push():mioi.idat(0)                                                           1         Y           Y      v1225.Push():mioi.idat(0)                                                                
  v1279_req.Push():mioi.bcwt                                                          1                            v1279_req.Push():mioi.bcwt                                                               
  v1279_rsp.Pop():mioi.bcwt                                                           1                            v1279_rsp.Pop():mioi.bcwt                                                                
  v1280_req.Push():mioi.bcwt                                                          1                            v1280_req.Push():mioi.bcwt                                                               
  v1280_rsp.Pop():mioi.bcwt                                                           1                            v1280_rsp.Pop():mioi.bcwt                                                                
  v1281_req.Push():mioi.bcwt                                                          1                            v1281_req.Push():mioi.bcwt                                                               
  v1281_rsp.Pop():mioi.bcwt                                                           1                            v1281_rsp.Pop():mioi.bcwt                                                                
  v1282.Push():mioi.idat(0)                                                           1         Y           Y      v1282.Push():mioi.idat(0)                                                                
  v13.Push():mioi.bcwt                                                                1                            v13.Push():mioi.bcwt                                                                     
  v13.Push():mioi.idat(0)                                                             1         Y           Y      v13.Push():mioi.idat(0)                                                                  
  v1336_req.Push():mioi.bcwt                                                          1                            v1336_req.Push():mioi.bcwt                                                               
  v1337_req.Push():mioi.bcwt                                                          1                            v1337_req.Push():mioi.bcwt                                                               
  v1337_rsp.Pop():mioi.bcwt                                                           1                            v1337_rsp.Pop():mioi.bcwt                                                                
  v1338.Push():mioi.bcwt                                                              1                            v1338.Push():mioi.bcwt                                                                   
  v1338.Push():mioi.idat(0)                                                           1         Y           Y      v1338.Push():mioi.idat(0)                                                                
  v1338.Push():mioi.idat(1)                                                           1         Y           Y      v1338.Push():mioi.idat(1)                                                                
  v1371_req.Push():mioi.bcwt                                                          1                            v1371_req.Push():mioi.bcwt                                                               
  v1372_req.Push():mioi.bcwt                                                          1                            v1372_req.Push():mioi.bcwt                                                               
  v1372_rsp.Pop():mioi.bcwt                                                           1                            v1372_rsp.Pop():mioi.bcwt                                                                
  v1373.Push():mioi.bcwt                                                              1                            v1373.Push():mioi.bcwt                                                                   
  v1373.Push():mioi.idat(0)                                                           1         Y           Y      v1373.Push():mioi.idat(0)                                                                
  v1373.Push():mioi.idat(1)                                                           1         Y           Y      v1373.Push():mioi.idat(1)                                                                
  v14.Push():mioi.bcwt                                                                1                            v14.Push():mioi.bcwt                                                                     
  v14.Push():mioi.idat(0)                                                             1         Y           Y      v14.Push():mioi.idat(0)                                                                  
  v1406_req.Push():mioi.bcwt                                                          1                            v1406_req.Push():mioi.bcwt                                                               
  v1407_req.Push():mioi.bcwt                                                          1                            v1407_req.Push():mioi.bcwt                                                               
  v1407_rsp.Pop():mioi.bcwt                                                           1                            v1407_rsp.Pop():mioi.bcwt                                                                
  v1408.Push():mioi.bcwt                                                              1                            v1408.Push():mioi.bcwt                                                                   
  v1408.Push():mioi.idat(0)                                                           1         Y           Y      v1408.Push():mioi.idat(0)                                                                
  v1408.Push():mioi.idat(1)                                                           1         Y           Y      v1408.Push():mioi.idat(1)                                                                
  v1441_req.Push():mioi.bcwt                                                          1                            v1441_req.Push():mioi.bcwt                                                               
  v1442_req.Push():mioi.bcwt                                                          1                            v1442_req.Push():mioi.bcwt                                                               
  v1442_rsp.Pop():mioi.bcwt                                                           1                            v1442_rsp.Pop():mioi.bcwt                                                                
  v1443.Push():mioi.bcwt                                                              1                            v1443.Push():mioi.bcwt                                                                   
  v1443.Push():mioi.idat(0)                                                           1         Y           Y      v1443.Push():mioi.idat(0)                                                                
  v1443.Push():mioi.idat(1)                                                           1         Y           Y      v1443.Push():mioi.idat(1)                                                                
  v1476_req.Push():mioi.bcwt                                                          1                            v1476_req.Push():mioi.bcwt                                                               
  v1476_rsp.Pop():mioi.bcwt                                                           1                            v1476_rsp.Pop():mioi.bcwt                                                                
  v1477_req.Push():mioi.bcwt                                                          1                            v1477_req.Push():mioi.bcwt                                                               
  v1477_rsp.Pop():mioi.bcwt                                                           1                            v1477_rsp.Pop():mioi.bcwt                                                                
  v1478.Push():mioi.idat(25)                                                          1         Y           Y      v1478.Push():mioi.idat(25)                                                               
  v15.Push():mioi.bcwt                                                                1                            v15.Push():mioi.bcwt                                                                     
  v15.Push():mioi.idat(0)                                                             1         Y           Y      v15.Push():mioi.idat(0)                                                                  
  v1528_req.Push():mioi.bcwt                                                          1                            v1528_req.Push():mioi.bcwt                                                               
  v1528_rsp.Pop():mioi.bcwt                                                           1                            v1528_rsp.Pop():mioi.bcwt                                                                
  v1529_req.Push():mioi.bcwt                                                          1                            v1529_req.Push():mioi.bcwt                                                               
  v1529_rsp.Pop():mioi.bcwt                                                           1                            v1529_rsp.Pop():mioi.bcwt                                                                
  v1530.Push():mioi.idat(25)                                                          1         Y           Y      v1530.Push():mioi.idat(25)                                                               
  v1580_req.Push():mioi.bcwt                                                          1                            v1580_req.Push():mioi.bcwt                                                               
  v1580_rsp.Pop():mioi.bcwt                                                           1                            v1580_rsp.Pop():mioi.bcwt                                                                
  v1581_req.Push():mioi.bcwt                                                          1                            v1581_req.Push():mioi.bcwt                                                               
  v1581_rsp.Pop():mioi.bcwt                                                           1                            v1581_rsp.Pop():mioi.bcwt                                                                
  v1582.Push():mioi.idat(25)                                                          1         Y           Y      v1582.Push():mioi.idat(25)                                                               
  v16.Push():mioi.bcwt                                                                1                            v16.Push():mioi.bcwt                                                                     
  v16.Push():mioi.idat(0)                                                             1         Y           Y      v16.Push():mioi.idat(0)                                                                  
  v1632_req.Push():mioi.bcwt                                                          1                            v1632_req.Push():mioi.bcwt                                                               
  v1632_rsp.Pop():mioi.bcwt                                                           1                            v1632_rsp.Pop():mioi.bcwt                                                                
  v1633_req.Push():mioi.bcwt                                                          1                            v1633_req.Push():mioi.bcwt                                                               
  v1633_rsp.Pop():mioi.bcwt                                                           1                            v1633_rsp.Pop():mioi.bcwt                                                                
  v1634.Push():mioi.idat(25)                                                          1         Y           Y      v1634.Push():mioi.idat(25)                                                               
  v1684_req.Push():mioi.bcwt                                                          1                            v1684_req.Push():mioi.bcwt                                                               
  v1684_req.Push():mioi.idat(35)                                                      1         Y           Y      v1684_req.Push():mioi.idat(35)                                                           
  v1685_req.Push():mioi.bcwt                                                          1                            v1685_req.Push():mioi.bcwt                                                               
  v1685_rsp.Pop():mioi.bcwt                                                           1                            v1685_rsp.Pop():mioi.bcwt                                                                
  v1686.Push():mioi.bcwt                                                              1                            v1686.Push():mioi.bcwt                                                                   
  v1686.Push():mioi.idat(0)                                                           1         Y           Y      v1686.Push():mioi.idat(0)                                                                
  v1686.Push():mioi.idat(1)                                                           1         Y           Y      v1686.Push():mioi.idat(1)                                                                
  v17.Pop():mioi.bcwt                                                                 1                            v17.Pop():mioi.bcwt                                                                      
  v1719_req.Push():mioi.bcwt                                                          1                            v1719_req.Push():mioi.bcwt                                                               
  v1719_req.Push():mioi.idat(35)                                                      1         Y           Y      v1719_req.Push():mioi.idat(35)                                                           
  v1720_req.Push():mioi.bcwt                                                          1                            v1720_req.Push():mioi.bcwt                                                               
  v1720_rsp.Pop():mioi.bcwt                                                           1                            v1720_rsp.Pop():mioi.bcwt                                                                
  v1721.Push():mioi.bcwt                                                              1                            v1721.Push():mioi.bcwt                                                                   
  v1721.Push():mioi.idat(0)                                                           1         Y           Y      v1721.Push():mioi.idat(0)                                                                
  v1721.Push():mioi.idat(1)                                                           1         Y           Y      v1721.Push():mioi.idat(1)                                                                
  v1754_req.Push():mioi.bcwt                                                          1                            v1754_req.Push():mioi.bcwt                                                               
  v1754_req.Push():mioi.idat(35)                                                      1         Y           Y      v1754_req.Push():mioi.idat(35)                                                           
  v1755_req.Push():mioi.bcwt                                                          1                            v1755_req.Push():mioi.bcwt                                                               
  v1755_rsp.Pop():mioi.bcwt                                                           1                            v1755_rsp.Pop():mioi.bcwt                                                                
  v1756.Push():mioi.bcwt                                                              1                            v1756.Push():mioi.bcwt                                                                   
  v1756.Push():mioi.idat(0)                                                           1         Y           Y      v1756.Push():mioi.idat(0)                                                                
  v1756.Push():mioi.idat(1)                                                           1         Y           Y      v1756.Push():mioi.idat(1)                                                                
  v1789_req.Push():mioi.bcwt                                                          1                            v1789_req.Push():mioi.bcwt                                                               
  v1789_req.Push():mioi.idat(35)                                                      1         Y           Y      v1789_req.Push():mioi.idat(35)                                                           
  v1790_req.Push():mioi.bcwt                                                          1                            v1790_req.Push():mioi.bcwt                                                               
  v1790_rsp.Pop():mioi.bcwt                                                           1                            v1790_rsp.Pop():mioi.bcwt                                                                
  v1791.Push():mioi.bcwt                                                              1                            v1791.Push():mioi.bcwt                                                                   
  v1791.Push():mioi.idat(0)                                                           1         Y           Y      v1791.Push():mioi.idat(0)                                                                
  v1791.Push():mioi.idat(1)                                                           1         Y           Y      v1791.Push():mioi.idat(1)                                                                
  v18.Pop():mioi.bcwt                                                                 1                            v18.Pop():mioi.bcwt                                                                      
  v19.Pop():mioi.bcwt                                                                 1                            v19.Pop():mioi.bcwt                                                                      
  v2.Push():mioi.bcwt                                                                 1                            v2.Push():mioi.bcwt                                                                      
  v2.Push():mioi.idat(15)                                                             1         Y           Y      v2.Push():mioi.idat(15)                                                                  
  v2.Push():mioi.idat(20)                                                             1         Y           Y      v2.Push():mioi.idat(20)                                                                  
  v2.Push():mioi.idat(25)                                                             1         Y           Y      v2.Push():mioi.idat(25)                                                                  
  v2.Push():mioi.idat(8)                                                              1         Y           Y      v2.Push():mioi.idat(8)                                                                   
  v2.Push():mioi.idat(9)                                                              1         Y           Y      v2.Push():mioi.idat(9)                                                                   
  v20.Pop():mioi.bcwt                                                                 1                            v20.Pop():mioi.bcwt                                                                      
  v21.Pop():mioi.bcwt                                                                 1                            v21.Pop():mioi.bcwt                                                                      
  v22.Pop():mioi.bcwt                                                                 1                            v22.Pop():mioi.bcwt                                                                      
  v23.Pop():mioi.bcwt                                                                 1                            v23.Pop():mioi.bcwt                                                                      
  v24.Pop():mioi.bcwt                                                                 1                            v24.Pop():mioi.bcwt                                                                      
  v25.Pop():mioi.bcwt                                                                 1                            v25.Pop():mioi.bcwt                                                                      
  v26.Pop():mioi.bcwt                                                                 1                            v26.Pop():mioi.bcwt                                                                      
  v27.Pop():mioi.bcwt                                                                 1                            v27.Pop():mioi.bcwt                                                                      
  v28.Pop():mioi.bcwt                                                                 1                            v28.Pop():mioi.bcwt                                                                      
  v29.Pop():mioi.bcwt                                                                 1                            v29.Pop():mioi.bcwt                                                                      
  v3.Push():mioi.bcwt                                                                 1                            v3.Push():mioi.bcwt                                                                      
  v3.Push():mioi.idat(15)                                                             1         Y           Y      v3.Push():mioi.idat(15)                                                                  
  v3.Push():mioi.idat(20)                                                             1         Y           Y      v3.Push():mioi.idat(20)                                                                  
  v3.Push():mioi.idat(25)                                                             1         Y           Y      v3.Push():mioi.idat(25)                                                                  
  v3.Push():mioi.idat(8)                                                              1         Y           Y      v3.Push():mioi.idat(8)                                                                   
  v3.Push():mioi.idat(9)                                                              1         Y           Y      v3.Push():mioi.idat(9)                                                                   
  v30.Pop():mioi.bcwt                                                                 1                            v30.Pop():mioi.bcwt                                                                      
  v31.Pop():mioi.bcwt                                                                 1                            v31.Pop():mioi.bcwt                                                                      
  v32.Pop():mioi.bcwt                                                                 1                            v32.Pop():mioi.bcwt                                                                      
  v4.Push():mioi.bcwt                                                                 1                            v4.Push():mioi.bcwt                                                                      
  v4.Push():mioi.idat(15)                                                             1         Y           Y      v4.Push():mioi.idat(15)                                                                  
  v4.Push():mioi.idat(20)                                                             1         Y           Y      v4.Push():mioi.idat(20)                                                                  
  v4.Push():mioi.idat(25)                                                             1         Y           Y      v4.Push():mioi.idat(25)                                                                  
  v4.Push():mioi.idat(8)                                                              1         Y           Y      v4.Push():mioi.idat(8)                                                                   
  v4.Push():mioi.idat(9)                                                              1         Y           Y      v4.Push():mioi.idat(9)                                                                   
  v5.Push():mioi.bcwt                                                                 1                            v5.Push():mioi.bcwt                                                                      
  v5.Push():mioi.idat(0)                                                              1         Y           Y      v5.Push():mioi.idat(0)                                                                   
  v5.Push():mioi.idat(10)                                                             1         Y           Y      v5.Push():mioi.idat(10)                                                                  
  v5.Push():mioi.idat(16)                                                             1         Y           Y      v5.Push():mioi.idat(16)                                                                  
  v6.Push():mioi.bcwt                                                                 1                            v6.Push():mioi.bcwt                                                                      
  v6.Push():mioi.idat(0)                                                              1         Y           Y      v6.Push():mioi.idat(0)                                                                   
  v6.Push():mioi.idat(10)                                                             1         Y           Y      v6.Push():mioi.idat(10)                                                                  
  v6.Push():mioi.idat(16)                                                             1         Y           Y      v6.Push():mioi.idat(16)                                                                  
  v7.Push():mioi.bcwt                                                                 1                            v7.Push():mioi.bcwt                                                                      
  v7.Push():mioi.idat(0)                                                              1         Y           Y      v7.Push():mioi.idat(0)                                                                   
  v7.Push():mioi.idat(10)                                                             1         Y           Y      v7.Push():mioi.idat(10)                                                                  
  v7.Push():mioi.idat(16)                                                             1         Y           Y      v7.Push():mioi.idat(16)                                                                  
  v8.Push():mioi.bcwt                                                                 1                            v8.Push():mioi.bcwt                                                                      
  v8.Push():mioi.idat(0)                                                              1         Y           Y      v8.Push():mioi.idat(0)                                                                   
  v8.Push():mioi.idat(10)                                                             1         Y           Y      v8.Push():mioi.idat(10)                                                                  
  v8.Push():mioi.idat(16)                                                             1         Y           Y      v8.Push():mioi.idat(16)                                                                  
  v9.Push():mioi.bcwt                                                                 1                            v9.Push():mioi.bcwt                                                                      
  v9.Push():mioi.idat(0)                                                              1         Y           Y      v9.Push():mioi.idat(0)                                                                   
  while:if#1:slc(while:if#1:acc)(29).svs                                              1                            while:if#1:slc(while:if#1:acc)(29).svs                                                   
  while:if#1:slc(while:if#1:acc)(29).svs                                              1                            while:if#1:slc(while:if#1:acc)(29).svs                                                   
  while:if#1:slc(while:if#1:acc)(29).svs                                              1                            while:if#1:slc(while:if#1:acc)(29).svs                                                   
  while:r.sva(0)                                                                      1         Y                  while:r.sva(0)                                                                           
  while:r.sva(0)                                                                      1         Y                  while:r.sva(0)                                                                           
  while:slc()(32).svs                                                                 1                            while:slc()(32).svs                                                                      
  while:slc()(32).svs                                                                 1                            while:slc()(32).svs                                                                      
  while:slc()(32).svs                                                                 1                            while:slc()(32).svs                                                                      
                                                                                                                                                                                                            
  Total:                                                                           7076           6954        6828 (Total Gating Ratio: 0.98, CG Opt Gating Ratio: 0.96)                                    
  
Timing Report
  Critical Path
    Max Delay:  2.0977979999999996
    Slack:      -0.09779799999999961
    
    Path                                                                                                                         Startpoint                                                Endpoint                                                                Delay  Slack                        
    ---------------------------------------------------------------------------------------------------------------------------- --------------------------------------------------------- ----------------------------------------------------------------------- ------ ------- --------------------
    1                                                                                                                            u0/node_0_0:run:inst/reg(l_S_t_1_t:instr(15:0).lpi#1.dfm) u0/node_0_0:run:inst/reg(return.add_generic<AC_RND_CONV,false>#1:mux#7) 2.0978 -0.0978                      
                                                                                                                                                                                                                                                                                                       
      Instance                                                                                                                   Component                                                                                                                         Delta  Delay   [MIN, MAX]           
      --------                                                                                                                   ---------                                                                                                                         -----  -----   ------------------   
      u0/node_0_0:run:inst/reg(l_S_t_1_t:instr(15:0).lpi#1.dfm)                                                                  mgc_reg_pos_16_1_0_0_0_1_1_1                                                                                                      0.1220 0.1220                       
      u0/node_0_0:run:inst/l_S_t_1_t:instr(15:0).lpi#1.dfm                                                                                                                                                                                                         0.0000 0.1220                       
      u0/node_0_0:run:inst/l_S_t_1_t:instr:slc(l_S_t_1_t:instr(15:0).lpi#1.dfm)(8)#50                                                                                                                                                                              0.0000 0.1220                       
      u0/node_0_0:run:inst/l_S_t_1_t:instr:slc(l_S_t_1_t:instr(15:0).lpi#1.dfm)(8)#50.itm                                                                                                                                                                          0.0000 0.1220                       
      u0/node_0_0:run:inst/l_S_t_1_t:not                                                                                         mgc_not_1_1                                                                                                                       0.0390 0.1610                       
      u0/node_0_0:run:inst/l_S_t_1_t:not.itm                                                                                                                                                                                                                       0.0000 0.1610                       
      u0/node_0_0:run:inst/l_S_t_1_t:l_S_t_1_t:nor#12                                                                            mgc_nor_1_4_1                                                                                                                     0.0925 0.2535                       
      u0/node_0_0:run:inst/l_S_t_1_t:l_S_t_1_t:nor#12.ssc                                                                                                                                                                                                          0.0000 0.2535                       
      u0/node_0_0:run:inst/l_S_t_1_t:l_S_t_1_t:mux1h#20                                                                          mgc_mux1hot_3_13_1                                                                                                                0.1106 0.3640                       
      u0/node_0_0:run:inst/l_S_t_1_t:l_S_t_1_t:mux1h.tmp(12:10)                                                                                                                                                                                                    0.0000 0.3640                       
      u0/node_0_0:run:inst/l_S_t_1_t:slc(l_S_t_1_t:l_S_t_1_t:mux1h.tmp(12:10))(2)                                                                                                                                                                                  0.0000 0.3640                       
      u0/node_0_0:run:inst/l_S_t_1_t:slc(l_S_t_1_t:l_S_t_1_t:mux1h.tmp(12:10))(2).itm                                                                                                                                                                              0.0000 0.3640                       
      u0/node_0_0:run:inst/return.extract#4:return.extract#4:return.extract#4:or                                                 mgc_or_1_5_2                                                                                                                      0.0900 0.4541                       
      u0/node_0_0:run:inst/return.extract#4:return.extract#4:return.extract#4:or.tmp                                                                                                                                                                               0.0000 0.4541                       
      u0/node_0_0:run:inst/return.mult_generic<AC_RND_CONV,false>:if#2:mux#3                                                     mgc_mux_9_1_2_4                                                                                                                   0.1169 0.5710                       
      u0/node_0_0:run:inst/return.mult_generic<AC_RND_CONV,false>:if#2:mux#3.itm                                                                                                                                                                                   0.0000 0.5710                       
      u0/node_0_0:run:inst/return.mult_generic<AC_RND_CONV,false>:if#2:conc#1                                                                                                                                                                                      0.0000 0.5710  [0.531942, 0.571000] 
      u0/node_0_0:run:inst/return.mult_generic<AC_RND_CONV,false>:if#2:conc#1.itm                                                                                                                                                                                  0.0000 0.5710  [0.531942, 0.571000] 
      u0/node_0_0:run:inst/leading_sign_11_0.rg                                                                                  leading_sign_11_0(mantissa=>rtn)                                                                                                  0.3823 0.9533                       
      u0/node_0_0:run:inst/leading_sign_11_0_out#1                                                                                                                                                                                                                 0.0000 0.9533                       
      u0/node_0_0:run:inst/operator-<4,false>#2:not                                                                              mgc_not_4_1                                                                                                                       0.0390 0.9923                       
      u0/node_0_0:run:inst/operator-<4,false>#2:not.itm                                                                                                                                                                                                            0.0000 0.9923                       
      u0/node_0_0:run:inst/operator-<4,false>#2:conc#4                                                                                                                                                                                                             0.0000 0.9923  [0.000000, 0.992347] 
      u0/node_0_0:run:inst/operator-<4,false>#2:conc#4.itm                                                                                                                                                                                                         0.0000 0.9923  [0.000000, 0.992347] 
      u0/node_0_0:run:inst/operator-<4,false>#2:acc                                                                              mgc_addc_7_0_5_1_7_1                                                                                                              0.2084 1.2008  [1.068999, 1.200778] 
      u0/node_0_0:run:inst/operator-<4,false>#2:acc.psp.sva#1                                                                                                                                                                                                      0.0000 1.2008  [1.068999, 1.200778] 
      u0/node_0_0:run:inst/operator-<4,false>#2:slc(operator-<4,false>#2:acc.psp.sva#1)(6)#1                                                                                                                                                                       0.0000 1.2008                       
      u0/node_0_0:run:inst/operator-<4,false>#2:slc(operator-<4,false>#2:acc.psp.sva#1)(6)#1.itm                                                                                                                                                                   0.0000 1.2008                       
      u0/node_0_0:run:inst/return.mult_generic<AC_RND_CONV,false>:if#2:mux#2                                                     mgc_mux_4_1_2_4                                                                                                                   0.0869 1.2876                       
      u0/node_0_0:run:inst/return.mult_generic<AC_RND_CONV,false>:if#2:mux#2.itm                                                                                                                                                                                   0.0000 1.2876                       
      u0/node_0_0:run:inst/return.mult_generic<AC_RND_CONV,false>:if#3:lshift.rg                                                 mgc_shift_l_v5_22_0_4_22_1                                                                                                        0.2029 1.4905                       
      u0/node_0_0:run:inst/return.mult_generic<AC_RND_CONV,false>:if#3:lshift.tmp                                                                                                                                                                                  0.0000 1.4905                       
      u0/node_0_0:run:inst/return.mult_generic<AC_RND_CONV,false>:p:slc(return.mult_generic<AC_RND_CONV,false>:p.sva#1)(9)#1                                                                                                                                       0.0000 1.4905                       
      u0/node_0_0:run:inst/return.mult_generic<AC_RND_CONV,false>:p:slc(return.mult_generic<AC_RND_CONV,false>:p.sva#1)(9)#1.itm                                                                                                                                   0.0000 1.4905                       
      u0/node_0_0:run:inst/return.mult_generic<AC_RND_CONV,false>:if#3:or                                                        mgc_or_1_2_2                                                                                                                      0.0622 1.5527                       
      u0/node_0_0:run:inst/return.mult_generic<AC_RND_CONV,false>:if#3:or.itm                                                                                                                                                                                      0.0000 1.5527                       
      u0/node_0_0:run:inst/return.mult_generic<AC_RND_CONV,false>:if#3:and                                                       mgc_and_1_12_1                                                                                                                    0.0979 1.6505                       
      u0/node_0_0:run:inst/return.mult_generic<AC_RND_CONV,false>:if#3:and.itm                                                                                                                                                                                     0.0000 1.6505                       
      u0/node_0_0:run:inst/nor#428                                                                                               mgc_nor_1_2_1                                                                                                                     0.0756 1.7261                       
      u0/node_0_0:run:inst/nor#428.cse                                                                                                                                                                                                                             0.0000 1.7261                       
      u0/node_0_0:run:inst/nor#429                                                                                               mgc_nor_1_2_1                                                                                                                     0.0756 1.8017                       
      u0/node_0_0:run:inst/nor#429.cse                                                                                                                                                                                                                             0.0000 1.8017                       
      u0/node_0_0:run:inst/return.mult_generic<AC_RND_CONV,false>:exp_ovf:and                                                    mgc_and_1_6_1                                                                                                                     0.0767 1.8784                       
      u0/node_0_0:run:inst/return.mult_generic<AC_RND_CONV,false>:exp_ovf:and.itm                                                                                                                                                                                  0.0000 1.8784                       
      u0/node_0_0:run:inst/return.mult_generic<AC_RND_CONV,false>:or#1                                                           mgc_or_1_3_2                                                                                                                      0.0745 1.9529                       
      u0/node_0_0:run:inst/return.mult_generic<AC_RND_CONV,false>:r_inf.sva#1                                                                                                                                                                                      0.0000 1.9529                       
      u0/node_0_0:run:inst/return.mult_generic<AC_RND_CONV,false>:or#3                                                           mgc_or_1_3_2                                                                                                                      0.0745 2.0274                       
      u0/node_0_0:run:inst/return.mult_generic<AC_RND_CONV,false>:or#3.itm                                                                                                                                                                                         0.0000 2.0274                       
      u0/node_0_0:run:inst/return.add_generic<AC_RND_CONV,false>#1:mux1h#3                                                       mgc_mux1hot_1_4_1                                                                                                                 0.0704 2.0978                       
      u0/node_0_0:run:inst/return.add_generic<AC_RND_CONV,false>#1:mux1h#3.itm                                                                                                                                                                                     0.0000 2.0978                       
      u0/node_0_0:run:inst/reg(return.add_generic<AC_RND_CONV,false>#1:mux#7)                                                    mgc_reg_pos_1_1_0_0_0_1_1_1                                                                                                       0.0000 2.0978                       
                                                                                                                                                                                                                                                                                                       
    2                                                                                                                            u0/node_0_0:run:inst/reg(l_S_t_1_t:instr(15:0).lpi#1.dfm) u0/node_0_0:run:inst/reg(return.add_generic<AC_RND_CONV,false>#1:mux#7) 2.0978 -0.0978                      
                                                                                                                                                                                                                                                                                                       
      Instance                                                                                                                   Component                                                                                                                         Delta  Delay   [MIN, MAX]           
      --------                                                                                                                   ---------                                                                                                                         -----  -----   ------------------   
      u0/node_0_0:run:inst/reg(l_S_t_1_t:instr(15:0).lpi#1.dfm)                                                                  mgc_reg_pos_16_1_0_0_0_1_1_1                                                                                                      0.1220 0.1220                       
      u0/node_0_0:run:inst/l_S_t_1_t:instr(15:0).lpi#1.dfm                                                                                                                                                                                                         0.0000 0.1220                       
      u0/node_0_0:run:inst/l_S_t_1_t:instr:slc(l_S_t_1_t:instr(15:0).lpi#1.dfm)(8)#50                                                                                                                                                                              0.0000 0.1220                       
      u0/node_0_0:run:inst/l_S_t_1_t:instr:slc(l_S_t_1_t:instr(15:0).lpi#1.dfm)(8)#50.itm                                                                                                                                                                          0.0000 0.1220                       
      u0/node_0_0:run:inst/l_S_t_1_t:not                                                                                         mgc_not_1_1                                                                                                                       0.0390 0.1610                       
      u0/node_0_0:run:inst/l_S_t_1_t:not.itm                                                                                                                                                                                                                       0.0000 0.1610                       
      u0/node_0_0:run:inst/l_S_t_1_t:l_S_t_1_t:nor#12                                                                            mgc_nor_1_4_1                                                                                                                     0.0925 0.2535                       
      u0/node_0_0:run:inst/l_S_t_1_t:l_S_t_1_t:nor#12.ssc                                                                                                                                                                                                          0.0000 0.2535                       
      u0/node_0_0:run:inst/l_S_t_1_t:l_S_t_1_t:mux1h#20                                                                          mgc_mux1hot_3_13_1                                                                                                                0.1106 0.3640                       
      u0/node_0_0:run:inst/l_S_t_1_t:l_S_t_1_t:mux1h.tmp(12:10)                                                                                                                                                                                                    0.0000 0.3640                       
      u0/node_0_0:run:inst/l_S_t_1_t:slc(l_S_t_1_t:l_S_t_1_t:mux1h.tmp(12:10))(1)                                                                                                                                                                                  0.0000 0.3640                       
      u0/node_0_0:run:inst/l_S_t_1_t:slc(l_S_t_1_t:l_S_t_1_t:mux1h.tmp(12:10))(1).itm                                                                                                                                                                              0.0000 0.3640                       
      u0/node_0_0:run:inst/return.extract#4:return.extract#4:return.extract#4:or                                                 mgc_or_1_5_2                                                                                                                      0.0900 0.4541                       
      u0/node_0_0:run:inst/return.extract#4:return.extract#4:return.extract#4:or.tmp                                                                                                                                                                               0.0000 0.4541                       
      u0/node_0_0:run:inst/return.mult_generic<AC_RND_CONV,false>:if#2:mux#3                                                     mgc_mux_9_1_2_4                                                                                                                   0.1169 0.5710                       
      u0/node_0_0:run:inst/return.mult_generic<AC_RND_CONV,false>:if#2:mux#3.itm                                                                                                                                                                                   0.0000 0.5710                       
      u0/node_0_0:run:inst/return.mult_generic<AC_RND_CONV,false>:if#2:conc#1                                                                                                                                                                                      0.0000 0.5710  [0.531942, 0.571000] 
      u0/node_0_0:run:inst/return.mult_generic<AC_RND_CONV,false>:if#2:conc#1.itm                                                                                                                                                                                  0.0000 0.5710  [0.531942, 0.571000] 
      u0/node_0_0:run:inst/leading_sign_11_0.rg                                                                                  leading_sign_11_0(mantissa=>rtn)                                                                                                  0.3823 0.9533                       
      u0/node_0_0:run:inst/leading_sign_11_0_out#1                                                                                                                                                                                                                 0.0000 0.9533                       
      u0/node_0_0:run:inst/operator-<4,false>#2:not                                                                              mgc_not_4_1                                                                                                                       0.0390 0.9923                       
      u0/node_0_0:run:inst/operator-<4,false>#2:not.itm                                                                                                                                                                                                            0.0000 0.9923                       
      u0/node_0_0:run:inst/operator-<4,false>#2:conc#4                                                                                                                                                                                                             0.0000 0.9923  [0.000000, 0.992347] 
      u0/node_0_0:run:inst/operator-<4,false>#2:conc#4.itm                                                                                                                                                                                                         0.0000 0.9923  [0.000000, 0.992347] 
      u0/node_0_0:run:inst/operator-<4,false>#2:acc                                                                              mgc_addc_7_0_5_1_7_1                                                                                                              0.2084 1.2008  [1.068999, 1.200778] 
      u0/node_0_0:run:inst/operator-<4,false>#2:acc.psp.sva#1                                                                                                                                                                                                      0.0000 1.2008  [1.068999, 1.200778] 
      u0/node_0_0:run:inst/operator-<4,false>#2:slc(operator-<4,false>#2:acc.psp.sva#1)(6)#1                                                                                                                                                                       0.0000 1.2008                       
      u0/node_0_0:run:inst/operator-<4,false>#2:slc(operator-<4,false>#2:acc.psp.sva#1)(6)#1.itm                                                                                                                                                                   0.0000 1.2008                       
      u0/node_0_0:run:inst/return.mult_generic<AC_RND_CONV,false>:if#2:mux#2                                                     mgc_mux_4_1_2_4                                                                                                                   0.0869 1.2876                       
      u0/node_0_0:run:inst/return.mult_generic<AC_RND_CONV,false>:if#2:mux#2.itm                                                                                                                                                                                   0.0000 1.2876                       
      u0/node_0_0:run:inst/return.mult_generic<AC_RND_CONV,false>:if#3:lshift.rg                                                 mgc_shift_l_v5_22_0_4_22_1                                                                                                        0.2029 1.4905                       
      u0/node_0_0:run:inst/return.mult_generic<AC_RND_CONV,false>:if#3:lshift.tmp                                                                                                                                                                                  0.0000 1.4905                       
      u0/node_0_0:run:inst/return.mult_generic<AC_RND_CONV,false>:p:slc(return.mult_generic<AC_RND_CONV,false>:p.sva#1)(9)#1                                                                                                                                       0.0000 1.4905                       
      u0/node_0_0:run:inst/return.mult_generic<AC_RND_CONV,false>:p:slc(return.mult_generic<AC_RND_CONV,false>:p.sva#1)(9)#1.itm                                                                                                                                   0.0000 1.4905                       
      u0/node_0_0:run:inst/return.mult_generic<AC_RND_CONV,false>:if#3:or                                                        mgc_or_1_2_2                                                                                                                      0.0622 1.5527                       
      u0/node_0_0:run:inst/return.mult_generic<AC_RND_CONV,false>:if#3:or.itm                                                                                                                                                                                      0.0000 1.5527                       
      u0/node_0_0:run:inst/return.mult_generic<AC_RND_CONV,false>:if#3:and                                                       mgc_and_1_12_1                                                                                                                    0.0979 1.6505                       
      u0/node_0_0:run:inst/return.mult_generic<AC_RND_CONV,false>:if#3:and.itm                                                                                                                                                                                     0.0000 1.6505                       
      u0/node_0_0:run:inst/nor#428                                                                                               mgc_nor_1_2_1                                                                                                                     0.0756 1.7261                       
      u0/node_0_0:run:inst/nor#428.cse                                                                                                                                                                                                                             0.0000 1.7261                       
      u0/node_0_0:run:inst/nor#429                                                                                               mgc_nor_1_2_1                                                                                                                     0.0756 1.8017                       
      u0/node_0_0:run:inst/nor#429.cse                                                                                                                                                                                                                             0.0000 1.8017                       
      u0/node_0_0:run:inst/return.mult_generic<AC_RND_CONV,false>:exp_ovf:and                                                    mgc_and_1_6_1                                                                                                                     0.0767 1.8784                       
      u0/node_0_0:run:inst/return.mult_generic<AC_RND_CONV,false>:exp_ovf:and.itm                                                                                                                                                                                  0.0000 1.8784                       
      u0/node_0_0:run:inst/return.mult_generic<AC_RND_CONV,false>:or#1                                                           mgc_or_1_3_2                                                                                                                      0.0745 1.9529                       
      u0/node_0_0:run:inst/return.mult_generic<AC_RND_CONV,false>:r_inf.sva#1                                                                                                                                                                                      0.0000 1.9529                       
      u0/node_0_0:run:inst/return.mult_generic<AC_RND_CONV,false>:or#3                                                           mgc_or_1_3_2                                                                                                                      0.0745 2.0274                       
      u0/node_0_0:run:inst/return.mult_generic<AC_RND_CONV,false>:or#3.itm                                                                                                                                                                                         0.0000 2.0274                       
      u0/node_0_0:run:inst/return.add_generic<AC_RND_CONV,false>#1:mux1h#3                                                       mgc_mux1hot_1_4_1                                                                                                                 0.0704 2.0978                       
      u0/node_0_0:run:inst/return.add_generic<AC_RND_CONV,false>#1:mux1h#3.itm                                                                                                                                                                                     0.0000 2.0978                       
      u0/node_0_0:run:inst/reg(return.add_generic<AC_RND_CONV,false>#1:mux#7)                                                    mgc_reg_pos_1_1_0_0_0_1_1_1                                                                                                       0.0000 2.0978                       
                                                                                                                                                                                                                                                                                                       
    3                                                                                                                            u0/node_0_0:run:inst/reg(l_S_t_1_t:instr(15:0).lpi#1.dfm) u0/node_0_0:run:inst/reg(return.add_generic<AC_RND_CONV,false>#1:mux#7) 2.0978 -0.0978                      
                                                                                                                                                                                                                                                                                                       
      Instance                                                                                                                   Component                                                                                                                         Delta  Delay   [MIN, MAX]           
      --------                                                                                                                   ---------                                                                                                                         -----  -----   ------------------   
      u0/node_0_0:run:inst/reg(l_S_t_1_t:instr(15:0).lpi#1.dfm)                                                                  mgc_reg_pos_16_1_0_0_0_1_1_1                                                                                                      0.1220 0.1220                       
      u0/node_0_0:run:inst/l_S_t_1_t:instr(15:0).lpi#1.dfm                                                                                                                                                                                                         0.0000 0.1220                       
      u0/node_0_0:run:inst/l_S_t_1_t:instr:slc(l_S_t_1_t:instr(15:0).lpi#1.dfm)(8)#50                                                                                                                                                                              0.0000 0.1220                       
      u0/node_0_0:run:inst/l_S_t_1_t:instr:slc(l_S_t_1_t:instr(15:0).lpi#1.dfm)(8)#50.itm                                                                                                                                                                          0.0000 0.1220                       
      u0/node_0_0:run:inst/l_S_t_1_t:not                                                                                         mgc_not_1_1                                                                                                                       0.0390 0.1610                       
      u0/node_0_0:run:inst/l_S_t_1_t:not.itm                                                                                                                                                                                                                       0.0000 0.1610                       
      u0/node_0_0:run:inst/l_S_t_1_t:l_S_t_1_t:nor#12                                                                            mgc_nor_1_4_1                                                                                                                     0.0925 0.2535                       
      u0/node_0_0:run:inst/l_S_t_1_t:l_S_t_1_t:nor#12.ssc                                                                                                                                                                                                          0.0000 0.2535                       
      u0/node_0_0:run:inst/l_S_t_1_t:l_S_t_1_t:mux1h#20                                                                          mgc_mux1hot_3_13_1                                                                                                                0.1106 0.3640                       
      u0/node_0_0:run:inst/l_S_t_1_t:l_S_t_1_t:mux1h.tmp(12:10)                                                                                                                                                                                                    0.0000 0.3640                       
      u0/node_0_0:run:inst/l_S_t_1_t:slc(l_S_t_1_t:l_S_t_1_t:mux1h.tmp(12:10))(0)                                                                                                                                                                                  0.0000 0.3640                       
      u0/node_0_0:run:inst/l_S_t_1_t:slc(l_S_t_1_t:l_S_t_1_t:mux1h.tmp(12:10))(0).itm                                                                                                                                                                              0.0000 0.3640                       
      u0/node_0_0:run:inst/return.extract#4:return.extract#4:return.extract#4:or                                                 mgc_or_1_5_2                                                                                                                      0.0900 0.4541                       
      u0/node_0_0:run:inst/return.extract#4:return.extract#4:return.extract#4:or.tmp                                                                                                                                                                               0.0000 0.4541                       
      u0/node_0_0:run:inst/return.mult_generic<AC_RND_CONV,false>:if#2:mux#3                                                     mgc_mux_9_1_2_4                                                                                                                   0.1169 0.5710                       
      u0/node_0_0:run:inst/return.mult_generic<AC_RND_CONV,false>:if#2:mux#3.itm                                                                                                                                                                                   0.0000 0.5710                       
      u0/node_0_0:run:inst/return.mult_generic<AC_RND_CONV,false>:if#2:conc#1                                                                                                                                                                                      0.0000 0.5710  [0.531942, 0.571000] 
      u0/node_0_0:run:inst/return.mult_generic<AC_RND_CONV,false>:if#2:conc#1.itm                                                                                                                                                                                  0.0000 0.5710  [0.531942, 0.571000] 
      u0/node_0_0:run:inst/leading_sign_11_0.rg                                                                                  leading_sign_11_0(mantissa=>rtn)                                                                                                  0.3823 0.9533                       
      u0/node_0_0:run:inst/leading_sign_11_0_out#1                                                                                                                                                                                                                 0.0000 0.9533                       
      u0/node_0_0:run:inst/operator-<4,false>#2:not                                                                              mgc_not_4_1                                                                                                                       0.0390 0.9923                       
      u0/node_0_0:run:inst/operator-<4,false>#2:not.itm                                                                                                                                                                                                            0.0000 0.9923                       
      u0/node_0_0:run:inst/operator-<4,false>#2:conc#4                                                                                                                                                                                                             0.0000 0.9923  [0.000000, 0.992347] 
      u0/node_0_0:run:inst/operator-<4,false>#2:conc#4.itm                                                                                                                                                                                                         0.0000 0.9923  [0.000000, 0.992347] 
      u0/node_0_0:run:inst/operator-<4,false>#2:acc                                                                              mgc_addc_7_0_5_1_7_1                                                                                                              0.2084 1.2008  [1.068999, 1.200778] 
      u0/node_0_0:run:inst/operator-<4,false>#2:acc.psp.sva#1                                                                                                                                                                                                      0.0000 1.2008  [1.068999, 1.200778] 
      u0/node_0_0:run:inst/operator-<4,false>#2:slc(operator-<4,false>#2:acc.psp.sva#1)(6)#1                                                                                                                                                                       0.0000 1.2008                       
      u0/node_0_0:run:inst/operator-<4,false>#2:slc(operator-<4,false>#2:acc.psp.sva#1)(6)#1.itm                                                                                                                                                                   0.0000 1.2008                       
      u0/node_0_0:run:inst/return.mult_generic<AC_RND_CONV,false>:if#2:mux#2                                                     mgc_mux_4_1_2_4                                                                                                                   0.0869 1.2876                       
      u0/node_0_0:run:inst/return.mult_generic<AC_RND_CONV,false>:if#2:mux#2.itm                                                                                                                                                                                   0.0000 1.2876                       
      u0/node_0_0:run:inst/return.mult_generic<AC_RND_CONV,false>:if#3:lshift.rg                                                 mgc_shift_l_v5_22_0_4_22_1                                                                                                        0.2029 1.4905                       
      u0/node_0_0:run:inst/return.mult_generic<AC_RND_CONV,false>:if#3:lshift.tmp                                                                                                                                                                                  0.0000 1.4905                       
      u0/node_0_0:run:inst/return.mult_generic<AC_RND_CONV,false>:p:slc(return.mult_generic<AC_RND_CONV,false>:p.sva#1)(9)#1                                                                                                                                       0.0000 1.4905                       
      u0/node_0_0:run:inst/return.mult_generic<AC_RND_CONV,false>:p:slc(return.mult_generic<AC_RND_CONV,false>:p.sva#1)(9)#1.itm                                                                                                                                   0.0000 1.4905                       
      u0/node_0_0:run:inst/return.mult_generic<AC_RND_CONV,false>:if#3:or                                                        mgc_or_1_2_2                                                                                                                      0.0622 1.5527                       
      u0/node_0_0:run:inst/return.mult_generic<AC_RND_CONV,false>:if#3:or.itm                                                                                                                                                                                      0.0000 1.5527                       
      u0/node_0_0:run:inst/return.mult_generic<AC_RND_CONV,false>:if#3:and                                                       mgc_and_1_12_1                                                                                                                    0.0979 1.6505                       
      u0/node_0_0:run:inst/return.mult_generic<AC_RND_CONV,false>:if#3:and.itm                                                                                                                                                                                     0.0000 1.6505                       
      u0/node_0_0:run:inst/nor#428                                                                                               mgc_nor_1_2_1                                                                                                                     0.0756 1.7261                       
      u0/node_0_0:run:inst/nor#428.cse                                                                                                                                                                                                                             0.0000 1.7261                       
      u0/node_0_0:run:inst/nor#429                                                                                               mgc_nor_1_2_1                                                                                                                     0.0756 1.8017                       
      u0/node_0_0:run:inst/nor#429.cse                                                                                                                                                                                                                             0.0000 1.8017                       
      u0/node_0_0:run:inst/return.mult_generic<AC_RND_CONV,false>:exp_ovf:and                                                    mgc_and_1_6_1                                                                                                                     0.0767 1.8784                       
      u0/node_0_0:run:inst/return.mult_generic<AC_RND_CONV,false>:exp_ovf:and.itm                                                                                                                                                                                  0.0000 1.8784                       
      u0/node_0_0:run:inst/return.mult_generic<AC_RND_CONV,false>:or#1                                                           mgc_or_1_3_2                                                                                                                      0.0745 1.9529                       
      u0/node_0_0:run:inst/return.mult_generic<AC_RND_CONV,false>:r_inf.sva#1                                                                                                                                                                                      0.0000 1.9529                       
      u0/node_0_0:run:inst/return.mult_generic<AC_RND_CONV,false>:or#3                                                           mgc_or_1_3_2                                                                                                                      0.0745 2.0274                       
      u0/node_0_0:run:inst/return.mult_generic<AC_RND_CONV,false>:or#3.itm                                                                                                                                                                                         0.0000 2.0274                       
      u0/node_0_0:run:inst/return.add_generic<AC_RND_CONV,false>#1:mux1h#3                                                       mgc_mux1hot_1_4_1                                                                                                                 0.0704 2.0978                       
      u0/node_0_0:run:inst/return.add_generic<AC_RND_CONV,false>#1:mux1h#3.itm                                                                                                                                                                                     0.0000 2.0978                       
      u0/node_0_0:run:inst/reg(return.add_generic<AC_RND_CONV,false>#1:mux#7)                                                    mgc_reg_pos_1_1_0_0_0_1_1_1                                                                                                       0.0000 2.0978                       
                                                                                                                                                                                                                                                                                                       
    4                                                                                                                            u0/node_0_0:run:inst/reg(l_S_t_1_t:instr(15:0).lpi#1.dfm) u0/node_0_0:run:inst/reg(return.add_generic<AC_RND_CONV,false>#1:mux#7) 2.0978 -0.0978                      
                                                                                                                                                                                                                                                                                                       
      Instance                                                                                                                   Component                                                                                                                         Delta  Delay   [MIN, MAX]           
      --------                                                                                                                   ---------                                                                                                                         -----  -----   ------------------   
      u0/node_0_0:run:inst/reg(l_S_t_1_t:instr(15:0).lpi#1.dfm)                                                                  mgc_reg_pos_16_1_0_0_0_1_1_1                                                                                                      0.1220 0.1220                       
      u0/node_0_0:run:inst/l_S_t_1_t:instr(15:0).lpi#1.dfm                                                                                                                                                                                                         0.0000 0.1220                       
      u0/node_0_0:run:inst/l_S_t_1_t:instr:slc(l_S_t_1_t:instr(15:0).lpi#1.dfm)(9)#46                                                                                                                                                                              0.0000 0.1220                       
      u0/node_0_0:run:inst/l_S_t_1_t:instr:slc(l_S_t_1_t:instr(15:0).lpi#1.dfm)(9)#46.itm                                                                                                                                                                          0.0000 0.1220                       
      u0/node_0_0:run:inst/l_S_t_1_t:not#62                                                                                      mgc_not_1_1                                                                                                                       0.0390 0.1610                       
      u0/node_0_0:run:inst/l_S_t_1_t:not#62.itm                                                                                                                                                                                                                    0.0000 0.1610                       
      u0/node_0_0:run:inst/l_S_t_1_t:l_S_t_1_t:nor#13                                                                            mgc_nor_1_4_1                                                                                                                     0.0925 0.2535                       
      u0/node_0_0:run:inst/l_S_t_1_t:l_S_t_1_t:nor#13.ssc                                                                                                                                                                                                          0.0000 0.2535                       
      u0/node_0_0:run:inst/l_S_t_1_t:l_S_t_1_t:mux1h#20                                                                          mgc_mux1hot_3_13_1                                                                                                                0.1106 0.3640                       
      u0/node_0_0:run:inst/l_S_t_1_t:l_S_t_1_t:mux1h.tmp(12:10)                                                                                                                                                                                                    0.0000 0.3640                       
      u0/node_0_0:run:inst/l_S_t_1_t:slc(l_S_t_1_t:l_S_t_1_t:mux1h.tmp(12:10))(0)                                                                                                                                                                                  0.0000 0.3640                       
      u0/node_0_0:run:inst/l_S_t_1_t:slc(l_S_t_1_t:l_S_t_1_t:mux1h.tmp(12:10))(0).itm                                                                                                                                                                              0.0000 0.3640                       
      u0/node_0_0:run:inst/return.extract#4:return.extract#4:return.extract#4:or                                                 mgc_or_1_5_2                                                                                                                      0.0900 0.4541                       
      u0/node_0_0:run:inst/return.extract#4:return.extract#4:return.extract#4:or.tmp                                                                                                                                                                               0.0000 0.4541                       
      u0/node_0_0:run:inst/return.mult_generic<AC_RND_CONV,false>:if#2:mux#3                                                     mgc_mux_9_1_2_4                                                                                                                   0.1169 0.5710                       
      u0/node_0_0:run:inst/return.mult_generic<AC_RND_CONV,false>:if#2:mux#3.itm                                                                                                                                                                                   0.0000 0.5710                       
      u0/node_0_0:run:inst/return.mult_generic<AC_RND_CONV,false>:if#2:conc#1                                                                                                                                                                                      0.0000 0.5710  [0.531942, 0.571000] 
      u0/node_0_0:run:inst/return.mult_generic<AC_RND_CONV,false>:if#2:conc#1.itm                                                                                                                                                                                  0.0000 0.5710  [0.531942, 0.571000] 
      u0/node_0_0:run:inst/leading_sign_11_0.rg                                                                                  leading_sign_11_0(mantissa=>rtn)                                                                                                  0.3823 0.9533                       
      u0/node_0_0:run:inst/leading_sign_11_0_out#1                                                                                                                                                                                                                 0.0000 0.9533                       
      u0/node_0_0:run:inst/operator-<4,false>#2:not                                                                              mgc_not_4_1                                                                                                                       0.0390 0.9923                       
      u0/node_0_0:run:inst/operator-<4,false>#2:not.itm                                                                                                                                                                                                            0.0000 0.9923                       
      u0/node_0_0:run:inst/operator-<4,false>#2:conc#4                                                                                                                                                                                                             0.0000 0.9923  [0.000000, 0.992347] 
      u0/node_0_0:run:inst/operator-<4,false>#2:conc#4.itm                                                                                                                                                                                                         0.0000 0.9923  [0.000000, 0.992347] 
      u0/node_0_0:run:inst/operator-<4,false>#2:acc                                                                              mgc_addc_7_0_5_1_7_1                                                                                                              0.2084 1.2008  [1.068999, 1.200778] 
      u0/node_0_0:run:inst/operator-<4,false>#2:acc.psp.sva#1                                                                                                                                                                                                      0.0000 1.2008  [1.068999, 1.200778] 
      u0/node_0_0:run:inst/operator-<4,false>#2:slc(operator-<4,false>#2:acc.psp.sva#1)(6)#1                                                                                                                                                                       0.0000 1.2008                       
      u0/node_0_0:run:inst/operator-<4,false>#2:slc(operator-<4,false>#2:acc.psp.sva#1)(6)#1.itm                                                                                                                                                                   0.0000 1.2008                       
      u0/node_0_0:run:inst/return.mult_generic<AC_RND_CONV,false>:if#2:mux#2                                                     mgc_mux_4_1_2_4                                                                                                                   0.0869 1.2876                       
      u0/node_0_0:run:inst/return.mult_generic<AC_RND_CONV,false>:if#2:mux#2.itm                                                                                                                                                                                   0.0000 1.2876                       
      u0/node_0_0:run:inst/return.mult_generic<AC_RND_CONV,false>:if#3:lshift.rg                                                 mgc_shift_l_v5_22_0_4_22_1                                                                                                        0.2029 1.4905                       
      u0/node_0_0:run:inst/return.mult_generic<AC_RND_CONV,false>:if#3:lshift.tmp                                                                                                                                                                                  0.0000 1.4905                       
      u0/node_0_0:run:inst/return.mult_generic<AC_RND_CONV,false>:p:slc(return.mult_generic<AC_RND_CONV,false>:p.sva#1)(9)#1                                                                                                                                       0.0000 1.4905                       
      u0/node_0_0:run:inst/return.mult_generic<AC_RND_CONV,false>:p:slc(return.mult_generic<AC_RND_CONV,false>:p.sva#1)(9)#1.itm                                                                                                                                   0.0000 1.4905                       
      u0/node_0_0:run:inst/return.mult_generic<AC_RND_CONV,false>:if#3:or                                                        mgc_or_1_2_2                                                                                                                      0.0622 1.5527                       
      u0/node_0_0:run:inst/return.mult_generic<AC_RND_CONV,false>:if#3:or.itm                                                                                                                                                                                      0.0000 1.5527                       
      u0/node_0_0:run:inst/return.mult_generic<AC_RND_CONV,false>:if#3:and                                                       mgc_and_1_12_1                                                                                                                    0.0979 1.6505                       
      u0/node_0_0:run:inst/return.mult_generic<AC_RND_CONV,false>:if#3:and.itm                                                                                                                                                                                     0.0000 1.6505                       
      u0/node_0_0:run:inst/nor#428                                                                                               mgc_nor_1_2_1                                                                                                                     0.0756 1.7261                       
      u0/node_0_0:run:inst/nor#428.cse                                                                                                                                                                                                                             0.0000 1.7261                       
      u0/node_0_0:run:inst/nor#429                                                                                               mgc_nor_1_2_1                                                                                                                     0.0756 1.8017                       
      u0/node_0_0:run:inst/nor#429.cse                                                                                                                                                                                                                             0.0000 1.8017                       
      u0/node_0_0:run:inst/return.mult_generic<AC_RND_CONV,false>:exp_ovf:and                                                    mgc_and_1_6_1                                                                                                                     0.0767 1.8784                       
      u0/node_0_0:run:inst/return.mult_generic<AC_RND_CONV,false>:exp_ovf:and.itm                                                                                                                                                                                  0.0000 1.8784                       
      u0/node_0_0:run:inst/return.mult_generic<AC_RND_CONV,false>:or#1                                                           mgc_or_1_3_2                                                                                                                      0.0745 1.9529                       
      u0/node_0_0:run:inst/return.mult_generic<AC_RND_CONV,false>:r_inf.sva#1                                                                                                                                                                                      0.0000 1.9529                       
      u0/node_0_0:run:inst/return.mult_generic<AC_RND_CONV,false>:or#3                                                           mgc_or_1_3_2                                                                                                                      0.0745 2.0274                       
      u0/node_0_0:run:inst/return.mult_generic<AC_RND_CONV,false>:or#3.itm                                                                                                                                                                                         0.0000 2.0274                       
      u0/node_0_0:run:inst/return.add_generic<AC_RND_CONV,false>#1:mux1h#3                                                       mgc_mux1hot_1_4_1                                                                                                                 0.0704 2.0978                       
      u0/node_0_0:run:inst/return.add_generic<AC_RND_CONV,false>#1:mux1h#3.itm                                                                                                                                                                                     0.0000 2.0978                       
      u0/node_0_0:run:inst/reg(return.add_generic<AC_RND_CONV,false>#1:mux#7)                                                    mgc_reg_pos_1_1_0_0_0_1_1_1                                                                                                       0.0000 2.0978                       
                                                                                                                                                                                                                                                                                                       
    5                                                                                                                            u0/node_0_0:run:inst/reg(drf(_qr.lval)#1.smx.lpi#1.dfm)#1 u0/node_0_0:run:inst/reg(return.add_generic<AC_RND_CONV,false>#1:mux#7) 2.0974 -0.0974                      
                                                                                                                                                                                                                                                                                                       
      Instance                                                                                                                   Component                                                                                                                         Delta  Delay   [MIN, MAX]           
      --------                                                                                                                   ---------                                                                                                                         -----  -----   ------------------   
      u0/node_0_0:run:inst/reg(drf(_qr.lval)#1.smx.lpi#1.dfm)#1                                                                  mgc_reg_pos_3_1_0_0_0_1_1_1                                                                                                       0.1220 0.1220                       
      u0/node_0_0:run:inst/drf(_qr.lval)#1.smx.lpi#1.dfm.rsp.1                                                                                                                                                                                                     0.0000 0.1220                       
      u0/node_0_0:run:inst/return.add_generic<AC_RND_CONV,false>#1:exp:slc(drf(_qr.lval)#1.smx.lpi#1.dfm.rsp.1)(1)#4                                                                                                                                               0.0000 0.1220                       
      u0/node_0_0:run:inst/return.add_generic<AC_RND_CONV,false>#1:exp:slc(drf(_qr.lval)#1.smx.lpi#1.dfm.rsp.1)(1)#4.itm                                                                                                                                           0.0000 0.1220                       
      u0/node_0_0:run:inst/l_S_t_1_t:nor#2                                                                                       mgc_nor_1_2_1                                                                                                                     0.0756 0.1976                       
      u0/node_0_0:run:inst/l_S_t_1_t:nor#2.itm                                                                                                                                                                                                                     0.0000 0.1976                       
      u0/node_0_0:run:inst/l_S_t_1_t:and#165                                                                                     mgc_and_1_3_1                                                                                                                     0.0555 0.2531                       
      u0/node_0_0:run:inst/l_S_t_1_t:and#165.cse                                                                                                                                                                                                                   0.0000 0.2531                       
      u0/node_0_0:run:inst/l_S_t_1_t:l_S_t_1_t:mux1h#20                                                                          mgc_mux1hot_3_13_1                                                                                                                0.1106 0.3637                       
      u0/node_0_0:run:inst/l_S_t_1_t:l_S_t_1_t:mux1h.tmp(12:10)                                                                                                                                                                                                    0.0000 0.3637                       
      u0/node_0_0:run:inst/l_S_t_1_t:slc(l_S_t_1_t:l_S_t_1_t:mux1h.tmp(12:10))(0)                                                                                                                                                                                  0.0000 0.3637                       
      u0/node_0_0:run:inst/l_S_t_1_t:slc(l_S_t_1_t:l_S_t_1_t:mux1h.tmp(12:10))(0).itm                                                                                                                                                                              0.0000 0.3637                       
      u0/node_0_0:run:inst/return.extract#4:return.extract#4:return.extract#4:or                                                 mgc_or_1_5_2                                                                                                                      0.0900 0.4537                       
      u0/node_0_0:run:inst/return.extract#4:return.extract#4:return.extract#4:or.tmp                                                                                                                                                                               0.0000 0.4537                       
      u0/node_0_0:run:inst/return.mult_generic<AC_RND_CONV,false>:if#2:mux#3                                                     mgc_mux_9_1_2_4                                                                                                                   0.1169 0.5706                       
      u0/node_0_0:run:inst/return.mult_generic<AC_RND_CONV,false>:if#2:mux#3.itm                                                                                                                                                                                   0.0000 0.5706                       
      u0/node_0_0:run:inst/return.mult_generic<AC_RND_CONV,false>:if#2:conc#1                                                                                                                                                                                      0.0000 0.5706  [0.532292, 0.571350] 
      u0/node_0_0:run:inst/return.mult_generic<AC_RND_CONV,false>:if#2:conc#1.itm                                                                                                                                                                                  0.0000 0.5706  [0.532292, 0.571350] 
      u0/node_0_0:run:inst/leading_sign_11_0.rg                                                                                  leading_sign_11_0(mantissa=>rtn)                                                                                                  0.3823 0.9530                       
      u0/node_0_0:run:inst/leading_sign_11_0_out#1                                                                                                                                                                                                                 0.0000 0.9530                       
      u0/node_0_0:run:inst/operator-<4,false>#2:not                                                                              mgc_not_4_1                                                                                                                       0.0390 0.9920                       
      u0/node_0_0:run:inst/operator-<4,false>#2:not.itm                                                                                                                                                                                                            0.0000 0.9920                       
      u0/node_0_0:run:inst/operator-<4,false>#2:conc#4                                                                                                                                                                                                             0.0000 0.9920  [0.000350, 0.992697] 
      u0/node_0_0:run:inst/operator-<4,false>#2:conc#4.itm                                                                                                                                                                                                         0.0000 0.9920  [0.000350, 0.992697] 
      u0/node_0_0:run:inst/operator-<4,false>#2:acc                                                                              mgc_addc_7_0_5_1_7_1                                                                                                              0.2084 1.2004  [1.069349, 1.201128] 
      u0/node_0_0:run:inst/operator-<4,false>#2:acc.psp.sva#1                                                                                                                                                                                                      0.0000 1.2004  [1.069349, 1.201128] 
      u0/node_0_0:run:inst/operator-<4,false>#2:slc(operator-<4,false>#2:acc.psp.sva#1)(6)#1                                                                                                                                                                       0.0000 1.2004                       
      u0/node_0_0:run:inst/operator-<4,false>#2:slc(operator-<4,false>#2:acc.psp.sva#1)(6)#1.itm                                                                                                                                                                   0.0000 1.2004                       
      u0/node_0_0:run:inst/return.mult_generic<AC_RND_CONV,false>:if#2:mux#2                                                     mgc_mux_4_1_2_4                                                                                                                   0.0869 1.2873                       
      u0/node_0_0:run:inst/return.mult_generic<AC_RND_CONV,false>:if#2:mux#2.itm                                                                                                                                                                                   0.0000 1.2873                       
      u0/node_0_0:run:inst/return.mult_generic<AC_RND_CONV,false>:if#3:lshift.rg                                                 mgc_shift_l_v5_22_0_4_22_1                                                                                                        0.2029 1.4902                       
      u0/node_0_0:run:inst/return.mult_generic<AC_RND_CONV,false>:if#3:lshift.tmp                                                                                                                                                                                  0.0000 1.4902                       
      u0/node_0_0:run:inst/return.mult_generic<AC_RND_CONV,false>:p:slc(return.mult_generic<AC_RND_CONV,false>:p.sva#1)(9)#1                                                                                                                                       0.0000 1.4902                       
      u0/node_0_0:run:inst/return.mult_generic<AC_RND_CONV,false>:p:slc(return.mult_generic<AC_RND_CONV,false>:p.sva#1)(9)#1.itm                                                                                                                                   0.0000 1.4902                       
      u0/node_0_0:run:inst/return.mult_generic<AC_RND_CONV,false>:if#3:or                                                        mgc_or_1_2_2                                                                                                                      0.0622 1.5523                       
      u0/node_0_0:run:inst/return.mult_generic<AC_RND_CONV,false>:if#3:or.itm                                                                                                                                                                                      0.0000 1.5523                       
      u0/node_0_0:run:inst/return.mult_generic<AC_RND_CONV,false>:if#3:and                                                       mgc_and_1_12_1                                                                                                                    0.0979 1.6502                       
      u0/node_0_0:run:inst/return.mult_generic<AC_RND_CONV,false>:if#3:and.itm                                                                                                                                                                                     0.0000 1.6502                       
      u0/node_0_0:run:inst/nor#428                                                                                               mgc_nor_1_2_1                                                                                                                     0.0756 1.7258                       
      u0/node_0_0:run:inst/nor#428.cse                                                                                                                                                                                                                             0.0000 1.7258                       
      u0/node_0_0:run:inst/nor#429                                                                                               mgc_nor_1_2_1                                                                                                                     0.0756 1.8014                       
      u0/node_0_0:run:inst/nor#429.cse                                                                                                                                                                                                                             0.0000 1.8014                       
      u0/node_0_0:run:inst/return.mult_generic<AC_RND_CONV,false>:exp_ovf:and                                                    mgc_and_1_6_1                                                                                                                     0.0767 1.8781                       
      u0/node_0_0:run:inst/return.mult_generic<AC_RND_CONV,false>:exp_ovf:and.itm                                                                                                                                                                                  0.0000 1.8781                       
      u0/node_0_0:run:inst/return.mult_generic<AC_RND_CONV,false>:or#1                                                           mgc_or_1_3_2                                                                                                                      0.0745 1.9526                       
      u0/node_0_0:run:inst/return.mult_generic<AC_RND_CONV,false>:r_inf.sva#1                                                                                                                                                                                      0.0000 1.9526                       
      u0/node_0_0:run:inst/return.mult_generic<AC_RND_CONV,false>:or#3                                                           mgc_or_1_3_2                                                                                                                      0.0745 2.0271                       
      u0/node_0_0:run:inst/return.mult_generic<AC_RND_CONV,false>:or#3.itm                                                                                                                                                                                         0.0000 2.0271                       
      u0/node_0_0:run:inst/return.add_generic<AC_RND_CONV,false>#1:mux1h#3                                                       mgc_mux1hot_1_4_1                                                                                                                 0.0704 2.0974                       
      u0/node_0_0:run:inst/return.add_generic<AC_RND_CONV,false>#1:mux1h#3.itm                                                                                                                                                                                     0.0000 2.0974                       
      u0/node_0_0:run:inst/reg(return.add_generic<AC_RND_CONV,false>#1:mux#7)                                                    mgc_reg_pos_1_1_0_0_0_1_1_1                                                                                                       0.0000 2.0974                       
                                                                                                                                                                                                                                                                                                       
    6                                                                                                                            u0/node_0_0:run:inst/reg(drf(_qr.lval)#1.smx.lpi#1.dfm)#1 u0/node_0_0:run:inst/reg(return.add_generic<AC_RND_CONV,false>#1:mux#7) 2.0974 -0.0974                      
                                                                                                                                                                                                                                                                                                       
      Instance                                                                                                                   Component                                                                                                                         Delta  Delay   [MIN, MAX]           
      --------                                                                                                                   ---------                                                                                                                         -----  -----   ------------------   
      u0/node_0_0:run:inst/reg(drf(_qr.lval)#1.smx.lpi#1.dfm)#1                                                                  mgc_reg_pos_3_1_0_0_0_1_1_1                                                                                                       0.1220 0.1220                       
      u0/node_0_0:run:inst/drf(_qr.lval)#1.smx.lpi#1.dfm.rsp.1                                                                                                                                                                                                     0.0000 0.1220                       
      u0/node_0_0:run:inst/return.add_generic<AC_RND_CONV,false>#1:exp:slc(drf(_qr.lval)#1.smx.lpi#1.dfm.rsp.1)(2)#2                                                                                                                                               0.0000 0.1220                       
      u0/node_0_0:run:inst/return.add_generic<AC_RND_CONV,false>#1:exp:slc(drf(_qr.lval)#1.smx.lpi#1.dfm.rsp.1)(2)#2.itm                                                                                                                                           0.0000 0.1220                       
      u0/node_0_0:run:inst/l_S_t_1_t:nor#1                                                                                       mgc_nor_1_2_1                                                                                                                     0.0756 0.1976                       
      u0/node_0_0:run:inst/l_S_t_1_t:nor#1.itm                                                                                                                                                                                                                     0.0000 0.1976                       
      u0/node_0_0:run:inst/l_S_t_1_t:and#163                                                                                     mgc_and_1_3_1                                                                                                                     0.0555 0.2531                       
      u0/node_0_0:run:inst/l_S_t_1_t:and#163.cse                                                                                                                                                                                                                   0.0000 0.2531                       
      u0/node_0_0:run:inst/l_S_t_1_t:l_S_t_1_t:mux1h#20                                                                          mgc_mux1hot_3_13_1                                                                                                                0.1106 0.3637                       
      u0/node_0_0:run:inst/l_S_t_1_t:l_S_t_1_t:mux1h.tmp(12:10)                                                                                                                                                                                                    0.0000 0.3637                       
      u0/node_0_0:run:inst/l_S_t_1_t:slc(l_S_t_1_t:l_S_t_1_t:mux1h.tmp(12:10))(0)                                                                                                                                                                                  0.0000 0.3637                       
      u0/node_0_0:run:inst/l_S_t_1_t:slc(l_S_t_1_t:l_S_t_1_t:mux1h.tmp(12:10))(0).itm                                                                                                                                                                              0.0000 0.3637                       
      u0/node_0_0:run:inst/return.extract#4:return.extract#4:return.extract#4:or                                                 mgc_or_1_5_2                                                                                                                      0.0900 0.4537                       
      u0/node_0_0:run:inst/return.extract#4:return.extract#4:return.extract#4:or.tmp                                                                                                                                                                               0.0000 0.4537                       
      u0/node_0_0:run:inst/return.mult_generic<AC_RND_CONV,false>:if#2:mux#3                                                     mgc_mux_9_1_2_4                                                                                                                   0.1169 0.5706                       
      u0/node_0_0:run:inst/return.mult_generic<AC_RND_CONV,false>:if#2:mux#3.itm                                                                                                                                                                                   0.0000 0.5706                       
      u0/node_0_0:run:inst/return.mult_generic<AC_RND_CONV,false>:if#2:conc#1                                                                                                                                                                                      0.0000 0.5706  [0.532292, 0.571350] 
      u0/node_0_0:run:inst/return.mult_generic<AC_RND_CONV,false>:if#2:conc#1.itm                                                                                                                                                                                  0.0000 0.5706  [0.532292, 0.571350] 
      u0/node_0_0:run:inst/leading_sign_11_0.rg                                                                                  leading_sign_11_0(mantissa=>rtn)                                                                                                  0.3823 0.9530                       
      u0/node_0_0:run:inst/leading_sign_11_0_out#1                                                                                                                                                                                                                 0.0000 0.9530                       
      u0/node_0_0:run:inst/operator-<4,false>#2:not                                                                              mgc_not_4_1                                                                                                                       0.0390 0.9920                       
      u0/node_0_0:run:inst/operator-<4,false>#2:not.itm                                                                                                                                                                                                            0.0000 0.9920                       
      u0/node_0_0:run:inst/operator-<4,false>#2:conc#4                                                                                                                                                                                                             0.0000 0.9920  [0.000350, 0.992697] 
      u0/node_0_0:run:inst/operator-<4,false>#2:conc#4.itm                                                                                                                                                                                                         0.0000 0.9920  [0.000350, 0.992697] 
      u0/node_0_0:run:inst/operator-<4,false>#2:acc                                                                              mgc_addc_7_0_5_1_7_1                                                                                                              0.2084 1.2004  [1.069349, 1.201128] 
      u0/node_0_0:run:inst/operator-<4,false>#2:acc.psp.sva#1                                                                                                                                                                                                      0.0000 1.2004  [1.069349, 1.201128] 
      u0/node_0_0:run:inst/operator-<4,false>#2:slc(operator-<4,false>#2:acc.psp.sva#1)(6)#1                                                                                                                                                                       0.0000 1.2004                       
      u0/node_0_0:run:inst/operator-<4,false>#2:slc(operator-<4,false>#2:acc.psp.sva#1)(6)#1.itm                                                                                                                                                                   0.0000 1.2004                       
      u0/node_0_0:run:inst/return.mult_generic<AC_RND_CONV,false>:if#2:mux#2                                                     mgc_mux_4_1_2_4                                                                                                                   0.0869 1.2873                       
      u0/node_0_0:run:inst/return.mult_generic<AC_RND_CONV,false>:if#2:mux#2.itm                                                                                                                                                                                   0.0000 1.2873                       
      u0/node_0_0:run:inst/return.mult_generic<AC_RND_CONV,false>:if#3:lshift.rg                                                 mgc_shift_l_v5_22_0_4_22_1                                                                                                        0.2029 1.4902                       
      u0/node_0_0:run:inst/return.mult_generic<AC_RND_CONV,false>:if#3:lshift.tmp                                                                                                                                                                                  0.0000 1.4902                       
      u0/node_0_0:run:inst/return.mult_generic<AC_RND_CONV,false>:p:slc(return.mult_generic<AC_RND_CONV,false>:p.sva#1)(9)#1                                                                                                                                       0.0000 1.4902                       
      u0/node_0_0:run:inst/return.mult_generic<AC_RND_CONV,false>:p:slc(return.mult_generic<AC_RND_CONV,false>:p.sva#1)(9)#1.itm                                                                                                                                   0.0000 1.4902                       
      u0/node_0_0:run:inst/return.mult_generic<AC_RND_CONV,false>:if#3:or                                                        mgc_or_1_2_2                                                                                                                      0.0622 1.5523                       
      u0/node_0_0:run:inst/return.mult_generic<AC_RND_CONV,false>:if#3:or.itm                                                                                                                                                                                      0.0000 1.5523                       
      u0/node_0_0:run:inst/return.mult_generic<AC_RND_CONV,false>:if#3:and                                                       mgc_and_1_12_1                                                                                                                    0.0979 1.6502                       
      u0/node_0_0:run:inst/return.mult_generic<AC_RND_CONV,false>:if#3:and.itm                                                                                                                                                                                     0.0000 1.6502                       
      u0/node_0_0:run:inst/nor#428                                                                                               mgc_nor_1_2_1                                                                                                                     0.0756 1.7258                       
      u0/node_0_0:run:inst/nor#428.cse                                                                                                                                                                                                                             0.0000 1.7258                       
      u0/node_0_0:run:inst/nor#429                                                                                               mgc_nor_1_2_1                                                                                                                     0.0756 1.8014                       
      u0/node_0_0:run:inst/nor#429.cse                                                                                                                                                                                                                             0.0000 1.8014                       
      u0/node_0_0:run:inst/return.mult_generic<AC_RND_CONV,false>:exp_ovf:and                                                    mgc_and_1_6_1                                                                                                                     0.0767 1.8781                       
      u0/node_0_0:run:inst/return.mult_generic<AC_RND_CONV,false>:exp_ovf:and.itm                                                                                                                                                                                  0.0000 1.8781                       
      u0/node_0_0:run:inst/return.mult_generic<AC_RND_CONV,false>:or#1                                                           mgc_or_1_3_2                                                                                                                      0.0745 1.9526                       
      u0/node_0_0:run:inst/return.mult_generic<AC_RND_CONV,false>:r_inf.sva#1                                                                                                                                                                                      0.0000 1.9526                       
      u0/node_0_0:run:inst/return.mult_generic<AC_RND_CONV,false>:or#3                                                           mgc_or_1_3_2                                                                                                                      0.0745 2.0271                       
      u0/node_0_0:run:inst/return.mult_generic<AC_RND_CONV,false>:or#3.itm                                                                                                                                                                                         0.0000 2.0271                       
      u0/node_0_0:run:inst/return.add_generic<AC_RND_CONV,false>#1:mux1h#3                                                       mgc_mux1hot_1_4_1                                                                                                                 0.0704 2.0974                       
      u0/node_0_0:run:inst/return.add_generic<AC_RND_CONV,false>#1:mux1h#3.itm                                                                                                                                                                                     0.0000 2.0974                       
      u0/node_0_0:run:inst/reg(return.add_generic<AC_RND_CONV,false>#1:mux#7)                                                    mgc_reg_pos_1_1_0_0_0_1_1_1                                                                                                       0.0000 2.0974                       
                                                                                                                                                                                                                                                                                                       
    7                                                                                                                            u0/node_0_0:run:inst/reg(drf(_qr.lval)#1.smx.lpi#1.dfm)#1 u0/node_0_0:run:inst/reg(return.add_generic<AC_RND_CONV,false>#1:mux#7) 2.0974 -0.0974                      
                                                                                                                                                                                                                                                                                                       
      Instance                                                                                                                   Component                                                                                                                         Delta  Delay   [MIN, MAX]           
      --------                                                                                                                   ---------                                                                                                                         -----  -----   ------------------   
      u0/node_0_0:run:inst/reg(drf(_qr.lval)#1.smx.lpi#1.dfm)#1                                                                  mgc_reg_pos_3_1_0_0_0_1_1_1                                                                                                       0.1220 0.1220                       
      u0/node_0_0:run:inst/drf(_qr.lval)#1.smx.lpi#1.dfm.rsp.1                                                                                                                                                                                                     0.0000 0.1220                       
      u0/node_0_0:run:inst/return.add_generic<AC_RND_CONV,false>#1:exp:slc(drf(_qr.lval)#1.smx.lpi#1.dfm.rsp.1)(2)#1                                                                                                                                               0.0000 0.1220                       
      u0/node_0_0:run:inst/return.add_generic<AC_RND_CONV,false>#1:exp:slc(drf(_qr.lval)#1.smx.lpi#1.dfm.rsp.1)(2)#1.itm                                                                                                                                           0.0000 0.1220                       
      u0/node_0_0:run:inst/l_S_t_1_t:nor                                                                                         mgc_nor_1_2_1                                                                                                                     0.0756 0.1976                       
      u0/node_0_0:run:inst/l_S_t_1_t:nor.itm                                                                                                                                                                                                                       0.0000 0.1976                       
      u0/node_0_0:run:inst/l_S_t_1_t:and#162                                                                                     mgc_and_1_3_1                                                                                                                     0.0555 0.2531                       
      u0/node_0_0:run:inst/l_S_t_1_t:and#162.cse                                                                                                                                                                                                                   0.0000 0.2531                       
      u0/node_0_0:run:inst/l_S_t_1_t:l_S_t_1_t:mux1h#20                                                                          mgc_mux1hot_3_13_1                                                                                                                0.1106 0.3637                       
      u0/node_0_0:run:inst/l_S_t_1_t:l_S_t_1_t:mux1h.tmp(12:10)                                                                                                                                                                                                    0.0000 0.3637                       
      u0/node_0_0:run:inst/l_S_t_1_t:slc(l_S_t_1_t:l_S_t_1_t:mux1h.tmp(12:10))(0)                                                                                                                                                                                  0.0000 0.3637                       
      u0/node_0_0:run:inst/l_S_t_1_t:slc(l_S_t_1_t:l_S_t_1_t:mux1h.tmp(12:10))(0).itm                                                                                                                                                                              0.0000 0.3637                       
      u0/node_0_0:run:inst/return.extract#4:return.extract#4:return.extract#4:or                                                 mgc_or_1_5_2                                                                                                                      0.0900 0.4537                       
      u0/node_0_0:run:inst/return.extract#4:return.extract#4:return.extract#4:or.tmp                                                                                                                                                                               0.0000 0.4537                       
      u0/node_0_0:run:inst/return.mult_generic<AC_RND_CONV,false>:if#2:mux#3                                                     mgc_mux_9_1_2_4                                                                                                                   0.1169 0.5706                       
      u0/node_0_0:run:inst/return.mult_generic<AC_RND_CONV,false>:if#2:mux#3.itm                                                                                                                                                                                   0.0000 0.5706                       
      u0/node_0_0:run:inst/return.mult_generic<AC_RND_CONV,false>:if#2:conc#1                                                                                                                                                                                      0.0000 0.5706  [0.532292, 0.571350] 
      u0/node_0_0:run:inst/return.mult_generic<AC_RND_CONV,false>:if#2:conc#1.itm                                                                                                                                                                                  0.0000 0.5706  [0.532292, 0.571350] 
      u0/node_0_0:run:inst/leading_sign_11_0.rg                                                                                  leading_sign_11_0(mantissa=>rtn)                                                                                                  0.3823 0.9530                       
      u0/node_0_0:run:inst/leading_sign_11_0_out#1                                                                                                                                                                                                                 0.0000 0.9530                       
      u0/node_0_0:run:inst/operator-<4,false>#2:not                                                                              mgc_not_4_1                                                                                                                       0.0390 0.9920                       
      u0/node_0_0:run:inst/operator-<4,false>#2:not.itm                                                                                                                                                                                                            0.0000 0.9920                       
      u0/node_0_0:run:inst/operator-<4,false>#2:conc#4                                                                                                                                                                                                             0.0000 0.9920  [0.000350, 0.992697] 
      u0/node_0_0:run:inst/operator-<4,false>#2:conc#4.itm                                                                                                                                                                                                         0.0000 0.9920  [0.000350, 0.992697] 
      u0/node_0_0:run:inst/operator-<4,false>#2:acc                                                                              mgc_addc_7_0_5_1_7_1                                                                                                              0.2084 1.2004  [1.069349, 1.201128] 
      u0/node_0_0:run:inst/operator-<4,false>#2:acc.psp.sva#1                                                                                                                                                                                                      0.0000 1.2004  [1.069349, 1.201128] 
      u0/node_0_0:run:inst/operator-<4,false>#2:slc(operator-<4,false>#2:acc.psp.sva#1)(6)#1                                                                                                                                                                       0.0000 1.2004                       
      u0/node_0_0:run:inst/operator-<4,false>#2:slc(operator-<4,false>#2:acc.psp.sva#1)(6)#1.itm                                                                                                                                                                   0.0000 1.2004                       
      u0/node_0_0:run:inst/return.mult_generic<AC_RND_CONV,false>:if#2:mux#2                                                     mgc_mux_4_1_2_4                                                                                                                   0.0869 1.2873                       
      u0/node_0_0:run:inst/return.mult_generic<AC_RND_CONV,false>:if#2:mux#2.itm                                                                                                                                                                                   0.0000 1.2873                       
      u0/node_0_0:run:inst/return.mult_generic<AC_RND_CONV,false>:if#3:lshift.rg                                                 mgc_shift_l_v5_22_0_4_22_1                                                                                                        0.2029 1.4902                       
      u0/node_0_0:run:inst/return.mult_generic<AC_RND_CONV,false>:if#3:lshift.tmp                                                                                                                                                                                  0.0000 1.4902                       
      u0/node_0_0:run:inst/return.mult_generic<AC_RND_CONV,false>:p:slc(return.mult_generic<AC_RND_CONV,false>:p.sva#1)(9)#1                                                                                                                                       0.0000 1.4902                       
      u0/node_0_0:run:inst/return.mult_generic<AC_RND_CONV,false>:p:slc(return.mult_generic<AC_RND_CONV,false>:p.sva#1)(9)#1.itm                                                                                                                                   0.0000 1.4902                       
      u0/node_0_0:run:inst/return.mult_generic<AC_RND_CONV,false>:if#3:or                                                        mgc_or_1_2_2                                                                                                                      0.0622 1.5523                       
      u0/node_0_0:run:inst/return.mult_generic<AC_RND_CONV,false>:if#3:or.itm                                                                                                                                                                                      0.0000 1.5523                       
      u0/node_0_0:run:inst/return.mult_generic<AC_RND_CONV,false>:if#3:and                                                       mgc_and_1_12_1                                                                                                                    0.0979 1.6502                       
      u0/node_0_0:run:inst/return.mult_generic<AC_RND_CONV,false>:if#3:and.itm                                                                                                                                                                                     0.0000 1.6502                       
      u0/node_0_0:run:inst/nor#428                                                                                               mgc_nor_1_2_1                                                                                                                     0.0756 1.7258                       
      u0/node_0_0:run:inst/nor#428.cse                                                                                                                                                                                                                             0.0000 1.7258                       
      u0/node_0_0:run:inst/nor#429                                                                                               mgc_nor_1_2_1                                                                                                                     0.0756 1.8014                       
      u0/node_0_0:run:inst/nor#429.cse                                                                                                                                                                                                                             0.0000 1.8014                       
      u0/node_0_0:run:inst/return.mult_generic<AC_RND_CONV,false>:exp_ovf:and                                                    mgc_and_1_6_1                                                                                                                     0.0767 1.8781                       
      u0/node_0_0:run:inst/return.mult_generic<AC_RND_CONV,false>:exp_ovf:and.itm                                                                                                                                                                                  0.0000 1.8781                       
      u0/node_0_0:run:inst/return.mult_generic<AC_RND_CONV,false>:or#1                                                           mgc_or_1_3_2                                                                                                                      0.0745 1.9526                       
      u0/node_0_0:run:inst/return.mult_generic<AC_RND_CONV,false>:r_inf.sva#1                                                                                                                                                                                      0.0000 1.9526                       
      u0/node_0_0:run:inst/return.mult_generic<AC_RND_CONV,false>:or#3                                                           mgc_or_1_3_2                                                                                                                      0.0745 2.0271                       
      u0/node_0_0:run:inst/return.mult_generic<AC_RND_CONV,false>:or#3.itm                                                                                                                                                                                         0.0000 2.0271                       
      u0/node_0_0:run:inst/return.add_generic<AC_RND_CONV,false>#1:mux1h#3                                                       mgc_mux1hot_1_4_1                                                                                                                 0.0704 2.0974                       
      u0/node_0_0:run:inst/return.add_generic<AC_RND_CONV,false>#1:mux1h#3.itm                                                                                                                                                                                     0.0000 2.0974                       
      u0/node_0_0:run:inst/reg(return.add_generic<AC_RND_CONV,false>#1:mux#7)                                                    mgc_reg_pos_1_1_0_0_0_1_1_1                                                                                                       0.0000 2.0974                       
                                                                                                                                                                                                                                                                                                       
    8                                                                                                                            u0/node_0_0:run:inst/reg(drf(_qr.lval)#1.smx.lpi#1.dfm)#1 u0/node_0_0:run:inst/reg(return.add_generic<AC_RND_CONV,false>#1:mux#7) 2.0974 -0.0974                      
                                                                                                                                                                                                                                                                                                       
      Instance                                                                                                                   Component                                                                                                                         Delta  Delay   [MIN, MAX]           
      --------                                                                                                                   ---------                                                                                                                         -----  -----   ------------------   
      u0/node_0_0:run:inst/reg(drf(_qr.lval)#1.smx.lpi#1.dfm)#1                                                                  mgc_reg_pos_3_1_0_0_0_1_1_1                                                                                                       0.1220 0.1220                       
      u0/node_0_0:run:inst/drf(_qr.lval)#1.smx.lpi#1.dfm.rsp.1                                                                                                                                                                                                     0.0000 0.1220                       
      u0/node_0_0:run:inst/return.add_generic<AC_RND_CONV,false>#1:exp:slc(drf(_qr.lval)#1.smx.lpi#1.dfm.rsp.1)(0)#4                                                                                                                                               0.0000 0.1220                       
      u0/node_0_0:run:inst/return.add_generic<AC_RND_CONV,false>#1:exp:slc(drf(_qr.lval)#1.smx.lpi#1.dfm.rsp.1)(0)#4.itm                                                                                                                                           0.0000 0.1220                       
      u0/node_0_0:run:inst/l_S_t_1_t:nor#2                                                                                       mgc_nor_1_2_1                                                                                                                     0.0756 0.1976                       
      u0/node_0_0:run:inst/l_S_t_1_t:nor#2.itm                                                                                                                                                                                                                     0.0000 0.1976                       
      u0/node_0_0:run:inst/l_S_t_1_t:and#165                                                                                     mgc_and_1_3_1                                                                                                                     0.0555 0.2531                       
      u0/node_0_0:run:inst/l_S_t_1_t:and#165.cse                                                                                                                                                                                                                   0.0000 0.2531                       
      u0/node_0_0:run:inst/l_S_t_1_t:l_S_t_1_t:mux1h#20                                                                          mgc_mux1hot_3_13_1                                                                                                                0.1106 0.3637                       
      u0/node_0_0:run:inst/l_S_t_1_t:l_S_t_1_t:mux1h.tmp(12:10)                                                                                                                                                                                                    0.0000 0.3637                       
      u0/node_0_0:run:inst/l_S_t_1_t:slc(l_S_t_1_t:l_S_t_1_t:mux1h.tmp(12:10))(0)                                                                                                                                                                                  0.0000 0.3637                       
      u0/node_0_0:run:inst/l_S_t_1_t:slc(l_S_t_1_t:l_S_t_1_t:mux1h.tmp(12:10))(0).itm                                                                                                                                                                              0.0000 0.3637                       
      u0/node_0_0:run:inst/return.extract#4:return.extract#4:return.extract#4:or                                                 mgc_or_1_5_2                                                                                                                      0.0900 0.4537                       
      u0/node_0_0:run:inst/return.extract#4:return.extract#4:return.extract#4:or.tmp                                                                                                                                                                               0.0000 0.4537                       
      u0/node_0_0:run:inst/return.mult_generic<AC_RND_CONV,false>:if#2:mux#3                                                     mgc_mux_9_1_2_4                                                                                                                   0.1169 0.5706                       
      u0/node_0_0:run:inst/return.mult_generic<AC_RND_CONV,false>:if#2:mux#3.itm                                                                                                                                                                                   0.0000 0.5706                       
      u0/node_0_0:run:inst/return.mult_generic<AC_RND_CONV,false>:if#2:conc#1                                                                                                                                                                                      0.0000 0.5706  [0.532292, 0.571350] 
      u0/node_0_0:run:inst/return.mult_generic<AC_RND_CONV,false>:if#2:conc#1.itm                                                                                                                                                                                  0.0000 0.5706  [0.532292, 0.571350] 
      u0/node_0_0:run:inst/leading_sign_11_0.rg                                                                                  leading_sign_11_0(mantissa=>rtn)                                                                                                  0.3823 0.9530                       
      u0/node_0_0:run:inst/leading_sign_11_0_out#1                                                                                                                                                                                                                 0.0000 0.9530                       
      u0/node_0_0:run:inst/operator-<4,false>#2:not                                                                              mgc_not_4_1                                                                                                                       0.0390 0.9920                       
      u0/node_0_0:run:inst/operator-<4,false>#2:not.itm                                                                                                                                                                                                            0.0000 0.9920                       
      u0/node_0_0:run:inst/operator-<4,false>#2:conc#4                                                                                                                                                                                                             0.0000 0.9920  [0.000350, 0.992697] 
      u0/node_0_0:run:inst/operator-<4,false>#2:conc#4.itm                                                                                                                                                                                                         0.0000 0.9920  [0.000350, 0.992697] 
      u0/node_0_0:run:inst/operator-<4,false>#2:acc                                                                              mgc_addc_7_0_5_1_7_1                                                                                                              0.2084 1.2004  [1.069349, 1.201128] 
      u0/node_0_0:run:inst/operator-<4,false>#2:acc.psp.sva#1                                                                                                                                                                                                      0.0000 1.2004  [1.069349, 1.201128] 
      u0/node_0_0:run:inst/operator-<4,false>#2:slc(operator-<4,false>#2:acc.psp.sva#1)(6)#1                                                                                                                                                                       0.0000 1.2004                       
      u0/node_0_0:run:inst/operator-<4,false>#2:slc(operator-<4,false>#2:acc.psp.sva#1)(6)#1.itm                                                                                                                                                                   0.0000 1.2004                       
      u0/node_0_0:run:inst/return.mult_generic<AC_RND_CONV,false>:if#2:mux#2                                                     mgc_mux_4_1_2_4                                                                                                                   0.0869 1.2873                       
      u0/node_0_0:run:inst/return.mult_generic<AC_RND_CONV,false>:if#2:mux#2.itm                                                                                                                                                                                   0.0000 1.2873                       
      u0/node_0_0:run:inst/return.mult_generic<AC_RND_CONV,false>:if#3:lshift.rg                                                 mgc_shift_l_v5_22_0_4_22_1                                                                                                        0.2029 1.4902                       
      u0/node_0_0:run:inst/return.mult_generic<AC_RND_CONV,false>:if#3:lshift.tmp                                                                                                                                                                                  0.0000 1.4902                       
      u0/node_0_0:run:inst/return.mult_generic<AC_RND_CONV,false>:p:slc(return.mult_generic<AC_RND_CONV,false>:p.sva#1)(9)#1                                                                                                                                       0.0000 1.4902                       
      u0/node_0_0:run:inst/return.mult_generic<AC_RND_CONV,false>:p:slc(return.mult_generic<AC_RND_CONV,false>:p.sva#1)(9)#1.itm                                                                                                                                   0.0000 1.4902                       
      u0/node_0_0:run:inst/return.mult_generic<AC_RND_CONV,false>:if#3:or                                                        mgc_or_1_2_2                                                                                                                      0.0622 1.5523                       
      u0/node_0_0:run:inst/return.mult_generic<AC_RND_CONV,false>:if#3:or.itm                                                                                                                                                                                      0.0000 1.5523                       
      u0/node_0_0:run:inst/return.mult_generic<AC_RND_CONV,false>:if#3:and                                                       mgc_and_1_12_1                                                                                                                    0.0979 1.6502                       
      u0/node_0_0:run:inst/return.mult_generic<AC_RND_CONV,false>:if#3:and.itm                                                                                                                                                                                     0.0000 1.6502                       
      u0/node_0_0:run:inst/nor#428                                                                                               mgc_nor_1_2_1                                                                                                                     0.0756 1.7258                       
      u0/node_0_0:run:inst/nor#428.cse                                                                                                                                                                                                                             0.0000 1.7258                       
      u0/node_0_0:run:inst/nor#429                                                                                               mgc_nor_1_2_1                                                                                                                     0.0756 1.8014                       
      u0/node_0_0:run:inst/nor#429.cse                                                                                                                                                                                                                             0.0000 1.8014                       
      u0/node_0_0:run:inst/return.mult_generic<AC_RND_CONV,false>:exp_ovf:and                                                    mgc_and_1_6_1                                                                                                                     0.0767 1.8781                       
      u0/node_0_0:run:inst/return.mult_generic<AC_RND_CONV,false>:exp_ovf:and.itm                                                                                                                                                                                  0.0000 1.8781                       
      u0/node_0_0:run:inst/return.mult_generic<AC_RND_CONV,false>:or#1                                                           mgc_or_1_3_2                                                                                                                      0.0745 1.9526                       
      u0/node_0_0:run:inst/return.mult_generic<AC_RND_CONV,false>:r_inf.sva#1                                                                                                                                                                                      0.0000 1.9526                       
      u0/node_0_0:run:inst/return.mult_generic<AC_RND_CONV,false>:or#3                                                           mgc_or_1_3_2                                                                                                                      0.0745 2.0271                       
      u0/node_0_0:run:inst/return.mult_generic<AC_RND_CONV,false>:or#3.itm                                                                                                                                                                                         0.0000 2.0271                       
      u0/node_0_0:run:inst/return.add_generic<AC_RND_CONV,false>#1:mux1h#3                                                       mgc_mux1hot_1_4_1                                                                                                                 0.0704 2.0974                       
      u0/node_0_0:run:inst/return.add_generic<AC_RND_CONV,false>#1:mux1h#3.itm                                                                                                                                                                                     0.0000 2.0974                       
      u0/node_0_0:run:inst/reg(return.add_generic<AC_RND_CONV,false>#1:mux#7)                                                    mgc_reg_pos_1_1_0_0_0_1_1_1                                                                                                       0.0000 2.0974                       
                                                                                                                                                                                                                                                                                                       
    9                                                                                                                            u0/node_0_0:run:inst/reg(drf(_qr.lval)#1.smx.lpi#1.dfm)#1 u0/node_0_0:run:inst/reg(return.add_generic<AC_RND_CONV,false>#1:mux#7) 2.0974 -0.0974                      
                                                                                                                                                                                                                                                                                                       
      Instance                                                                                                                   Component                                                                                                                         Delta  Delay   [MIN, MAX]           
      --------                                                                                                                   ---------                                                                                                                         -----  -----   ------------------   
      u0/node_0_0:run:inst/reg(drf(_qr.lval)#1.smx.lpi#1.dfm)#1                                                                  mgc_reg_pos_3_1_0_0_0_1_1_1                                                                                                       0.1220 0.1220                       
      u0/node_0_0:run:inst/drf(_qr.lval)#1.smx.lpi#1.dfm.rsp.1                                                                                                                                                                                                     0.0000 0.1220                       
      u0/node_0_0:run:inst/return.add_generic<AC_RND_CONV,false>#1:exp:slc(drf(_qr.lval)#1.smx.lpi#1.dfm.rsp.1)(0)#2                                                                                                                                               0.0000 0.1220                       
      u0/node_0_0:run:inst/return.add_generic<AC_RND_CONV,false>#1:exp:slc(drf(_qr.lval)#1.smx.lpi#1.dfm.rsp.1)(0)#2.itm                                                                                                                                           0.0000 0.1220                       
      u0/node_0_0:run:inst/l_S_t_1_t:nor#1                                                                                       mgc_nor_1_2_1                                                                                                                     0.0756 0.1976                       
      u0/node_0_0:run:inst/l_S_t_1_t:nor#1.itm                                                                                                                                                                                                                     0.0000 0.1976                       
      u0/node_0_0:run:inst/l_S_t_1_t:and#163                                                                                     mgc_and_1_3_1                                                                                                                     0.0555 0.2531                       
      u0/node_0_0:run:inst/l_S_t_1_t:and#163.cse                                                                                                                                                                                                                   0.0000 0.2531                       
      u0/node_0_0:run:inst/l_S_t_1_t:l_S_t_1_t:mux1h#20                                                                          mgc_mux1hot_3_13_1                                                                                                                0.1106 0.3637                       
      u0/node_0_0:run:inst/l_S_t_1_t:l_S_t_1_t:mux1h.tmp(12:10)                                                                                                                                                                                                    0.0000 0.3637                       
      u0/node_0_0:run:inst/l_S_t_1_t:slc(l_S_t_1_t:l_S_t_1_t:mux1h.tmp(12:10))(0)                                                                                                                                                                                  0.0000 0.3637                       
      u0/node_0_0:run:inst/l_S_t_1_t:slc(l_S_t_1_t:l_S_t_1_t:mux1h.tmp(12:10))(0).itm                                                                                                                                                                              0.0000 0.3637                       
      u0/node_0_0:run:inst/return.extract#4:return.extract#4:return.extract#4:or                                                 mgc_or_1_5_2                                                                                                                      0.0900 0.4537                       
      u0/node_0_0:run:inst/return.extract#4:return.extract#4:return.extract#4:or.tmp                                                                                                                                                                               0.0000 0.4537                       
      u0/node_0_0:run:inst/return.mult_generic<AC_RND_CONV,false>:if#2:mux#3                                                     mgc_mux_9_1_2_4                                                                                                                   0.1169 0.5706                       
      u0/node_0_0:run:inst/return.mult_generic<AC_RND_CONV,false>:if#2:mux#3.itm                                                                                                                                                                                   0.0000 0.5706                       
      u0/node_0_0:run:inst/return.mult_generic<AC_RND_CONV,false>:if#2:conc#1                                                                                                                                                                                      0.0000 0.5706  [0.532292, 0.571350] 
      u0/node_0_0:run:inst/return.mult_generic<AC_RND_CONV,false>:if#2:conc#1.itm                                                                                                                                                                                  0.0000 0.5706  [0.532292, 0.571350] 
      u0/node_0_0:run:inst/leading_sign_11_0.rg                                                                                  leading_sign_11_0(mantissa=>rtn)                                                                                                  0.3823 0.9530                       
      u0/node_0_0:run:inst/leading_sign_11_0_out#1                                                                                                                                                                                                                 0.0000 0.9530                       
      u0/node_0_0:run:inst/operator-<4,false>#2:not                                                                              mgc_not_4_1                                                                                                                       0.0390 0.9920                       
      u0/node_0_0:run:inst/operator-<4,false>#2:not.itm                                                                                                                                                                                                            0.0000 0.9920                       
      u0/node_0_0:run:inst/operator-<4,false>#2:conc#4                                                                                                                                                                                                             0.0000 0.9920  [0.000350, 0.992697] 
      u0/node_0_0:run:inst/operator-<4,false>#2:conc#4.itm                                                                                                                                                                                                         0.0000 0.9920  [0.000350, 0.992697] 
      u0/node_0_0:run:inst/operator-<4,false>#2:acc                                                                              mgc_addc_7_0_5_1_7_1                                                                                                              0.2084 1.2004  [1.069349, 1.201128] 
      u0/node_0_0:run:inst/operator-<4,false>#2:acc.psp.sva#1                                                                                                                                                                                                      0.0000 1.2004  [1.069349, 1.201128] 
      u0/node_0_0:run:inst/operator-<4,false>#2:slc(operator-<4,false>#2:acc.psp.sva#1)(6)#1                                                                                                                                                                       0.0000 1.2004                       
      u0/node_0_0:run:inst/operator-<4,false>#2:slc(operator-<4,false>#2:acc.psp.sva#1)(6)#1.itm                                                                                                                                                                   0.0000 1.2004                       
      u0/node_0_0:run:inst/return.mult_generic<AC_RND_CONV,false>:if#2:mux#2                                                     mgc_mux_4_1_2_4                                                                                                                   0.0869 1.2873                       
      u0/node_0_0:run:inst/return.mult_generic<AC_RND_CONV,false>:if#2:mux#2.itm                                                                                                                                                                                   0.0000 1.2873                       
      u0/node_0_0:run:inst/return.mult_generic<AC_RND_CONV,false>:if#3:lshift.rg                                                 mgc_shift_l_v5_22_0_4_22_1                                                                                                        0.2029 1.4902                       
      u0/node_0_0:run:inst/return.mult_generic<AC_RND_CONV,false>:if#3:lshift.tmp                                                                                                                                                                                  0.0000 1.4902                       
      u0/node_0_0:run:inst/return.mult_generic<AC_RND_CONV,false>:p:slc(return.mult_generic<AC_RND_CONV,false>:p.sva#1)(9)#1                                                                                                                                       0.0000 1.4902                       
      u0/node_0_0:run:inst/return.mult_generic<AC_RND_CONV,false>:p:slc(return.mult_generic<AC_RND_CONV,false>:p.sva#1)(9)#1.itm                                                                                                                                   0.0000 1.4902                       
      u0/node_0_0:run:inst/return.mult_generic<AC_RND_CONV,false>:if#3:or                                                        mgc_or_1_2_2                                                                                                                      0.0622 1.5523                       
      u0/node_0_0:run:inst/return.mult_generic<AC_RND_CONV,false>:if#3:or.itm                                                                                                                                                                                      0.0000 1.5523                       
      u0/node_0_0:run:inst/return.mult_generic<AC_RND_CONV,false>:if#3:and                                                       mgc_and_1_12_1                                                                                                                    0.0979 1.6502                       
      u0/node_0_0:run:inst/return.mult_generic<AC_RND_CONV,false>:if#3:and.itm                                                                                                                                                                                     0.0000 1.6502                       
      u0/node_0_0:run:inst/nor#428                                                                                               mgc_nor_1_2_1                                                                                                                     0.0756 1.7258                       
      u0/node_0_0:run:inst/nor#428.cse                                                                                                                                                                                                                             0.0000 1.7258                       
      u0/node_0_0:run:inst/nor#429                                                                                               mgc_nor_1_2_1                                                                                                                     0.0756 1.8014                       
      u0/node_0_0:run:inst/nor#429.cse                                                                                                                                                                                                                             0.0000 1.8014                       
      u0/node_0_0:run:inst/return.mult_generic<AC_RND_CONV,false>:exp_ovf:and                                                    mgc_and_1_6_1                                                                                                                     0.0767 1.8781                       
      u0/node_0_0:run:inst/return.mult_generic<AC_RND_CONV,false>:exp_ovf:and.itm                                                                                                                                                                                  0.0000 1.8781                       
      u0/node_0_0:run:inst/return.mult_generic<AC_RND_CONV,false>:or#1                                                           mgc_or_1_3_2                                                                                                                      0.0745 1.9526                       
      u0/node_0_0:run:inst/return.mult_generic<AC_RND_CONV,false>:r_inf.sva#1                                                                                                                                                                                      0.0000 1.9526                       
      u0/node_0_0:run:inst/return.mult_generic<AC_RND_CONV,false>:or#3                                                           mgc_or_1_3_2                                                                                                                      0.0745 2.0271                       
      u0/node_0_0:run:inst/return.mult_generic<AC_RND_CONV,false>:or#3.itm                                                                                                                                                                                         0.0000 2.0271                       
      u0/node_0_0:run:inst/return.add_generic<AC_RND_CONV,false>#1:mux1h#3                                                       mgc_mux1hot_1_4_1                                                                                                                 0.0704 2.0974                       
      u0/node_0_0:run:inst/return.add_generic<AC_RND_CONV,false>#1:mux1h#3.itm                                                                                                                                                                                     0.0000 2.0974                       
      u0/node_0_0:run:inst/reg(return.add_generic<AC_RND_CONV,false>#1:mux#7)                                                    mgc_reg_pos_1_1_0_0_0_1_1_1                                                                                                       0.0000 2.0974                       
                                                                                                                                                                                                                                                                                                       
    10                                                                                                                           u0/node_0_0:run:inst/reg(drf(_qr.lval)#1.smx.lpi#1.dfm)#1 u0/node_0_0:run:inst/reg(return.add_generic<AC_RND_CONV,false>#1:mux#7) 2.0974 -0.0974                      
                                                                                                                                                                                                                                                                                                       
      Instance                                                                                                                   Component                                                                                                                         Delta  Delay   [MIN, MAX]           
      --------                                                                                                                   ---------                                                                                                                         -----  -----   ------------------   
      u0/node_0_0:run:inst/reg(drf(_qr.lval)#1.smx.lpi#1.dfm)#1                                                                  mgc_reg_pos_3_1_0_0_0_1_1_1                                                                                                       0.1220 0.1220                       
      u0/node_0_0:run:inst/drf(_qr.lval)#1.smx.lpi#1.dfm.rsp.1                                                                                                                                                                                                     0.0000 0.1220                       
      u0/node_0_0:run:inst/return.add_generic<AC_RND_CONV,false>#1:exp:slc(drf(_qr.lval)#1.smx.lpi#1.dfm.rsp.1)(1)#1                                                                                                                                               0.0000 0.1220                       
      u0/node_0_0:run:inst/return.add_generic<AC_RND_CONV,false>#1:exp:slc(drf(_qr.lval)#1.smx.lpi#1.dfm.rsp.1)(1)#1.itm                                                                                                                                           0.0000 0.1220                       
      u0/node_0_0:run:inst/l_S_t_1_t:nor                                                                                         mgc_nor_1_2_1                                                                                                                     0.0756 0.1976                       
      u0/node_0_0:run:inst/l_S_t_1_t:nor.itm                                                                                                                                                                                                                       0.0000 0.1976                       
      u0/node_0_0:run:inst/l_S_t_1_t:and#162                                                                                     mgc_and_1_3_1                                                                                                                     0.0555 0.2531                       
      u0/node_0_0:run:inst/l_S_t_1_t:and#162.cse                                                                                                                                                                                                                   0.0000 0.2531                       
      u0/node_0_0:run:inst/l_S_t_1_t:l_S_t_1_t:mux1h#20                                                                          mgc_mux1hot_3_13_1                                                                                                                0.1106 0.3637                       
      u0/node_0_0:run:inst/l_S_t_1_t:l_S_t_1_t:mux1h.tmp(12:10)                                                                                                                                                                                                    0.0000 0.3637                       
      u0/node_0_0:run:inst/l_S_t_1_t:slc(l_S_t_1_t:l_S_t_1_t:mux1h.tmp(12:10))(0)                                                                                                                                                                                  0.0000 0.3637                       
      u0/node_0_0:run:inst/l_S_t_1_t:slc(l_S_t_1_t:l_S_t_1_t:mux1h.tmp(12:10))(0).itm                                                                                                                                                                              0.0000 0.3637                       
      u0/node_0_0:run:inst/return.extract#4:return.extract#4:return.extract#4:or                                                 mgc_or_1_5_2                                                                                                                      0.0900 0.4537                       
      u0/node_0_0:run:inst/return.extract#4:return.extract#4:return.extract#4:or.tmp                                                                                                                                                                               0.0000 0.4537                       
      u0/node_0_0:run:inst/return.mult_generic<AC_RND_CONV,false>:if#2:mux#3                                                     mgc_mux_9_1_2_4                                                                                                                   0.1169 0.5706                       
      u0/node_0_0:run:inst/return.mult_generic<AC_RND_CONV,false>:if#2:mux#3.itm                                                                                                                                                                                   0.0000 0.5706                       
      u0/node_0_0:run:inst/return.mult_generic<AC_RND_CONV,false>:if#2:conc#1                                                                                                                                                                                      0.0000 0.5706  [0.532292, 0.571350] 
      u0/node_0_0:run:inst/return.mult_generic<AC_RND_CONV,false>:if#2:conc#1.itm                                                                                                                                                                                  0.0000 0.5706  [0.532292, 0.571350] 
      u0/node_0_0:run:inst/leading_sign_11_0.rg                                                                                  leading_sign_11_0(mantissa=>rtn)                                                                                                  0.3823 0.9530                       
      u0/node_0_0:run:inst/leading_sign_11_0_out#1                                                                                                                                                                                                                 0.0000 0.9530                       
      u0/node_0_0:run:inst/operator-<4,false>#2:not                                                                              mgc_not_4_1                                                                                                                       0.0390 0.9920                       
      u0/node_0_0:run:inst/operator-<4,false>#2:not.itm                                                                                                                                                                                                            0.0000 0.9920                       
      u0/node_0_0:run:inst/operator-<4,false>#2:conc#4                                                                                                                                                                                                             0.0000 0.9920  [0.000350, 0.992697] 
      u0/node_0_0:run:inst/operator-<4,false>#2:conc#4.itm                                                                                                                                                                                                         0.0000 0.9920  [0.000350, 0.992697] 
      u0/node_0_0:run:inst/operator-<4,false>#2:acc                                                                              mgc_addc_7_0_5_1_7_1                                                                                                              0.2084 1.2004  [1.069349, 1.201128] 
      u0/node_0_0:run:inst/operator-<4,false>#2:acc.psp.sva#1                                                                                                                                                                                                      0.0000 1.2004  [1.069349, 1.201128] 
      u0/node_0_0:run:inst/operator-<4,false>#2:slc(operator-<4,false>#2:acc.psp.sva#1)(6)#1                                                                                                                                                                       0.0000 1.2004                       
      u0/node_0_0:run:inst/operator-<4,false>#2:slc(operator-<4,false>#2:acc.psp.sva#1)(6)#1.itm                                                                                                                                                                   0.0000 1.2004                       
      u0/node_0_0:run:inst/return.mult_generic<AC_RND_CONV,false>:if#2:mux#2                                                     mgc_mux_4_1_2_4                                                                                                                   0.0869 1.2873                       
      u0/node_0_0:run:inst/return.mult_generic<AC_RND_CONV,false>:if#2:mux#2.itm                                                                                                                                                                                   0.0000 1.2873                       
      u0/node_0_0:run:inst/return.mult_generic<AC_RND_CONV,false>:if#3:lshift.rg                                                 mgc_shift_l_v5_22_0_4_22_1                                                                                                        0.2029 1.4902                       
      u0/node_0_0:run:inst/return.mult_generic<AC_RND_CONV,false>:if#3:lshift.tmp                                                                                                                                                                                  0.0000 1.4902                       
      u0/node_0_0:run:inst/return.mult_generic<AC_RND_CONV,false>:p:slc(return.mult_generic<AC_RND_CONV,false>:p.sva#1)(9)#1                                                                                                                                       0.0000 1.4902                       
      u0/node_0_0:run:inst/return.mult_generic<AC_RND_CONV,false>:p:slc(return.mult_generic<AC_RND_CONV,false>:p.sva#1)(9)#1.itm                                                                                                                                   0.0000 1.4902                       
      u0/node_0_0:run:inst/return.mult_generic<AC_RND_CONV,false>:if#3:or                                                        mgc_or_1_2_2                                                                                                                      0.0622 1.5523                       
      u0/node_0_0:run:inst/return.mult_generic<AC_RND_CONV,false>:if#3:or.itm                                                                                                                                                                                      0.0000 1.5523                       
      u0/node_0_0:run:inst/return.mult_generic<AC_RND_CONV,false>:if#3:and                                                       mgc_and_1_12_1                                                                                                                    0.0979 1.6502                       
      u0/node_0_0:run:inst/return.mult_generic<AC_RND_CONV,false>:if#3:and.itm                                                                                                                                                                                     0.0000 1.6502                       
      u0/node_0_0:run:inst/nor#428                                                                                               mgc_nor_1_2_1                                                                                                                     0.0756 1.7258                       
      u0/node_0_0:run:inst/nor#428.cse                                                                                                                                                                                                                             0.0000 1.7258                       
      u0/node_0_0:run:inst/nor#429                                                                                               mgc_nor_1_2_1                                                                                                                     0.0756 1.8014                       
      u0/node_0_0:run:inst/nor#429.cse                                                                                                                                                                                                                             0.0000 1.8014                       
      u0/node_0_0:run:inst/return.mult_generic<AC_RND_CONV,false>:exp_ovf:and                                                    mgc_and_1_6_1                                                                                                                     0.0767 1.8781                       
      u0/node_0_0:run:inst/return.mult_generic<AC_RND_CONV,false>:exp_ovf:and.itm                                                                                                                                                                                  0.0000 1.8781                       
      u0/node_0_0:run:inst/return.mult_generic<AC_RND_CONV,false>:or#1                                                           mgc_or_1_3_2                                                                                                                      0.0745 1.9526                       
      u0/node_0_0:run:inst/return.mult_generic<AC_RND_CONV,false>:r_inf.sva#1                                                                                                                                                                                      0.0000 1.9526                       
      u0/node_0_0:run:inst/return.mult_generic<AC_RND_CONV,false>:or#3                                                           mgc_or_1_3_2                                                                                                                      0.0745 2.0271                       
      u0/node_0_0:run:inst/return.mult_generic<AC_RND_CONV,false>:or#3.itm                                                                                                                                                                                         0.0000 2.0271                       
      u0/node_0_0:run:inst/return.add_generic<AC_RND_CONV,false>#1:mux1h#3                                                       mgc_mux1hot_1_4_1                                                                                                                 0.0704 2.0974                       
      u0/node_0_0:run:inst/return.add_generic<AC_RND_CONV,false>#1:mux1h#3.itm                                                                                                                                                                                     0.0000 2.0974                       
      u0/node_0_0:run:inst/reg(return.add_generic<AC_RND_CONV,false>#1:mux#7)                                                    mgc_reg_pos_1_1_0_0_0_1_1_1                                                                                                       0.0000 2.0974                       
                                                                                                                                                                                                                                                                                                       
    
  Register Input and Register-to-Output Slack
    Clock period or pin-to-reg delay constraint (clk): 2.0
    Clock uncertainty constraint (clk)               : 0.0
    
    Instance                                                                                          Port                                                                                                                                                                                              Slack (Delay) Messages                
    ------------------------------------------------------------------------------------------------- ----------------------------------------------------------------------------------------------------------------------------------------------------------------------------------------------- ------- ------- -----------------------
    AlloMemW<ac_int<32,true>,234,8,32>:run/reg(req.Pop():mioi.iswt0)                                  while:r:not#1.itm                                                                                                                                                                                1.9610  0.0390                         
    AlloMemW<half,234,8,16>:run/reg(req.Pop():mioi.iswt0)                                             while:r:not#1.itm                                                                                                                                                                                1.9610  0.0390                         
    AlloMem<ac_int<32,true>,234,8,32>:run/reg(rsp.Push():mioi.idat)                                   mem:rsci.q_d.mxwt                                                                                                                                                                                1.3436  0.6564                         
    AlloMem<ac_int<32,true>,234,8,32>:run/reg(mem:rsci.port_0_r_ram_ir_internal_RMASK_B_d.run.psct)   and#5.rmff                                                                                                                                                                                       1.3158  0.6842                         
    AlloMem<ac_int<32,true>,234,8,32>:run/reg(rsp.Push():mioi.iswt0)                                  and#7.itm                                                                                                                                                                                        1.7931  0.2069                         
    AlloMem<ac_int<32,true>,234,8,32>:run/reg(req.Pop():mioi.iswt0)                                   AlloMem<ac_int<32,true>,234,8,32>::AlloMem:slc(fsm_output)(0).itm                                                                                                                                1.4579  0.5421                         
    AlloMem<ac_int<32,true>,234,8,32>:run/reg(while:r)                                                while:r:slc(req.Pop():mioi.idat.mxwt)(0).itm                                                                                                                                                     1.4466  0.5534                         
    AlloMem<ac_int<32,true>,234,8,32>:run:mem:rsci#1:mem:rsc.@:wait_dp/reg(mem:rsci.bcwt#1)           while:if:nor#2.itm                                                                                                                                                                               1.4466  0.5534                         
    AlloMem<ac_int<32,true>,234,8,32>:run:mem:rsci#1:mem:rsc.@:wait_dp/reg(mem:rsci.q_d.bfwt)         mem:rsci.q_d                                                                                                                                                                                     1.1872  0.8128                         
    AlloMem<ac_int<32,true>,234,8,32>:run:staller/reg(run.wten)                                       AlloMem<ac_int<32,true>,234,8,32>::AlloMem:not.itm                                                                                                                                               1.1259  0.8741                         
    AlloMem<half,234,8,16>:run/reg(rsp.Push():mioi.idat)                                              mem.d:rsci.q_d.mxwt                                                                                                                                                                              1.3276  0.6724                         
    AlloMem<half,234,8,16>:run/reg(mem.d:rsci.port_0_r_ram_ir_internal_RMASK_B_d.run.psct)            and#5.rmff                                                                                                                                                                                       1.3158  0.6842                         
    AlloMem<half,234,8,16>:run/reg(rsp.Push():mioi.iswt0)                                             and#7.itm                                                                                                                                                                                        1.7931  0.2069                         
    AlloMem<half,234,8,16>:run/reg(req.Pop():mioi.iswt0)                                              AlloMem<half,234,8,16>::AlloMem:slc(fsm_output)(0).itm                                                                                                                                           1.4579  0.5421                         
    AlloMem<half,234,8,16>:run/reg(while:r)                                                           while:r:slc(req.Pop():mioi.idat.mxwt)(0).itm                                                                                                                                                     1.4466  0.5534                         
    AlloMem<half,234,8,16>:run:mem.d:rsci#1:mem.d:rsc.@:wait_dp/reg(mem.d:rsci.bcwt#1)                while:if:nor#2.itm                                                                                                                                                                               1.4466  0.5534                         
    AlloMem<half,234,8,16>:run:mem.d:rsci#1:mem.d:rsc.@:wait_dp/reg(mem.d:rsci.q_d.bfwt)              mem.d:rsci.q_d                                                                                                                                                                                   1.1552  0.8448                         
    AlloMem<half,234,8,16>:run:staller/reg(run.wten)                                                  AlloMem<half,234,8,16>::AlloMem:not.itm                                                                                                                                                          1.1259  0.8741                         
    AlloMem<ac_int<32,true>,1,1,32>:run/reg(rsp.Push():mioi.idat)                                     mem.sva                                                                                                                                                                                          1.8780  0.1220                         
    AlloMem<ac_int<32,true>,1,1,32>:run/reg(mem)                                                      while:r:slc(req.Pop():mioi.idat.mxwt)(33-2).itm                                                                                                                                                  1.5259  0.4741                         
    AlloMem<ac_int<32,true>,1,1,32>:run/reg(rsp.Push():mioi.iswt0)                                    and#4.itm                                                                                                                                                                                        1.4410  0.5590                         
    AlloMem<ac_int<32,true>,1,1,32>:run/reg(req.Pop():mioi.iswt0)                                     AlloMem<ac_int<32,true>,1,1,32>::AlloMem:slc(fsm_output)(0).itm                                                                                                                                  1.5373  0.4627                         
    rclc_s_0:run/reg(v1789_req.Push():mioi.idat(35))                                                  k9:slc(k9.sva)(31).itm                                                                                                                                                                           1.8780  0.1220                         
    rclc_s_0:run/reg(v1791.Push():mioi.idat(1))                                                       v1789_req.write_reset_check.ResetChecker:v1789_req.write_reset_check.ResetChecker:v1789_req.write_reset_check.ResetChecker:for#2:not.itm                                                         0.5490  1.4510                         
    rclc_s_0:run/reg(v1789_req.Push():mioi.idat(8:1))                                                 k9:slc(k9.sva)(7-0).itm                                                                                                                                                                          1.8780  0.1220                         
    rclc_s_0:run/reg(v1789_req.Push():mioi.idat(33:9))                                                l_S_t_1_t16:if:if:or.itm                                                                                                                                                                         1.3679  0.6321                         
    rclc_s_0:run/reg(v1791.Push():mioi.idat(0))                                                       v1789_req.write_reset_check.ResetChecker:v1789_req.write_reset_check.ResetChecker:and.itm                                                                                                        1.4050  0.5950                         
    rclc_s_0:run/reg(v1789_req.Push():mioi.iswt0)                                                     and#33.itm                                                                                                                                                                                       0.9967  1.0033                         
    rclc_s_0:run/reg(v1792.Pop():mioi.iswt0)                                                          or#15.itm                                                                                                                                                                                        1.7340  0.2660                         
    rclc_s_0:run/reg(v1791.Push():mioi.iswt0)                                                         for#2:or#1.cse                                                                                                                                                                                   1.7578  0.2422                         
    rclc_s_0:run/reg(v1790_rsp.Pop():mioi.iswt0)                                                      slc(fsm_output)(0)#1.itm                                                                                                                                                                         2.0000  0.0000                         
    rclc_s_0:run/reg(done)                                                                            1#8                                                                                                                                                                                              2.0000  0.0000                         
    rclc_s_0:run/reg(for#2:v1802)                                                                     z.out                                                                                                                                                                                            0.5872  1.4128                         
    rclc_s_0:run/reg(k9)                                                                              z.out                                                                                                                                                                                            0.5872  1.4128                         
    rclc_s_0:run/reg(v1800(31:0))                                                                     v1800(31:0).sva#1                                                                                                                                                                                0.4488  1.5512                         
    rclc_s_0:run/reg(l_S_t_1_t16:t16(7:0))                                                            l_S_t_1_t16:if:if:l_S_t_1_t16:if:if:l_S_t_1_t16:if:if:and.itm                                                                                                                                    1.4474  0.5526                         
    rclc_s_0:run/reg(l_S_t_1_t16:slc(l_S_t_1_t16:acc)(7))                                             l_S_t_1_t16:slc(l_S_t_1_t16:acc)(7).itm#2                                                                                                                                                        1.4411  0.5589                         
    rclc_s_0:run:v1790_req.Push():mioi:v1790_req.Push():mio:wait_dp/reg(v1790_req.Push():mioi.bcwt)   nor.itm                                                                                                                                                                                          1.3688  0.6312                         
    rclc_s_0:run:v1790_rsp.Pop():mioi:v1790_rsp.Pop():mio:wait_dp/reg(v1790_rsp.Pop():mioi.bcwt)      nor#2.itm                                                                                                                                                                                        1.3688  0.6312                         
    rclc_s_0:run:v1790_rsp.Pop():mioi:v1790_rsp.Pop():mio:wait_dp/reg(v1790_rsp.Pop():mioi.idat.bfwt) v1790_rsp.Pop():mioi.idat                                                                                                                                                                        0.3116  1.6884                         
    rclc_s_0:run:v1791.Push():mioi:v1791.Push():mio:wait_dp/reg(v1791.Push():mioi.bcwt)               for#2:nor.itm                                                                                                                                                                                    1.3688  0.6312                         
    rclc_s_0:run:v1789_req.Push():mioi:v1789_req.Push():mio:wait_dp/reg(v1789_req.Push():mioi.bcwt)   l_S_t_1_t16:if:if:nor.itm                                                                                                                                                                        1.3688  0.6312                         
    rclc_n_0:run/reg(v1754_req.Push():mioi.idat(35))                                                  k8:slc(k8.sva)(31).itm                                                                                                                                                                           1.8780  0.1220                         
    rclc_n_0:run/reg(v1756.Push():mioi.idat(1))                                                       v1754_req.write_reset_check.ResetChecker:v1754_req.write_reset_check.ResetChecker:v1754_req.write_reset_check.ResetChecker:for#2:not.itm                                                         0.5490  1.4510                         
    rclc_n_0:run/reg(v1754_req.Push():mioi.idat(8:1))                                                 k8:slc(k8.sva)(7-0).itm                                                                                                                                                                          1.8780  0.1220                         
    rclc_n_0:run/reg(v1754_req.Push():mioi.idat(33:9))                                                l_S_t_1_t15:if:if:or.itm                                                                                                                                                                         1.3679  0.6321                         
    rclc_n_0:run/reg(v1756.Push():mioi.idat(0))                                                       v1754_req.write_reset_check.ResetChecker:v1754_req.write_reset_check.ResetChecker:and.itm                                                                                                        1.4050  0.5950                         
    rclc_n_0:run/reg(v1754_req.Push():mioi.iswt0)                                                     and#33.itm                                                                                                                                                                                       0.9967  1.0033                         
    rclc_n_0:run/reg(v1757.Pop():mioi.iswt0)                                                          or#15.itm                                                                                                                                                                                        1.7340  0.2660                         
    rclc_n_0:run/reg(v1756.Push():mioi.iswt0)                                                         for#2:or#1.cse                                                                                                                                                                                   1.7578  0.2422                         
    rclc_n_0:run/reg(v1755_rsp.Pop():mioi.iswt0)                                                      slc(fsm_output)(0)#1.itm                                                                                                                                                                         2.0000  0.0000                         
    rclc_n_0:run/reg(done)                                                                            1#8                                                                                                                                                                                              2.0000  0.0000                         
    rclc_n_0:run/reg(for#2:v1767)                                                                     z.out                                                                                                                                                                                            0.5872  1.4128                         
    rclc_n_0:run/reg(k8)                                                                              z.out                                                                                                                                                                                            0.5872  1.4128                         
    rclc_n_0:run/reg(v1765(31:0))                                                                     v1765(31:0).sva#1                                                                                                                                                                                0.4488  1.5512                         
    rclc_n_0:run/reg(l_S_t_1_t15:t15(7:0))                                                            l_S_t_1_t15:if:if:l_S_t_1_t15:if:if:l_S_t_1_t15:if:if:and.itm                                                                                                                                    1.4474  0.5526                         
    rclc_n_0:run/reg(l_S_t_1_t15:slc(l_S_t_1_t15:acc)(7))                                             l_S_t_1_t15:slc(l_S_t_1_t15:acc)(7).itm#2                                                                                                                                                        1.4411  0.5589                         
    rclc_n_0:run:v1755_req.Push():mioi:v1755_req.Push():mio:wait_dp/reg(v1755_req.Push():mioi.bcwt)   nor.itm                                                                                                                                                                                          1.3688  0.6312                         
    rclc_n_0:run:v1755_rsp.Pop():mioi:v1755_rsp.Pop():mio:wait_dp/reg(v1755_rsp.Pop():mioi.bcwt)      nor#2.itm                                                                                                                                                                                        1.3688  0.6312                         
    rclc_n_0:run:v1755_rsp.Pop():mioi:v1755_rsp.Pop():mio:wait_dp/reg(v1755_rsp.Pop():mioi.idat.bfwt) v1755_rsp.Pop():mioi.idat                                                                                                                                                                        0.3116  1.6884                         
    rclc_n_0:run:v1756.Push():mioi:v1756.Push():mio:wait_dp/reg(v1756.Push():mioi.bcwt)               for#2:nor.itm                                                                                                                                                                                    1.3688  0.6312                         
    rclc_n_0:run:v1754_req.Push():mioi:v1754_req.Push():mio:wait_dp/reg(v1754_req.Push():mioi.bcwt)   l_S_t_1_t15:if:if:nor.itm                                                                                                                                                                        1.3688  0.6312                         
    rclc_e_0:run/reg(v1719_req.Push():mioi.idat(35))                                                  k7:slc(k7.sva)(31).itm                                                                                                                                                                           1.8780  0.1220                         
    rclc_e_0:run/reg(v1721.Push():mioi.idat(1))                                                       v1719_req.write_reset_check.ResetChecker:v1719_req.write_reset_check.ResetChecker:v1719_req.write_reset_check.ResetChecker:for#2:not.itm                                                         0.5490  1.4510                         
    rclc_e_0:run/reg(v1719_req.Push():mioi.idat(8:1))                                                 k7:slc(k7.sva)(7-0).itm                                                                                                                                                                          1.8780  0.1220                         
    rclc_e_0:run/reg(v1719_req.Push():mioi.idat(33:9))                                                l_S_t_1_t14:if:if:or.itm                                                                                                                                                                         1.3679  0.6321                         
    rclc_e_0:run/reg(v1721.Push():mioi.idat(0))                                                       v1719_req.write_reset_check.ResetChecker:v1719_req.write_reset_check.ResetChecker:and.itm                                                                                                        1.4050  0.5950                         
    rclc_e_0:run/reg(v1719_req.Push():mioi.iswt0)                                                     and#33.itm                                                                                                                                                                                       0.9967  1.0033                         
    rclc_e_0:run/reg(v1722.Pop():mioi.iswt0)                                                          or#15.itm                                                                                                                                                                                        1.7340  0.2660                         
    rclc_e_0:run/reg(v1721.Push():mioi.iswt0)                                                         for#2:or#1.cse                                                                                                                                                                                   1.7578  0.2422                         
    rclc_e_0:run/reg(v1720_rsp.Pop():mioi.iswt0)                                                      slc(fsm_output)(0)#1.itm                                                                                                                                                                         2.0000  0.0000                         
    rclc_e_0:run/reg(done)                                                                            1#8                                                                                                                                                                                              2.0000  0.0000                         
    rclc_e_0:run/reg(for#2:v1732)                                                                     z.out                                                                                                                                                                                            0.5872  1.4128                         
    rclc_e_0:run/reg(k7)                                                                              z.out                                                                                                                                                                                            0.5872  1.4128                         
    rclc_e_0:run/reg(v1730(31:0))                                                                     v1730(31:0).sva#1                                                                                                                                                                                0.4488  1.5512                         
    rclc_e_0:run/reg(l_S_t_1_t14:t14(7:0))                                                            l_S_t_1_t14:if:if:l_S_t_1_t14:if:if:l_S_t_1_t14:if:if:and.itm                                                                                                                                    1.4474  0.5526                         
    rclc_e_0:run/reg(l_S_t_1_t14:slc(l_S_t_1_t14:acc)(7))                                             l_S_t_1_t14:slc(l_S_t_1_t14:acc)(7).itm#2                                                                                                                                                        1.4411  0.5589                         
    rclc_e_0:run:v1720_req.Push():mioi:v1720_req.Push():mio:wait_dp/reg(v1720_req.Push():mioi.bcwt)   nor.itm                                                                                                                                                                                          1.3688  0.6312                         
    rclc_e_0:run:v1720_rsp.Pop():mioi:v1720_rsp.Pop():mio:wait_dp/reg(v1720_rsp.Pop():mioi.bcwt)      nor#2.itm                                                                                                                                                                                        1.3688  0.6312                         
    rclc_e_0:run:v1720_rsp.Pop():mioi:v1720_rsp.Pop():mio:wait_dp/reg(v1720_rsp.Pop():mioi.idat.bfwt) v1720_rsp.Pop():mioi.idat                                                                                                                                                                        0.3116  1.6884                         
    rclc_e_0:run:v1721.Push():mioi:v1721.Push():mio:wait_dp/reg(v1721.Push():mioi.bcwt)               for#2:nor.itm                                                                                                                                                                                    1.3688  0.6312                         
    rclc_e_0:run:v1719_req.Push():mioi:v1719_req.Push():mio:wait_dp/reg(v1719_req.Push():mioi.bcwt)   l_S_t_1_t14:if:if:nor.itm                                                                                                                                                                        1.3688  0.6312                         
    rclc_w_0:run/reg(v1684_req.Push():mioi.idat(35))                                                  k6:slc(k6.sva)(31).itm                                                                                                                                                                           1.8780  0.1220                         
    rclc_w_0:run/reg(v1686.Push():mioi.idat(1))                                                       v1684_req.write_reset_check.ResetChecker:v1684_req.write_reset_check.ResetChecker:v1684_req.write_reset_check.ResetChecker:for#2:not.itm                                                         0.5490  1.4510                         
    rclc_w_0:run/reg(v1684_req.Push():mioi.idat(8:1))                                                 k6:slc(k6.sva)(7-0).itm                                                                                                                                                                          1.8780  0.1220                         
    rclc_w_0:run/reg(v1684_req.Push():mioi.idat(33:9))                                                l_S_t_1_t13:if:if:or.itm                                                                                                                                                                         1.3679  0.6321                         
    rclc_w_0:run/reg(v1686.Push():mioi.idat(0))                                                       v1684_req.write_reset_check.ResetChecker:v1684_req.write_reset_check.ResetChecker:and.itm                                                                                                        1.4050  0.5950                         
    rclc_w_0:run/reg(v1684_req.Push():mioi.iswt0)                                                     and#33.itm                                                                                                                                                                                       0.9967  1.0033                         
    rclc_w_0:run/reg(v1687.Pop():mioi.iswt0)                                                          or#15.itm                                                                                                                                                                                        1.7340  0.2660                         
    rclc_w_0:run/reg(v1686.Push():mioi.iswt0)                                                         for#2:or#1.cse                                                                                                                                                                                   1.7578  0.2422                         
    rclc_w_0:run/reg(v1685_rsp.Pop():mioi.iswt0)                                                      slc(fsm_output)(0)#1.itm                                                                                                                                                                         2.0000  0.0000                         
    rclc_w_0:run/reg(done)                                                                            1#8                                                                                                                                                                                              2.0000  0.0000                         
    rclc_w_0:run/reg(for#2:v1697)                                                                     z.out                                                                                                                                                                                            0.5872  1.4128                         
    rclc_w_0:run/reg(k6)                                                                              z.out                                                                                                                                                                                            0.5872  1.4128                         
    rclc_w_0:run/reg(v1695(31:0))                                                                     v1695(31:0).sva#1                                                                                                                                                                                0.4488  1.5512                         
    rclc_w_0:run/reg(l_S_t_1_t13:t13(7:0))                                                            l_S_t_1_t13:if:if:l_S_t_1_t13:if:if:l_S_t_1_t13:if:if:and.itm                                                                                                                                    1.4474  0.5526                         
    rclc_w_0:run/reg(l_S_t_1_t13:slc(l_S_t_1_t13:acc)(7))                                             l_S_t_1_t13:slc(l_S_t_1_t13:acc)(7).itm#2                                                                                                                                                        1.4411  0.5589                         
    rclc_w_0:run:v1685_req.Push():mioi:v1685_req.Push():mio:wait_dp/reg(v1685_req.Push():mioi.bcwt)   nor.itm                                                                                                                                                                                          1.3688  0.6312                         
    rclc_w_0:run:v1685_rsp.Pop():mioi:v1685_rsp.Pop():mio:wait_dp/reg(v1685_rsp.Pop():mioi.bcwt)      nor#2.itm                                                                                                                                                                                        1.3688  0.6312                         
    rclc_w_0:run:v1685_rsp.Pop():mioi:v1685_rsp.Pop():mio:wait_dp/reg(v1685_rsp.Pop():mioi.idat.bfwt) v1685_rsp.Pop():mioi.idat                                                                                                                                                                        0.3116  1.6884                         
    rclc_w_0:run:v1686.Push():mioi:v1686.Push():mio:wait_dp/reg(v1686.Push():mioi.bcwt)               for#2:nor.itm                                                                                                                                                                                    1.3688  0.6312                         
    rclc_w_0:run:v1684_req.Push():mioi:v1684_req.Push():mio:wait_dp/reg(v1684_req.Push():mioi.bcwt)   l_S_t_1_t13:if:if:nor.itm                                                                                                                                                                        1.3688  0.6312                         
    rdrv_s_0:run/reg(v1632_req.Push():mioi.idat(32:1))                                                l_S_t_1_t12:l_S_t_1_t12:mux1h.itm                                                                                                                                                                1.7216  0.2784                         
    rdrv_s_0:run/reg(v1634.Push():mioi.idat(24:0))                                                    for#2:for#2:and.itm                                                                                                                                                                              0.3645  1.6355                         
    rdrv_s_0:run/reg(v1634.Push():mioi.idat(25))                                                      v1632_req.write_reset_check.ResetChecker:v1632_req.write_reset_check.ResetChecker:and.itm                                                                                                        0.4299  1.5701                         
    rdrv_s_0:run/reg(v1632_rsp.Pop():mioi.iswt0)                                                      and#33.itm                                                                                                                                                                                       1.4400  0.5600                         
    rdrv_s_0:run/reg(v1635.Pop():mioi.iswt0)                                                          or#20.itm                                                                                                                                                                                        0.4557  1.5443                         
    rdrv_s_0:run/reg(v1634.Push():mioi.iswt0)                                                         for#2:or.cse                                                                                                                                                                                     0.3708  1.6292                         
    rdrv_s_0:run/reg(v1633_rsp.Pop():mioi.iswt0)                                                      slc(fsm_output)(0)#1.itm                                                                                                                                                                         2.0000  0.0000                         
    rdrv_s_0:run/reg(done)                                                                            1#7                                                                                                                                                                                              2.0000  0.0000                         
    rdrv_s_0:run/reg(for#2:v1645)                                                                     z.out#1                                                                                                                                                                                          0.6791  1.3209                         
    rdrv_s_0:run/reg(dcred7)                                                                          dcred7:dcred7:dcred7:and.itm                                                                                                                                                                     0.7221  1.2779                         
    rdrv_s_0:run/reg(dcred7)#1                                                                        dcred7:dcred7:mux.itm                                                                                                                                                                            0.6380  1.3620                         
    rdrv_s_0:run/reg(l_S_t_1_t12:t12(7:0))                                                            l_S_t_1_t12:t12:l_S_t_1_t12:t12:l_S_t_1_t12:t12:and.itm                                                                                                                                          1.4474  0.5526                         
    rdrv_s_0:run/reg(l_S_t_1_t12:l_S_t_1_t12:mux1h)                                                   z.out#1                                                                                                                                                                                          0.6791  1.3209                         
    rdrv_s_0:run/reg(v1643(31:0))                                                                     z.out                                                                                                                                                                                            0.3694  1.6306                         
    rdrv_s_0:run/reg(l_S_t_1_t12:slc(l_S_t_1_t12:acc)(7))                                             l_S_t_1_t12:slc(l_S_t_1_t12:acc)(7).itm#1                                                                                                                                                        1.4411  0.5589                         
    rdrv_s_0:run/reg(l_S_t_1_t12:v1656:slc(l_S_t_1_t12:v1656:acc)(31).svs)                            l_S_t_1_t12:v1656:acc.itm(31)                                                                                                                                                                    1.4086  0.5914                         
    rdrv_s_0:run:v1633_req.Push():mioi:v1633_req.Push():mio:wait_dp/reg(v1633_req.Push():mioi.bcwt)   nor.itm                                                                                                                                                                                          1.3567  0.6433                         
    rdrv_s_0:run:v1633_rsp.Pop():mioi:v1633_rsp.Pop():mio:wait_dp/reg(v1633_rsp.Pop():mioi.bcwt)      nor#2.itm                                                                                                                                                                                        1.3567  0.6433                         
    rdrv_s_0:run:v1633_rsp.Pop():mioi:v1633_rsp.Pop():mio:wait_dp/reg(v1633_rsp.Pop():mioi.idat.bfwt) v1633_rsp.Pop():mioi.idat                                                                                                                                                                        0.2081  1.7919                         
    rdrv_s_0:run:v1632_req.Push():mioi:v1632_req.Push():mio:wait_dp/reg(v1632_req.Push():mioi.bcwt)   l_S_t_1_t12:if:nor.itm                                                                                                                                                                           1.3567  0.6433                         
    rdrv_s_0:run:v1632_rsp.Pop():mioi:v1632_rsp.Pop():mio:wait_dp/reg(v1632_rsp.Pop():mioi.bcwt)      l_S_t_1_t12:if:nor#2.itm                                                                                                                                                                         1.3567  0.6433                         
    rdrv_s_0:run:v1632_rsp.Pop():mioi:v1632_rsp.Pop():mio:wait_dp/reg(v1632_rsp.Pop():mioi.idat.bfwt) l_S_t_1_t12:if:slc(v1632_rsp.Pop():mioi.idat)(25-0)#1.itm                                                                                                                                        1.4416  0.5584                         
    rdrv_n_0:run/reg(v1580_req.Push():mioi.idat(32:1))                                                l_S_t_1_t11:l_S_t_1_t11:mux1h.itm                                                                                                                                                                1.7216  0.2784                         
    rdrv_n_0:run/reg(v1582.Push():mioi.idat(24:0))                                                    for#2:for#2:and.itm                                                                                                                                                                              0.3645  1.6355                         
    rdrv_n_0:run/reg(v1582.Push():mioi.idat(25))                                                      v1580_req.write_reset_check.ResetChecker:v1580_req.write_reset_check.ResetChecker:and.itm                                                                                                        0.4299  1.5701                         
    rdrv_n_0:run/reg(v1580_rsp.Pop():mioi.iswt0)                                                      and#33.itm                                                                                                                                                                                       1.4400  0.5600                         
    rdrv_n_0:run/reg(v1583.Pop():mioi.iswt0)                                                          or#20.itm                                                                                                                                                                                        0.4557  1.5443                         
    rdrv_n_0:run/reg(v1582.Push():mioi.iswt0)                                                         for#2:or.cse                                                                                                                                                                                     0.3708  1.6292                         
    rdrv_n_0:run/reg(v1581_rsp.Pop():mioi.iswt0)                                                      slc(fsm_output)(0)#1.itm                                                                                                                                                                         2.0000  0.0000                         
    rdrv_n_0:run/reg(done)                                                                            1#7                                                                                                                                                                                              2.0000  0.0000                         
    rdrv_n_0:run/reg(for#2:v1593)                                                                     z.out#1                                                                                                                                                                                          0.6791  1.3209                         
    rdrv_n_0:run/reg(dcred6)                                                                          dcred6:dcred6:dcred6:and.itm                                                                                                                                                                     0.7221  1.2779                         
    rdrv_n_0:run/reg(dcred6)#1                                                                        dcred6:dcred6:mux.itm                                                                                                                                                                            0.6380  1.3620                         
    rdrv_n_0:run/reg(l_S_t_1_t11:t11(7:0))                                                            l_S_t_1_t11:t11:l_S_t_1_t11:t11:l_S_t_1_t11:t11:and.itm                                                                                                                                          1.4474  0.5526                         
    rdrv_n_0:run/reg(l_S_t_1_t11:l_S_t_1_t11:mux1h)                                                   z.out#1                                                                                                                                                                                          0.6791  1.3209                         
    rdrv_n_0:run/reg(v1591(31:0))                                                                     z.out                                                                                                                                                                                            0.3694  1.6306                         
    rdrv_n_0:run/reg(l_S_t_1_t11:slc(l_S_t_1_t11:acc)(7))                                             l_S_t_1_t11:slc(l_S_t_1_t11:acc)(7).itm#1                                                                                                                                                        1.4411  0.5589                         
    rdrv_n_0:run/reg(l_S_t_1_t11:v1604:slc(l_S_t_1_t11:v1604:acc)(31).svs)                            l_S_t_1_t11:v1604:acc.itm(31)                                                                                                                                                                    1.4086  0.5914                         
    rdrv_n_0:run:v1581_req.Push():mioi:v1581_req.Push():mio:wait_dp/reg(v1581_req.Push():mioi.bcwt)   nor.itm                                                                                                                                                                                          1.3567  0.6433                         
    rdrv_n_0:run:v1581_rsp.Pop():mioi:v1581_rsp.Pop():mio:wait_dp/reg(v1581_rsp.Pop():mioi.bcwt)      nor#2.itm                                                                                                                                                                                        1.3567  0.6433                         
    rdrv_n_0:run:v1581_rsp.Pop():mioi:v1581_rsp.Pop():mio:wait_dp/reg(v1581_rsp.Pop():mioi.idat.bfwt) v1581_rsp.Pop():mioi.idat                                                                                                                                                                        0.2081  1.7919                         
    rdrv_n_0:run:v1580_req.Push():mioi:v1580_req.Push():mio:wait_dp/reg(v1580_req.Push():mioi.bcwt)   l_S_t_1_t11:if:nor.itm                                                                                                                                                                           1.3567  0.6433                         
    rdrv_n_0:run:v1580_rsp.Pop():mioi:v1580_rsp.Pop():mio:wait_dp/reg(v1580_rsp.Pop():mioi.bcwt)      l_S_t_1_t11:if:nor#2.itm                                                                                                                                                                         1.3567  0.6433                         
    rdrv_n_0:run:v1580_rsp.Pop():mioi:v1580_rsp.Pop():mio:wait_dp/reg(v1580_rsp.Pop():mioi.idat.bfwt) l_S_t_1_t11:if:slc(v1580_rsp.Pop():mioi.idat)(25-0)#1.itm                                                                                                                                        1.4416  0.5584                         
    rdrv_e_0:run/reg(v1528_req.Push():mioi.idat(32:1))                                                l_S_t_1_t10:l_S_t_1_t10:mux1h.itm                                                                                                                                                                1.7216  0.2784                         
    rdrv_e_0:run/reg(v1530.Push():mioi.idat(24:0))                                                    for#2:for#2:and.itm                                                                                                                                                                              0.3645  1.6355                         
    rdrv_e_0:run/reg(v1530.Push():mioi.idat(25))                                                      v1528_req.write_reset_check.ResetChecker:v1528_req.write_reset_check.ResetChecker:and.itm                                                                                                        0.4299  1.5701                         
    rdrv_e_0:run/reg(v1528_rsp.Pop():mioi.iswt0)                                                      and#33.itm                                                                                                                                                                                       1.4400  0.5600                         
    rdrv_e_0:run/reg(v1531.Pop():mioi.iswt0)                                                          or#20.itm                                                                                                                                                                                        0.4557  1.5443                         
    rdrv_e_0:run/reg(v1530.Push():mioi.iswt0)                                                         for#2:or.cse                                                                                                                                                                                     0.3708  1.6292                         
    rdrv_e_0:run/reg(v1529_rsp.Pop():mioi.iswt0)                                                      slc(fsm_output)(0)#1.itm                                                                                                                                                                         2.0000  0.0000                         
    rdrv_e_0:run/reg(done)                                                                            1#7                                                                                                                                                                                              2.0000  0.0000                         
    rdrv_e_0:run/reg(for#2:v1541)                                                                     z.out#1                                                                                                                                                                                          0.6791  1.3209                         
    rdrv_e_0:run/reg(dcred5)                                                                          dcred5:dcred5:dcred5:and.itm                                                                                                                                                                     0.7221  1.2779                         
    rdrv_e_0:run/reg(dcred5)#1                                                                        dcred5:dcred5:mux.itm                                                                                                                                                                            0.6380  1.3620                         
    rdrv_e_0:run/reg(l_S_t_1_t10:t10(7:0))                                                            l_S_t_1_t10:t10:l_S_t_1_t10:t10:l_S_t_1_t10:t10:and.itm                                                                                                                                          1.4474  0.5526                         
    rdrv_e_0:run/reg(l_S_t_1_t10:l_S_t_1_t10:mux1h)                                                   z.out#1                                                                                                                                                                                          0.6791  1.3209                         
    rdrv_e_0:run/reg(v1539(31:0))                                                                     z.out                                                                                                                                                                                            0.3694  1.6306                         
    rdrv_e_0:run/reg(l_S_t_1_t10:slc(l_S_t_1_t10:acc)(7))                                             l_S_t_1_t10:slc(l_S_t_1_t10:acc)(7).itm#1                                                                                                                                                        1.4411  0.5589                         
    rdrv_e_0:run/reg(l_S_t_1_t10:v1552:slc(l_S_t_1_t10:v1552:acc)(31).svs)                            l_S_t_1_t10:v1552:acc.itm(31)                                                                                                                                                                    1.4086  0.5914                         
    rdrv_e_0:run:v1529_req.Push():mioi:v1529_req.Push():mio:wait_dp/reg(v1529_req.Push():mioi.bcwt)   nor.itm                                                                                                                                                                                          1.3567  0.6433                         
    rdrv_e_0:run:v1529_rsp.Pop():mioi:v1529_rsp.Pop():mio:wait_dp/reg(v1529_rsp.Pop():mioi.bcwt)      nor#2.itm                                                                                                                                                                                        1.3567  0.6433                         
    rdrv_e_0:run:v1529_rsp.Pop():mioi:v1529_rsp.Pop():mio:wait_dp/reg(v1529_rsp.Pop():mioi.idat.bfwt) v1529_rsp.Pop():mioi.idat                                                                                                                                                                        0.2081  1.7919                         
    rdrv_e_0:run:v1528_req.Push():mioi:v1528_req.Push():mio:wait_dp/reg(v1528_req.Push():mioi.bcwt)   l_S_t_1_t10:if:nor.itm                                                                                                                                                                           1.3567  0.6433                         
    rdrv_e_0:run:v1528_rsp.Pop():mioi:v1528_rsp.Pop():mio:wait_dp/reg(v1528_rsp.Pop():mioi.bcwt)      l_S_t_1_t10:if:nor#2.itm                                                                                                                                                                         1.3567  0.6433                         
    rdrv_e_0:run:v1528_rsp.Pop():mioi:v1528_rsp.Pop():mio:wait_dp/reg(v1528_rsp.Pop():mioi.idat.bfwt) l_S_t_1_t10:if:slc(v1528_rsp.Pop():mioi.idat)(25-0)#1.itm                                                                                                                                        1.4416  0.5584                         
    rdrv_w_0:run/reg(v1476_req.Push():mioi.idat(32:1))                                                l_S_t_1_t9:l_S_t_1_t9:mux1h.itm                                                                                                                                                                  1.7216  0.2784                         
    rdrv_w_0:run/reg(v1478.Push():mioi.idat(24:0))                                                    for#2:for#2:and.itm                                                                                                                                                                              0.3645  1.6355                         
    rdrv_w_0:run/reg(v1478.Push():mioi.idat(25))                                                      v1476_req.write_reset_check.ResetChecker:v1476_req.write_reset_check.ResetChecker:and.itm                                                                                                        0.4299  1.5701                         
    rdrv_w_0:run/reg(v1476_rsp.Pop():mioi.iswt0)                                                      and#33.itm                                                                                                                                                                                       1.4400  0.5600                         
    rdrv_w_0:run/reg(v1479.Pop():mioi.iswt0)                                                          or#20.itm                                                                                                                                                                                        0.4557  1.5443                         
    rdrv_w_0:run/reg(v1478.Push():mioi.iswt0)                                                         for#2:or.cse                                                                                                                                                                                     0.3708  1.6292                         
    rdrv_w_0:run/reg(v1477_rsp.Pop():mioi.iswt0)                                                      slc(fsm_output)(0)#1.itm                                                                                                                                                                         2.0000  0.0000                         
    rdrv_w_0:run/reg(done)                                                                            1#7                                                                                                                                                                                              2.0000  0.0000                         
    rdrv_w_0:run/reg(for#2:v1489)                                                                     z.out#1                                                                                                                                                                                          0.6791  1.3209                         
    rdrv_w_0:run/reg(dcred4)                                                                          dcred4:dcred4:dcred4:and.itm                                                                                                                                                                     0.7221  1.2779                         
    rdrv_w_0:run/reg(dcred4)#1                                                                        dcred4:dcred4:mux.itm                                                                                                                                                                            0.6380  1.3620                         
    rdrv_w_0:run/reg(l_S_t_1_t9:t9(7:0))                                                              l_S_t_1_t9:t9:l_S_t_1_t9:t9:l_S_t_1_t9:t9:and.itm                                                                                                                                                1.4474  0.5526                         
    rdrv_w_0:run/reg(l_S_t_1_t9:l_S_t_1_t9:mux1h)                                                     z.out#1                                                                                                                                                                                          0.6791  1.3209                         
    rdrv_w_0:run/reg(v1487(31:0))                                                                     z.out                                                                                                                                                                                            0.3694  1.6306                         
    rdrv_w_0:run/reg(l_S_t_1_t9:slc(l_S_t_1_t9:acc)(7))                                               l_S_t_1_t9:slc(l_S_t_1_t9:acc)(7).itm#1                                                                                                                                                          1.4411  0.5589                         
    rdrv_w_0:run/reg(l_S_t_1_t9:v1500:slc(l_S_t_1_t9:v1500:acc)(31).svs)                              l_S_t_1_t9:v1500:acc.itm(31)                                                                                                                                                                     1.4086  0.5914                         
    rdrv_w_0:run:v1477_req.Push():mioi:v1477_req.Push():mio:wait_dp/reg(v1477_req.Push():mioi.bcwt)   nor.itm                                                                                                                                                                                          1.3567  0.6433                         
    rdrv_w_0:run:v1477_rsp.Pop():mioi:v1477_rsp.Pop():mio:wait_dp/reg(v1477_rsp.Pop():mioi.bcwt)      nor#2.itm                                                                                                                                                                                        1.3567  0.6433                         
    rdrv_w_0:run:v1477_rsp.Pop():mioi:v1477_rsp.Pop():mio:wait_dp/reg(v1477_rsp.Pop():mioi.idat.bfwt) v1477_rsp.Pop():mioi.idat                                                                                                                                                                        0.2081  1.7919                         
    rdrv_w_0:run:v1476_req.Push():mioi:v1476_req.Push():mio:wait_dp/reg(v1476_req.Push():mioi.bcwt)   l_S_t_1_t9:if:nor.itm                                                                                                                                                                            1.3567  0.6433                         
    rdrv_w_0:run:v1476_rsp.Pop():mioi:v1476_rsp.Pop():mio:wait_dp/reg(v1476_rsp.Pop():mioi.bcwt)      l_S_t_1_t9:if:nor#2.itm                                                                                                                                                                          1.3567  0.6433                         
    rdrv_w_0:run:v1476_rsp.Pop():mioi:v1476_rsp.Pop():mio:wait_dp/reg(v1476_rsp.Pop():mioi.idat.bfwt) l_S_t_1_t9:if:slc(v1476_rsp.Pop():mioi.idat)(25-0)#1.itm                                                                                                                                         1.4416  0.5584                         
    col_s_0:run/reg(v1443.Push():mioi.idat(1))                                                        v1441_req.write_reset_check.ResetChecker:v1441_req.write_reset_check.ResetChecker:v1441_req.write_reset_check.ResetChecker:for#2:not.itm                                                         0.5490  1.4510                         
    col_s_0:run/reg(v1441_req.Push():mioi.idat(8:1))                                                  k5:slc(k5.sva)(7-0).itm                                                                                                                                                                          1.8780  0.1220                         
    col_s_0:run/reg(v1441_req.Push():mioi.idat(24:9))                                                 l_S_t_1_t8:if:if:or.itm                                                                                                                                                                          1.3679  0.6321                         
    col_s_0:run/reg(v1443.Push():mioi.idat(0))                                                        v1441_req.write_reset_check.ResetChecker:v1441_req.write_reset_check.ResetChecker:and.itm                                                                                                        1.4050  0.5950                         
    col_s_0:run/reg(v1441_req.Push():mioi.iswt0)                                                      and#31.itm                                                                                                                                                                                       0.9967  1.0033                         
    col_s_0:run/reg(v1444.Pop():mioi.iswt0)                                                           or#14.itm                                                                                                                                                                                        1.7340  0.2660                         
    col_s_0:run/reg(v1443.Push():mioi.iswt0)                                                          for#2:or#1.cse                                                                                                                                                                                   1.7578  0.2422                         
    col_s_0:run/reg(v1442_rsp.Pop():mioi.iswt0)                                                       slc(fsm_output)(0)#1.itm                                                                                                                                                                         2.0000  0.0000                         
    col_s_0:run/reg(done)                                                                             1#8                                                                                                                                                                                              2.0000  0.0000                         
    col_s_0:run/reg(for#2:v1454)                                                                      z.out                                                                                                                                                                                            0.5872  1.4128                         
    col_s_0:run/reg(k5)                                                                               z.out                                                                                                                                                                                            0.5872  1.4128                         
    col_s_0:run/reg(v1452(31:0))                                                                      v1452(31:0).sva#1                                                                                                                                                                                0.4488  1.5512                         
    col_s_0:run/reg(l_S_t_1_t8:t8(7:0))                                                               l_S_t_1_t8:if:if:l_S_t_1_t8:if:if:l_S_t_1_t8:if:if:and.itm                                                                                                                                       1.4474  0.5526                         
    col_s_0:run/reg(l_S_t_1_t8:slc(l_S_t_1_t8:acc)(7))                                                l_S_t_1_t8:slc(l_S_t_1_t8:acc)(7).itm#2                                                                                                                                                          1.4411  0.5589                         
    col_s_0:run:v1442_req.Push():mioi:v1442_req.Push():mio:wait_dp/reg(v1442_req.Push():mioi.bcwt)    nor.itm                                                                                                                                                                                          1.3688  0.6312                         
    col_s_0:run:v1442_rsp.Pop():mioi:v1442_rsp.Pop():mio:wait_dp/reg(v1442_rsp.Pop():mioi.bcwt)       nor#2.itm                                                                                                                                                                                        1.3688  0.6312                         
    col_s_0:run:v1442_rsp.Pop():mioi:v1442_rsp.Pop():mio:wait_dp/reg(v1442_rsp.Pop():mioi.idat.bfwt)  v1442_rsp.Pop():mioi.idat                                                                                                                                                                        0.3116  1.6884                         
    col_s_0:run:v1443.Push():mioi:v1443.Push():mio:wait_dp/reg(v1443.Push():mioi.bcwt)                for#2:nor.itm                                                                                                                                                                                    1.3688  0.6312                         
    col_s_0:run:v1441_req.Push():mioi:v1441_req.Push():mio:wait_dp/reg(v1441_req.Push():mioi.bcwt)    l_S_t_1_t8:if:if:nor.itm                                                                                                                                                                         1.3688  0.6312                         
    col_n_0:run/reg(v1408.Push():mioi.idat(1))                                                        v1406_req.write_reset_check.ResetChecker:v1406_req.write_reset_check.ResetChecker:v1406_req.write_reset_check.ResetChecker:for#2:not.itm                                                         0.5490  1.4510                         
    col_n_0:run/reg(v1406_req.Push():mioi.idat(8:1))                                                  k4:slc(k4.sva)(7-0).itm                                                                                                                                                                          1.8780  0.1220                         
    col_n_0:run/reg(v1406_req.Push():mioi.idat(24:9))                                                 l_S_t_1_t7:if:if:or.itm                                                                                                                                                                          1.3679  0.6321                         
    col_n_0:run/reg(v1408.Push():mioi.idat(0))                                                        v1406_req.write_reset_check.ResetChecker:v1406_req.write_reset_check.ResetChecker:and.itm                                                                                                        1.4050  0.5950                         
    col_n_0:run/reg(v1406_req.Push():mioi.iswt0)                                                      and#31.itm                                                                                                                                                                                       0.9967  1.0033                         
    col_n_0:run/reg(v1409.Pop():mioi.iswt0)                                                           or#14.itm                                                                                                                                                                                        1.7340  0.2660                         
    col_n_0:run/reg(v1408.Push():mioi.iswt0)                                                          for#2:or#1.cse                                                                                                                                                                                   1.7578  0.2422                         
    col_n_0:run/reg(v1407_rsp.Pop():mioi.iswt0)                                                       slc(fsm_output)(0)#1.itm                                                                                                                                                                         2.0000  0.0000                         
    col_n_0:run/reg(done)                                                                             1#8                                                                                                                                                                                              2.0000  0.0000                         
    col_n_0:run/reg(for#2:v1419)                                                                      z.out                                                                                                                                                                                            0.5872  1.4128                         
    col_n_0:run/reg(k4)                                                                               z.out                                                                                                                                                                                            0.5872  1.4128                         
    col_n_0:run/reg(v1417(31:0))                                                                      v1417(31:0).sva#1                                                                                                                                                                                0.4488  1.5512                         
    col_n_0:run/reg(l_S_t_1_t7:t7(7:0))                                                               l_S_t_1_t7:if:if:l_S_t_1_t7:if:if:l_S_t_1_t7:if:if:and.itm                                                                                                                                       1.4474  0.5526                         
    col_n_0:run/reg(l_S_t_1_t7:slc(l_S_t_1_t7:acc)(7))                                                l_S_t_1_t7:slc(l_S_t_1_t7:acc)(7).itm#2                                                                                                                                                          1.4411  0.5589                         
    col_n_0:run:v1407_req.Push():mioi:v1407_req.Push():mio:wait_dp/reg(v1407_req.Push():mioi.bcwt)    nor.itm                                                                                                                                                                                          1.3688  0.6312                         
    col_n_0:run:v1407_rsp.Pop():mioi:v1407_rsp.Pop():mio:wait_dp/reg(v1407_rsp.Pop():mioi.bcwt)       nor#2.itm                                                                                                                                                                                        1.3688  0.6312                         
    col_n_0:run:v1407_rsp.Pop():mioi:v1407_rsp.Pop():mio:wait_dp/reg(v1407_rsp.Pop():mioi.idat.bfwt)  v1407_rsp.Pop():mioi.idat                                                                                                                                                                        0.3116  1.6884                         
    col_n_0:run:v1408.Push():mioi:v1408.Push():mio:wait_dp/reg(v1408.Push():mioi.bcwt)                for#2:nor.itm                                                                                                                                                                                    1.3688  0.6312                         
    col_n_0:run:v1406_req.Push():mioi:v1406_req.Push():mio:wait_dp/reg(v1406_req.Push():mioi.bcwt)    l_S_t_1_t7:if:if:nor.itm                                                                                                                                                                         1.3688  0.6312                         
    col_e_0:run/reg(v1373.Push():mioi.idat(1))                                                        v1371_req.write_reset_check.ResetChecker:v1371_req.write_reset_check.ResetChecker:v1371_req.write_reset_check.ResetChecker:for#2:not.itm                                                         0.5490  1.4510                         
    col_e_0:run/reg(v1371_req.Push():mioi.idat(8:1))                                                  k3:slc(k3.sva)(7-0).itm                                                                                                                                                                          1.8780  0.1220                         
    col_e_0:run/reg(v1371_req.Push():mioi.idat(24:9))                                                 l_S_t_1_t6:if:if:or.itm                                                                                                                                                                          1.3679  0.6321                         
    col_e_0:run/reg(v1373.Push():mioi.idat(0))                                                        v1371_req.write_reset_check.ResetChecker:v1371_req.write_reset_check.ResetChecker:and.itm                                                                                                        1.4050  0.5950                         
    col_e_0:run/reg(v1371_req.Push():mioi.iswt0)                                                      and#31.itm                                                                                                                                                                                       0.9967  1.0033                         
    col_e_0:run/reg(v1374.Pop():mioi.iswt0)                                                           or#14.itm                                                                                                                                                                                        1.7340  0.2660                         
    col_e_0:run/reg(v1373.Push():mioi.iswt0)                                                          for#2:or#1.cse                                                                                                                                                                                   1.7578  0.2422                         
    col_e_0:run/reg(v1372_rsp.Pop():mioi.iswt0)                                                       slc(fsm_output)(0)#1.itm                                                                                                                                                                         2.0000  0.0000                         
    col_e_0:run/reg(done)                                                                             1#8                                                                                                                                                                                              2.0000  0.0000                         
    col_e_0:run/reg(for#2:v1384)                                                                      z.out                                                                                                                                                                                            0.5872  1.4128                         
    col_e_0:run/reg(k3)                                                                               z.out                                                                                                                                                                                            0.5872  1.4128                         
    col_e_0:run/reg(v1382(31:0))                                                                      v1382(31:0).sva#1                                                                                                                                                                                0.4488  1.5512                         
    col_e_0:run/reg(l_S_t_1_t6:t6(7:0))                                                               l_S_t_1_t6:if:if:l_S_t_1_t6:if:if:l_S_t_1_t6:if:if:and.itm                                                                                                                                       1.4474  0.5526                         
    col_e_0:run/reg(l_S_t_1_t6:slc(l_S_t_1_t6:acc)(7))                                                l_S_t_1_t6:slc(l_S_t_1_t6:acc)(7).itm#2                                                                                                                                                          1.4411  0.5589                         
    col_e_0:run:v1372_req.Push():mioi:v1372_req.Push():mio:wait_dp/reg(v1372_req.Push():mioi.bcwt)    nor.itm                                                                                                                                                                                          1.3688  0.6312                         
    col_e_0:run:v1372_rsp.Pop():mioi:v1372_rsp.Pop():mio:wait_dp/reg(v1372_rsp.Pop():mioi.bcwt)       nor#2.itm                                                                                                                                                                                        1.3688  0.6312                         
    col_e_0:run:v1372_rsp.Pop():mioi:v1372_rsp.Pop():mio:wait_dp/reg(v1372_rsp.Pop():mioi.idat.bfwt)  v1372_rsp.Pop():mioi.idat                                                                                                                                                                        0.3116  1.6884                         
    col_e_0:run:v1373.Push():mioi:v1373.Push():mio:wait_dp/reg(v1373.Push():mioi.bcwt)                for#2:nor.itm                                                                                                                                                                                    1.3688  0.6312                         
    col_e_0:run:v1371_req.Push():mioi:v1371_req.Push():mio:wait_dp/reg(v1371_req.Push():mioi.bcwt)    l_S_t_1_t6:if:if:nor.itm                                                                                                                                                                         1.3688  0.6312                         
    col_w_0:run/reg(v1338.Push():mioi.idat(1))                                                        v1336_req.write_reset_check.ResetChecker:v1336_req.write_reset_check.ResetChecker:v1336_req.write_reset_check.ResetChecker:for#2:not.itm                                                         0.5490  1.4510                         
    col_w_0:run/reg(v1336_req.Push():mioi.idat(8:1))                                                  k2:slc(k2.sva)(7-0).itm                                                                                                                                                                          1.8780  0.1220                         
    col_w_0:run/reg(v1336_req.Push():mioi.idat(24:9))                                                 l_S_t_1_t5:if:if:or.itm                                                                                                                                                                          1.3679  0.6321                         
    col_w_0:run/reg(v1338.Push():mioi.idat(0))                                                        v1336_req.write_reset_check.ResetChecker:v1336_req.write_reset_check.ResetChecker:and.itm                                                                                                        1.4050  0.5950                         
    col_w_0:run/reg(v1336_req.Push():mioi.iswt0)                                                      and#31.itm                                                                                                                                                                                       0.9967  1.0033                         
    col_w_0:run/reg(v1339.Pop():mioi.iswt0)                                                           or#14.itm                                                                                                                                                                                        1.7340  0.2660                         
    col_w_0:run/reg(v1338.Push():mioi.iswt0)                                                          for#2:or#1.cse                                                                                                                                                                                   1.7578  0.2422                         
    col_w_0:run/reg(v1337_rsp.Pop():mioi.iswt0)                                                       slc(fsm_output)(0)#1.itm                                                                                                                                                                         2.0000  0.0000                         
    col_w_0:run/reg(done)                                                                             1#8                                                                                                                                                                                              2.0000  0.0000                         
    col_w_0:run/reg(for#2:v1349)                                                                      z.out                                                                                                                                                                                            0.5872  1.4128                         
    col_w_0:run/reg(k2)                                                                               z.out                                                                                                                                                                                            0.5872  1.4128                         
    col_w_0:run/reg(v1347(31:0))                                                                      v1347(31:0).sva#1                                                                                                                                                                                0.4488  1.5512                         
    col_w_0:run/reg(l_S_t_1_t5:t5(7:0))                                                               l_S_t_1_t5:if:if:l_S_t_1_t5:if:if:l_S_t_1_t5:if:if:and.itm                                                                                                                                       1.4474  0.5526                         
    col_w_0:run/reg(l_S_t_1_t5:slc(l_S_t_1_t5:acc)(7))                                                l_S_t_1_t5:slc(l_S_t_1_t5:acc)(7).itm#2                                                                                                                                                          1.4411  0.5589                         
    col_w_0:run:v1337_req.Push():mioi:v1337_req.Push():mio:wait_dp/reg(v1337_req.Push():mioi.bcwt)    nor.itm                                                                                                                                                                                          1.3688  0.6312                         
    col_w_0:run:v1337_rsp.Pop():mioi:v1337_rsp.Pop():mio:wait_dp/reg(v1337_rsp.Pop():mioi.bcwt)       nor#2.itm                                                                                                                                                                                        1.3688  0.6312                         
    col_w_0:run:v1337_rsp.Pop():mioi:v1337_rsp.Pop():mio:wait_dp/reg(v1337_rsp.Pop():mioi.idat.bfwt)  v1337_rsp.Pop():mioi.idat                                                                                                                                                                        0.3116  1.6884                         
    col_w_0:run:v1338.Push():mioi:v1338.Push():mio:wait_dp/reg(v1338.Push():mioi.bcwt)                for#2:nor.itm                                                                                                                                                                                    1.3688  0.6312                         
    col_w_0:run:v1336_req.Push():mioi:v1336_req.Push():mio:wait_dp/reg(v1336_req.Push():mioi.bcwt)    l_S_t_1_t5:if:if:nor.itm                                                                                                                                                                         1.3688  0.6312                         
    drv_s_0:run/reg(v1280_req.Push():mioi.idat(32:1))                                                 l_S_t_1_t4:l_S_t_1_t4:mux1h.itm                                                                                                                                                                  1.6769  0.3231                         
    drv_s_0:run/reg(v1279_req.Push():mioi.idat(24:1))                                                 l_S_t_1_t4:slc(l_S_t_1_t4:l_S_t_1_t4:mux1h.itm)(23-0).itm                                                                                                                                        1.8780  0.1220                         
    drv_s_0:run/reg(v1282.Push():mioi.idat(0))                                                        v1279_req.write_reset_check.ResetChecker:v1279_req.write_reset_check.ResetChecker:and.itm                                                                                                        0.3801  1.6199                         
    drv_s_0:run/reg(v1282.Push():mioi.idat(16:1))                                                     for#2:for#2:and.itm                                                                                                                                                                              0.3652  1.6348                         
    drv_s_0:run/reg(v1279_rsp.Pop():mioi.iswt0)                                                       and#70.cse                                                                                                                                                                                       1.3577  0.6423                         
    drv_s_0:run/reg(v1280_rsp.Pop():mioi.iswt0)                                                       and#72.itm                                                                                                                                                                                       1.3941  0.6059                         
    drv_s_0:run/reg(v1283.Pop():mioi.iswt0)                                                           or#60.itm                                                                                                                                                                                        0.4564  1.5436                         
    drv_s_0:run/reg(v1282.Push():mioi.iswt0)                                                          for#2:or.cse                                                                                                                                                                                     0.3715  1.6285                         
    drv_s_0:run/reg(v1281_rsp.Pop():mioi.iswt0)                                                       slc(fsm_output)(0)#3.itm                                                                                                                                                                         2.0000  0.0000                         
    drv_s_0:run/reg(done)                                                                             1#8                                                                                                                                                                                              2.0000  0.0000                         
    drv_s_0:run/reg(for#2:v1293)                                                                      for#2:v1293:for#2:v1293:mux.itm                                                                                                                                                                  0.9293  1.0707                         
    drv_s_0:run/reg(dcred3)                                                                           dcred3:dcred3:dcred3:and.itm                                                                                                                                                                     0.7228  1.2772                         
    drv_s_0:run/reg(dcred3)#1                                                                         dcred3:slc(l_S_t_1_t4:v1300:acc.sdt)(30-0).itm                                                                                                                                                   0.7944  1.2056                         
    drv_s_0:run/reg(l_S_t_1_t4:t4(7:0))                                                               l_S_t_1_t4:t4:l_S_t_1_t4:t4:l_S_t_1_t4:t4:and.itm                                                                                                                                                1.4474  0.5526                         
    drv_s_0:run/reg(l_S_t_1_t4:l_S_t_1_t4:mux1h)                                                      z.out#1                                                                                                                                                                                          0.6791  1.3209                         
    drv_s_0:run/reg(v1291(31:0))                                                                      z.out                                                                                                                                                                                            0.3700  1.6300                         
    drv_s_0:run/reg(l_S_t_1_t4:slc(l_S_t_1_t4:acc)(7))                                                l_S_t_1_t4:slc(l_S_t_1_t4:acc)(7).itm#1                                                                                                                                                          1.4411  0.5589                         
    drv_s_0:run/reg(l_S_t_1_t4:v1308:and.svs)                                                         l_S_t_1_t4:v1308:and.tmp                                                                                                                                                                         1.3627  0.6373                         
    drv_s_0:run/reg(l_S_t_1_t4:if:else:v1318:slc()(32).mdf)                                           l_S_t_1_t4:if:else:v1318:acc.itm(32)                                                                                                                                                             1.4204  0.5796                         
    drv_s_0:run/reg(l_S_t_1_t4:if:unequal)                                                            or#44.cse                                                                                                                                                                                        1.2758  0.7242                         
    drv_s_0:run:v1281_req.Push():mioi:v1281_req.Push():mio:wait_dp/reg(v1281_req.Push():mioi.bcwt)    nor.itm                                                                                                                                                                                          1.3375  0.6625                         
    drv_s_0:run:v1281_rsp.Pop():mioi:v1281_rsp.Pop():mio:wait_dp/reg(v1281_rsp.Pop():mioi.bcwt)       nor#2.itm                                                                                                                                                                                        1.3375  0.6625                         
    drv_s_0:run:v1281_rsp.Pop():mioi:v1281_rsp.Pop():mio:wait_dp/reg(v1281_rsp.Pop():mioi.idat.bfwt)  v1281_rsp.Pop():mioi.idat                                                                                                                                                                        0.2088  1.7912                         
    drv_s_0:run:v1280_req.Push():mioi:v1280_req.Push():mio:wait_dp/reg(v1280_req.Push():mioi.bcwt)    l_S_t_1_t4:if:nor.itm                                                                                                                                                                            1.3375  0.6625                         
    drv_s_0:run:v1280_rsp.Pop():mioi:v1280_rsp.Pop():mio:wait_dp/reg(v1280_rsp.Pop():mioi.bcwt)       l_S_t_1_t4:if:nor#2.itm                                                                                                                                                                          1.3375  0.6625                         
    drv_s_0:run:v1280_rsp.Pop():mioi:v1280_rsp.Pop():mio:wait_dp/reg(v1280_rsp.Pop():mioi.idat.bfwt)  v1280_rsp.Pop():mioi.idat                                                                                                                                                                        1.1194  0.8806                         
    drv_s_0:run:v1279_req.Push():mioi:v1279_req.Push():mio:wait_dp/reg(v1279_req.Push():mioi.bcwt)    l_S_t_1_t4:if:else:if:nor.itm                                                                                                                                                                    1.3375  0.6625                         
    drv_s_0:run:v1279_rsp.Pop():mioi:v1279_rsp.Pop():mio:wait_dp/reg(v1279_rsp.Pop():mioi.bcwt)       l_S_t_1_t4:if:else:if:nor#2.itm                                                                                                                                                                  1.3375  0.6625                         
    drv_s_0:run:v1279_rsp.Pop():mioi:v1279_rsp.Pop():mio:wait_dp/reg(v1279_rsp.Pop():mioi.idat.bfwt)  v1279_rsp.Pop():mioi.idat                                                                                                                                                                        1.2500  0.7500                         
    drv_n_0:run/reg(v1223_req.Push():mioi.idat(32:1))                                                 l_S_t_1_t3:l_S_t_1_t3:mux1h.itm                                                                                                                                                                  1.6769  0.3231                         
    drv_n_0:run/reg(v1222_req.Push():mioi.idat(24:1))                                                 l_S_t_1_t3:slc(l_S_t_1_t3:l_S_t_1_t3:mux1h.itm)(23-0).itm                                                                                                                                        1.8780  0.1220                         
    drv_n_0:run/reg(v1225.Push():mioi.idat(0))                                                        v1222_req.write_reset_check.ResetChecker:v1222_req.write_reset_check.ResetChecker:and.itm                                                                                                        0.3801  1.6199                         
    drv_n_0:run/reg(v1225.Push():mioi.idat(16:1))                                                     for#2:for#2:and.itm                                                                                                                                                                              0.3652  1.6348                         
    drv_n_0:run/reg(v1222_rsp.Pop():mioi.iswt0)                                                       and#70.cse                                                                                                                                                                                       1.3577  0.6423                         
    drv_n_0:run/reg(v1223_rsp.Pop():mioi.iswt0)                                                       and#72.itm                                                                                                                                                                                       1.3941  0.6059                         
    drv_n_0:run/reg(v1226.Pop():mioi.iswt0)                                                           or#60.itm                                                                                                                                                                                        0.4564  1.5436                         
    drv_n_0:run/reg(v1225.Push():mioi.iswt0)                                                          for#2:or.cse                                                                                                                                                                                     0.3715  1.6285                         
    drv_n_0:run/reg(v1224_rsp.Pop():mioi.iswt0)                                                       slc(fsm_output)(0)#3.itm                                                                                                                                                                         2.0000  0.0000                         
    drv_n_0:run/reg(done)                                                                             1#8                                                                                                                                                                                              2.0000  0.0000                         
    drv_n_0:run/reg(for#2:v1236)                                                                      for#2:v1236:for#2:v1236:mux.itm                                                                                                                                                                  0.9293  1.0707                         
    drv_n_0:run/reg(dcred2)                                                                           dcred2:dcred2:dcred2:and.itm                                                                                                                                                                     0.7228  1.2772                         
    drv_n_0:run/reg(dcred2)#1                                                                         dcred2:slc(l_S_t_1_t3:v1243:acc.sdt)(30-0).itm                                                                                                                                                   0.7944  1.2056                         
    drv_n_0:run/reg(l_S_t_1_t3:t3(7:0))                                                               l_S_t_1_t3:t3:l_S_t_1_t3:t3:l_S_t_1_t3:t3:and.itm                                                                                                                                                1.4474  0.5526                         
    drv_n_0:run/reg(l_S_t_1_t3:l_S_t_1_t3:mux1h)                                                      z.out#1                                                                                                                                                                                          0.6791  1.3209                         
    drv_n_0:run/reg(v1234(31:0))                                                                      z.out                                                                                                                                                                                            0.3700  1.6300                         
    drv_n_0:run/reg(l_S_t_1_t3:slc(l_S_t_1_t3:acc)(7))                                                l_S_t_1_t3:slc(l_S_t_1_t3:acc)(7).itm#1                                                                                                                                                          1.4411  0.5589                         
    drv_n_0:run/reg(l_S_t_1_t3:v1251:and.svs)                                                         l_S_t_1_t3:v1251:and.tmp                                                                                                                                                                         1.3627  0.6373                         
    drv_n_0:run/reg(l_S_t_1_t3:if:else:v1261:slc()(32).mdf)                                           l_S_t_1_t3:if:else:v1261:acc.itm(32)                                                                                                                                                             1.4204  0.5796                         
    drv_n_0:run/reg(l_S_t_1_t3:if:unequal)                                                            or#44.cse                                                                                                                                                                                        1.2758  0.7242                         
    drv_n_0:run:v1224_req.Push():mioi:v1224_req.Push():mio:wait_dp/reg(v1224_req.Push():mioi.bcwt)    nor.itm                                                                                                                                                                                          1.3375  0.6625                         
    drv_n_0:run:v1224_rsp.Pop():mioi:v1224_rsp.Pop():mio:wait_dp/reg(v1224_rsp.Pop():mioi.bcwt)       nor#2.itm                                                                                                                                                                                        1.3375  0.6625                         
    drv_n_0:run:v1224_rsp.Pop():mioi:v1224_rsp.Pop():mio:wait_dp/reg(v1224_rsp.Pop():mioi.idat.bfwt)  v1224_rsp.Pop():mioi.idat                                                                                                                                                                        0.2088  1.7912                         
    drv_n_0:run:v1223_req.Push():mioi:v1223_req.Push():mio:wait_dp/reg(v1223_req.Push():mioi.bcwt)    l_S_t_1_t3:if:nor.itm                                                                                                                                                                            1.3375  0.6625                         
    drv_n_0:run:v1223_rsp.Pop():mioi:v1223_rsp.Pop():mio:wait_dp/reg(v1223_rsp.Pop():mioi.bcwt)       l_S_t_1_t3:if:nor#2.itm                                                                                                                                                                          1.3375  0.6625                         
    drv_n_0:run:v1223_rsp.Pop():mioi:v1223_rsp.Pop():mio:wait_dp/reg(v1223_rsp.Pop():mioi.idat.bfwt)  v1223_rsp.Pop():mioi.idat                                                                                                                                                                        1.1194  0.8806                         
    drv_n_0:run:v1222_req.Push():mioi:v1222_req.Push():mio:wait_dp/reg(v1222_req.Push():mioi.bcwt)    l_S_t_1_t3:if:else:if:nor.itm                                                                                                                                                                    1.3375  0.6625                         
    drv_n_0:run:v1222_rsp.Pop():mioi:v1222_rsp.Pop():mio:wait_dp/reg(v1222_rsp.Pop():mioi.bcwt)       l_S_t_1_t3:if:else:if:nor#2.itm                                                                                                                                                                  1.3375  0.6625                         
    drv_n_0:run:v1222_rsp.Pop():mioi:v1222_rsp.Pop():mio:wait_dp/reg(v1222_rsp.Pop():mioi.idat.bfwt)  v1222_rsp.Pop():mioi.idat                                                                                                                                                                        1.2500  0.7500                         
    drv_e_0:run/reg(v1166_req.Push():mioi.idat(32:1))                                                 l_S_t_1_t2:l_S_t_1_t2:mux1h.itm                                                                                                                                                                  1.6769  0.3231                         
    drv_e_0:run/reg(v1165_req.Push():mioi.idat(24:1))                                                 l_S_t_1_t2:slc(l_S_t_1_t2:l_S_t_1_t2:mux1h.itm)(23-0).itm                                                                                                                                        1.8780  0.1220                         
    drv_e_0:run/reg(v1168.Push():mioi.idat(0))                                                        v1165_req.write_reset_check.ResetChecker:v1165_req.write_reset_check.ResetChecker:and.itm                                                                                                        0.3801  1.6199                         
    drv_e_0:run/reg(v1168.Push():mioi.idat(16:1))                                                     for#2:for#2:and.itm                                                                                                                                                                              0.3652  1.6348                         
    drv_e_0:run/reg(v1165_rsp.Pop():mioi.iswt0)                                                       and#70.cse                                                                                                                                                                                       1.3577  0.6423                         
    drv_e_0:run/reg(v1166_rsp.Pop():mioi.iswt0)                                                       and#72.itm                                                                                                                                                                                       1.3941  0.6059                         
    drv_e_0:run/reg(v1169.Pop():mioi.iswt0)                                                           or#60.itm                                                                                                                                                                                        0.4564  1.5436                         
    drv_e_0:run/reg(v1168.Push():mioi.iswt0)                                                          for#2:or.cse                                                                                                                                                                                     0.3715  1.6285                         
    drv_e_0:run/reg(v1167_rsp.Pop():mioi.iswt0)                                                       slc(fsm_output)(0)#3.itm                                                                                                                                                                         2.0000  0.0000                         
    drv_e_0:run/reg(done)                                                                             1#8                                                                                                                                                                                              2.0000  0.0000                         
    drv_e_0:run/reg(for#2:v1179)                                                                      for#2:v1179:for#2:v1179:mux.itm                                                                                                                                                                  0.9293  1.0707                         
    drv_e_0:run/reg(dcred1)                                                                           dcred1:dcred1:dcred1:and.itm                                                                                                                                                                     0.7228  1.2772                         
    drv_e_0:run/reg(dcred1)#1                                                                         dcred1:slc(l_S_t_1_t2:v1186:acc.sdt)(30-0).itm                                                                                                                                                   0.7944  1.2056                         
    drv_e_0:run/reg(l_S_t_1_t2:t2(7:0))                                                               l_S_t_1_t2:t2:l_S_t_1_t2:t2:l_S_t_1_t2:t2:and.itm                                                                                                                                                1.4474  0.5526                         
    drv_e_0:run/reg(l_S_t_1_t2:l_S_t_1_t2:mux1h)                                                      z.out#1                                                                                                                                                                                          0.6791  1.3209                         
    drv_e_0:run/reg(v1177(31:0))                                                                      z.out                                                                                                                                                                                            0.3700  1.6300                         
    drv_e_0:run/reg(l_S_t_1_t2:slc(l_S_t_1_t2:acc)(7))                                                l_S_t_1_t2:slc(l_S_t_1_t2:acc)(7).itm#1                                                                                                                                                          1.4411  0.5589                         
    drv_e_0:run/reg(l_S_t_1_t2:v1194:and.svs)                                                         l_S_t_1_t2:v1194:and.tmp                                                                                                                                                                         1.3627  0.6373                         
    drv_e_0:run/reg(l_S_t_1_t2:if:else:v1204:slc()(32).mdf)                                           l_S_t_1_t2:if:else:v1204:acc.itm(32)                                                                                                                                                             1.4204  0.5796                         
    drv_e_0:run/reg(l_S_t_1_t2:if:unequal)                                                            or#44.cse                                                                                                                                                                                        1.2758  0.7242                         
    drv_e_0:run:v1167_req.Push():mioi:v1167_req.Push():mio:wait_dp/reg(v1167_req.Push():mioi.bcwt)    nor.itm                                                                                                                                                                                          1.3375  0.6625                         
    drv_e_0:run:v1167_rsp.Pop():mioi:v1167_rsp.Pop():mio:wait_dp/reg(v1167_rsp.Pop():mioi.bcwt)       nor#2.itm                                                                                                                                                                                        1.3375  0.6625                         
    drv_e_0:run:v1167_rsp.Pop():mioi:v1167_rsp.Pop():mio:wait_dp/reg(v1167_rsp.Pop():mioi.idat.bfwt)  v1167_rsp.Pop():mioi.idat                                                                                                                                                                        0.2088  1.7912                         
    drv_e_0:run:v1166_req.Push():mioi:v1166_req.Push():mio:wait_dp/reg(v1166_req.Push():mioi.bcwt)    l_S_t_1_t2:if:nor.itm                                                                                                                                                                            1.3375  0.6625                         
    drv_e_0:run:v1166_rsp.Pop():mioi:v1166_rsp.Pop():mio:wait_dp/reg(v1166_rsp.Pop():mioi.bcwt)       l_S_t_1_t2:if:nor#2.itm                                                                                                                                                                          1.3375  0.6625                         
    drv_e_0:run:v1166_rsp.Pop():mioi:v1166_rsp.Pop():mio:wait_dp/reg(v1166_rsp.Pop():mioi.idat.bfwt)  v1166_rsp.Pop():mioi.idat                                                                                                                                                                        1.1194  0.8806                         
    drv_e_0:run:v1165_req.Push():mioi:v1165_req.Push():mio:wait_dp/reg(v1165_req.Push():mioi.bcwt)    l_S_t_1_t2:if:else:if:nor.itm                                                                                                                                                                    1.3375  0.6625                         
    drv_e_0:run:v1165_rsp.Pop():mioi:v1165_rsp.Pop():mio:wait_dp/reg(v1165_rsp.Pop():mioi.bcwt)       l_S_t_1_t2:if:else:if:nor#2.itm                                                                                                                                                                  1.3375  0.6625                         
    drv_e_0:run:v1165_rsp.Pop():mioi:v1165_rsp.Pop():mio:wait_dp/reg(v1165_rsp.Pop():mioi.idat.bfwt)  v1165_rsp.Pop():mioi.idat                                                                                                                                                                        1.2500  0.7500                         
    drv_w_0:run/reg(v1109_req.Push():mioi.idat(32:1))                                                 l_S_t_1_t1:l_S_t_1_t1:mux1h.itm                                                                                                                                                                  1.6769  0.3231                         
    drv_w_0:run/reg(v1108_req.Push():mioi.idat(24:1))                                                 l_S_t_1_t1:slc(l_S_t_1_t1:l_S_t_1_t1:mux1h.itm)(23-0).itm                                                                                                                                        1.8780  0.1220                         
    drv_w_0:run/reg(v1111.Push():mioi.idat(0))                                                        v1108_req.write_reset_check.ResetChecker:v1108_req.write_reset_check.ResetChecker:and.itm                                                                                                        0.3801  1.6199                         
    drv_w_0:run/reg(v1111.Push():mioi.idat(16:1))                                                     for#2:for#2:and.itm                                                                                                                                                                              0.3652  1.6348                         
    drv_w_0:run/reg(v1108_rsp.Pop():mioi.iswt0)                                                       and#70.cse                                                                                                                                                                                       1.3577  0.6423                         
    drv_w_0:run/reg(v1109_rsp.Pop():mioi.iswt0)                                                       and#72.itm                                                                                                                                                                                       1.3941  0.6059                         
    drv_w_0:run/reg(v1112.Pop():mioi.iswt0)                                                           or#60.itm                                                                                                                                                                                        0.4564  1.5436                         
    drv_w_0:run/reg(v1111.Push():mioi.iswt0)                                                          for#2:or.cse                                                                                                                                                                                     0.3715  1.6285                         
    drv_w_0:run/reg(v1110_rsp.Pop():mioi.iswt0)                                                       slc(fsm_output)(0)#3.itm                                                                                                                                                                         2.0000  0.0000                         
    drv_w_0:run/reg(done)                                                                             1#8                                                                                                                                                                                              2.0000  0.0000                         
    drv_w_0:run/reg(for#2:v1122)                                                                      for#2:v1122:for#2:v1122:mux.itm                                                                                                                                                                  0.9293  1.0707                         
    drv_w_0:run/reg(dcred)                                                                            dcred:dcred:dcred:and.itm                                                                                                                                                                        0.7228  1.2772                         
    drv_w_0:run/reg(dcred)#1                                                                          dcred:slc(l_S_t_1_t1:v1129:acc.sdt)(30-0).itm                                                                                                                                                    0.7944  1.2056                         
    drv_w_0:run/reg(l_S_t_1_t1:t1(7:0))                                                               l_S_t_1_t1:t1:l_S_t_1_t1:t1:l_S_t_1_t1:t1:and.itm                                                                                                                                                1.4474  0.5526                         
    drv_w_0:run/reg(l_S_t_1_t1:l_S_t_1_t1:mux1h)                                                      z.out#1                                                                                                                                                                                          0.6791  1.3209                         
    drv_w_0:run/reg(v1120(31:0))                                                                      z.out                                                                                                                                                                                            0.3700  1.6300                         
    drv_w_0:run/reg(l_S_t_1_t1:slc(l_S_t_1_t1:acc)(7))                                                l_S_t_1_t1:slc(l_S_t_1_t1:acc)(7).itm#1                                                                                                                                                          1.4411  0.5589                         
    drv_w_0:run/reg(l_S_t_1_t1:v1137:and.svs)                                                         l_S_t_1_t1:v1137:and.tmp                                                                                                                                                                         1.3627  0.6373                         
    drv_w_0:run/reg(l_S_t_1_t1:if:else:v1147:slc()(32).mdf)                                           l_S_t_1_t1:if:else:v1147:acc.itm(32)                                                                                                                                                             1.4204  0.5796                         
    drv_w_0:run/reg(l_S_t_1_t1:if:unequal)                                                            or#44.cse                                                                                                                                                                                        1.2758  0.7242                         
    drv_w_0:run:v1110_req.Push():mioi:v1110_req.Push():mio:wait_dp/reg(v1110_req.Push():mioi.bcwt)    nor.itm                                                                                                                                                                                          1.3375  0.6625                         
    drv_w_0:run:v1110_rsp.Pop():mioi:v1110_rsp.Pop():mio:wait_dp/reg(v1110_rsp.Pop():mioi.bcwt)       nor#2.itm                                                                                                                                                                                        1.3375  0.6625                         
    drv_w_0:run:v1110_rsp.Pop():mioi:v1110_rsp.Pop():mio:wait_dp/reg(v1110_rsp.Pop():mioi.idat.bfwt)  v1110_rsp.Pop():mioi.idat                                                                                                                                                                        0.2088  1.7912                         
    drv_w_0:run:v1109_req.Push():mioi:v1109_req.Push():mio:wait_dp/reg(v1109_req.Push():mioi.bcwt)    l_S_t_1_t1:if:nor.itm                                                                                                                                                                            1.3375  0.6625                         
    drv_w_0:run:v1109_rsp.Pop():mioi:v1109_rsp.Pop():mio:wait_dp/reg(v1109_rsp.Pop():mioi.bcwt)       l_S_t_1_t1:if:nor#2.itm                                                                                                                                                                          1.3375  0.6625                         
    drv_w_0:run:v1109_rsp.Pop():mioi:v1109_rsp.Pop():mio:wait_dp/reg(v1109_rsp.Pop():mioi.idat.bfwt)  v1109_rsp.Pop():mioi.idat                                                                                                                                                                        1.1194  0.8806                         
    drv_w_0:run:v1108_req.Push():mioi:v1108_req.Push():mio:wait_dp/reg(v1108_req.Push():mioi.bcwt)    l_S_t_1_t1:if:else:if:nor.itm                                                                                                                                                                    1.3375  0.6625                         
    drv_w_0:run:v1108_rsp.Pop():mioi:v1108_rsp.Pop():mio:wait_dp/reg(v1108_rsp.Pop():mioi.bcwt)       l_S_t_1_t1:if:else:if:nor#2.itm                                                                                                                                                                  1.3375  0.6625                         
    drv_w_0:run:v1108_rsp.Pop():mioi:v1108_rsp.Pop():mio:wait_dp/reg(v1108_rsp.Pop():mioi.idat.bfwt)  v1108_rsp.Pop():mioi.idat                                                                                                                                                                        1.2500  0.7500                         
    node_0_0:run/reg(v12.Push():mioi.idat(1))                                                         v0_req.write_reset_check.ResetChecker:v0_req.write_reset_check.ResetChecker:v0_req.write_reset_check.ResetChecker:not.itm                                                                        1.1913  0.8087                         
    node_0_0:run/reg(v16.Push():mioi.idat(1:0))                                                       l_S_k_7_k:k:l_S_k_7_k:k:l_S_k_7_k:k:nor.itm                                                                                                                                                      1.2178  0.7822                         
    node_0_0:run/reg(v16.Push():mioi.idat(1:0))#1                                                     l_S_k_7_k:k:l_S_k_7_k:k:and#7.itm                                                                                                                                                                1.8321  0.1679                         
    node_0_0:run/reg(v15.Push():mioi.idat(1:0))#1                                                     l_S_k_7_k:k:l_S_k_7_k:k:and#6.itm                                                                                                                                                                1.8321  0.1679                         
    node_0_0:run/reg(v14.Push():mioi.idat(1:0))#1                                                     l_S_k_7_k:k:l_S_k_7_k:k:and#5.itm                                                                                                                                                                1.8321  0.1679                         
    node_0_0:run/reg(v13.Push():mioi.idat(1:0))#1                                                     l_S_k_7_k:k:l_S_k_7_k:k:and#4.itm                                                                                                                                                                1.8321  0.1679                         
    node_0_0:run/reg(v12.Push():mioi.idat(0))                                                         v0_req.write_reset_check.ResetChecker:v0_req.write_reset_check.ResetChecker:and.itm                                                                                                              1.1454  0.8546                         
    node_0_0:run/reg(v11.Push():mioi.idat(0))                                                         v0_req.write_reset_check.ResetChecker:v0_req.write_reset_check.ResetChecker:and#1.itm                                                                                                            1.1454  0.8546                         
    node_0_0:run/reg(v10.Push():mioi.idat(0))                                                         v0_req.write_reset_check.ResetChecker:v0_req.write_reset_check.ResetChecker:and#2.itm                                                                                                            1.1454  0.8546                         
    node_0_0:run/reg(v9.Push():mioi.idat(0))                                                          v0_req.write_reset_check.ResetChecker:v0_req.write_reset_check.ResetChecker:and#3.itm                                                                                                            1.1454  0.8546                         
    node_0_0:run/reg(v8.Push():mioi.idat(0))                                                          v0_req.write_reset_check.ResetChecker:v0_req.write_reset_check.ResetChecker:and#4.itm                                                                                                            1.1454  0.8546                         
    node_0_0:run/reg(v7.Push():mioi.idat(0))                                                          v0_req.write_reset_check.ResetChecker:v0_req.write_reset_check.ResetChecker:and#5.itm                                                                                                            1.1454  0.8546                         
    node_0_0:run/reg(v6.Push():mioi.idat(0))                                                          v0_req.write_reset_check.ResetChecker:v0_req.write_reset_check.ResetChecker:and#6.itm                                                                                                            1.1454  0.8546                         
    node_0_0:run/reg(v5.Push():mioi.idat(0))                                                          v0_req.write_reset_check.ResetChecker:v0_req.write_reset_check.ResetChecker:and#7.itm                                                                                                            1.1454  0.8546                         
    node_0_0:run/reg(v4.Push():mioi.idat(15:0))                                                       and#2999.itm                                                                                                                                                                                     1.1454  0.8546                         
    node_0_0:run/reg(v4.Push():mioi.idat(19:16))                                                      and#3000.itm                                                                                                                                                                                     1.1454  0.8546                         
    node_0_0:run/reg(v4.Push():mioi.idat(20))                                                         v0_req.write_reset_check.ResetChecker:v0_req.write_reset_check.ResetChecker:and#8.itm                                                                                                            1.1454  0.8546                         
    node_0_0:run/reg(v4.Push():mioi.idat(24:21))                                                      and#3001.itm                                                                                                                                                                                     1.1454  0.8546                         
    node_0_0:run/reg(v4.Push():mioi.idat(25))                                                         v0_req.write_reset_check.ResetChecker:v0_req.write_reset_check.ResetChecker:and#9.itm                                                                                                            1.1454  0.8546                         
    node_0_0:run/reg(v3.Push():mioi.idat(15:0))                                                       and#3002.itm                                                                                                                                                                                     1.1454  0.8546                         
    node_0_0:run/reg(v3.Push():mioi.idat(19:16))                                                      and#3003.itm                                                                                                                                                                                     1.1454  0.8546                         
    node_0_0:run/reg(v3.Push():mioi.idat(20))                                                         v0_req.write_reset_check.ResetChecker:v0_req.write_reset_check.ResetChecker:and#10.itm                                                                                                           1.1454  0.8546                         
    node_0_0:run/reg(v3.Push():mioi.idat(24:21))                                                      and#3004.itm                                                                                                                                                                                     1.1454  0.8546                         
    node_0_0:run/reg(v3.Push():mioi.idat(25))                                                         v0_req.write_reset_check.ResetChecker:v0_req.write_reset_check.ResetChecker:and#11.itm                                                                                                           1.1454  0.8546                         
    node_0_0:run/reg(v2.Push():mioi.idat(15:0))                                                       and#3005.itm                                                                                                                                                                                     1.1454  0.8546                         
    node_0_0:run/reg(v2.Push():mioi.idat(19:16))                                                      and#3006.itm                                                                                                                                                                                     1.1454  0.8546                         
    node_0_0:run/reg(v2.Push():mioi.idat(20))                                                         v0_req.write_reset_check.ResetChecker:v0_req.write_reset_check.ResetChecker:and#12.itm                                                                                                           1.1454  0.8546                         
    node_0_0:run/reg(v2.Push():mioi.idat(24:21))                                                      and#3007.itm                                                                                                                                                                                     1.1454  0.8546                         
    node_0_0:run/reg(v2.Push():mioi.idat(25))                                                         v0_req.write_reset_check.ResetChecker:v0_req.write_reset_check.ResetChecker:and#13.itm                                                                                                           1.1454  0.8546                         
    node_0_0:run/reg(v1.Push():mioi.idat(15:0))                                                       and#3008.itm                                                                                                                                                                                     1.1454  0.8546                         
    node_0_0:run/reg(v1.Push():mioi.idat(19:16))                                                      and#3009.itm                                                                                                                                                                                     1.1454  0.8546                         
    node_0_0:run/reg(v1.Push():mioi.idat(20))                                                         v0_req.write_reset_check.ResetChecker:v0_req.write_reset_check.ResetChecker:and#14.itm                                                                                                           1.1454  0.8546                         
    node_0_0:run/reg(v1.Push():mioi.idat(24:21))                                                      and#3010.itm                                                                                                                                                                                     1.1454  0.8546                         
    node_0_0:run/reg(v1.Push():mioi.idat(25))                                                         v0_req.write_reset_check.ResetChecker:v0_req.write_reset_check.ResetChecker:and#15.itm                                                                                                           1.1454  0.8546                         
    node_0_0:run/reg(v32.Pop():mioi.iswt0)                                                            or.tmp#816                                                                                                                                                                                       1.5682  0.4318                         
    node_0_0:run/reg(v28.Pop():mioi.iswt0)                                                            or#1608.itm                                                                                                                                                                                      1.7340  0.2660                         
    node_0_0:run/reg(v16.Push():mioi.iswt0)                                                           for#25:or#4.cse                                                                                                                                                                                  1.1721  0.8279                         
    node_0_0:run/reg(v4.Push():mioi.iswt0)                                                            or#1610.itm                                                                                                                                                                                      1.2092  0.7908                         
    node_0_0:run/reg(v0_rsp.Pop():mioi.iswt0)                                                         slc(fsm_output)(0)#6.itm                                                                                                                                                                         2.0000  0.0000                         
    node_0_0:run/reg(done)                                                                            1#13                                                                                                                                                                                             2.0000  0.0000                         
    node_0_0:run/reg(for#25:v122)                                                                     for#25:v122:slc(for#25:acc#1.sdt)(31-26).itm                                                                                                                                                     0.6764  1.3236                         
    node_0_0:run/reg(for#25:v122)#1                                                                   for#25:v122:for#25:v122:for#25:v122:mux1h.itm                                                                                                                                                    0.7365  1.2635                         
    node_0_0:run/reg(exit:for#25)                                                                     for#25:mux1h#2.itm                                                                                                                                                                               0.6637  1.3363                         
    node_0_0:run/reg(exit:for#3)                                                                      for#3:for#3:mux.itm                                                                                                                                                                              1.1801  0.8199                         
    node_0_0:run/reg(csd_pkt(25))                                                                     csd_pkt:csd_pkt:mux.itm                                                                                                                                                                          1.2156  0.7844                         
    node_0_0:run/reg(sb_rvld(0)(0))                                                                   sb_rvld(0)(0).lpi#2                                                                                                                                                                              1.8780  0.1220                         
    node_0_0:run/reg(sb_rtr(0)(0))                                                                    sb_rtr(0)(0).lpi#2                                                                                                                                                                               1.4646  0.5354                         
    node_0_0:run/reg(drf.d(7))                                                                        l_S_t_1_t:l_S_t_1_t:mux.cse                                                                                                                                                                      1.5889  0.4111                         
    node_0_0:run/reg(drf.d(7))#1                                                                      l_S_t_1_t:l_S_t_1_t:mux#30.cse                                                                                                                                                                   1.5779  0.4221                         
    node_0_0:run/reg(drf.d(7))#2                                                                      l_S_t_1_t:l_S_t_1_t:mux#31.cse                                                                                                                                                                   1.5889  0.4111                         
    node_0_0:run/reg(drf.d(7))#3                                                                      l_S_t_1_t:l_S_t_1_t:mux#32.cse                                                                                                                                                                   1.5205  0.4795                         
    node_0_0:run/reg(drf.d(0))                                                                        l_S_t_1_t:l_S_t_1_t:mux.cse                                                                                                                                                                      1.5889  0.4111                         
    node_0_0:run/reg(drf.d(0))#1                                                                      l_S_t_1_t:l_S_t_1_t:mux#30.cse                                                                                                                                                                   1.5779  0.4221                         
    node_0_0:run/reg(drf.d(0))#2                                                                      l_S_t_1_t:l_S_t_1_t:mux#31.cse                                                                                                                                                                   1.5889  0.4111                         
    node_0_0:run/reg(drf.d(0))#3                                                                      l_S_t_1_t:l_S_t_1_t:mux#32.cse                                                                                                                                                                   1.5205  0.4795                         
    node_0_0:run/reg(drf.d(6))                                                                        l_S_t_1_t:l_S_t_1_t:mux.cse                                                                                                                                                                      1.5889  0.4111                         
    node_0_0:run/reg(drf.d(6))#1                                                                      l_S_t_1_t:l_S_t_1_t:mux#30.cse                                                                                                                                                                   1.5779  0.4221                         
    node_0_0:run/reg(drf.d(6))#2                                                                      l_S_t_1_t:l_S_t_1_t:mux#31.cse                                                                                                                                                                   1.5889  0.4111                         
    node_0_0:run/reg(drf.d(6))#3                                                                      l_S_t_1_t:l_S_t_1_t:mux#32.cse                                                                                                                                                                   1.5205  0.4795                         
    node_0_0:run/reg(drf.d(1))                                                                        l_S_t_1_t:l_S_t_1_t:mux.cse                                                                                                                                                                      1.5889  0.4111                         
    node_0_0:run/reg(drf.d(1))#1                                                                      l_S_t_1_t:l_S_t_1_t:mux#30.cse                                                                                                                                                                   1.5779  0.4221                         
    node_0_0:run/reg(drf.d(1))#2                                                                      l_S_t_1_t:l_S_t_1_t:mux#31.cse                                                                                                                                                                   1.5889  0.4111                         
    node_0_0:run/reg(drf.d(1))#3                                                                      l_S_t_1_t:l_S_t_1_t:mux#32.cse                                                                                                                                                                   1.5205  0.4795                         
    node_0_0:run/reg(drf.d(5))                                                                        l_S_t_1_t:l_S_t_1_t:mux.cse                                                                                                                                                                      1.5889  0.4111                         
    node_0_0:run/reg(drf.d(5))#1                                                                      l_S_t_1_t:l_S_t_1_t:mux#30.cse                                                                                                                                                                   1.5779  0.4221                         
    node_0_0:run/reg(drf.d(5))#2                                                                      l_S_t_1_t:l_S_t_1_t:mux#31.cse                                                                                                                                                                   1.5889  0.4111                         
    node_0_0:run/reg(drf.d(5))#3                                                                      l_S_t_1_t:l_S_t_1_t:mux#32.cse                                                                                                                                                                   1.5205  0.4795                         
    node_0_0:run/reg(drf.d(2))                                                                        l_S_t_1_t:l_S_t_1_t:mux.cse                                                                                                                                                                      1.5889  0.4111                         
    node_0_0:run/reg(drf.d(2))#1                                                                      l_S_t_1_t:l_S_t_1_t:mux#30.cse                                                                                                                                                                   1.5779  0.4221                         
    node_0_0:run/reg(drf.d(2))#2                                                                      l_S_t_1_t:l_S_t_1_t:mux#31.cse                                                                                                                                                                   1.5889  0.4111                         
    node_0_0:run/reg(drf.d(2))#3                                                                      l_S_t_1_t:l_S_t_1_t:mux#32.cse                                                                                                                                                                   1.5205  0.4795                         
    node_0_0:run/reg(drf.d(4))                                                                        l_S_t_1_t:l_S_t_1_t:mux.cse                                                                                                                                                                      1.5889  0.4111                         
    node_0_0:run/reg(drf.d(4))#1                                                                      l_S_t_1_t:l_S_t_1_t:mux#30.cse                                                                                                                                                                   1.5779  0.4221                         
    node_0_0:run/reg(drf.d(4))#2                                                                      l_S_t_1_t:l_S_t_1_t:mux#31.cse                                                                                                                                                                   1.5889  0.4111                         
    node_0_0:run/reg(drf.d(4))#3                                                                      l_S_t_1_t:l_S_t_1_t:mux#32.cse                                                                                                                                                                   1.5205  0.4795                         
    node_0_0:run/reg(drf.d(3))                                                                        l_S_t_1_t:l_S_t_1_t:mux.cse                                                                                                                                                                      1.5889  0.4111                         
    node_0_0:run/reg(drf.d(3))#1                                                                      l_S_t_1_t:l_S_t_1_t:mux#30.cse                                                                                                                                                                   1.5779  0.4221                         
    node_0_0:run/reg(drf.d(3))#2                                                                      l_S_t_1_t:l_S_t_1_t:mux#31.cse                                                                                                                                                                   1.5889  0.4111                         
    node_0_0:run/reg(drf.d(3))#3                                                                      l_S_t_1_t:l_S_t_1_t:mux#32.cse                                                                                                                                                                   1.5205  0.4795                         
    node_0_0:run/reg(drf_full(7)(0))                                                                  l_S_t_1_t:if#5:mux1h.itm                                                                                                                                                                         0.7879  1.2121                         
    node_0_0:run/reg(drf_full(6)(0))                                                                  l_S_t_1_t:if#5:mux1h#1.itm                                                                                                                                                                       0.7879  1.2121                         
    node_0_0:run/reg(drf_full(5)(0))                                                                  l_S_t_1_t:if#5:mux1h#2.itm                                                                                                                                                                       0.7879  1.2121                         
    node_0_0:run/reg(drf_full(4)(0))                                                                  l_S_t_1_t:if#5:mux1h#3.itm                                                                                                                                                                       0.7879  1.2121                         
    node_0_0:run/reg(drf_full(3)(0))                                                                  l_S_t_1_t:if#5:mux1h#4.itm                                                                                                                                                                       0.7879  1.2121                         
    node_0_0:run/reg(drf_full(2)(0))                                                                  l_S_t_1_t:if#5:mux1h#5.itm                                                                                                                                                                       0.7879  1.2121                         
    node_0_0:run/reg(drf_full(1)(0))                                                                  l_S_t_1_t:if#5:mux1h#6.itm                                                                                                                                                                       0.7879  1.2121                         
    node_0_0:run/reg(drf_full(0)(0))                                                                  l_S_t_1_t:if#5:mux1h#7.itm                                                                                                                                                                       0.7879  1.2121                         
    node_0_0:run/reg(sb_dst(0)(3:0))                                                                  sb_dst(0)(3:0).lpi#2                                                                                                                                                                             1.8780  0.1220                         
    node_0_0:run/reg(dsmask(7:0))                                                                     l_S_t_1_t:o_crv:slc(l_S_t_1_t:o_crv(20:0).lpi#1.dfm#3)(7-0)#2.itm                                                                                                                                1.8780  0.1220                         
    node_0_0:run/reg(cfg_itsz(7:0))                                                                   l_S_t_1_t:o_crv:slc(l_S_t_1_t:o_crv(20:0).lpi#1.dfm#3)(7-0)#1.itm                                                                                                                                1.8780  0.1220                         
    node_0_0:run/reg(instr_cnt)                                                                       and#3550.itm                                                                                                                                                                                     1.3333  0.6667                         
    node_0_0:run/reg(sb_ix(4)(2:0))                                                                   l_S_t_1_t:mux#331.itm                                                                                                                                                                            1.5529  0.4471                         
    node_0_0:run/reg(sb_ix(1)(2:0))                                                                   sb_ix(1)(2:0).lpi#2                                                                                                                                                                              1.6460  0.3540                         
    node_0_0:run/reg(sb_ix(2)(2:0))                                                                   sb_ix(2)(2:0).lpi#2                                                                                                                                                                              1.6460  0.3540                         
    node_0_0:run/reg(sb_ix(3)(2:0))                                                                   sb_ix(3)(2:0).lpi#2                                                                                                                                                                              1.6460  0.3540                         
    node_0_0:run/reg(sb_dst(1)(3:0))                                                                  sb_dst(1)(3:0).lpi#2                                                                                                                                                                             1.6433  0.3567                         
    node_0_0:run/reg(sb_dst(2)(3:0))                                                                  sb_dst(2)(3:0).lpi#2                                                                                                                                                                             1.6433  0.3567                         
    node_0_0:run/reg(sb_dst(3)(3:0))                                                                  sb_dst(3)(3:0).lpi#2                                                                                                                                                                             1.6433  0.3567                         
    node_0_0:run/reg(sb_long(3)(0))                                                                   sb_long(3)(0).lpi#2                                                                                                                                                                              1.6565  0.3435                         
    node_0_0:run/reg(sb_rtr(1)(0))                                                                    sb_rtr(1)(0).lpi#2                                                                                                                                                                               1.3285  0.6715                         
    node_0_0:run/reg(sb_rtr(2)(0))                                                                    sb_rtr(2)(0).lpi#2                                                                                                                                                                               1.3285  0.6715                         
    node_0_0:run/reg(sb_rtr(3)(0))                                                                    sb_rtr(3)(0).lpi#2                                                                                                                                                                               1.3285  0.6715                         
    node_0_0:run/reg(sb_v(1)(0))                                                                      sb_v(1)(0).lpi#2                                                                                                                                                                                 1.1326  0.8674                         
    node_0_0:run/reg(sb_v(2)(0))                                                                      sb_v(2)(0).lpi#2                                                                                                                                                                                 1.1326  0.8674                         
    node_0_0:run/reg(sb_v(3)(0))                                                                      sb_v(3)(0).lpi#2                                                                                                                                                                                 1.1326  0.8674                         
    node_0_0:run/reg(irf(0))                                                                          l_S_t_1_t:o_crv:slc(l_S_t_1_t:o_crv(20:0).lpi#1.dfm#3)(15-0)#20.itm                                                                                                                              1.8780  0.1220                         
    node_0_0:run/reg(irf(1))                                                                          l_S_t_1_t:o_crv:slc(l_S_t_1_t:o_crv(20:0).lpi#1.dfm#3)(15-0)#21.itm                                                                                                                              1.8780  0.1220                         
    node_0_0:run/reg(irf(2))                                                                          l_S_t_1_t:o_crv:slc(l_S_t_1_t:o_crv(20:0).lpi#1.dfm#3)(15-0)#22.itm                                                                                                                              1.8780  0.1220                         
    node_0_0:run/reg(irf(3))                                                                          l_S_t_1_t:o_crv:slc(l_S_t_1_t:o_crv(20:0).lpi#1.dfm#3)(15-0)#23.itm                                                                                                                              1.8780  0.1220                         
    node_0_0:run/reg(irf(4))                                                                          l_S_t_1_t:o_crv:slc(l_S_t_1_t:o_crv(20:0).lpi#1.dfm#3)(15-0)#24.itm                                                                                                                              1.8780  0.1220                         
    node_0_0:run/reg(irf(5))                                                                          l_S_t_1_t:o_crv:slc(l_S_t_1_t:o_crv(20:0).lpi#1.dfm#3)(15-0)#25.itm                                                                                                                              1.8780  0.1220                         
    node_0_0:run/reg(irf(6))                                                                          l_S_t_1_t:o_crv:slc(l_S_t_1_t:o_crv(20:0).lpi#1.dfm#3)(15-0)#26.itm                                                                                                                              1.8780  0.1220                         
    node_0_0:run/reg(irf(7))                                                                          l_S_t_1_t:o_crv:slc(l_S_t_1_t:o_crv(20:0).lpi#1.dfm#3)(15-0)#13.itm                                                                                                                              1.8780  0.1220                         
    node_0_0:run/reg(txp_v(3)(0))                                                                     l_S_t_1_t:if#5:l_S_t_1_t:if#5:mux.itm                                                                                                                                                            1.1130  0.8870                         
    node_0_0:run/reg(txp_v(2)(0))                                                                     l_S_t_1_t:if#5:l_S_t_1_t:if#5:mux#1.itm                                                                                                                                                          1.1130  0.8870                         
    node_0_0:run/reg(txp_v(1)(0))                                                                     l_S_t_1_t:if#5:l_S_t_1_t:if#5:mux#2.itm                                                                                                                                                          1.1130  0.8870                         
    node_0_0:run/reg(txp_v(0)(0))                                                                     l_S_t_1_t:if#5:l_S_t_1_t:if#5:mux#3.itm                                                                                                                                                          1.1130  0.8870                         
    node_0_0:run/reg(fetch_en(0))                                                                     fetch_en:fetch_en:mux.itm                                                                                                                                                                        1.1882  0.8118                         
    node_0_0:run/reg(rcred(3))                                                                        rcred:rcred:mux.itm                                                                                                                                                                              0.5251  1.4749                         
    node_0_0:run/reg(rcred(2))                                                                        rcred:rcred:mux#1.itm                                                                                                                                                                            0.5251  1.4749                         
    node_0_0:run/reg(rcred(1))                                                                        rcred:rcred:mux#2.itm                                                                                                                                                                            0.5251  1.4749                         
    node_0_0:run/reg(rcred(0))                                                                        rcred:rcred:mux#3.itm                                                                                                                                                                            0.5251  1.4749                         
    node_0_0:run/reg(condition_reg(0))                                                                l_S_t_1_t:if#5:if:v438:l_S_t_1_t:if#5:if:v438:mux.itm                                                                                                                                            1.6743  0.3257                         
    node_0_0:run/reg(cmpq(0)(0))                                                                      cmpq:mux1h#1.cse                                                                                                                                                                                 0.9417  1.0583                         
    node_0_0:run/reg(cmpq(1)(0))                                                                      cmpq:mux1h#1.cse                                                                                                                                                                                 0.9417  1.0583                         
    node_0_0:run/reg(cmpq(2)(0))                                                                      cmpq:mux1h#1.cse                                                                                                                                                                                 0.9417  1.0583                         
    node_0_0:run/reg(cmpq(3)(0))                                                                      cmpq:mux1h#1.cse                                                                                                                                                                                 0.9417  1.0583                         
    node_0_0:run/reg(cmpq(4)(0))                                                                      cmpq:mux1h#1.cse                                                                                                                                                                                 0.9417  1.0583                         
    node_0_0:run/reg(cmpq(5)(0))                                                                      cmpq:mux1h#1.cse                                                                                                                                                                                 0.9417  1.0583                         
    node_0_0:run/reg(cmpq(6)(0))                                                                      cmpq:mux1h#1.cse                                                                                                                                                                                 0.9417  1.0583                         
    node_0_0:run/reg(cmpq(7)(0))                                                                      cmpq:mux1h#1.cse                                                                                                                                                                                 0.9417  1.0583                         
    node_0_0:run/reg(for#3:mux#16.itm(1:0))                                                           for#3:and.itm                                                                                                                                                                                    0.7875  1.2125                         
    node_0_0:run/reg(rbcnt(0))                                                                        l_S_d_1_d:l_S_d_1_d:mux.itm                                                                                                                                                                      0.5251  1.4749                         
    node_0_0:run/reg(rbcnt(1))                                                                        l_S_d_1_d:l_S_d_1_d:mux#1.itm                                                                                                                                                                    0.5251  1.4749                         
    node_0_0:run/reg(rbcnt(2))                                                                        l_S_d_1_d:l_S_d_1_d:mux#2.itm                                                                                                                                                                    0.5251  1.4749                         
    node_0_0:run/reg(rbcnt(3))                                                                        l_S_d_1_d:l_S_d_1_d:mux#3.itm                                                                                                                                                                    0.5251  1.4749                         
    node_0_0:run/reg(hold_cnt(0))                                                                     l_S_d_6_d3:mux1h.itm                                                                                                                                                                             0.5166  1.4834                         
    node_0_0:run/reg(hold_cnt(1))                                                                     l_S_d_6_d3:mux1h#1.itm                                                                                                                                                                           0.5166  1.4834                         
    node_0_0:run/reg(hold_cnt(2))                                                                     l_S_d_6_d3:mux1h#2.itm                                                                                                                                                                           0.5166  1.4834                         
    node_0_0:run/reg(hold_cnt(3))                                                                     l_S_d_6_d3:mux1h#3.itm                                                                                                                                                                           0.5166  1.4834                         
    node_0_0:run/reg(l_S_t_1_t:v198:acc.ncse)                                                         l_S_t_1_t:v198:l_S_t_1_t:v198:mux.itm                                                                                                                                                            0.6116  1.3884                         
    node_0_0:run/reg(sb_rvld(1)(0))                                                                   l_S_k_9_k1:v904:slc(sb_rvld,*8)(7-0).ctmp(0).sva#1                                                                                                                                               1.6071  0.3929                         
    node_0_0:run/reg(sb_rvld(2)(0))                                                                   l_S_k_9_k1:v904:slc(sb_rvld,*8)(7-0).ctmp(0).sva#1                                                                                                                                               1.6071  0.3929                         
    node_0_0:run/reg(sb_rvld(3)(0))                                                                   l_S_k_9_k1:v904:slc(sb_rvld,*8)(7-0).ctmp(0).sva#1                                                                                                                                               1.6071  0.3929                         
    node_0_0:run/reg(sb_id(1)(3:0))                                                                   l_S_k_9_k1:v903:slc(sb_id,*8)(7-0).ctmp(3:0).sva#1                                                                                                                                               1.6859  0.3141                         
    node_0_0:run/reg(sb_id(2)(3:0))                                                                   l_S_k_9_k1:v903:slc(sb_id,*8)(7-0).ctmp(3:0).sva#1                                                                                                                                               1.6859  0.3141                         
    node_0_0:run/reg(sb_id(3)(3:0))                                                                   l_S_k_9_k1:v903:slc(sb_id,*8)(7-0).ctmp(3:0).sva#1                                                                                                                                               1.6859  0.3141                         
    node_0_0:run/reg(sb_dir(1)(1:0))                                                                  l_S_k_9_k1:v902:slc(sb_dir,*8)(7-0).ctmp(1:0).sva#1                                                                                                                                              1.6892  0.3108                         
    node_0_0:run/reg(sb_dir(2)(1:0))                                                                  l_S_k_9_k1:v902:slc(sb_dir,*8)(7-0).ctmp(1:0).sva#1                                                                                                                                              1.6892  0.3108                         
    node_0_0:run/reg(sb_dir(3)(1:0))                                                                  l_S_k_9_k1:v902:slc(sb_dir,*8)(7-0).ctmp(1:0).sva#1                                                                                                                                              1.6892  0.3108                         
    node_0_0:run/reg(sb_inj(1)(0))                                                                    l_S_k_9_k1:v901:slc(sb_inj,*8)(7-0).ctmp(0).sva#1                                                                                                                                                1.6925  0.3075                         
    node_0_0:run/reg(sb_inj(2)(0))                                                                    l_S_k_9_k1:v901:slc(sb_inj,*8)(7-0).ctmp(0).sva#1                                                                                                                                                1.6925  0.3075                         
    node_0_0:run/reg(sb_inj(3)(0))                                                                    l_S_k_9_k1:v901:slc(sb_inj,*8)(7-0).ctmp(0).sva#1                                                                                                                                                1.6925  0.3075                         
    node_0_0:run/reg(return.add_generic<AC_RND_CONV,false>#1:op_bigger:mux#1)                         return.add_generic<AC_RND_CONV,false>#1:op_bigger:mux1h#2.itm                                                                                                                                    0.0079  1.9921                         
    node_0_0:run/reg(return.add_generic<AC_RND_CONV,false>#1:op_bigger:mux#3)                         return.add_generic<AC_RND_CONV,false>#1:op_bigger:mux1h#5.itm                                                                                                                                    0.7657  1.2343                         
    node_0_0:run/reg(l_S_t_1_t:if#26:and#2)                                                           l_S_t_1_t:if#26:l_S_t_1_t:if#26:mux#2.itm                                                                                                                                                        1.7467  0.2533                         
    node_0_0:run/reg(l_S_t_1_t:if#26:and)                                                             l_S_t_1_t:if#26:l_S_t_1_t:if#26:mux.itm                                                                                                                                                          1.7077  0.2923                         
    node_0_0:run/reg(l_S_t_1_t:if#26:nor)                                                             l_S_t_1_t:if#26:l_S_t_1_t:if#26:mux#1.itm                                                                                                                                                        1.6819  0.3181                         
    node_0_0:run/reg(l_S_t_1_t:a_vld(0).lpi#1.dfm#3)                                                  l_S_t_1_t:a_vld:or#2.itm                                                                                                                                                                         0.7056  1.2944                         
    node_0_0:run/reg(l_S_t_1_t:l_S_t_1_t:and#16)                                                      l_S_t_1_t:if#26:mux1h#10.itm                                                                                                                                                                     1.7043  0.2957                         
    node_0_0:run/reg(l_S_t_1_t:mux#388)                                                               l_S_t_1_t:pop(0)(0).sva                                                                                                                                                                          0.8228  1.1772                         
    node_0_0:run/reg(l_S_t_1_t:mux#387)                                                               drf(_qr.lval)#1.smx.lpi#1.dfm.rsp.0                                                                                                                                                              0.8446  1.1554                         
    node_0_0:run/reg(l_S_t_1_t:mux#387)#1                                                             drf(_qr.lval)#1.smx.lpi#1.dfm.rsp.1                                                                                                                                                              0.0343  1.9657                         
    node_0_0:run/reg(l_S_t_1_t:mux#386)                                                               l_S_t_1_t:hit(1)(0).sva                                                                                                                                                                          0.4847  1.5153                         
    node_0_0:run/reg(l_S_t_1_t:mux#384)                                                               l_S_t_1_t:pop(0)(0).sva                                                                                                                                                                          0.8228  1.1772                         
    node_0_0:run/reg(l_S_t_1_t:mux#383)                                                               drf(_qr.lval)#1.smx.lpi#1.dfm.rsp.0                                                                                                                                                              0.8446  1.1554                         
    node_0_0:run/reg(l_S_t_1_t:mux#383)#1                                                             drf(_qr.lval)#1.smx.lpi#1.dfm.rsp.1                                                                                                                                                              0.0343  1.9657                         
    node_0_0:run/reg(l_S_t_1_t:mux#382)                                                               l_S_t_1_t:hit(1)(0).sva                                                                                                                                                                          0.4847  1.5153                         
    node_0_0:run/reg(l_S_t_1_t:mux#380)                                                               l_S_t_1_t:pop(0)(0).sva                                                                                                                                                                          0.8228  1.1772                         
    node_0_0:run/reg(l_S_t_1_t:mux#379)                                                               drf(_qr.lval)#1.smx.lpi#1.dfm.rsp.0                                                                                                                                                              0.8446  1.1554                         
    node_0_0:run/reg(l_S_t_1_t:mux#379)#1                                                             drf(_qr.lval)#1.smx.lpi#1.dfm.rsp.1                                                                                                                                                              0.0343  1.9657                         
    node_0_0:run/reg(l_S_t_1_t:mux#378)                                                               l_S_t_1_t:hit(1)(0).sva                                                                                                                                                                          0.4847  1.5153                         
    node_0_0:run/reg(l_S_t_1_t:mux#376)                                                               l_S_t_1_t:pop(0)(0).sva                                                                                                                                                                          0.8228  1.1772                         
    node_0_0:run/reg(l_S_t_1_t:mux#375)                                                               drf(_qr.lval)#1.smx.lpi#1.dfm.rsp.0                                                                                                                                                              0.8446  1.1554                         
    node_0_0:run/reg(l_S_t_1_t:mux#375)#1                                                             drf(_qr.lval)#1.smx.lpi#1.dfm.rsp.1                                                                                                                                                              0.0343  1.9657                         
    node_0_0:run/reg(l_S_t_1_t:mux#374)                                                               l_S_t_1_t:hit(1)(0).sva                                                                                                                                                                          0.4847  1.5153                         
    node_0_0:run/reg(l_S_t_1_t:mux#372)                                                               l_S_t_1_t:pop(0)(0).sva                                                                                                                                                                          0.8228  1.1772                         
    node_0_0:run/reg(l_S_t_1_t:mux#371)                                                               drf(_qr.lval)#1.smx.lpi#1.dfm.rsp.0                                                                                                                                                              0.8446  1.1554                         
    node_0_0:run/reg(l_S_t_1_t:mux#371)#1                                                             drf(_qr.lval)#1.smx.lpi#1.dfm.rsp.1                                                                                                                                                              0.0343  1.9657                         
    node_0_0:run/reg(l_S_t_1_t:mux#370)                                                               l_S_t_1_t:hit(1)(0).sva                                                                                                                                                                          0.4847  1.5153                         
    node_0_0:run/reg(l_S_t_1_t:mux#368)                                                               l_S_t_1_t:pop(0)(0).sva                                                                                                                                                                          0.8228  1.1772                         
    node_0_0:run/reg(l_S_t_1_t:mux#367)                                                               drf(_qr.lval)#1.smx.lpi#1.dfm.rsp.0                                                                                                                                                              0.8446  1.1554                         
    node_0_0:run/reg(l_S_t_1_t:mux#367)#1                                                             drf(_qr.lval)#1.smx.lpi#1.dfm.rsp.1                                                                                                                                                              0.0343  1.9657                         
    node_0_0:run/reg(l_S_t_1_t:mux#366)                                                               l_S_t_1_t:hit(1)(0).sva                                                                                                                                                                          0.4847  1.5153                         
    node_0_0:run/reg(l_S_t_1_t:mux#364)                                                               l_S_t_1_t:pop(0)(0).sva                                                                                                                                                                          0.8228  1.1772                         
    node_0_0:run/reg(l_S_t_1_t:mux#363)                                                               drf(_qr.lval)#1.smx.lpi#1.dfm.rsp.0                                                                                                                                                              0.8446  1.1554                         
    node_0_0:run/reg(l_S_t_1_t:mux#363)#1                                                             drf(_qr.lval)#1.smx.lpi#1.dfm.rsp.1                                                                                                                                                              0.0343  1.9657                         
    node_0_0:run/reg(l_S_t_1_t:mux#362)                                                               l_S_t_1_t:hit(1)(0).sva                                                                                                                                                                          0.4847  1.5153                         
    node_0_0:run/reg(l_S_t_1_t:mux#360)                                                               l_S_t_1_t:pop(0)(0).sva                                                                                                                                                                          0.8228  1.1772                         
    node_0_0:run/reg(l_S_t_1_t:mux#359)                                                               drf(_qr.lval)#1.smx.lpi#1.dfm.rsp.0                                                                                                                                                              0.8446  1.1554                         
    node_0_0:run/reg(l_S_t_1_t:mux#359)#1                                                             drf(_qr.lval)#1.smx.lpi#1.dfm.rsp.1                                                                                                                                                              0.0343  1.9657                         
    node_0_0:run/reg(l_S_t_1_t:mux#358)                                                               l_S_t_1_t:hit(1)(0).sva                                                                                                                                                                          0.4847  1.5153                         
    node_0_0:run/reg(l_S_t_1_t:mux#357)                                                               l_S_t_1_t:if#37:v935:or:mx1w0                                                                                                                                                                    1.2948  0.7052                         
    node_0_0:run/reg(l_S_t_1_t:l_S_t_1_t:or#14)                                                       l_S_t_1_t:l_S_t_1_t:or#14.itm#3                                                                                                                                                                  1.7799  0.2201                         
    node_0_0:run/reg(l_S_t_1_t:mux#347)                                                               l_S_t_1_t:v609:or.cse.sva                                                                                                                                                                        0.5829  1.4171                         
    node_0_0:run/reg(l_S_t_1_t:mux#341)                                                               l_S_t_1_t:if#37:l_S_t_1_t:if#37:or#2.itm                                                                                                                                                         1.5585  0.4415                         
    node_0_0:run/reg(l_S_t_1_t:mux#340)                                                               l_S_t_1_t:instr:slc(l_S_t_1_t:instr(15:0).lpi#1.dfm)(7-4).itm                                                                                                                                    1.8780  0.1220                         
    node_0_0:run/reg(l_S_t_1_t:mux#407)                                                               l_S_t_1_t:v210:l_S_t_1_t:v210:mux.itm                                                                                                                                                            0.6564  1.3436                         
    node_0_0:run/reg(l_S_t_1_t:mux#398)                                                               l_S_t_1_t:v192:l_S_t_1_t:v192:mux.itm                                                                                                                                                            0.6564  1.3436                         
    node_0_0:run/reg(l_S_t_1_t:mux#345)                                                               l_S_t_1_t:a_vld(0).lpi#1.dfm#3                                                                                                                                                                   0.6521  1.3479                         
    node_0_0:run/reg(l_S_t_1_t:mux#331)                                                               operator+<33,true>#4:acc.itm                                                                                                                                                                     1.6601  0.3399                         
    node_0_0:run/reg(l_S_t_1_t:mux#344)                                                               l_S_t_1_t:instr:slc(l_S_t_1_t:instr(15:0).lpi#1.dfm)(15-12).itm                                                                                                                                  1.8780  0.1220                         
    node_0_0:run/reg(l_S_t_1_t:mux#343)                                                               l_S_t_1_t:instr:slc(l_S_t_1_t:instr(15:0).lpi#1.dfm)(1-0).itm                                                                                                                                    1.8780  0.1220                         
    node_0_0:run/reg(l_S_t_1_t:mux#342)                                                               l_S_t_1_t:if#37:l_S_t_1_t:if#37:or#3.itm                                                                                                                                                         1.5585  0.4415                         
    node_0_0:run/reg(l_S_t_1_t:mux#404)                                                               l_S_t_1_t:v204:l_S_t_1_t:v204:mux.itm                                                                                                                                                            0.6564  1.3436                         
    node_0_0:run/reg(v120(31:0))                                                                      v120:v120:v120:slc(operator-<33,true>:acc.sdt)(31-26).itm                                                                                                                                        0.7680  1.2320                         
    node_0_0:run/reg(v120(31:0))#1                                                                    v120:v120:mux.itm                                                                                                                                                                                0.7697  1.2303                         
    node_0_0:run/reg(csd_dir(1:0))                                                                    sb_dir(0)(1:0).sva                                                                                                                                                                               1.8780  0.1220                         
    node_0_0:run/reg(csd_pkt(15:0)#1)                                                                 csd_pkt:csd_pkt:mux#1.itm                                                                                                                                                                        1.4686  0.5314                         
    node_0_0:run/reg(csd_pkt(24:21))                                                                  sb_id:mux.itm                                                                                                                                                                                    1.7011  0.2989                         
    node_0_0:run/reg(csd_pkt(19:16))                                                                  sb_dst:mux#4.itm                                                                                                                                                                                 1.7011  0.2989                         
    node_0_0:run/reg(iter_cnt)                                                                        iter_cnt:iter_cnt:mux.itm                                                                                                                                                                        1.3792  0.6208                         
    node_0_0:run/reg(cfg_isz(2:0))                                                                    l_S_t_1_t:o_crv:slc(l_S_t_1_t:o_crv(20:0).lpi#1.dfm#3)(10-8).itm                                                                                                                                 1.8780  0.1220                         
    node_0_0:run/reg(sb_dir(0)(1:0))                                                                  sb_dir(0)(1:0).lpi#2                                                                                                                                                                             1.8780  0.1220                         
    node_0_0:run/reg(l_S_t_1_t:if#5:and#23.psp)                                                       l_S_t_1_t:if#5:and#23.itm                                                                                                                                                                        1.7472  0.2528                         
    node_0_0:run/reg(sb_id(0)(3:0))                                                                   sb_id(0)(3:0).lpi#2                                                                                                                                                                              1.8780  0.1220                         
    node_0_0:run/reg(return.add_generic<AC_RND_CONV,false>#1:mux#7)                                   return.add_generic<AC_RND_CONV,false>#1:mux1h#3.itm                                                                                                                                             -0.0978  2.0978 (clock period exceeded) 
    node_0_0:run/reg(sb_inj(0)(0))                                                                    l_S_k_9_k1:v901:slc(sb_inj,*8)(7-0).ctmp(0).sva#1                                                                                                                                                1.6925  0.3075                         
    node_0_0:run/reg(operator-<4,false>#1:acc.psp)                                                    operator-<4,false>#1:mux1h#2.itm                                                                                                                                                                 0.0410  1.9590                         
    node_0_0:run/reg(operator-<4,false>#1:acc.psp)#1                                                  operator-<4,false>#1:operator-<4,false>#1:mux.itm                                                                                                                                                0.0617  1.9383                         
    node_0_0:run/reg(operator-<4,false>#1:acc.psp)#2                                                  operator-<4,false>#1:mux1h#3.itm                                                                                                                                                                 0.0298  1.9702                         
    node_0_0:run/reg(l_S_t_1_t:t(7:0))                                                                for#4:for#4:for#4:and.itm                                                                                                                                                                        1.4474  0.5526                         
    node_0_0:run/reg(hold_v.d(0)(0))                                                                  l_S_d_6_d3:l_S_d_6_d3:and.itm                                                                                                                                                                    1.3881  0.6119                         
    node_0_0:run/reg(hold_v.d(0)(1))                                                                  l_S_d_6_d3:l_S_d_6_d3:and#1.cse                                                                                                                                                                  1.5223  0.4777                         
    node_0_0:run/reg(hold_v.d(1)(0))                                                                  l_S_d_6_d3:l_S_d_6_d3:and#2.itm                                                                                                                                                                  1.3881  0.6119                         
    node_0_0:run/reg(hold_v.d(1)(1))                                                                  l_S_d_6_d3:l_S_d_6_d3:and#1.cse                                                                                                                                                                  1.5223  0.4777                         
    node_0_0:run/reg(hold_v.d(2)(0))                                                                  l_S_d_6_d3:l_S_d_6_d3:and#4.itm                                                                                                                                                                  1.3881  0.6119                         
    node_0_0:run/reg(hold_v.d(2)(1))                                                                  l_S_d_6_d3:l_S_d_6_d3:and#1.cse                                                                                                                                                                  1.5223  0.4777                         
    node_0_0:run/reg(hold_v.d(3)(0))                                                                  l_S_d_6_d3:l_S_d_6_d3:and#6.itm                                                                                                                                                                  1.3881  0.6119                         
    node_0_0:run/reg(hold_v.d(3)(1))                                                                  l_S_d_6_d3:l_S_d_6_d3:and#1.cse                                                                                                                                                                  1.5223  0.4777                         
    node_0_0:run/reg(rbuf(0)(0))                                                                      l_S_d_1_d:l_S_d_1_d:and.itm                                                                                                                                                                      1.1868  0.8132                         
    node_0_0:run/reg(rbuf(0)(1))                                                                      l_S_d_1_d:l_S_d_1_d:and#1.cse                                                                                                                                                                    1.3393  0.6607                         
    node_0_0:run/reg(rbuf(1)(0))                                                                      l_S_d_1_d:l_S_d_1_d:and#2.itm                                                                                                                                                                    1.1868  0.8132                         
    node_0_0:run/reg(rbuf(1)(1))                                                                      l_S_d_1_d:l_S_d_1_d:and#1.cse                                                                                                                                                                    1.3393  0.6607                         
    node_0_0:run/reg(rbuf(2)(0))                                                                      l_S_d_1_d:l_S_d_1_d:and#4.itm                                                                                                                                                                    1.1868  0.8132                         
    node_0_0:run/reg(rbuf(2)(1))                                                                      l_S_d_1_d:l_S_d_1_d:and#1.cse                                                                                                                                                                    1.3393  0.6607                         
    node_0_0:run/reg(rbuf(3)(0))                                                                      l_S_d_1_d:l_S_d_1_d:and#6.itm                                                                                                                                                                    1.1868  0.8132                         
    node_0_0:run/reg(rbuf(3)(1))                                                                      l_S_d_1_d:l_S_d_1_d:and#1.cse                                                                                                                                                                    1.3393  0.6607                         
    node_0_0:run/reg(sb_long(3)(0))#1                                                                 sb_long:sb_long:mux.itm                                                                                                                                                                          1.4795  0.5205                         
    node_0_0:run/reg(sb_long(2)(0))                                                                   return.add_generic<AC_RND_CONV,false>#1:op_bigger:return.add_generic<AC_RND_CONV,false>#1:op_bigger:mux.itm                                                                                      1.4795  0.5205                         
    node_0_0:run/reg(sb_long(1)(0))                                                                   return.add_generic<AC_RND_CONV,false>#1:op_bigger:return.add_generic<AC_RND_CONV,false>#1:op_bigger:mux#1.itm                                                                                    1.4795  0.5205                         
    node_0_0:run/reg(sb_ix(3)(2:0))#1                                                                 sb_ix:sb_ix:mux#1.itm                                                                                                                                                                            1.4742  0.5258                         
    node_0_0:run/reg(sb_ix(2)(2:0))#1                                                                 sb_ix:sb_ix:mux#2.itm                                                                                                                                                                            1.4742  0.5258                         
    node_0_0:run/reg(sb_ix(1)(2:0))#1                                                                 sb_ix:sb_ix:mux#3.itm                                                                                                                                                                            1.4742  0.5258                         
    node_0_0:run/reg(sb_ix(0)(2:0))                                                                   sb_ix:sb_ix:mux.itm                                                                                                                                                                              1.5967  0.4033                         
    node_0_0:run/reg(sb_rvld(0)(0))#1                                                                 sb_rvld:sb_rvld:mux.itm                                                                                                                                                                          1.6071  0.3929                         
    node_0_0:run/reg(sb_rtr(3)(0))#1                                                                  sb_rtr:sb_rtr:mux.itm                                                                                                                                                                            1.4795  0.5205                         
    node_0_0:run/reg(sb_rtr(2)(0))#1                                                                  sb_rtr:sb_rtr:mux#1.itm                                                                                                                                                                          1.4795  0.5205                         
    node_0_0:run/reg(sb_rtr(1)(0))#1                                                                  sb_rtr:sb_rtr:mux#2.itm                                                                                                                                                                          1.4795  0.5205                         
    node_0_0:run/reg(sb_rtr(0)(0))#1                                                                  sb_rtr:sb_rtr:mux#3.itm                                                                                                                                                                          1.6071  0.3929                         
    node_0_0:run/reg(sb_cmp(3)(0))                                                                    l_S_t_1_t:if#26:l_S_t_1_t:if#26:mux#3.itm                                                                                                                                                        1.4795  0.5205                         
    node_0_0:run/reg(sb_cmp(2)(0))                                                                    l_S_t_1_t:if#26:l_S_t_1_t:if#26:mux#4.itm                                                                                                                                                        1.4795  0.5205                         
    node_0_0:run/reg(sb_cmp(1)(0))                                                                    l_S_t_1_t:if#26:l_S_t_1_t:if#26:mux#5.itm                                                                                                                                                        1.4795  0.5205                         
    node_0_0:run/reg(sb_dst(3)(3:0))#1                                                                sb_dst:sb_dst:mux.itm                                                                                                                                                                            1.4729  0.5271                         
    node_0_0:run/reg(sb_dst(2)(3:0))#1                                                                sb_dst:sb_dst:mux#1.itm                                                                                                                                                                          1.4729  0.5271                         
    node_0_0:run/reg(sb_dst(1)(3:0))#1                                                                sb_dst:sb_dst:mux#2.itm                                                                                                                                                                          1.4729  0.5271                         
    node_0_0:run/reg(sb_dst(0)(3:0))#1                                                                sb_dst:sb_dst:mux#3.itm                                                                                                                                                                          1.5939  0.4061                         
    node_0_0:run/reg(sb_v(3)(0))#1                                                                    sb_v:sb_v:mux.itm                                                                                                                                                                                1.4795  0.5205                         
    node_0_0:run/reg(sb_v(2)(0))#1                                                                    sb_v:sb_v:mux#1.itm                                                                                                                                                                              1.4795  0.5205                         
    node_0_0:run/reg(sb_v(1)(0))#1                                                                    sb_v:sb_v:mux#2.itm                                                                                                                                                                              1.4795  0.5205                         
    node_0_0:run/reg(sb_v(0)(0))                                                                      l_S_t_1_t:l_S_t_1_t:mux#33.itm                                                                                                                                                                   1.6071  0.3929                         
    node_0_0:run/reg(sb_id(0)(3:0))#1                                                                 l_S_k_9_k1:v903:slc(sb_id,*8)(7-0).ctmp(3:0).sva#1                                                                                                                                               1.6859  0.3141                         
    node_0_0:run/reg(sb_dir(0)(1:0))#1                                                                l_S_k_9_k1:v902:slc(sb_dir,*8)(7-0).ctmp(1:0).sva#1                                                                                                                                              1.6892  0.3108                         
    node_0_0:run/reg(sb_cmp(0)(0))                                                                    return.add_generic<AC_RND_CONV,false>#1:return.add_generic<AC_RND_CONV,false>#1:mux#2.itm                                                                                                        1.6071  0.3929                         
    node_0_0:run/reg(l_S_t_1_t:hd(1))                                                                 l_S_t_1_t:v158:l_S_t_1_t:v158:and.itm                                                                                                                                                            1.1956  0.8044                         
    node_0_0:run/reg(l_S_t_1_t:hd(2))                                                                 l_S_t_1_t:v160:l_S_t_1_t:v160:and.itm                                                                                                                                                            1.1956  0.8044                         
    node_0_0:run/reg(l_S_t_1_t:hit(1)(0))                                                             l_S_t_1_t:a_vld:and#3.itm                                                                                                                                                                        0.6236  1.3764                         
    node_0_0:run/reg(l_S_t_1_t:hvld(2)(0))                                                            l_S_t_1_t:a_vld:l_S_t_1_t:a_vld:l_S_t_1_t:a_vld:nor.itm                                                                                                                                          1.4863  0.5137                         
    node_0_0:run/reg(l_S_t_1_t:hvld(1)(0))                                                            l_S_t_1_t:a_vld:l_S_t_1_t:a_vld:l_S_t_1_t:a_vld:nor#1.itm                                                                                                                                        1.4606  0.5394                         
    node_0_0:run/reg(l_S_t_1_t:b_vld(0).lpi#1.dfm#3)                                                  l_S_t_1_t:a_vld:and#4.itm                                                                                                                                                                        0.8851  1.1149                         
    node_0_0:run/reg(l_S_t_1_t:cmp_busy(0))                                                           l_S_t_1_t:a_vld:l_S_t_1_t:a_vld:nor.itm                                                                                                                                                          1.2259  0.7741                         
    node_0_0:run/reg(l_S_t_1_t:pop(3)(0).lpi#1.dfm)                                                   l_S_t_1_t:pop:mux1h#1.itm                                                                                                                                                                        1.0017  0.9983                         
    node_0_0:run/reg(l_S_t_1_t:grant(0).lpi#1.dfm#2)                                                  l_S_t_1_t:grant:mux1h#2.itm                                                                                                                                                                      0.9069  1.0931                         
    node_0_0:run/reg(l_S_t_1_t:o_crv(20:0).lpi#1.dfm#3)                                               l_S_t_1_t:l_S_t_1_t:mux1h#9.itm                                                                                                                                                                  1.6042  0.3958                         
    node_0_0:run/reg(l_S_t_1_t:o_crv(25).lpi#1.dfm#3)                                                 l_S_d_1_d:v219:mux1h.itm                                                                                                                                                                         1.6083  0.3917                         
    node_0_0:run/reg(l_S_t_1_t:o_out(0)(15:0))                                                        and#3011.itm                                                                                                                                                                                     1.1669  0.8331                         
    node_0_0:run/reg(l_S_t_1_t:o_out(0)(19:16))                                                       and#3012.itm                                                                                                                                                                                     1.2473  0.7527                         
    node_0_0:run/reg(l_S_t_1_t:o_out(0)(24:21))                                                       and#3013.itm                                                                                                                                                                                     1.2473  0.7527                         
    node_0_0:run/reg(l_S_t_1_t:o_out(2)(15:0))                                                        and#3014.itm                                                                                                                                                                                     1.1669  0.8331                         
    node_0_0:run/reg(l_S_t_1_t:o_out(2)(19:16))                                                       and#3015.itm                                                                                                                                                                                     1.2473  0.7527                         
    node_0_0:run/reg(l_S_t_1_t:o_out(2)(24:21))                                                       and#3016.itm                                                                                                                                                                                     1.2473  0.7527                         
    node_0_0:run/reg(l_S_t_1_t:o_out(1)(15:0))                                                        and#3017.itm                                                                                                                                                                                     1.1669  0.8331                         
    node_0_0:run/reg(l_S_t_1_t:o_out(1)(19:16))                                                       and#3018.itm                                                                                                                                                                                     1.2473  0.7527                         
    node_0_0:run/reg(l_S_t_1_t:o_out(1)(24:21))                                                       and#3019.itm                                                                                                                                                                                     1.2473  0.7527                         
    node_0_0:run/reg(l_S_t_1_t:o_out(0)(20))                                                          v0_req.write_reset_check.ResetChecker:v0_req.write_reset_check.ResetChecker:and#16.itm                                                                                                           1.2539  0.7461                         
    node_0_0:run/reg(l_S_t_1_t:o_out(0)(25))                                                          v0_req.write_reset_check.ResetChecker:v0_req.write_reset_check.ResetChecker:and#17.itm                                                                                                           1.2539  0.7461                         
    node_0_0:run/reg(l_S_t_1_t:o_out(2)(20))                                                          v0_req.write_reset_check.ResetChecker:v0_req.write_reset_check.ResetChecker:and#18.itm                                                                                                           1.2539  0.7461                         
    node_0_0:run/reg(l_S_t_1_t:o_out(2)(25))                                                          v0_req.write_reset_check.ResetChecker:v0_req.write_reset_check.ResetChecker:and#19.itm                                                                                                           1.2539  0.7461                         
    node_0_0:run/reg(l_S_t_1_t:o_out(1)(20))                                                          v0_req.write_reset_check.ResetChecker:v0_req.write_reset_check.ResetChecker:and#20.itm                                                                                                           1.2539  0.7461                         
    node_0_0:run/reg(l_S_t_1_t:o_out(1)(25))                                                          v0_req.write_reset_check.ResetChecker:v0_req.write_reset_check.ResetChecker:and#21.itm                                                                                                           1.2539  0.7461                         
    node_0_0:run/reg(l_S_t_1_t:pop(0)(0))                                                             v0_req.write_reset_check.ResetChecker:and.itm                                                                                                                                                    0.8917  1.1083                         
    node_0_0:run/reg(l_S_t_1_t:inj_done(0))                                                           v0_req.write_reset_check.ResetChecker:v0_req.write_reset_check.ResetChecker:v0_req.write_reset_check.ResetChecker:and.itm                                                                        1.3400  0.6600                         
    node_0_0:run/reg(l_S_t_1_t:fwd_b_ix(2:0))                                                         l_S_t_1_t:crv_in:l_S_t_1_t:crv_in:l_S_t_1_t:crv_in:mux1h.itm                                                                                                                                     0.7372  1.2628                         
    node_0_0:run/reg(l_S_t_1_t:fwd_b(0))                                                              v0_req.write_reset_check.ResetChecker:v0_req.write_reset_check.ResetChecker:nor.itm                                                                                                              0.8351  1.1649                         
    node_0_0:run/reg(l_S_t_1_t:else#32:else:else:l_S_t_1_t:else#32:else:else:and)                     v0_req.write_reset_check.ResetChecker:and#2.itm                                                                                                                                                  0.8781  1.1219                         
    node_0_0:run/reg(l_S_t_1_t:o_out(3)(25).sva.dfm#2)                                                l_S_o_3_o:l_S_o_3_o:and.itm                                                                                                                                                                      1.1767  0.8233                         
    node_0_0:run/reg(l_S_t_1_t:o_out(3)(15:0).sva.dfm#2)                                              and#3205.itm                                                                                                                                                                                     1.1074  0.8926                         
    node_0_0:run/reg(l_S_t_1_t:o_out(3)(24:21).sva.dfm#2)                                             and#3207.itm                                                                                                                                                                                     1.1878  0.8122                         
    node_0_0:run/reg(l_S_t_1_t:o_out(3)(19:16).sva.dfm#2)                                             and#3209.itm                                                                                                                                                                                     1.1878  0.8122                         
    node_0_0:run/reg(l_S_t_1_t:o_out(3)(20).sva.dfm#2)                                                l_S_o_3_o:if:l_S_o_3_o:if:and.itm                                                                                                                                                                1.2739  0.7261                         
    node_0_0:run/reg(l_S_t_1_t:rx_n)                                                                  v31.Pop():mioi.idat.mxwt                                                                                                                                                                         1.7339  0.2661                         
    node_0_0:run/reg(l_S_t_1_t:rx_s)                                                                  v32.Pop():mioi.idat.mxwt                                                                                                                                                                         1.7339  0.2661                         
    node_0_0:run/reg(l_S_t_1_t:rx_w)                                                                  v29.Pop():mioi.idat.mxwt                                                                                                                                                                         1.7339  0.2661                         
    node_0_0:run/reg(l_S_t_1_t:rx_e)                                                                  v30.Pop():mioi.idat.mxwt                                                                                                                                                                         1.7339  0.2661                         
    node_0_0:run/reg(l_S_t_1_t:ret(2)(0))                                                             v0_req.write_reset_check.ResetChecker:v0_req.write_reset_check.ResetChecker:v0_req.write_reset_check.ResetChecker:and#1.itm                                                                      1.6491  0.3509                         
    node_0_0:run/reg(l_S_d_4_d2:and#4)                                                                l_S_d_4_d2:and#4.itm                                                                                                                                                                             1.6647  0.3353                         
    node_0_0:run/reg(l_S_t_1_t:v428:and.svs)                                                          l_S_t_1_t:v428:and.itm                                                                                                                                                                           1.4452  0.5548                         
    node_0_0:run/reg(l_S_t_1_t:instr(15:0).lpi#1.dfm)                                                 l_S_t_1_t:instr(15:0).lpi#1.dfm#1                                                                                                                                                                0.6370  1.3630                         
    node_0_0:run/reg(l_S_t_1_t:v605:l_S_t_1_t:v605:and)                                               l_S_t_1_t:v605:l_S_t_1_t:v605:and.cse.sva#1                                                                                                                                                      1.1224  0.8776                         
    node_0_0:run/reg(l_S_t_1_t:if#10:v566:slc(hold_cnt,*8)(7-0).ncse)                                 l_S_t_1_t:if#10:v566:mux1h#4.itm                                                                                                                                                                 0.3656  1.6344                         
    node_0_0:run/reg(l_S_t_1_t:v609:or)                                                               l_S_t_1_t:v609:or.itm                                                                                                                                                                            1.1224  0.8776                         
    node_0_0:run/reg(l_S_t_1_t:v551:acc.cse(2))                                                       l_S_t_1_t:v551:slc(z.out#6)(2)#4.itm                                                                                                                                                             1.1410  0.8590                         
    node_0_0:run/reg(l_S_t_1_t:v602:l_S_t_1_t:v602:and)                                               l_S_t_1_t:v602:l_S_t_1_t:v602:mux.itm                                                                                                                                                            1.1801  0.8199                         
    node_0_0:run/reg(l_S_t_1_t:retire_ok(0).lpi#1.dfm)                                                l_S_t_1_t:retire_ok(0).lpi#1.dfm:mx0w0                                                                                                                                                           1.4452  0.5548                         
    node_0_0:run/reg(l_S_t_1_t:v580:rshift)                                                           l_S_t_1_t:v580:mux1h.itm                                                                                                                                                                         0.9818  1.0182                         
    node_0_0:run/reg(l_S_t_1_t:if#5:if#1:v449:and.svs)                                                l_S_t_1_t:if#5:if#1:v449:and.svs#1                                                                                                                                                               1.7472  0.2528                         
    node_0_0:run/reg(l_S_t_1_t:a.d.lpi#1.dfm#1)                                                       l_S_t_1_t:a.d:l_S_t_1_t:a.d:mux.itm                                                                                                                                                              0.9777  1.0223                         
    node_0_0:run/reg(l_S_t_1_t:a.d.lpi#1.dfm#1)#1                                                     l_S_t_1_t:a.d:l_S_t_1_t:a.d:l_S_t_1_t:a.d:mux1h.itm                                                                                                                                              1.1055  0.8945                         
    node_0_0:run/reg(l_S_t_1_t:a.d.lpi#1.dfm#1)#4                                                     l_S_t_1_t:a.d:l_S_t_1_t:a.d:l_S_t_1_t:a.d:mux1h#2.itm                                                                                                                                            1.0990  0.9010                         
    node_0_0:run/reg(l_S_t_1_t:a.d.lpi#1.dfm#1)#2                                                     l_S_t_1_t:a.d:l_S_t_1_t:a.d:mux#2.itm                                                                                                                                                            0.9777  1.0223                         
    node_0_0:run/reg(l_S_t_1_t:a.d.lpi#1.dfm#1)#3                                                     l_S_t_1_t:a.d:l_S_t_1_t:a.d:l_S_t_1_t:a.d:mux1h#1.itm                                                                                                                                            1.0642  0.9358                         
    node_0_0:run/reg(l_S_t_1_t:and#16)                                                                l_S_t_1_t:v601:l_S_t_1_t:v601:mux.itm                                                                                                                                                            1.2158  0.7842                         
    node_0_0:run/reg(l_S_t_1_t:and#17)                                                                l_S_t_1_t:l_S_t_1_t:mux#8.itm                                                                                                                                                                    1.1801  0.8199                         
    node_0_0:run/reg(l_S_t_1_t:and#11)                                                                l_S_t_1_t:v591:mux1h.itm                                                                                                                                                                         0.5641  1.4359                         
    node_0_0:run/reg(l_S_t_1_t:and#10)                                                                l_S_t_1_t:mux1h#106.itm                                                                                                                                                                          0.6819  1.3181                         
    node_0_0:run/reg(return.add_generic<AC_RND_CONV,false>#1:do_sub)                                  return.add_generic<AC_RND_CONV,false>#1:do_sub:return.add_generic<AC_RND_CONV,false>#1:do_sub:mux.itm                                                                                            1.3004  0.6996                         
    node_0_0:run/reg(l_S_t_1_t:v716:l_S_t_1_t:v716:l_S_t_1_t:v713:not.mdf)                            l_S_t_1_t:v716:l_S_t_1_t:v716:l_S_t_1_t:v713:not#1.itm                                                                                                                                           1.5731  0.4269                         
    node_0_0:run/reg(v784.ac_ieee_float_base:slc(hold_v.d,*16)(15-0).ctmp)                            v784.ac_ieee_float_base:v784.ac_ieee_float_base:mux.itm                                                                                                                                          1.5681  0.4319                         
    node_0_0:run/reg(v798.ac_ieee_float_base:slc(hold_v.d,*16)(15-0).ctmp)                            v798.ac_ieee_float_base:v798.ac_ieee_float_base:mux.itm                                                                                                                                          0.6236  1.3764                         
    node_0_0:run/reg(return.add_generic<AC_RND_CONV,false>#1:mux#6)                                   return.add_generic<AC_RND_CONV,false>#1:return.add_generic<AC_RND_CONV,false>#1:mux#1.itm                                                                                                        0.5244  1.4756                         
    node_0_0:run/reg(return.add_generic<AC_RND_CONV,false>#1:mux#6)#1                                 return.add_generic<AC_RND_CONV,false>#1:return.add_generic<AC_RND_CONV,false>#1:mux1h.itm                                                                                                        0.0008  1.9992                         
    node_0_0:run/reg(return.add_generic<AC_RND_CONV,false>#1:r_nan)                                   return.add_generic<AC_RND_CONV,false>#1:r_nan:return.add_generic<AC_RND_CONV,false>#1:r_nan:mux.itm                                                                                              0.9891  1.0109                         
    node_0_0:run/reg(return.add_generic<AC_RND_CONV,false>#1:op1_inf)                                 return.add_generic<AC_RND_CONV,false>:op1_inf:return.add_generic<AC_RND_CONV,false>:op1_inf:mux.itm                                                                                              1.2970  0.7030                         
    node_0_0:run/reg(return.add_generic<AC_RND_CONV,false>#1:op2_inf)                                 return.add_generic<AC_RND_CONV,false>:op2_inf:return.add_generic<AC_RND_CONV,false>:op2_inf:mux.itm                                                                                              1.2623  0.7377                         
    node_0_0:run/reg(return.mult_generic<AC_RND_CONV,false>:res_bef_rnd#2(11:1).lpi#1.dfm)            return.mult_generic<AC_RND_CONV,false>:res_bef_rnd:return.mult_generic<AC_RND_CONV,false>:res_bef_rnd:slc(return.mult_generic<AC_RND_CONV,false>:res_bef_rnd#2(11:1).lpi#1.dfm:mx0w0)(10-9).itm  0.1860  1.8140                         
    node_0_0:run/reg(return.add_generic<AC_RND_CONV,false>#1:r_zero#1)                                return.mult_generic<AC_RND_CONV,false>:r_zero:mux1h.itm                                                                                                                                          1.1455  0.8545                         
    node_0_0:run/reg(l_S_t_1_t:if#42:if:else:unequal)                                                 return.mult_generic<AC_RND_CONV,false>:e_incr:return.mult_generic<AC_RND_CONV,false>:e_incr:mux.itm                                                                                              0.1129  1.8871                         
    node_0_0:run/reg(l_S_t_1_t:and#90)                                                                l_S_t_1_t:mux#75.itm                                                                                                                                                                            -0.0767  2.0767 (clock period exceeded) 
    node_0_0:run/reg(l_S_t_1_t:and#91)                                                                return.mult_generic<AC_RND_CONV,false>:r_nan:mux.itm                                                                                                                                             1.0078  0.9922                         
    node_0_0:run/reg(l_S_t_1_t:and#94)                                                                l_S_t_1_t:and#94.itm#4                                                                                                                                                                           1.5393  0.4607                         
    node_0_0:run/reg(l_S_t_1_t:and#93)                                                                l_S_t_1_t:and#93.itm#4                                                                                                                                                                           1.5393  0.4607                         
    node_0_0:run/reg(l_S_t_1_t:and#92)                                                                l_S_t_1_t:and#92.itm#4                                                                                                                                                                           1.5393  0.4607                         
    node_0_0:run/reg(l_S_t_1_t:and)                                                                   l_S_t_1_t:and.itm#4                                                                                                                                                                              1.5393  0.4607                         
    node_0_0:run/reg(return.isnan#8:return.isnan#8:nor)                                               return.isnan#8:return.isnan#8:nor.itm#4                                                                                                                                                          1.5997  0.4003                         
    node_0_0:run/reg(return.operator==#2:and#1)                                                       return.operator==#2:and#1.itm                                                                                                                                                                    1.6501  0.3499                         
    node_0_0:run/reg(return.isnan#11:return.isnan#11:nand)                                            return.isnan#8:return.isnan#8:nand#2                                                                                                                                                             1.6853  0.3147                         
    node_0_0:run/reg(return.isnan#11:nor)                                                             return.isnan#8:nor#2                                                                                                                                                                             1.5997  0.4003                         
    node_0_0:run/reg(return.isnan#9:return.isnan#9:nor)                                               l_S_t_1_t:v602:l_S_t_1_t:v602:and.cse.sva:mx0w2                                                                                                                                                  1.5142  0.4858                         
    node_0_0:run/reg(drf(_qr.lval)#1.smx.lpi#1.dfm)                                                   return.add_generic<AC_RND_CONV,false>#1:exp:mux1h#4.itm                                                                                                                                          0.5434  1.4566                         
    node_0_0:run/reg(drf(_qr.lval)#1.smx.lpi#1.dfm)#1                                                 return.add_generic<AC_RND_CONV,false>#1:exp:mux1h#5.itm                                                                                                                                          0.4915  1.5085                         
    node_0_0:run/reg(v8.Push():mioi.idat(16:1))                                                       and#2995.itm                                                                                                                                                                                     1.1140  0.8860                         
    node_0_0:run/reg(v8.Push():mioi.idat(16:1))#1                                                     and#3270.itm                                                                                                                                                                                     1.1140  0.8860                         
    node_0_0:run/reg(v8.Push():mioi.idat(16:1))#4                                                     and#3276.itm                                                                                                                                                                                     1.1140  0.8860                         
    node_0_0:run/reg(v8.Push():mioi.idat(16:1))#2                                                     and#3271.itm                                                                                                                                                                                     1.1140  0.8860                         
    node_0_0:run/reg(v8.Push():mioi.idat(16:1))#3                                                     and#3272.itm                                                                                                                                                                                     1.1140  0.8860                         
    node_0_0:run/reg(v7.Push():mioi.idat(16:1))                                                       and#2996.itm                                                                                                                                                                                     1.1140  0.8860                         
    node_0_0:run/reg(v7.Push():mioi.idat(16:1))#1                                                     and#3267.itm                                                                                                                                                                                     1.1140  0.8860                         
    node_0_0:run/reg(v7.Push():mioi.idat(16:1))#4                                                     and#3275.itm                                                                                                                                                                                     1.1140  0.8860                         
    node_0_0:run/reg(v7.Push():mioi.idat(16:1))#2                                                     and#3268.itm                                                                                                                                                                                     1.1140  0.8860                         
    node_0_0:run/reg(v7.Push():mioi.idat(16:1))#3                                                     and#3269.itm                                                                                                                                                                                     1.1140  0.8860                         
    node_0_0:run/reg(v6.Push():mioi.idat(16:1))                                                       and#2997.itm                                                                                                                                                                                     1.1140  0.8860                         
    node_0_0:run/reg(v6.Push():mioi.idat(16:1))#1                                                     and#3264.itm                                                                                                                                                                                     1.1140  0.8860                         
    node_0_0:run/reg(v6.Push():mioi.idat(16:1))#4                                                     and#3274.itm                                                                                                                                                                                     1.1140  0.8860                         
    node_0_0:run/reg(v6.Push():mioi.idat(16:1))#2                                                     and#3265.itm                                                                                                                                                                                     1.1140  0.8860                         
    node_0_0:run/reg(v6.Push():mioi.idat(16:1))#3                                                     and#3266.itm                                                                                                                                                                                     1.1140  0.8860                         
    node_0_0:run/reg(v5.Push():mioi.idat(16:1))                                                       and#2998.itm                                                                                                                                                                                     1.1140  0.8860                         
    node_0_0:run/reg(v5.Push():mioi.idat(16:1))#1                                                     and#3261.itm                                                                                                                                                                                     1.1140  0.8860                         
    node_0_0:run/reg(v5.Push():mioi.idat(16:1))#4                                                     and#3273.itm                                                                                                                                                                                     1.1140  0.8860                         
    node_0_0:run/reg(v5.Push():mioi.idat(16:1))#2                                                     and#3262.itm                                                                                                                                                                                     1.1140  0.8860                         
    node_0_0:run/reg(v5.Push():mioi.idat(16:1))#3                                                     and#3263.itm                                                                                                                                                                                     1.1140  0.8860                         
    node_0_0:run/reg(l_S_t_1_t:mux#389)                                                               return.mult_generic<AC_RND_CONV,false>:res_bef_rnd#2(11:1).lpi#1.dfm(8)                                                                                                                          0.8590  1.1410                         
    node_0_0:run/reg(l_S_t_1_t:mux#389)#1                                                             return.mult_generic<AC_RND_CONV,false>:res_bef_rnd#2(11:1).lpi#1.dfm(7:0)                                                                                                                        0.8590  1.1410                         
    node_0_0:run/reg(l_S_t_1_t:mux#385)                                                               return.mult_generic<AC_RND_CONV,false>:res_bef_rnd#2(11:1).lpi#1.dfm(8)                                                                                                                          0.8590  1.1410                         
    node_0_0:run/reg(l_S_t_1_t:mux#385)#1                                                             return.mult_generic<AC_RND_CONV,false>:res_bef_rnd#2(11:1).lpi#1.dfm(7:0)                                                                                                                        0.8590  1.1410                         
    node_0_0:run/reg(l_S_t_1_t:mux#381)                                                               return.mult_generic<AC_RND_CONV,false>:res_bef_rnd#2(11:1).lpi#1.dfm(8)                                                                                                                          0.8590  1.1410                         
    node_0_0:run/reg(l_S_t_1_t:mux#381)#1                                                             return.mult_generic<AC_RND_CONV,false>:res_bef_rnd#2(11:1).lpi#1.dfm(7:0)                                                                                                                        0.8590  1.1410                         
    node_0_0:run/reg(l_S_t_1_t:mux#377)                                                               return.mult_generic<AC_RND_CONV,false>:res_bef_rnd#2(11:1).lpi#1.dfm(8)                                                                                                                          0.8590  1.1410                         
    node_0_0:run/reg(l_S_t_1_t:mux#377)#1                                                             return.mult_generic<AC_RND_CONV,false>:res_bef_rnd#2(11:1).lpi#1.dfm(7:0)                                                                                                                        0.8590  1.1410                         
    node_0_0:run/reg(l_S_t_1_t:mux#373)                                                               return.mult_generic<AC_RND_CONV,false>:res_bef_rnd#2(11:1).lpi#1.dfm(8)                                                                                                                          0.8590  1.1410                         
    node_0_0:run/reg(l_S_t_1_t:mux#373)#1                                                             return.mult_generic<AC_RND_CONV,false>:res_bef_rnd#2(11:1).lpi#1.dfm(7:0)                                                                                                                        0.8590  1.1410                         
    node_0_0:run/reg(l_S_t_1_t:mux#369)                                                               return.mult_generic<AC_RND_CONV,false>:res_bef_rnd#2(11:1).lpi#1.dfm(8)                                                                                                                          0.8590  1.1410                         
    node_0_0:run/reg(l_S_t_1_t:mux#369)#1                                                             return.mult_generic<AC_RND_CONV,false>:res_bef_rnd#2(11:1).lpi#1.dfm(7:0)                                                                                                                        0.8590  1.1410                         
    node_0_0:run/reg(l_S_t_1_t:mux#365)                                                               return.mult_generic<AC_RND_CONV,false>:res_bef_rnd#2(11:1).lpi#1.dfm(8)                                                                                                                          0.8590  1.1410                         
    node_0_0:run/reg(l_S_t_1_t:mux#365)#1                                                             return.mult_generic<AC_RND_CONV,false>:res_bef_rnd#2(11:1).lpi#1.dfm(7:0)                                                                                                                        0.8590  1.1410                         
    node_0_0:run/reg(l_S_t_1_t:mux#361)                                                               return.mult_generic<AC_RND_CONV,false>:res_bef_rnd#2(11:1).lpi#1.dfm(8)                                                                                                                          0.8590  1.1410                         
    node_0_0:run/reg(l_S_t_1_t:mux#361)#1                                                             return.mult_generic<AC_RND_CONV,false>:res_bef_rnd#2(11:1).lpi#1.dfm(7:0)                                                                                                                        0.8590  1.1410                         
    node_0_0:run/reg(txp_d.d(3))                                                                      l_S_t_1_t:l_S_t_1_t:mux.cse                                                                                                                                                                      1.5889  0.4111                         
    node_0_0:run/reg(txp_d.d(3))#1                                                                    txp_d.d:txp_d.d:mux#13.cse                                                                                                                                                                       1.5910  0.4090                         
    node_0_0:run/reg(txp_d.d(3))#4                                                                    txp_d.d:txp_d.d:mux#19.cse                                                                                                                                                                       1.5922  0.4078                         
    node_0_0:run/reg(txp_d.d(3))#2                                                                    l_S_t_1_t:l_S_t_1_t:mux#31.cse                                                                                                                                                                   1.5889  0.4111                         
    node_0_0:run/reg(txp_d.d(3))#3                                                                    l_S_t_1_t:l_S_t_1_t:mux#32.cse                                                                                                                                                                   1.5205  0.4795                         
    node_0_0:run/reg(txp_d.d(0))                                                                      l_S_t_1_t:l_S_t_1_t:mux.cse                                                                                                                                                                      1.5889  0.4111                         
    node_0_0:run/reg(txp_d.d(0))#1                                                                    txp_d.d:txp_d.d:mux#13.cse                                                                                                                                                                       1.5910  0.4090                         
    node_0_0:run/reg(txp_d.d(0))#4                                                                    txp_d.d:txp_d.d:mux#19.cse                                                                                                                                                                       1.5922  0.4078                         
    node_0_0:run/reg(txp_d.d(0))#2                                                                    l_S_t_1_t:l_S_t_1_t:mux#31.cse                                                                                                                                                                   1.5889  0.4111                         
    node_0_0:run/reg(txp_d.d(0))#3                                                                    l_S_t_1_t:l_S_t_1_t:mux#32.cse                                                                                                                                                                   1.5205  0.4795                         
    node_0_0:run/reg(txp_d.d(2))                                                                      l_S_t_1_t:l_S_t_1_t:mux.cse                                                                                                                                                                      1.5889  0.4111                         
    node_0_0:run/reg(txp_d.d(2))#1                                                                    txp_d.d:txp_d.d:mux#13.cse                                                                                                                                                                       1.5910  0.4090                         
    node_0_0:run/reg(txp_d.d(2))#4                                                                    txp_d.d:txp_d.d:mux#19.cse                                                                                                                                                                       1.5922  0.4078                         
    node_0_0:run/reg(txp_d.d(2))#2                                                                    l_S_t_1_t:l_S_t_1_t:mux#31.cse                                                                                                                                                                   1.5889  0.4111                         
    node_0_0:run/reg(txp_d.d(2))#3                                                                    l_S_t_1_t:l_S_t_1_t:mux#32.cse                                                                                                                                                                   1.5205  0.4795                         
    node_0_0:run/reg(txp_d.d(1))                                                                      l_S_t_1_t:l_S_t_1_t:mux.cse                                                                                                                                                                      1.5889  0.4111                         
    node_0_0:run/reg(txp_d.d(1))#1                                                                    txp_d.d:txp_d.d:mux#13.cse                                                                                                                                                                       1.5910  0.4090                         
    node_0_0:run/reg(txp_d.d(1))#4                                                                    txp_d.d:txp_d.d:mux#19.cse                                                                                                                                                                       1.5922  0.4078                         
    node_0_0:run/reg(txp_d.d(1))#2                                                                    l_S_t_1_t:l_S_t_1_t:mux#31.cse                                                                                                                                                                   1.5889  0.4111                         
    node_0_0:run/reg(txp_d.d(1))#3                                                                    l_S_t_1_t:l_S_t_1_t:mux#32.cse                                                                                                                                                                   1.5205  0.4795                         
    node_0_0:run/reg(l_S_t_1_t:b.d.lpi#1.dfm#1)                                                       l_S_t_1_t:b.d:l_S_t_1_t:b.d:mux.itm                                                                                                                                                              0.9777  1.0223                         
    node_0_0:run/reg(l_S_t_1_t:b.d.lpi#1.dfm#1)#1                                                     l_S_t_1_t:b.d:l_S_t_1_t:b.d:l_S_t_1_t:b.d:mux1h.itm                                                                                                                                              1.1055  0.8945                         
    node_0_0:run/reg(l_S_t_1_t:b.d.lpi#1.dfm#1)#4                                                     l_S_t_1_t:b.d:l_S_t_1_t:b.d:l_S_t_1_t:b.d:mux1h#2.itm                                                                                                                                            1.0990  0.9010                         
    node_0_0:run/reg(l_S_t_1_t:b.d.lpi#1.dfm#1)#2                                                     l_S_t_1_t:b.d:l_S_t_1_t:b.d:mux#1.itm                                                                                                                                                            0.9777  1.0223                         
    node_0_0:run/reg(l_S_t_1_t:b.d.lpi#1.dfm#1)#3                                                     l_S_t_1_t:b.d:l_S_t_1_t:b.d:l_S_t_1_t:b.d:mux1h#1.itm                                                                                                                                            1.0642  0.9358                         
    node_0_0:run/reg(return.mult_generic<AC_RND_CONV,false>:res_bef_rnd#2(11:1).lpi#1.dfm)#1          return.mult_generic<AC_RND_CONV,false>:res_bef_rnd:mux.itm                                                                                                                                       0.1006  1.8994                         
    node_0_0:run/reg(return.mult_generic<AC_RND_CONV,false>:res_bef_rnd#2(11:1).lpi#1.dfm)#2          return.mult_generic<AC_RND_CONV,false>:res_bef_rnd:return.mult_generic<AC_RND_CONV,false>:res_bef_rnd:mux1h.itm                                                                                  0.0381  1.9619                         
    node_0_0:run:v0_req.Push():mioi:v0_req.Push():mio:wait_dp/reg(v0_req.Push():mioi.bcwt)            nor.itm                                                                                                                                                                                          1.2409  0.7591                         
    node_0_0:run:v0_rsp.Pop():mioi:v0_rsp.Pop():mio:wait_dp/reg(v0_rsp.Pop():mioi.bcwt)               nor#2.itm                                                                                                                                                                                        1.2409  0.7591                         
    node_0_0:run:v0_rsp.Pop():mioi:v0_rsp.Pop():mio:wait_dp/reg(v0_rsp.Pop():mioi.idat.bfwt)          v0_rsp.Pop():mioi.idat                                                                                                                                                                           0.4552  1.5448                         
    node_0_0:run:v1.Push():mioi:v1.Push():mio:wait_dp/reg(v1.Push():mioi.bcwt)                        for#25:nor.itm                                                                                                                                                                                   1.2409  0.7591                         
    node_0_0:run:v2.Push():mioi:v2.Push():mio:wait_dp/reg(v2.Push():mioi.bcwt)                        for#25:nor#2.itm                                                                                                                                                                                 1.2409  0.7591                         
    node_0_0:run:v3.Push():mioi:v3.Push():mio:wait_dp/reg(v3.Push():mioi.bcwt)                        for#25:nor#4.itm                                                                                                                                                                                 1.2409  0.7591                         
    node_0_0:run:v4.Push():mioi:v4.Push():mio:wait_dp/reg(v4.Push():mioi.bcwt)                        for#25:nor#6.itm                                                                                                                                                                                 1.2409  0.7591                         
    node_0_0:run:v5.Push():mioi:v5.Push():mio:wait_dp/reg(v5.Push():mioi.bcwt)                        for#25:nor#8.itm                                                                                                                                                                                 1.2409  0.7591                         
    node_0_0:run:v6.Push():mioi:v6.Push():mio:wait_dp/reg(v6.Push():mioi.bcwt)                        for#25:nor#10.itm                                                                                                                                                                                1.2409  0.7591                         
    node_0_0:run:v7.Push():mioi:v7.Push():mio:wait_dp/reg(v7.Push():mioi.bcwt)                        for#25:nor#12.itm                                                                                                                                                                                1.2409  0.7591                         
    node_0_0:run:v8.Push():mioi:v8.Push():mio:wait_dp/reg(v8.Push():mioi.bcwt)                        for#25:nor#14.itm                                                                                                                                                                                1.2409  0.7591                         
    node_0_0:run:v9.Push():mioi:v9.Push():mio:wait_dp/reg(v9.Push():mioi.bcwt)                        for#25:nor#16.itm                                                                                                                                                                                1.2409  0.7591                         
    node_0_0:run:v10.Push():mioi:v10.Push():mio:wait_dp/reg(v10.Push():mioi.bcwt)                     for#25:nor#18.itm                                                                                                                                                                                1.2409  0.7591                         
    node_0_0:run:v11.Push():mioi:v11.Push():mio:wait_dp/reg(v11.Push():mioi.bcwt)                     for#25:nor#20.itm                                                                                                                                                                                1.2409  0.7591                         
    node_0_0:run:v12.Push():mioi:v12.Push():mio:wait_dp/reg(v12.Push():mioi.bcwt)                     for#25:nor#22.itm                                                                                                                                                                                1.2409  0.7591                         
    node_0_0:run:v13.Push():mioi:v13.Push():mio:wait_dp/reg(v13.Push():mioi.bcwt)                     for#25:nor#24.itm                                                                                                                                                                                1.2409  0.7591                         
    node_0_0:run:v14.Push():mioi:v14.Push():mio:wait_dp/reg(v14.Push():mioi.bcwt)                     for#25:nor#26.itm                                                                                                                                                                                1.2409  0.7591                         
    node_0_0:run:v15.Push():mioi:v15.Push():mio:wait_dp/reg(v15.Push():mioi.bcwt)                     for#25:nor#28.itm                                                                                                                                                                                1.2409  0.7591                         
    node_0_0:run:v16.Push():mioi:v16.Push():mio:wait_dp/reg(v16.Push():mioi.bcwt)                     for#25:nor#30.itm                                                                                                                                                                                1.2409  0.7591                         
    node_0_0:run:v17.Pop():mioi:v17.Pop():mio:wait_dp/reg(v17.Pop():mioi.bcwt)                        l_S_t_1_t:v156:nor.itm                                                                                                                                                                           1.2409  0.7591                         
    node_0_0:run:v17.Pop():mioi:v17.Pop():mio:wait_dp/reg(v17.Pop():mioi.idat.bfwt)                   v17.Pop():mioi.idat                                                                                                                                                                              1.1726  0.8274                         
    node_0_0:run:v18.Pop():mioi:v18.Pop():mio:wait_dp/reg(v18.Pop():mioi.bcwt)                        l_S_t_1_t:v158:nor.itm                                                                                                                                                                           1.2409  0.7591                         
    node_0_0:run:v18.Pop():mioi:v18.Pop():mio:wait_dp/reg(v18.Pop():mioi.idat.bfwt)                   v18.Pop():mioi.idat                                                                                                                                                                              1.1726  0.8274                         
    node_0_0:run:v19.Pop():mioi:v19.Pop():mio:wait_dp/reg(v19.Pop():mioi.bcwt)                        l_S_t_1_t:v160:nor.itm                                                                                                                                                                           1.2409  0.7591                         
    node_0_0:run:v19.Pop():mioi:v19.Pop():mio:wait_dp/reg(v19.Pop():mioi.idat.bfwt)                   v19.Pop():mioi.idat                                                                                                                                                                              1.1726  0.8274                         
    node_0_0:run:v20.Pop():mioi:v20.Pop():mio:wait_dp/reg(v20.Pop():mioi.bcwt)                        l_S_t_1_t:v162:nor.itm                                                                                                                                                                           1.2409  0.7591                         
    node_0_0:run:v20.Pop():mioi:v20.Pop():mio:wait_dp/reg(v20.Pop():mioi.idat.bfwt)                   v20.Pop():mioi.idat                                                                                                                                                                              1.1726  0.8274                         
    node_0_0:run:v21.Pop():mioi:v21.Pop():mio:wait_dp/reg(v21.Pop():mioi.bcwt)                        l_S_t_1_t:v164:nor.itm                                                                                                                                                                           1.2409  0.7591                         
    node_0_0:run:v21.Pop():mioi:v21.Pop():mio:wait_dp/reg(v21.Pop():mioi.idat.bfwt)                   l_S_t_1_t:v164:slc(v21.Pop():mioi.idat)(7-0)#1.itm                                                                                                                                               1.0191  0.9809                         
    node_0_0:run:v22.Pop():mioi:v22.Pop():mio:wait_dp/reg(v22.Pop():mioi.bcwt)                        l_S_t_1_t:v170:nor.itm                                                                                                                                                                           1.2409  0.7591                         
    node_0_0:run:v22.Pop():mioi:v22.Pop():mio:wait_dp/reg(v22.Pop():mioi.idat.bfwt)                   l_S_t_1_t:v170:slc(v22.Pop():mioi.idat)(7-0)#1.itm                                                                                                                                               1.0191  0.9809                         
    node_0_0:run:v23.Pop():mioi:v23.Pop():mio:wait_dp/reg(v23.Pop():mioi.bcwt)                        l_S_t_1_t:v176:nor.itm                                                                                                                                                                           1.2409  0.7591                         
    node_0_0:run:v23.Pop():mioi:v23.Pop():mio:wait_dp/reg(v23.Pop():mioi.idat.bfwt)                   l_S_t_1_t:v176:slc(v23.Pop():mioi.idat)(7-0)#1.itm                                                                                                                                               1.0191  0.9809                         
    node_0_0:run:v24.Pop():mioi:v24.Pop():mio:wait_dp/reg(v24.Pop():mioi.bcwt)                        l_S_t_1_t:v182:nor.itm                                                                                                                                                                           1.2409  0.7591                         
    node_0_0:run:v24.Pop():mioi:v24.Pop():mio:wait_dp/reg(v24.Pop():mioi.idat.bfwt)                   l_S_t_1_t:v182:slc(v24.Pop():mioi.idat)(7-0)#1.itm                                                                                                                                               1.0191  0.9809                         
    node_0_0:run:v25.Pop():mioi:v25.Pop():mio:wait_dp/reg(v25.Pop():mioi.bcwt)                        l_S_t_1_t:v188:nor.itm                                                                                                                                                                           1.2409  0.7591                         
    node_0_0:run:v25.Pop():mioi:v25.Pop():mio:wait_dp/reg(v25.Pop():mioi.idat.bfwt)                   v25.Pop():mioi.idat                                                                                                                                                                              0.5240  1.4760                         
    node_0_0:run:v26.Pop():mioi:v26.Pop():mio:wait_dp/reg(v26.Pop():mioi.bcwt)                        l_S_t_1_t:v194:nor.itm                                                                                                                                                                           1.2409  0.7591                         
    node_0_0:run:v26.Pop():mioi:v26.Pop():mio:wait_dp/reg(v26.Pop():mioi.idat.bfwt)                   v26.Pop():mioi.idat                                                                                                                                                                              0.5134  1.4866                         
    node_0_0:run:v27.Pop():mioi:v27.Pop():mio:wait_dp/reg(v27.Pop():mioi.bcwt)                        l_S_t_1_t:v200:nor.itm                                                                                                                                                                           1.2409  0.7591                         
    node_0_0:run:v27.Pop():mioi:v27.Pop():mio:wait_dp/reg(v27.Pop():mioi.idat.bfwt)                   v27.Pop():mioi.idat                                                                                                                                                                              0.5240  1.4760                         
    node_0_0:run:v28.Pop():mioi:v28.Pop():mio:wait_dp/reg(v28.Pop():mioi.bcwt)                        l_S_t_1_t:v206:nor.itm                                                                                                                                                                           1.2409  0.7591                         
    node_0_0:run:v28.Pop():mioi:v28.Pop():mio:wait_dp/reg(v28.Pop():mioi.idat.bfwt)                   v28.Pop():mioi.idat                                                                                                                                                                              0.5240  1.4760                         
    node_0_0:run:v29.Pop():mioi:v29.Pop():mio:wait_dp/reg(v29.Pop():mioi.bcwt)                        l_S_t_1_t:v351:nor.itm                                                                                                                                                                           1.2409  0.7591                         
    node_0_0:run:v29.Pop():mioi:v29.Pop():mio:wait_dp/reg(v29.Pop():mioi.idat.bfwt)                   v29.Pop():mioi.idat                                                                                                                                                                              1.1811  0.8189                         
    node_0_0:run:v30.Pop():mioi:v30.Pop():mio:wait_dp/reg(v30.Pop():mioi.bcwt)                        l_S_t_1_t:v353:nor.itm                                                                                                                                                                           1.2409  0.7591                         
    node_0_0:run:v30.Pop():mioi:v30.Pop():mio:wait_dp/reg(v30.Pop():mioi.idat.bfwt)                   v30.Pop():mioi.idat                                                                                                                                                                              1.1811  0.8189                         
    node_0_0:run:v31.Pop():mioi:v31.Pop():mio:wait_dp/reg(v31.Pop():mioi.bcwt)                        l_S_t_1_t:v355:nor.itm                                                                                                                                                                           1.2409  0.7591                         
    node_0_0:run:v31.Pop():mioi:v31.Pop():mio:wait_dp/reg(v31.Pop():mioi.idat.bfwt)                   v31.Pop():mioi.idat                                                                                                                                                                              1.1811  0.8189                         
    node_0_0:run:v32.Pop():mioi:v32.Pop():mio:wait_dp/reg(v32.Pop():mioi.bcwt)                        l_S_t_1_t:v357:nor.itm                                                                                                                                                                           1.2409  0.7591                         
    node_0_0:run:v32.Pop():mioi:v32.Pop():mio:wait_dp/reg(v32.Pop():mioi.idat.bfwt)                   v32.Pop():mioi.idat                                                                                                                                                                              1.1811  0.8189                         
    AlloFifo<ac_int<32,true>,8>:run/reg(out.PushNB():mioi.ivld)                                       in.read_reset_check.reset:while:aelse:not.itm                                                                                                                                                    1.6008  0.3992                         
    AlloFifo<ac_int<32,true>,8>:run/reg(out.PushNB():mioi.idat)                                       while:aelse:mux.itm                                                                                                                                                                              1.5118  0.4882                         
    AlloFifo<ac_int<32,true>,8>:run/reg(buf(0))                                                       in.PopNB():mioi.idat                                                                                                                                                                             1.5261  0.4739                         
    AlloFifo<ac_int<32,true>,8>:run/reg(buf(1))                                                       in.PopNB():mioi.idat                                                                                                                                                                             1.5261  0.4739                         
    AlloFifo<ac_int<32,true>,8>:run/reg(buf(2))                                                       in.PopNB():mioi.idat                                                                                                                                                                             1.5261  0.4739                         
    AlloFifo<ac_int<32,true>,8>:run/reg(buf(3))                                                       in.PopNB():mioi.idat                                                                                                                                                                             1.5261  0.4739                         
    AlloFifo<ac_int<32,true>,8>:run/reg(buf(4))                                                       in.PopNB():mioi.idat                                                                                                                                                                             1.5261  0.4739                         
    AlloFifo<ac_int<32,true>,8>:run/reg(buf(5))                                                       in.PopNB():mioi.idat                                                                                                                                                                             1.5261  0.4739                         
    AlloFifo<ac_int<32,true>,8>:run/reg(buf(6))                                                       in.PopNB():mioi.idat                                                                                                                                                                             1.5261  0.4739                         
    AlloFifo<ac_int<32,true>,8>:run/reg(buf(7))                                                       in.PopNB():mioi.idat                                                                                                                                                                             1.5261  0.4739                         
    AlloFifo<ac_int<32,true>,8>:run/reg(head(2:0))                                                    while:if:acc.itm                                                                                                                                                                                 1.6601  0.3399                         
    AlloFifo<ac_int<32,true>,8>:run/reg(cnt)                                                          z.out                                                                                                                                                                                            0.8687  1.1313                         
    AlloFifo<ac_int<32,true>,8>:run/reg(count)                                                        while:while:mux.itm                                                                                                                                                                              0.9125  1.0875                         
    AlloFifo<ac_int<32,true>,8>:run/reg(while:slc()(32).svs)                                          while:acc.itm(32)                                                                                                                                                                                1.6008  0.3992                         
    AlloFifo<ac_int<32,true>,8>:run/reg(in.PopNB():mioi.irdy)                                         and#41.itm                                                                                                                                                                                       0.8562  1.1438                         
    AlloFifo<ac_int<32,true>,8>:run/reg(tail(2:0))                                                    while:if#1:if:acc.itm                                                                                                                                                                            1.6601  0.3399                         
    AlloFifo<ac_int<32,true>,8>:run/reg(while:if#1:slc(while:if#1:acc)(29).svs)                       while:if#1:acc.itm(29)                                                                                                                                                                           0.8562  1.1438                         
    AlloFifo<ac_int<26,false>,8>:run/reg(out.PushNB():mioi.ivld)                                      in.read_reset_check.reset:while:aelse:not.itm                                                                                                                                                    1.6008  0.3992                         
    AlloFifo<ac_int<26,false>,8>:run/reg(out.PushNB():mioi.idat)                                      while:aelse:mux.itm                                                                                                                                                                              1.5174  0.4826                         
    AlloFifo<ac_int<26,false>,8>:run/reg(buf(0))                                                      in.PopNB():mioi.idat                                                                                                                                                                             1.5261  0.4739                         
    AlloFifo<ac_int<26,false>,8>:run/reg(buf(1))                                                      in.PopNB():mioi.idat                                                                                                                                                                             1.5261  0.4739                         
    AlloFifo<ac_int<26,false>,8>:run/reg(buf(2))                                                      in.PopNB():mioi.idat                                                                                                                                                                             1.5261  0.4739                         
    AlloFifo<ac_int<26,false>,8>:run/reg(buf(3))                                                      in.PopNB():mioi.idat                                                                                                                                                                             1.5261  0.4739                         
    AlloFifo<ac_int<26,false>,8>:run/reg(buf(4))                                                      in.PopNB():mioi.idat                                                                                                                                                                             1.5261  0.4739                         
    AlloFifo<ac_int<26,false>,8>:run/reg(buf(5))                                                      in.PopNB():mioi.idat                                                                                                                                                                             1.5261  0.4739                         
    AlloFifo<ac_int<26,false>,8>:run/reg(buf(6))                                                      in.PopNB():mioi.idat                                                                                                                                                                             1.5261  0.4739                         
    AlloFifo<ac_int<26,false>,8>:run/reg(buf(7))                                                      in.PopNB():mioi.idat                                                                                                                                                                             1.5261  0.4739                         
    AlloFifo<ac_int<26,false>,8>:run/reg(head(2:0))                                                   while:if:acc.itm                                                                                                                                                                                 1.6601  0.3399                         
    AlloFifo<ac_int<26,false>,8>:run/reg(cnt)                                                         z.out                                                                                                                                                                                            0.8687  1.1313                         
    AlloFifo<ac_int<26,false>,8>:run/reg(count)                                                       while:while:mux.itm                                                                                                                                                                              0.9125  1.0875                         
    AlloFifo<ac_int<26,false>,8>:run/reg(while:slc()(32).svs)                                         while:acc.itm(32)                                                                                                                                                                                1.6008  0.3992                         
    AlloFifo<ac_int<26,false>,8>:run/reg(in.PopNB():mioi.irdy)                                        and#41.itm                                                                                                                                                                                       0.8562  1.1438                         
    AlloFifo<ac_int<26,false>,8>:run/reg(tail(2:0))                                                   while:if#1:if:acc.itm                                                                                                                                                                            1.6601  0.3399                         
    AlloFifo<ac_int<26,false>,8>:run/reg(while:if#1:slc(while:if#1:acc)(29).svs)                      while:if#1:acc.itm(29)                                                                                                                                                                           0.8562  1.1438                         
    AlloFifo<ac_int<17,false>,8>:run/reg(out.PushNB():mioi.ivld)                                      in.read_reset_check.reset:while:aelse:not.itm                                                                                                                                                    1.6008  0.3992                         
    AlloFifo<ac_int<17,false>,8>:run/reg(out.PushNB():mioi.idat)                                      while:aelse:mux.itm                                                                                                                                                                              1.5185  0.4815                         
    AlloFifo<ac_int<17,false>,8>:run/reg(buf(0))                                                      in.PopNB():mioi.idat                                                                                                                                                                             1.5261  0.4739                         
    AlloFifo<ac_int<17,false>,8>:run/reg(buf(1))                                                      in.PopNB():mioi.idat                                                                                                                                                                             1.5261  0.4739                         
    AlloFifo<ac_int<17,false>,8>:run/reg(buf(2))                                                      in.PopNB():mioi.idat                                                                                                                                                                             1.5261  0.4739                         
    AlloFifo<ac_int<17,false>,8>:run/reg(buf(3))                                                      in.PopNB():mioi.idat                                                                                                                                                                             1.5261  0.4739                         
    AlloFifo<ac_int<17,false>,8>:run/reg(buf(4))                                                      in.PopNB():mioi.idat                                                                                                                                                                             1.5261  0.4739                         
    AlloFifo<ac_int<17,false>,8>:run/reg(buf(5))                                                      in.PopNB():mioi.idat                                                                                                                                                                             1.5261  0.4739                         
    AlloFifo<ac_int<17,false>,8>:run/reg(buf(6))                                                      in.PopNB():mioi.idat                                                                                                                                                                             1.5261  0.4739                         
    AlloFifo<ac_int<17,false>,8>:run/reg(buf(7))                                                      in.PopNB():mioi.idat                                                                                                                                                                             1.5261  0.4739                         
    AlloFifo<ac_int<17,false>,8>:run/reg(head(2:0))                                                   while:if:acc.itm                                                                                                                                                                                 1.6601  0.3399                         
    AlloFifo<ac_int<17,false>,8>:run/reg(cnt)                                                         z.out                                                                                                                                                                                            0.8687  1.1313                         
    AlloFifo<ac_int<17,false>,8>:run/reg(count)                                                       while:while:mux.itm                                                                                                                                                                              0.9125  1.0875                         
    AlloFifo<ac_int<17,false>,8>:run/reg(while:slc()(32).svs)                                         while:acc.itm(32)                                                                                                                                                                                1.6008  0.3992                         
    AlloFifo<ac_int<17,false>,8>:run/reg(in.PopNB():mioi.irdy)                                        and#41.itm                                                                                                                                                                                       0.8562  1.1438                         
    AlloFifo<ac_int<17,false>,8>:run/reg(tail(2:0))                                                   while:if#1:if:acc.itm                                                                                                                                                                            1.6601  0.3399                         
    AlloFifo<ac_int<17,false>,8>:run/reg(while:if#1:slc(while:if#1:acc)(29).svs)                      while:if#1:acc.itm(29)                                                                                                                                                                           0.8562  1.1438                         
    top                                                                                               done                                                                                                                                                                                             1.6285  0.3715                         
    
Operator Bitwidth Summary
  Operation                                                  Size (bits) Count 
  ---------------------------------------------------------- ----------- -----
  add                                                                          
  -                                                                    9     5 
  -                                                                    8    45 
  -                                                                    7     3 
  -                                                                    6     5 
  -                                                                    5     2 
  -                                                                   33    81 
  -                                                                   32    87 
  -                                                                   31     4 
  -                                                                   30    32 
  -                                                                    3    71 
  -                                                                    2     1 
  -                                                                   16     2 
  -                                                                   15     1 
  -                                                                   12     1 
  -                                                                   11     1 
  -                                                                   10     1 
  and                                                                          
  -                                                                    9     4 
  -                                                                    8    21 
  -                                                                    6     1 
  -                                                                    4    18 
  -                                                                    3     4 
  -                                                                   26    10 
  -                                                                   25     4 
  -                                                                   21     1 
  -                                                                    2     8 
  -                                                                   16    19 
  -                                                                    1  1804 
  equal                                                                        
  -                                                                    1    10 
  leading_sign_11_0_383f46be475a326c2ce5b300dcbc95271636                       
  -                                                                    4     1 
  leading_sign_15_0_1_0_e5c871125d0d1a1d63eeac9b3df3e1831c53                   
  -                                                                    1     1 
  lshift                                                                       
  -                                                                   22     1 
  -                                                                   15     1 
  mio_in_read                                                                  
  -                                                                    0   130 
  mio_out_write                                                                
  -                                                                    0   130 
  mul                                                                          
  -                                                                   22     1 
  mux                                                                          
  -                                                                    9    10 
  -                                                                    8    22 
  -                                                                    7     2 
  -                                                                    5     3 
  -                                                                    4    18 
  -                                                                   32   110 
  -                                                                   31     8 
  -                                                                    3    19 
  -                                                                   29    32 
  -                                                                   26    27 
  -                                                                    2    15 
  -                                                                   17    12 
  -                                                                   16    17 
  -                                                                   10     1 
  -                                                                    1   404 
  mux1h                                                                        
  -                                                                    9     2 
  -                                                                    8     9 
  -                                                                    4     1 
  -                                                                   31     1 
  -                                                                    3     6 
  -                                                                   26     1 
  -                                                                   21     1 
  -                                                                    2    10 
  -                                                                   16     4 
  -                                                                   15     1 
  -                                                                   12     1 
  -                                                                   11     1 
  -                                                                    1    42 
  nand                                                                         
  -                                                                    2     1 
  -                                                                    1   247 
  nor                                                                          
  -                                                                    1  1064 
  not                                                                          
  -                                                                    9     3 
  -                                                                    8     4 
  -                                                                    7     1 
  -                                                                    6     1 
  -                                                                    4     4 
  -                                                                   32    72 
  -                                                                   31     8 
  -                                                                    3     5 
  -                                                                   26     1 
  -                                                                    2     6 
  -                                                                   12     1 
  -                                                                    1  1835 
  or                                                                           
  -                                                                    4     1 
  -                                                                   32     9 
  -                                                                   25     4 
  -                                                                    2     3 
  -                                                                   16     4 
  -                                                                    1   932 
  read_ram                                                                     
  -                                                                   32     8 
  -                                                                   16     4 
  reg                                                                          
  -                                                                    9    18 
  -                                                                    8    55 
  -                                                                    6     2 
  -                                                                    5     8 
  -                                                                    4    33 
  -                                                                   32   343 
  -                                                                   31     8 
  -                                                                    3    95 
  -                                                                   26    92 
  -                                                                   25     8 
  -                                                                   24     4 
  -                                                                   21     1 
  -                                                                    2    29 
  -                                                                   17    80 
  -                                                                   16    48 
  -                                                                   12     1 
  -                                                                    1   715 
  rshift                                                                       
  -                                                                   14     1 
  -                                                                   12     1 
  -                                                                    1     4 
  xnor                                                                         
  -                                                                    1     8 
  xor                                                                          
  -                                                                    1     7 
  
End of Report
