
****** Vitis HLS - High-Level Synthesis from C, C++ and OpenCL v2023.2 (64-bit)
  **** SW Build 4023990 on Oct 11 2023
  **** IP Build 4028589 on Sat Oct 14 00:45:43 MDT 2023
  **** SharedData Build 4025554 on Tue Oct 10 17:18:54 MDT 2023
    ** Copyright 1986-2022 Xilinx, Inc. All Rights Reserved.
    ** Copyright 2022-2023 Advanced Micro Devices, Inc. All Rights Reserved.

source /opt/xilinx/Vitis_HLS/2023.2/scripts/vitis_hls/hls.tcl -notrace
INFO: [HLS 200-10] Running '/opt/xilinx/Vitis_HLS/2023.2/bin/unwrapped/lnx64.o/vitis_hls'
INFO: [HLS 200-10] For user 'zsm9' on host 'en-ec-brg-zhang-xcel.coecis.cornell.edu' (Linux_x86_64 version 5.14.0-162.23.1.el9_1.x86_64) on Tue Apr 14 17:11:04 EDT 2026
INFO: [HLS 200-10] On os "Red Hat Enterprise Linux 9.1 (Plow)"
INFO: [HLS 200-10] In directory '/home/zsm9/allo/tests/dataflow/20_matmul_mapping'
WARNING: [HLS 200-40] Environment variable 'C_INCLUDE_PATH' is set to /home/zsm9/local/include:.
WARNING: [HLS 200-40] Environment variable 'CPLUS_INCLUDE_PATH' is set to /home/zsm9/local/include:.
INFO: [HLS 200-2053] The vitis_hls executable is being deprecated. Consider using vitis-run --mode hls --tcl
Sourcing Tcl script 'run.tcl'
INFO: [HLS 200-1510] Running: open_project out.prj -reset 
INFO: [HLS 200-10] Creating and opening project '/home/zsm9/allo/tests/dataflow/20_matmul_mapping/out.prj'.
INFO: [HLS 200-1510] Running: open_solution -reset solution1 -flow_target vivado 
INFO: [HLS 200-10] Creating and opening solution '/home/zsm9/allo/tests/dataflow/20_matmul_mapping/out.prj/solution1'.
INFO: [HLS 200-10] Cleaning up the solution database.
INFO: [HLS 200-1505] Using flow_target 'vivado'
Resolution: For help on HLS 200-1505 see docs.xilinx.com/access/sources/dita/topic?Doc_Version=2023.2%20English&url=ug1448-hls-guidance&resourceid=200-1505.html
INFO: [HLS 200-1510] Running: set_top matmul_outer 
INFO: [HLS 200-1510] Running: add_files kernel.cpp 
INFO: [HLS 200-10] Adding design file 'kernel.cpp' to the project
INFO: [HLS 200-1510] Running: add_files -tb host.cpp -cflags -std=gnu++0x 
INFO: [HLS 200-10] Adding test bench file 'host.cpp' to the project
INFO: [HLS 200-1510] Running: open_solution solution1 
INFO: [HLS 200-10] Opening solution '/home/zsm9/allo/tests/dataflow/20_matmul_mapping/out.prj/solution1'.
INFO: [HLS 200-1505] Using flow_target 'vivado'
Resolution: For help on HLS 200-1505 see docs.xilinx.com/access/sources/dita/topic?Doc_Version=2023.2%20English&url=ug1448-hls-guidance&resourceid=200-1505.html
INFO: [HLS 200-1510] Running: set_part xcu280-fsvh2892-2L-e 
INFO: [HLS 200-1611] Setting target device to 'xcu280-fsvh2892-2L-e'
INFO: [HLS 200-1510] Running: create_clock -period 3.33 
INFO: [SYN 201-201] Setting up clock 'default' with a period of 3.33ns.
INFO: [HLS 200-1510] Running: csynth_design 
INFO: [HLS 200-111] Finished File checks and directory preparation: CPU user time: 0.07 seconds. CPU system time: 0.01 seconds. Elapsed time: 0.09 seconds; current allocated memory: 257.508 MB.
INFO: [HLS 200-10] Analyzing design file 'kernel.cpp' ... 
INFO: [HLS 200-111] Finished Source Code Analysis and Preprocessing: CPU user time: 22.97 seconds. CPU system time: 1.75 seconds. Elapsed time: 24.85 seconds; current allocated memory: 263.973 MB.
INFO: [HLS 200-777] Using interface defaults for 'Vivado' flow target.
INFO: [HLS 200-1995] There were 383 instructions in the design after the 'Compile/Link' phase of compilation. See the Design Size Report for more details: /home/zsm9/allo/tests/dataflow/20_matmul_mapping/out.prj/solution1/syn/report/csynth_design_size.rpt
INFO: [HLS 200-1995] There were 389 instructions in the design after the 'Unroll/Inline (step 1)' phase of compilation. See the Design Size Report for more details: /home/zsm9/allo/tests/dataflow/20_matmul_mapping/out.prj/solution1/syn/report/csynth_design_size.rpt
INFO: [HLS 200-1995] There were 321 instructions in the design after the 'Unroll/Inline (step 2)' phase of compilation. See the Design Size Report for more details: /home/zsm9/allo/tests/dataflow/20_matmul_mapping/out.prj/solution1/syn/report/csynth_design_size.rpt
INFO: [HLS 200-1995] There were 322 instructions in the design after the 'Unroll/Inline (step 3)' phase of compilation. See the Design Size Report for more details: /home/zsm9/allo/tests/dataflow/20_matmul_mapping/out.prj/solution1/syn/report/csynth_design_size.rpt
INFO: [HLS 200-1995] There were 322 instructions in the design after the 'Unroll/Inline (step 4)' phase of compilation. See the Design Size Report for more details: /home/zsm9/allo/tests/dataflow/20_matmul_mapping/out.prj/solution1/syn/report/csynth_design_size.rpt
INFO: [HLS 200-1995] There were 554 instructions in the design after the 'Array/Struct (step 1)' phase of compilation. See the Design Size Report for more details: /home/zsm9/allo/tests/dataflow/20_matmul_mapping/out.prj/solution1/syn/report/csynth_design_size.rpt
INFO: [HLS 200-1995] There were 464 instructions in the design after the 'Array/Struct (step 2)' phase of compilation. See the Design Size Report for more details: /home/zsm9/allo/tests/dataflow/20_matmul_mapping/out.prj/solution1/syn/report/csynth_design_size.rpt
INFO: [HLS 200-1995] There were 464 instructions in the design after the 'Array/Struct (step 3)' phase of compilation. See the Design Size Report for more details: /home/zsm9/allo/tests/dataflow/20_matmul_mapping/out.prj/solution1/syn/report/csynth_design_size.rpt
INFO: [HLS 200-1995] There were 449 instructions in the design after the 'Array/Struct (step 4)' phase of compilation. See the Design Size Report for more details: /home/zsm9/allo/tests/dataflow/20_matmul_mapping/out.prj/solution1/syn/report/csynth_design_size.rpt
INFO: [HLS 200-1995] There were 503 instructions in the design after the 'Array/Struct (step 5)' phase of compilation. See the Design Size Report for more details: /home/zsm9/allo/tests/dataflow/20_matmul_mapping/out.prj/solution1/syn/report/csynth_design_size.rpt
INFO: [HLS 200-1995] There were 375 instructions in the design after the 'Performance (step 1)' phase of compilation. See the Design Size Report for more details: /home/zsm9/allo/tests/dataflow/20_matmul_mapping/out.prj/solution1/syn/report/csynth_design_size.rpt
INFO: [HLS 200-1995] There were 375 instructions in the design after the 'Performance (step 2)' phase of compilation. See the Design Size Report for more details: /home/zsm9/allo/tests/dataflow/20_matmul_mapping/out.prj/solution1/syn/report/csynth_design_size.rpt
INFO: [HLS 200-1995] There were 375 instructions in the design after the 'Performance (step 3)' phase of compilation. See the Design Size Report for more details: /home/zsm9/allo/tests/dataflow/20_matmul_mapping/out.prj/solution1/syn/report/csynth_design_size.rpt
INFO: [HLS 200-1995] There were 375 instructions in the design after the 'Performance (step 4)' phase of compilation. See the Design Size Report for more details: /home/zsm9/allo/tests/dataflow/20_matmul_mapping/out.prj/solution1/syn/report/csynth_design_size.rpt
INFO: [HLS 200-1995] There were 387 instructions in the design after the 'HW Transforms (step 1)' phase of compilation. See the Design Size Report for more details: /home/zsm9/allo/tests/dataflow/20_matmul_mapping/out.prj/solution1/syn/report/csynth_design_size.rpt
INFO: [HLS 200-1995] There were 408 instructions in the design after the 'HW Transforms (step 2)' phase of compilation. See the Design Size Report for more details: /home/zsm9/allo/tests/dataflow/20_matmul_mapping/out.prj/solution1/syn/report/csynth_design_size.rpt
WARNING: [HLS 214-386] A depth specification is required for MAXI interface port 'v15' for cosimulation. (kernel.cpp:73:0)
WARNING: [HLS 214-386] A depth specification is required for MAXI interface port 'v16' for cosimulation. (kernel.cpp:73:0)
WARNING: [HLS 214-386] A depth specification is required for MAXI interface port 'v17' for cosimulation. (kernel.cpp:73:0)
INFO: [HLS 214-291] Loop 'l_S_l_0_l' is marked as complete unroll implied by the pipeline pragma (kernel.cpp:98:13)
INFO: [HLS 214-291] Loop 'l_S_m_0_m' is marked as complete unroll implied by the pipeline pragma (kernel.cpp:102:18)
INFO: [HLS 214-186] Unrolling loop 'l_S_l_0_l' (kernel.cpp:98:13) in function 'matmul_outer' completely with a factor of 4 (kernel.cpp:73:0)
INFO: [HLS 214-186] Unrolling loop 'l_S_m_0_m' (kernel.cpp:102:18) in function 'matmul_outer' completely with a factor of 4 (kernel.cpp:73:0)
INFO: [HLS 214-178] Inlining function 'load_buf0' into 'matmul_outer' (kernel.cpp:73:0)
INFO: [HLS 214-178] Inlining function 'load_buf1' into 'matmul_outer' (kernel.cpp:73:0)
INFO: [HLS 214-178] Inlining function 'store_res2' into 'matmul_outer' (kernel.cpp:73:0)
INFO: [HLS 214-248] Applying array_partition to 'buf0': Complete partitioning on dimension 1. Complete partitioning on dimension 2. (kernel.cpp:77:10)
INFO: [HLS 214-248] Applying array_partition to 'buf1': Complete partitioning on dimension 1. Complete partitioning on dimension 2. (kernel.cpp:82:11)
INFO: [HLS 214-248] Applying array_partition to 'C': Complete partitioning on dimension 1. Complete partitioning on dimension 2. (kernel.cpp:87:11)
INFO: [HLS 214-115] Multiple burst reads of length 16 and bit width 32 in loop 'l_S_load_buf0_load_buf0_l_0'(kernel.cpp:27:31) has been inferred on bundle 'gmem0'. These burst requests might be further partitioned into multiple requests during RTL generation, based on max_read_burst_length or max_write_burst_length settings. (kernel.cpp:27:31)
INFO: [HLS 214-115] Multiple burst reads of length 16 and bit width 32 in loop 'l_S_load_buf1_load_buf1_l_0'(kernel.cpp:43:31) has been inferred on bundle 'gmem1'. These burst requests might be further partitioned into multiple requests during RTL generation, based on max_read_burst_length or max_write_burst_length settings. (kernel.cpp:43:31)
INFO: [HLS 214-115] Multiple burst writes of length 16 and bit width 32 in loop 'l_S_store_res2_store_res2_l_0'(kernel.cpp:59:33) has been inferred on bundle 'gmem2'. These burst requests might be further partitioned into multiple requests during RTL generation, based on max_read_burst_length or max_write_burst_length settings. (kernel.cpp:59:33)
INFO: [HLS 200-111] Finished Compiling Optimization and Transform: CPU user time: 3.08 seconds. CPU system time: 0.41 seconds. Elapsed time: 8.11 seconds; current allocated memory: 264.867 MB.
INFO: [HLS 200-111] Finished Checking Pragmas: CPU user time: 0 seconds. CPU system time: 0 seconds. Elapsed time: 0 seconds; current allocated memory: 264.867 MB.
INFO: [HLS 200-10] Starting code transformations ...
INFO: [HLS 200-111] Finished Standard Transforms: CPU user time: 0.03 seconds. CPU system time: 0.01 seconds. Elapsed time: 0.04 seconds; current allocated memory: 265.754 MB.
INFO: [HLS 200-10] Checking synthesizability ...
INFO: [HLS 200-111] Finished Checking Synthesizability: CPU user time: 0.02 seconds. CPU system time: 0 seconds. Elapsed time: 0.03 seconds; current allocated memory: 266.000 MB.
INFO: [HLS 200-111] Finished Loop, function and other optimizations: CPU user time: 0.13 seconds. CPU system time: 0.01 seconds. Elapsed time: 0.15 seconds; current allocated memory: 289.660 MB.
INFO: [HLS 200-2061] Successfully converted nested loops 'l_S_load_buf0_load_buf0_l_0'(kernel.cpp:27:31) and 'l_load_buf0_l_1'(kernel.cpp:28:22) in function 'matmul_outer' into perfectly nested loops.
INFO: [HLS 200-2061] Successfully converted nested loops 'l_S_load_buf1_load_buf1_l_0'(kernel.cpp:43:31) and 'l_load_buf1_l_1'(kernel.cpp:44:22) in function 'matmul_outer' into perfectly nested loops.
INFO: [HLS 200-2061] Successfully converted nested loops 'l_S_store_res2_store_res2_l_0'(kernel.cpp:59:33) and 'l_store_res2_l_1'(kernel.cpp:60:23) in function 'matmul_outer' into perfectly nested loops.
INFO: [XFORM 203-541] Flattening a loop nest 'l_S_load_buf0_load_buf0_l_0' (kernel.cpp:27:31) in function 'matmul_outer'.
INFO: [XFORM 203-541] Flattening a loop nest 'l_S_load_buf1_load_buf1_l_0' (kernel.cpp:43:31) in function 'matmul_outer'.
INFO: [XFORM 203-541] Flattening a loop nest 'l_S_store_res2_store_res2_l_0' (kernel.cpp:59:33) in function 'matmul_outer'.
WARNING: [HLS 200-1991] Performance of loop 'l_S_load_buf0_load_buf0_l_0_l_load_buf0_l_1'in function 'matmul_outer' can be improved with loop rewind inference if the loop can be encapsulated as a standalone function.
WARNING: [HLS 200-1992] Performance of loop 'l_S_load_buf0_load_buf0_l_0_l_load_buf0_l_1'in function 'matmul_outer' can be improved with loop rewind inference if the loop is called from a region that can be executed in overlapped fashion such as a dataflow region or the top function.
WARNING: [HLS 200-1991] Performance of loop 'l_S_load_buf1_load_buf1_l_0_l_load_buf1_l_1'in function 'matmul_outer' can be improved with loop rewind inference if the loop can be encapsulated as a standalone function.
WARNING: [HLS 200-1992] Performance of loop 'l_S_load_buf1_load_buf1_l_0_l_load_buf1_l_1'in function 'matmul_outer' can be improved with loop rewind inference if the loop is called from a region that can be executed in overlapped fashion such as a dataflow region or the top function.
WARNING: [HLS 200-1991] Performance of loop 'l_S_store_res2_store_res2_l_0_l_store_res2_l_1'in function 'matmul_outer' can be improved with loop rewind inference if the loop can be encapsulated as a standalone function.
WARNING: [HLS 200-1992] Performance of loop 'l_S_store_res2_store_res2_l_0_l_store_res2_l_1'in function 'matmul_outer' can be improved with loop rewind inference if the loop is called from a region that can be executed in overlapped fashion such as a dataflow region or the top function.
WARNING: [HLS 200-954] Cannot Rewind function matmul_outer because there are multiple loops inside the region (kernel.cpp:70)
Resolution: For help on HLS 200-954 see docs.xilinx.com/access/sources/dita/topic?Doc_Version=2023.2%20English&url=ug1448-hls-guidance&resourceid=200-954.html
INFO: [HLS 200-111] Finished Architecture Synthesis: CPU user time: 0.12 seconds. CPU system time: 0.01 seconds. Elapsed time: 0.14 seconds; current allocated memory: 290.910 MB.
INFO: [HLS 200-10] Starting hardware synthesis ...
INFO: [HLS 200-10] Synthesizing 'matmul_outer' ...
INFO: [HLS 200-10] ----------------------------------------------------------------
INFO: [HLS 200-42] -- Implementing module 'matmul_outer_Pipeline_l_S_k_0_k' 
INFO: [HLS 200-10] ----------------------------------------------------------------
INFO: [SCHED 204-11] Starting scheduling ...
INFO: [SCHED 204-61] Pipelining loop 'l_S_k_0_k'.
INFO: [HLS 200-1470] Pipelining result : Target II = 1, Final II = 1, Depth = 4, loop 'l_S_k_0_k'
INFO: [SCHED 204-11] Finished scheduling.
INFO: [HLS 200-111] Finished Scheduling: CPU user time: 0.21 seconds. CPU system time: 0.01 seconds. Elapsed time: 0.25 seconds; current allocated memory: 292.770 MB.
INFO: [BIND 205-100] Starting micro-architecture generation ...
INFO: [BIND 205-101] Performing variable lifetime analysis.
INFO: [BIND 205-101] Exploring resource sharing.
INFO: [BIND 205-101] Binding ...
INFO: [BIND 205-100] Finished micro-architecture generation.
INFO: [HLS 200-111] Finished Binding: CPU user time: 0.03 seconds. CPU system time: 0 seconds. Elapsed time: 0.04 seconds; current allocated memory: 292.770 MB.
INFO: [HLS 200-10] ----------------------------------------------------------------
INFO: [HLS 200-42] -- Implementing module 'matmul_outer' 
INFO: [HLS 200-10] ----------------------------------------------------------------
INFO: [SCHED 204-11] Starting scheduling ...
INFO: [SCHED 204-61] Pipelining loop 'l_S_load_buf0_load_buf0_l_0_l_load_buf0_l_1'.
INFO: [SCHED 204-61] Pipelining loop 'l_S_load_buf1_load_buf1_l_0_l_load_buf1_l_1'.
INFO: [SCHED 204-61] Pipelining loop 'l_S_store_res2_store_res2_l_0_l_store_res2_l_1'.
INFO: [HLS 200-1470] Pipelining result : Target II = 1, Final II = 1, Depth = 1, loop 'l_S_load_buf0_load_buf0_l_0_l_load_buf0_l_1'
INFO: [HLS 200-1470] Pipelining result : Target II = 1, Final II = 1, Depth = 1, loop 'l_S_load_buf1_load_buf1_l_0_l_load_buf1_l_1'
INFO: [HLS 200-1470] Pipelining result : Target II = 1, Final II = 1, Depth = 2, loop 'l_S_store_res2_store_res2_l_0_l_store_res2_l_1'
INFO: [SCHED 204-11] Finished scheduling.
INFO: [HLS 200-111] Finished Scheduling: CPU user time: 0.14 seconds. CPU system time: 0.01 seconds. Elapsed time: 0.17 seconds; current allocated memory: 295.551 MB.
INFO: [BIND 205-100] Starting micro-architecture generation ...
INFO: [BIND 205-101] Performing variable lifetime analysis.
INFO: [BIND 205-101] Exploring resource sharing.
INFO: [BIND 205-101] Binding ...
INFO: [BIND 205-100] Finished micro-architecture generation.
INFO: [HLS 200-111] Finished Binding: CPU user time: 0.04 seconds. CPU system time: 0.01 seconds. Elapsed time: 0.06 seconds; current allocated memory: 295.551 MB.
INFO: [HLS 200-10] ----------------------------------------------------------------
INFO: [HLS 200-10] -- Generating RTL for module 'matmul_outer_Pipeline_l_S_k_0_k' 
INFO: [HLS 200-10] ----------------------------------------------------------------
INFO: [HLS 200-1030] Apply Unified Pipeline Control on module 'matmul_outer_Pipeline_l_S_k_0_k' pipeline 'l_S_k_0_k' pipeline type 'loop pipeline'
INFO: [RTGEN 206-100] Generating core module 'mul_32s_32s_32_2_1': 16 instance(s).
INFO: [RTGEN 206-100] Generating core module 'sparsemux_9_2_32_1_1': 8 instance(s).
INFO: [RTGEN 206-100] Finished creating RTL model for 'matmul_outer_Pipeline_l_S_k_0_k'.
INFO: [HLS 200-111] Finished Creating RTL model: CPU user time: 0.08 seconds. CPU system time: 0 seconds. Elapsed time: 0.09 seconds; current allocated memory: 295.551 MB.
INFO: [HLS 200-10] ----------------------------------------------------------------
INFO: [HLS 200-10] -- Generating RTL for module 'matmul_outer' 
INFO: [HLS 200-10] ----------------------------------------------------------------
WARNING: [RTGEN 206-101] Design contains AXI ports. Reset is fixed to synchronous and active low.
INFO: [RTGEN 206-500] Setting interface mode on port 'matmul_outer/gmem0' to 'm_axi'.
INFO: [RTGEN 206-500] Setting interface mode on port 'matmul_outer/gmem1' to 'm_axi'.
INFO: [RTGEN 206-500] Setting interface mode on port 'matmul_outer/gmem2' to 'm_axi'.
INFO: [RTGEN 206-500] Setting interface mode on port 'matmul_outer/v15' to 's_axilite & ap_none'.
INFO: [RTGEN 206-500] Setting interface mode on port 'matmul_outer/v16' to 's_axilite & ap_none'.
INFO: [RTGEN 206-500] Setting interface mode on port 'matmul_outer/v17' to 's_axilite & ap_none'.
INFO: [RTGEN 206-500] Setting interface mode on function 'matmul_outer' to 'ap_ctrl_hs'.
INFO: [RTGEN 206-100] Bundling port 'v15', 'v16' and 'v17' to AXI-Lite port control.
INFO: [RTGEN 206-100] Generating core module 'sparsemux_9_2_32_1_1': 5 instance(s).
INFO: [RTGEN 206-100] Finished creating RTL model for 'matmul_outer'.
INFO: [HLS 200-111] Finished Creating RTL model: CPU user time: 0.14 seconds. CPU system time: 0.02 seconds. Elapsed time: 0.19 seconds; current allocated memory: 301.215 MB.
INFO: [HLS 200-111] Finished Generating all RTL models: CPU user time: 0.32 seconds. CPU system time: 0.04 seconds. Elapsed time: 0.47 seconds; current allocated memory: 307.797 MB.
INFO: [HLS 200-1603] Design has inferred MAXI bursts and missed bursts, see Vitis HLS GUI synthesis summary report for detailed information.
INFO: [HLS 200-111] Finished Updating report files: CPU user time: 1.31 seconds. CPU system time: 0.04 seconds. Elapsed time: 1.4 seconds; current allocated memory: 314.840 MB.
INFO: [VHDL 208-304] Generating VHDL RTL for matmul_outer.
INFO: [VLOG 209-307] Generating Verilog RTL for matmul_outer.
INFO: [HLS 200-790] **** Loop Constraint Status: All loop constraints were satisfied.
INFO: [HLS 200-789] **** Estimated Fmax: 411.37 MHz
INFO: [HLS 200-111] Finished Command csynth_design CPU user time: 28.7 seconds. CPU system time: 2.33 seconds. Elapsed time: 36.12 seconds; current allocated memory: 58.332 MB.
INFO: [HLS 200-1510] Running: export_design -flow impl 
INFO: [IMPL 213-8] Exporting RTL as a Vivado IP.

****** Vivado v2023.2 (64-bit)
  **** SW Build 4029153 on Fri Oct 13 20:13:54 MDT 2023
  **** IP Build 4028589 on Sat Oct 14 00:45:43 MDT 2023
  **** SharedData Build 4025554 on Tue Oct 10 17:18:54 MDT 2023
    ** Copyright 1986-2022 Xilinx, Inc. All Rights Reserved.
    ** Copyright 2022-2023 Advanced Micro Devices, Inc. All Rights Reserved.

source run_ippack.tcl -notrace
ipx::create_core: Time (s): cpu = 00:00:07 ; elapsed = 00:00:07 . Memory (MB): peak = 1601.363 ; gain = 0.023 ; free physical = 4966 ; free virtual = 100279
INFO: [IP_Flow 19-234] Refreshing IP repositories
INFO: [IP_Flow 19-1704] No user IP repositories specified
INFO: [IP_Flow 19-2313] Loaded Vivado IP repository '/opt/xilinx/Vivado/2023.2/data/ip'.
INFO: [Common 17-206] Exiting Vivado at Tue Apr 14 17:11:58 2026...
INFO: [IMPL 213-8] Starting RTL evaluation using Vivado ...

****** Vivado v2023.2 (64-bit)
  **** SW Build 4029153 on Fri Oct 13 20:13:54 MDT 2023
  **** IP Build 4028589 on Sat Oct 14 00:45:43 MDT 2023
  **** SharedData Build 4025554 on Tue Oct 10 17:18:54 MDT 2023
    ** Copyright 1986-2022 Xilinx, Inc. All Rights Reserved.
    ** Copyright 2022-2023 Advanced Micro Devices, Inc. All Rights Reserved.

source run_vivado.tcl
# source ./settings.tcl
## set top_module matmul_outer
## set language verilog
## set family virtexuplushbm
## set device xcu280
## set package -fsvh2892
## set speed -2L-e
## set clock ap_clk
## set fsm_ext "off"
## set add_io_buffers false ;
# source -notrace ./extraction.tcl
# set vivado_proj_name project
# set vivado_proj_dir .
# set target_device "${device}${package}${speed}"
# set target_clk_period_ns "3.330"
# set target_clk_freq_hz [expr {floor(1000 / $target_clk_period_ns) * 1000000}]
# set ip_vlnv xilinx.com:hls:matmul_outer:1.0
# set ip_repo_path ../ip
# set bd_design_name bd_0
# set bd_inst_name hls_inst
# set bd_props {}
# set has_synth true
# set synth_design_args {-directive sdx_optimization_effort_high}
# set synth_dcp ""
# set synth_props {}
# set has_impl 1
# set impl_props {}
# set report_options [dict create]
# dict set report_options report_level 2
# dict set report_options report_max_paths 10
# dict set report_options stdout_hls_reports 1
# dict set report_options stdout_vivado_reports 0
# dict set report_options hls_project out.prj
# dict set report_options hls_solution solution1
# dict set report_options has_synth $has_synth
# dict set report_options has_impl $has_impl
# dict set report_options vivado_reportbasename $top_module
# dict set report_options vivado_reportdir ./report
# dict set report_options hls_impl_dir ..
# dict set report_options hls_reportdir ../report/$language
# dict set report_options target_clk_period $target_clk_period_ns
# dict set report_options target_device $target_device
# dict set report_options language $language
# dict set report_options clock_name $clock
# dict set report_options error_if_impl_timing_fails false
# dict set report_options bindmodules {matmul_outer_mul_32s_32s_32_2_1 matmul_outer_sparsemux_9_2_32_1_1 matmul_outer_flow_control_loop_pipe_sequential_init matmul_outer_gmem0_m_axi matmul_outer_gmem1_m_axi matmul_outer_gmem2_m_axi matmul_outer_control_s_axi}
# dict set report_options max_module_depth 6
# create_project $vivado_proj_name $vivado_proj_dir -part $target_device -force
create_project: Time (s): cpu = 00:00:07 ; elapsed = 00:00:07 . Memory (MB): peak = 1563.316 ; gain = 0.023 ; free physical = 4952 ; free virtual = 100266
# set_property target_language $language [current_project]
# if { ![file exists $ip_repo_path] } {
#   error "Cannot find packaged HLS IP"
# }
# set_property ip_repo_paths [file normalize $ip_repo_path] [current_project]
# update_ip_catalog
INFO: [IP_Flow 19-234] Refreshing IP repositories
INFO: [IP_Flow 19-1700] Loaded user IP repository '/home/zsm9/allo/tests/dataflow/20_matmul_mapping/out.prj/solution1/impl/ip'.
INFO: [IP_Flow 19-2313] Loaded Vivado IP repository '/opt/xilinx/Vivado/2023.2/data/ip'.
# create_bd_design $bd_design_name
Wrote  : </home/zsm9/allo/tests/dataflow/20_matmul_mapping/out.prj/solution1/impl/verilog/project.srcs/sources_1/bd/bd_0/bd_0.bd> 
# set cell_inst [create_bd_cell -type ip -vlnv $ip_vlnv $bd_inst_name]
# if { [llength $bd_props] } { 
#   set_property -dict $bd_props $cell_inst 
# }
# make_bd_pins_external $cell_inst
# make_bd_intf_pins_external $cell_inst
# set bd_clk_ports [get_bd_ports -filter {TYPE==clk}]
# if { [llength $bd_clk_ports] && $target_clk_freq_hz ne "" } { 
#   set_property CONFIG.FREQ_HZ $target_clk_freq_hz $bd_clk_ports 
# }
# foreach bd_port [get_bd_intf_ports] {
#   set_property name [regsub {_0$} [get_property name $bd_port] {}] $bd_port
# }
# foreach bd_port [get_bd_ports -filter {INTF!=TRUE}] {
#   set_property name [regsub {_0$} [get_property name $bd_port] {}] $bd_port
# }
# set s_axi_addr_width_min 32
# foreach bd_port [get_bd_intf_ports -filter {MODE == "Slave" && VLNV =~ "xilinx.com:interface:aximm_rtl:*"}] {
#   set bd_port_addr_width [get_property CONFIG.ADDR_WIDTH $bd_port]
#   if { $bd_port_addr_width < $s_axi_addr_width_min } {
#     puts "INFO: Updating $bd_port CONFIG.ADDR_WIDTH to $s_axi_addr_width_min"
#     set_property CONFIG.ADDR_WIDTH $s_axi_addr_width_min $bd_port
#   }
# }
INFO: Updating /s_axi_control CONFIG.ADDR_WIDTH to 32
# set_msg_config -id {[BD 41-1265]} -severity {CRITICAL WARNING} -new_severity {INFO}
# assign_bd_address
Slave segment '/hls_inst/s_axi_control/Reg' is being assigned into address space '/s_axi_control' at <0x0000_0000 [ 64K ]>.
Slave segment '/m_axi_gmem0/Reg' is being assigned into address space '/hls_inst/Data_m_axi_gmem0' at <0x44A0_0000 [ 64K ]>.
Slave segment '/m_axi_gmem1/Reg' is being assigned into address space '/hls_inst/Data_m_axi_gmem1' at <0x44A0_0000 [ 64K ]>.
Slave segment '/m_axi_gmem2/Reg' is being assigned into address space '/hls_inst/Data_m_axi_gmem2' at <0x44A0_0000 [ 64K ]>.
Wrote  : </home/zsm9/allo/tests/dataflow/20_matmul_mapping/out.prj/solution1/impl/verilog/project.srcs/sources_1/bd/bd_0/bd_0.bd> 
Verilog Output written to : /home/zsm9/allo/tests/dataflow/20_matmul_mapping/out.prj/solution1/impl/verilog/project.gen/sources_1/bd/bd_0/synth/bd_0.v
Verilog Output written to : /home/zsm9/allo/tests/dataflow/20_matmul_mapping/out.prj/solution1/impl/verilog/project.gen/sources_1/bd/bd_0/sim/bd_0.v
Verilog Output written to : /home/zsm9/allo/tests/dataflow/20_matmul_mapping/out.prj/solution1/impl/verilog/project.gen/sources_1/bd/bd_0/hdl/bd_0_wrapper.v
# set toprtl [make_wrapper -files [get_files ${bd_design_name}.bd] -top]
# add_files -norecurse $toprtl
# set top_inst_name [file root [file tail $toprtl]]
# puts "Using BD top: $top_inst_name"
Using BD top: bd_0_wrapper
# set xdc_files [glob -nocomplain ./*.xdc]
# if { [llength $xdc_files] } {
#     add_files -fileset constrs_1 -norecurse $xdc_files
# }
# launch_runs synth_1 -scripts_only
INFO: [BD 41-1662] The design 'bd_0.bd' is already validated. Therefore parameter propagation will not be re-run.
Verilog Output written to : /home/zsm9/allo/tests/dataflow/20_matmul_mapping/out.prj/solution1/impl/verilog/project.gen/sources_1/bd/bd_0/synth/bd_0.v
Verilog Output written to : /home/zsm9/allo/tests/dataflow/20_matmul_mapping/out.prj/solution1/impl/verilog/project.gen/sources_1/bd/bd_0/sim/bd_0.v
Verilog Output written to : /home/zsm9/allo/tests/dataflow/20_matmul_mapping/out.prj/solution1/impl/verilog/project.gen/sources_1/bd/bd_0/hdl/bd_0_wrapper.v
INFO: [BD 41-1029] Generation completed for the IP Integrator block hls_inst .
Exporting to file /home/zsm9/allo/tests/dataflow/20_matmul_mapping/out.prj/solution1/impl/verilog/project.gen/sources_1/bd/bd_0/hw_handoff/bd_0.hwh
Generated Hardware Definition File /home/zsm9/allo/tests/dataflow/20_matmul_mapping/out.prj/solution1/impl/verilog/project.gen/sources_1/bd/bd_0/synth/bd_0.hwdef
INFO: [IP_Flow 19-6924] IPCACHE: Running cache check for IP inst: bd_0_hls_inst_0
WARNING: [Vivado 12-7122] Auto Incremental Compile:: No reference checkpoint was found in run synth_1. Auto-incremental flow will not be run, the standard flow will be run instead.
launch_runs: Time (s): cpu = 00:00:06 ; elapsed = 00:00:07 . Memory (MB): peak = 1948.551 ; gain = 72.035 ; free physical = 4679 ; free virtual = 99995
# foreach run [get_runs -filter {IS_SYNTHESIS == 1}] {
#   reset_run [get_runs $run]
# }
# set_property XPM_LIBRARIES {XPM_MEMORY XPM_FIFO} [current_project]
# hls_vivado_reports_setup $report_options
TIMESTAMP: HLS-REPORT: initialize report directories: 2026-04-14 17:12:30 EDT
# if { $has_synth || $has_impl } {
#   # synth properties setting
#   set_property -name {STEPS.SYNTH_DESIGN.ARGS.MORE OPTIONS} -value {-mode out_of_context} -objects [get_runs synth_1]
#   set ip_inst [get_ips -quiet ${bd_design_name}*${bd_inst_name}*]
#   if { ![llength $ip_inst] } {
#       error "Cannot find HLS IP instance: ${bd_design_name}*${bd_inst_name}*"
#   }
#   set synth_run [get_runs -filter {IS_SYNTHESIS == 1} ${ip_inst}*]
#   if { ![llength $synth_run] } {
#       error "Cannot find synth run for HLS IP: ${ip_inst}*"
#   }
# 
#   if { [llength $synth_design_args] } {
#       set_property -name {STEPS.SYNTH_DESIGN.ARGS.MORE OPTIONS} -value $synth_design_args -objects $synth_run
#   }
# 
#   if { [llength $synth_props] } {
#     set_property -dict $synth_props $synth_run
#   }
# 
#   # launch run synth
#   launch_runs synth_1
#   wait_on_run synth_1
#   # synth reports
#   hls_vivado_reports_synth synth_1 $report_options
#   if { $synth_dcp ne "" } {
#     file mkdir [file dirname $synth_dcp]
#     set run_dcp [glob -nocomplain [get_property DIRECTORY $synth_run]/*.dcp]
#     if { [llength $run_dcp] != 1 } { error "Cannot find single dcp file for run $synth_run" }
#     file copy -force $run_dcp $synth_dcp
#   }
# }
INFO: [IP_Flow 19-6924] IPCACHE: Running cache check for IP inst: bd_0_hls_inst_0
WARNING: [Vivado 12-7122] Auto Incremental Compile:: No reference checkpoint was found in run synth_1. Auto-incremental flow will not be run, the standard flow will be run instead.
[Tue Apr 14 17:12:31 2026] Launched bd_0_hls_inst_0_synth_1...
Run output will be captured here: /home/zsm9/allo/tests/dataflow/20_matmul_mapping/out.prj/solution1/impl/verilog/project.runs/bd_0_hls_inst_0_synth_1/runme.log
[Tue Apr 14 17:12:31 2026] Launched synth_1...
Run output will be captured here: /home/zsm9/allo/tests/dataflow/20_matmul_mapping/out.prj/solution1/impl/verilog/project.runs/synth_1/runme.log
[Tue Apr 14 17:12:31 2026] Waiting for synth_1 to finish...

*** Running vivado
    with args -log bd_0_wrapper.vds -m64 -product Vivado -mode batch -messageDb vivado.pb -notrace -source bd_0_wrapper.tcl


****** Vivado v2023.2 (64-bit)
  **** SW Build 4029153 on Fri Oct 13 20:13:54 MDT 2023
  **** IP Build 4028589 on Sat Oct 14 00:45:43 MDT 2023
  **** SharedData Build 4025554 on Tue Oct 10 17:18:54 MDT 2023
    ** Copyright 1986-2022 Xilinx, Inc. All Rights Reserved.
    ** Copyright 2022-2023 Advanced Micro Devices, Inc. All Rights Reserved.

source bd_0_wrapper.tcl -notrace
create_project: Time (s): cpu = 00:00:07 ; elapsed = 00:00:07 . Memory (MB): peak = 1563.734 ; gain = 0.023 ; free physical = 4144 ; free virtual = 99476
INFO: [IP_Flow 19-234] Refreshing IP repositories
INFO: [IP_Flow 19-1700] Loaded user IP repository '/home/zsm9/allo/tests/dataflow/20_matmul_mapping/out.prj/solution1/impl/ip'.
INFO: [IP_Flow 19-2313] Loaded Vivado IP repository '/opt/xilinx/Vivado/2023.2/data/ip'.
Command: synth_design -top bd_0_wrapper -part xcu280-fsvh2892-2L-e -mode out_of_context
Starting synth_design
Attempting to get a license for feature 'Synthesis' and/or device 'xcu280'
INFO: [Common 17-349] Got license for feature 'Synthesis' and/or device 'xcu280'
INFO: [Device 21-403] Loading part xcu280-fsvh2892-2L-e
INFO: [Synth 8-7079] Multithreading enabled for synth_design using a maximum of 4 processes.
INFO: [Synth 8-7078] Launching helper process for spawning children vivado processes
INFO: [Synth 8-7075] Helper process launched with PID 1712273
---------------------------------------------------------------------------------
Starting RTL Elaboration : Time (s): cpu = 00:00:04 ; elapsed = 00:00:04 . Memory (MB): peak = 3320.027 ; gain = 397.715 ; free physical = 2110 ; free virtual = 97443
---------------------------------------------------------------------------------
INFO: [Synth 8-6157] synthesizing module 'bd_0_wrapper' [/home/zsm9/allo/tests/dataflow/20_matmul_mapping/out.prj/solution1/impl/verilog/project.gen/sources_1/bd/bd_0/hdl/bd_0_wrapper.v:13]
INFO: [Synth 8-6157] synthesizing module 'bd_0' [/home/zsm9/allo/tests/dataflow/20_matmul_mapping/out.prj/solution1/impl/verilog/project.gen/sources_1/bd/bd_0/synth/bd_0.v:13]
INFO: [Synth 8-6157] synthesizing module 'bd_0_hls_inst_0' [/home/zsm9/allo/tests/dataflow/20_matmul_mapping/out.prj/solution1/impl/verilog/project.runs/synth_1/.Xil/Vivado-1712089-brg-zhang-xcel.ece.cornell.edu/realtime/bd_0_hls_inst_0_stub.v:6]
INFO: [Synth 8-6155] done synthesizing module 'bd_0_hls_inst_0' (0#1) [/home/zsm9/allo/tests/dataflow/20_matmul_mapping/out.prj/solution1/impl/verilog/project.runs/synth_1/.Xil/Vivado-1712089-brg-zhang-xcel.ece.cornell.edu/realtime/bd_0_hls_inst_0_stub.v:6]
INFO: [Synth 8-6155] done synthesizing module 'bd_0' (0#1) [/home/zsm9/allo/tests/dataflow/20_matmul_mapping/out.prj/solution1/impl/verilog/project.gen/sources_1/bd/bd_0/synth/bd_0.v:13]
INFO: [Synth 8-6155] done synthesizing module 'bd_0_wrapper' (0#1) [/home/zsm9/allo/tests/dataflow/20_matmul_mapping/out.prj/solution1/impl/verilog/project.gen/sources_1/bd/bd_0/hdl/bd_0_wrapper.v:13]
---------------------------------------------------------------------------------
Finished RTL Elaboration : Time (s): cpu = 00:00:06 ; elapsed = 00:00:06 . Memory (MB): peak = 3402.996 ; gain = 480.684 ; free physical = 2025 ; free virtual = 97360
---------------------------------------------------------------------------------
---------------------------------------------------------------------------------
Start Handling Custom Attributes
---------------------------------------------------------------------------------
---------------------------------------------------------------------------------
Finished Handling Custom Attributes : Time (s): cpu = 00:00:06 ; elapsed = 00:00:06 . Memory (MB): peak = 3417.840 ; gain = 495.527 ; free physical = 2013 ; free virtual = 97348
---------------------------------------------------------------------------------
---------------------------------------------------------------------------------
Finished RTL Optimization Phase 1 : Time (s): cpu = 00:00:06 ; elapsed = 00:00:06 . Memory (MB): peak = 3417.840 ; gain = 495.527 ; free physical = 2013 ; free virtual = 97348
---------------------------------------------------------------------------------
Netlist sorting complete. Time (s): cpu = 00:00:00 ; elapsed = 00:00:00 . Memory (MB): peak = 3417.840 ; gain = 0.000 ; free physical = 2013 ; free virtual = 97348
INFO: [Project 1-570] Preparing netlist for logic optimization

Processing XDC Constraints
Initializing timing engine
Parsing XDC File [/home/zsm9/allo/tests/dataflow/20_matmul_mapping/out.prj/solution1/impl/verilog/project.gen/sources_1/bd/bd_0/ip/bd_0_hls_inst_0/bd_0_hls_inst_0/bd_0_hls_inst_0_in_context.xdc] for cell 'bd_0_i/hls_inst'
Finished Parsing XDC File [/home/zsm9/allo/tests/dataflow/20_matmul_mapping/out.prj/solution1/impl/verilog/project.gen/sources_1/bd/bd_0/ip/bd_0_hls_inst_0/bd_0_hls_inst_0/bd_0_hls_inst_0_in_context.xdc] for cell 'bd_0_i/hls_inst'
Parsing XDC File [/home/zsm9/allo/tests/dataflow/20_matmul_mapping/out.prj/solution1/impl/verilog/matmul_outer.xdc]
Finished Parsing XDC File [/home/zsm9/allo/tests/dataflow/20_matmul_mapping/out.prj/solution1/impl/verilog/matmul_outer.xdc]
Parsing XDC File [/home/zsm9/allo/tests/dataflow/20_matmul_mapping/out.prj/solution1/impl/verilog/project.runs/synth_1/dont_touch.xdc]
Finished Parsing XDC File [/home/zsm9/allo/tests/dataflow/20_matmul_mapping/out.prj/solution1/impl/verilog/project.runs/synth_1/dont_touch.xdc]
Completed Processing XDC Constraints

Netlist sorting complete. Time (s): cpu = 00:00:00 ; elapsed = 00:00:00 . Memory (MB): peak = 3508.590 ; gain = 0.000 ; free physical = 1978 ; free virtual = 97312
INFO: [Project 1-111] Unisim Transformation Summary:
No Unisim elements were transformed.

Constraint Validation Runtime : Time (s): cpu = 00:00:00.03 ; elapsed = 00:00:00.03 . Memory (MB): peak = 3508.625 ; gain = 0.000 ; free physical = 1977 ; free virtual = 97312
---------------------------------------------------------------------------------
Finished Constraint Validation : Time (s): cpu = 00:00:18 ; elapsed = 00:00:18 . Memory (MB): peak = 3508.625 ; gain = 586.312 ; free physical = 1977 ; free virtual = 97312
---------------------------------------------------------------------------------
---------------------------------------------------------------------------------
Start Loading Part and Timing Information
---------------------------------------------------------------------------------
Loading part: xcu280-fsvh2892-2L-e
INFO: [Synth 8-6742] Reading net delay rules and data
---------------------------------------------------------------------------------
Finished Loading Part and Timing Information : Time (s): cpu = 00:00:18 ; elapsed = 00:00:18 . Memory (MB): peak = 3508.625 ; gain = 586.312 ; free physical = 1977 ; free virtual = 97312
---------------------------------------------------------------------------------
---------------------------------------------------------------------------------
Start Applying 'set_property' XDC Constraints
---------------------------------------------------------------------------------
Applied set_property KEEP_HIERARCHY = SOFT for bd_0_i. (constraint file  auto generated constraint).
Applied set_property KEEP_HIERARCHY = SOFT for bd_0_i/hls_inst. (constraint file  auto generated constraint).
---------------------------------------------------------------------------------
Finished applying 'set_property' XDC Constraints : Time (s): cpu = 00:00:18 ; elapsed = 00:00:18 . Memory (MB): peak = 3508.625 ; gain = 586.312 ; free physical = 1977 ; free virtual = 97312
---------------------------------------------------------------------------------
---------------------------------------------------------------------------------
Finished RTL Optimization Phase 2 : Time (s): cpu = 00:00:18 ; elapsed = 00:00:18 . Memory (MB): peak = 3508.625 ; gain = 586.312 ; free physical = 1972 ; free virtual = 97308
---------------------------------------------------------------------------------
---------------------------------------------------------------------------------
Start RTL Component Statistics 
---------------------------------------------------------------------------------
Detailed RTL Component Info : 
---------------------------------------------------------------------------------
Finished RTL Component Statistics 
---------------------------------------------------------------------------------
---------------------------------------------------------------------------------
Start Part Resource Summary
---------------------------------------------------------------------------------
Part Resources:
DSPs: 9024 (col length:94)
BRAMs: 4032 (col length: RAMB18 288 RAMB36 144)
---------------------------------------------------------------------------------
Finished Part Resource Summary
---------------------------------------------------------------------------------
---------------------------------------------------------------------------------
Start Cross Boundary and Area Optimization
---------------------------------------------------------------------------------
WARNING: [Synth 8-7080] Parallel synthesis criteria is not met
---------------------------------------------------------------------------------
Finished Cross Boundary and Area Optimization : Time (s): cpu = 00:00:19 ; elapsed = 00:00:19 . Memory (MB): peak = 3508.625 ; gain = 586.312 ; free physical = 1978 ; free virtual = 97314
---------------------------------------------------------------------------------
---------------------------------------------------------------------------------
Start Applying XDC Timing Constraints
---------------------------------------------------------------------------------
---------------------------------------------------------------------------------
Finished Applying XDC Timing Constraints : Time (s): cpu = 00:00:27 ; elapsed = 00:00:28 . Memory (MB): peak = 3843.543 ; gain = 921.230 ; free physical = 1628 ; free virtual = 96964
---------------------------------------------------------------------------------
---------------------------------------------------------------------------------
Start Timing Optimization
---------------------------------------------------------------------------------
---------------------------------------------------------------------------------
Finished Timing Optimization : Time (s): cpu = 00:00:27 ; elapsed = 00:00:28 . Memory (MB): peak = 3843.543 ; gain = 921.230 ; free physical = 1628 ; free virtual = 96963
---------------------------------------------------------------------------------
---------------------------------------------------------------------------------
Start Technology Mapping
---------------------------------------------------------------------------------
---------------------------------------------------------------------------------
Finished Technology Mapping : Time (s): cpu = 00:00:27 ; elapsed = 00:00:28 . Memory (MB): peak = 3853.559 ; gain = 931.246 ; free physical = 1621 ; free virtual = 96956
---------------------------------------------------------------------------------
---------------------------------------------------------------------------------
Start IO Insertion
---------------------------------------------------------------------------------
---------------------------------------------------------------------------------
Start Flattening Before IO Insertion
---------------------------------------------------------------------------------
---------------------------------------------------------------------------------
Finished Flattening Before IO Insertion
---------------------------------------------------------------------------------
---------------------------------------------------------------------------------
Start Final Netlist Cleanup
---------------------------------------------------------------------------------
---------------------------------------------------------------------------------
Finished Final Netlist Cleanup
---------------------------------------------------------------------------------
---------------------------------------------------------------------------------
Finished IO Insertion : Time (s): cpu = 00:00:32 ; elapsed = 00:00:32 . Memory (MB): peak = 3867.434 ; gain = 945.121 ; free physical = 1624 ; free virtual = 96959
---------------------------------------------------------------------------------
---------------------------------------------------------------------------------
Start Renaming Generated Instances
---------------------------------------------------------------------------------
---------------------------------------------------------------------------------
Finished Renaming Generated Instances : Time (s): cpu = 00:00:32 ; elapsed = 00:00:32 . Memory (MB): peak = 3867.434 ; gain = 945.121 ; free physical = 1624 ; free virtual = 96959
---------------------------------------------------------------------------------
---------------------------------------------------------------------------------
Start Rebuilding User Hierarchy
---------------------------------------------------------------------------------
---------------------------------------------------------------------------------
Finished Rebuilding User Hierarchy : Time (s): cpu = 00:00:32 ; elapsed = 00:00:32 . Memory (MB): peak = 3867.434 ; gain = 945.121 ; free physical = 1624 ; free virtual = 96959
---------------------------------------------------------------------------------
---------------------------------------------------------------------------------
Start Renaming Generated Ports
---------------------------------------------------------------------------------
---------------------------------------------------------------------------------
Finished Renaming Generated Ports : Time (s): cpu = 00:00:32 ; elapsed = 00:00:32 . Memory (MB): peak = 3867.434 ; gain = 945.121 ; free physical = 1624 ; free virtual = 96959
---------------------------------------------------------------------------------
---------------------------------------------------------------------------------
Start Handling Custom Attributes
---------------------------------------------------------------------------------
---------------------------------------------------------------------------------
Finished Handling Custom Attributes : Time (s): cpu = 00:00:32 ; elapsed = 00:00:32 . Memory (MB): peak = 3867.434 ; gain = 945.121 ; free physical = 1624 ; free virtual = 96959
---------------------------------------------------------------------------------
---------------------------------------------------------------------------------
Start Renaming Generated Nets
---------------------------------------------------------------------------------
---------------------------------------------------------------------------------
Finished Renaming Generated Nets : Time (s): cpu = 00:00:32 ; elapsed = 00:00:32 . Memory (MB): peak = 3867.434 ; gain = 945.121 ; free physical = 1624 ; free virtual = 96959
---------------------------------------------------------------------------------
---------------------------------------------------------------------------------
Start Writing Synthesis Report
---------------------------------------------------------------------------------

Report BlackBoxes: 
+------+----------------+----------+
|      |BlackBox name   |Instances |
+------+----------------+----------+
|1     |bd_0_hls_inst_0 |         1|
+------+----------------+----------+

Report Cell Usage: 
+------+--------------+------+
|      |Cell          |Count |
+------+--------------+------+
|1     |bd_0_hls_inst |     1|
+------+--------------+------+
---------------------------------------------------------------------------------
Finished Writing Synthesis Report : Time (s): cpu = 00:00:32 ; elapsed = 00:00:32 . Memory (MB): peak = 3867.434 ; gain = 945.121 ; free physical = 1624 ; free virtual = 96959
---------------------------------------------------------------------------------
Synthesis finished with 0 errors, 0 critical warnings and 1 warnings.
Synthesis Optimization Runtime : Time (s): cpu = 00:00:25 ; elapsed = 00:00:26 . Memory (MB): peak = 3867.434 ; gain = 854.336 ; free physical = 1624 ; free virtual = 96959
Synthesis Optimization Complete : Time (s): cpu = 00:00:32 ; elapsed = 00:00:32 . Memory (MB): peak = 3867.441 ; gain = 945.121 ; free physical = 1623 ; free virtual = 96959
INFO: [Project 1-571] Translating synthesized netlist
Netlist sorting complete. Time (s): cpu = 00:00:00.01 ; elapsed = 00:00:00 . Memory (MB): peak = 3867.441 ; gain = 0.000 ; free physical = 1623 ; free virtual = 96958
INFO: [Project 1-570] Preparing netlist for logic optimization
INFO: [Opt 31-138] Pushed 0 inverter(s) to 0 load pin(s).
Netlist sorting complete. Time (s): cpu = 00:00:00 ; elapsed = 00:00:00 . Memory (MB): peak = 3941.754 ; gain = 0.000 ; free physical = 1830 ; free virtual = 97165
INFO: [Project 1-111] Unisim Transformation Summary:
No Unisim elements were transformed.

Synth Design complete | Checksum: ef2291ff
INFO: [Common 17-83] Releasing license: Synthesis
22 Infos, 1 Warnings, 0 Critical Warnings and 0 Errors encountered.
synth_design completed successfully
synth_design: Time (s): cpu = 00:00:44 ; elapsed = 00:00:42 . Memory (MB): peak = 3941.789 ; gain = 2343.539 ; free physical = 1829 ; free virtual = 97165
INFO: [Common 17-2834] synth_design peak Physical Memory [PSS] (MB): overall = 3192.132; main = 2949.661; forked = 352.661
INFO: [Common 17-2834] synth_design peak Virtual Memory [VSS] (MB): overall = 5466.945; main = 3941.758; forked = 1613.383
INFO: [Common 17-1381] The checkpoint '/home/zsm9/allo/tests/dataflow/20_matmul_mapping/out.prj/solution1/impl/verilog/project.runs/synth_1/bd_0_wrapper.dcp' has been generated.
INFO: [runtcl-4] Executing : report_utilization -file bd_0_wrapper_utilization_synth.rpt -pb bd_0_wrapper_utilization_synth.pb
INFO: [Common 17-206] Exiting Vivado at Tue Apr 14 17:15:13 2026...
[Tue Apr 14 17:15:24 2026] synth_1 finished
wait_on_runs: Time (s): cpu = 00:02:36 ; elapsed = 00:02:54 . Memory (MB): peak = 1948.551 ; gain = 0.000 ; free physical = 4627 ; free virtual = 99961
TIMESTAMP: HLS-REPORT: synthesis open_run: 2026-04-14 17:15:24 EDT
INFO: HLS-REPORT: Opening synthesis design database: open_run synth_1
Design is defaulting to impl run constrset: constrs_1
Design is defaulting to synth run part: xcu280-fsvh2892-2L-e
INFO: [Device 21-403] Loading part xcu280-fsvh2892-2L-e
INFO: [Project 1-454] Reading design checkpoint '/home/zsm9/allo/tests/dataflow/20_matmul_mapping/out.prj/solution1/impl/verilog/project.gen/sources_1/bd/bd_0/ip/bd_0_hls_inst_0/bd_0_hls_inst_0.dcp' for cell 'bd_0_i/hls_inst'
Netlist sorting complete. Time (s): cpu = 00:00:00.08 ; elapsed = 00:00:00.07 . Memory (MB): peak = 3233.312 ; gain = 0.000 ; free physical = 3335 ; free virtual = 98669
INFO: [Netlist 29-17] Analyzing 216 Unisim elements for replacement
INFO: [Netlist 29-28] Unisim Transformation completed in 0 CPU seconds
INFO: [Project 1-479] Netlist was created with Vivado 2023.2
INFO: [Project 1-570] Preparing netlist for logic optimization
Parsing XDC File [/home/zsm9/allo/tests/dataflow/20_matmul_mapping/out.prj/solution1/impl/verilog/matmul_outer.xdc]
Finished Parsing XDC File [/home/zsm9/allo/tests/dataflow/20_matmul_mapping/out.prj/solution1/impl/verilog/matmul_outer.xdc]
INFO: [Opt 31-138] Pushed 0 inverter(s) to 0 load pin(s).
Netlist sorting complete. Time (s): cpu = 00:00:00 ; elapsed = 00:00:00 . Memory (MB): peak = 3275.137 ; gain = 0.000 ; free physical = 3304 ; free virtual = 98638
INFO: [Project 1-111] Unisim Transformation Summary:
  A total of 48 instances were transformed.
  DSP48E2 => DSP48E2 (DSP_ALU, DSP_A_B_DATA, DSP_C_DATA, DSP_MULTIPLIER, DSP_M_DATA, DSP_OUTPUT, DSP_PREADD, DSP_PREADD_DATA): 48 instances

open_run: Time (s): cpu = 00:00:15 ; elapsed = 00:00:16 . Memory (MB): peak = 3275.172 ; gain = 1326.621 ; free physical = 3302 ; free virtual = 98636
TIMESTAMP: HLS-REPORT: synthesis generate_reports_vivado: 2026-04-14 17:15:40 EDT
INFO: HLS-REPORT: Running report: report_utilization -file ./report/matmul_outer_utilization_synth.rpt
INFO: HLS-REPORT: Running report: report_utilization -hierarchical -hierarchical_depth 6 -file ./report/matmul_outer_utilization_hierarchical_synth.rpt
INFO: HLS-REPORT: Running report: report_timing_summary -file ./report/matmul_outer_timing_synth.rpt
INFO: [Timing 38-35] Done setting XDC timing constraints.
INFO: [Timing 38-91] UpdateTimingParams: Speed grade: -2L, Temperature grade: E, Delay Type: min_max.
INFO: [Timing 38-191] Multithreading enabled for timing update using a maximum of 8 CPUs
WARNING: [Timing 38-242] The property HD.CLK_SRC of clock port "ap_clk" is not set. In out-of-context mode, this prevents timing estimation for clock delay/skew
Resolution: Set the HD.CLK_SRC property of the out-of-context port to the location of the clock buffer instance in the top-level design
report_timing_summary: Time (s): cpu = 00:00:40 ; elapsed = 00:00:33 . Memory (MB): peak = 4909.820 ; gain = 1634.648 ; free physical = 1911 ; free virtual = 97222
INFO: HLS-REPORT: Running report: report_timing -max_paths 10 -file ./report/matmul_outer_timing_paths_synth.rpt
INFO: [Timing 38-91] UpdateTimingParams: Speed grade: -2L, Temperature grade: E, Delay Type: max.
INFO: [Timing 38-191] Multithreading enabled for timing update using a maximum of 8 CPUs
INFO: [Timing 38-78] ReportTimingParams: -max_paths 10 -nworst 1 -delay_type max -sort_by slack.
INFO: HLS-REPORT: Running report: report_design_analysis -file ./report/matmul_outer_design_analysis_synth.rpt
INFO: [Implflow 30-839]  
INFO: HLS-REPORT: Running report: ::tclapp::xilinx::designutils::report_failfast -detailed_report synth -file ./report/matmul_outer_failfast_synth.rpt
 -I- design metrics completed in 0 seconds
 -I- DONT_TOUCH metric completed in 0 seconds
 -I- MARK_DEBUG metric completed in 1 seconds
 -I- utilization metrics completed in 1 seconds
 -I- control set metrics completed in 0 seconds
 -I- methodology check metrics completed in 1 seconds
 -I- average fanout metrics completed in 2 seconds (0 modules)
 -I- non-FD high fanout nets completed in 0 seconds
 -I- path budgeting metrics completed in 1 seconds
#  +-----------------------------------------------------------------------------------------+
#  | Design Summary                                                                          |
#  | design_1                                                                                |
#  | xcu280-fsvh2892-2L-e                                                                    |
#  +-----------------------------------------------------------+-----------+--------+--------+
#  | Criteria                                                  | Guideline | Actual | Status |
#  +-----------------------------------------------------------+-----------+--------+--------+
#  | LUT                                                       | 70%       | 0.27%  | OK     |
#  | FD                                                        | 50%       | 0.22%  | OK     |
#  | LUTRAM+SRL                                                | 25%       | 0.05%  | OK     |
#  | CARRY8                                                    | 25%       | 0.10%  | OK     |
#  | MUXF7                                                     | 15%       | 0.00%  | OK     |
#  | DSP                                                       | 80%       | 0.53%  | OK     |
#  | RAMB/FIFO                                                 | 80%       | 0.07%  | OK     |
#  | URAM                                                      | 80%       | 0.00%  | OK     |
#  | DSP+RAMB+URAM (Avg)                                       | 70%       | 0.30%  | OK     |
#  | BUFGCE* + BUFGCTRL                                        | 24        | 0      | OK     |
#  | DONT_TOUCH (cells/nets)                                   | 0         | 0      | OK     |
#  | MARK_DEBUG (nets)                                         | 0         | 0      | OK     |
#  | Control Sets                                              | 24444     | 138    | OK     |
#  | Average Fanout for modules > 100k cells                   | 4         | 1.22   | OK     |
#  | Max Average Fanout for modules > 100k cells               | 4         | 0      | OK     |
#  | Non-FD high fanout nets > 10k loads                       | 0         | 0      | OK     |
#  +-----------------------------------------------------------+-----------+--------+--------+
#  | TIMING-6 (No common primary clock between related clocks) | 0         | 0      | OK     |
#  | TIMING-7 (No common node between related clocks)          | 0         | 0      | OK     |
#  | TIMING-8 (No common period between related clocks)        | 0         | 0      | OK     |
#  | TIMING-14 (LUT on the clock tree)                         | 0         | 0      | OK     |
#  | TIMING-35 (No common node in paths with the same clock)   | 0         | 0      | OK     |
#  +-----------------------------------------------------------+-----------+--------+--------+
#  | Number of paths above max LUT budgeting (0.300ns)         | 0         | 0      | OK     |
#  | Number of paths above max Net budgeting (0.208ns)         | 0         | 0      | OK     |
#  +-----------------------------------------------------------+-----------+--------+--------+
 -I- Generated file /home/zsm9/allo/tests/dataflow/20_matmul_mapping/out.prj/solution1/impl/verilog/report/matmul_outer_failfast_synth.rpt
 -I- Number of criteria to review: 0
 -I- This report should be run before placing the design and uses conservative guidelines beyond which runtime and timing closure will likely be more challenging
 -I- report_failfast completed in 6 seconds
TIMESTAMP: HLS-REPORT: synthesis gen_data_dict_vivado: 2026-04-14 17:16:21 EDT
TIMESTAMP: HLS-REPORT: synth extract_util_hier: 2026-04-14 17:16:21 EDT
TIMESTAMP: HLS-REPORT: synth get_cell_hier_data: 2026-04-14 17:16:21 EDT
TIMESTAMP: HLS-REPORT: synth get_timing_paths: 2026-04-14 17:16:21 EDT
TIMESTAMP: HLS-REPORT: synth process timing paths: 2026-04-14 17:16:21 EDT
TIMESTAMP: HLS-REPORT: synth get_all_vv_rpt_files: 2026-04-14 17:16:21 EDT
TIMESTAMP: HLS-REPORT: synthesis write_reports_vivado: 2026-04-14 17:16:21 EDT
HLS EXTRACTION: synth area_totals:  0 1303680 2607360 9024 4032 0 960
HLS EXTRACTION: synth area_current: 0 3544 5808 48 3 0 300 0 0 0
HLS EXTRACTION: synth resources_dict: AVAIL_LUT 1303680 LUT 3544 AVAIL_FF 2607360 FF 5808 AVAIL_DSP 9024 DSP 48 AVAIL_BRAM 4032 BRAM 3 AVAIL_URAM 960 URAM 0 LATCH 0 SRL 300 AVAIL_CLB 0 CLB 0
INFO: HLS-REPORT: generated /home/zsm9/allo/tests/dataflow/20_matmul_mapping/out.prj/solution1/impl/verilog/report/vivado_syn.xml
INFO: HLS-REPORT: generated /home/zsm9/allo/tests/dataflow/20_matmul_mapping/out.prj/solution1/impl/report/verilog/matmul_outer_export.rpt


Implementation tool: Xilinx Vivado v.2023.2
Project:             out.prj
Solution:            solution1
Device target:       xcu280-fsvh2892-2L-e
Report date:         Tue Apr 14 17:16:21 EDT 2026

#=== Post-Synthesis Resource usage ===
SLICE:            0
LUT:           3544
FF:            5808
DSP:             48
BRAM:             3
URAM:             0
LATCH:            0
SRL:            300
CLB:              0

#=== Final timing ===
CP required:                     3.330
CP achieved post-synthesis:      2.230
Timing met

TIMESTAMP: HLS-REPORT: synthesis end: 2026-04-14 17:16:21 EDT
# if { $has_impl } {
#   # launch run impl
#   if { [llength $impl_props] } {
#     set_property -dict $impl_props [get_runs impl_1]
#   }
#   launch_runs impl_1
#   wait_on_run impl_1
#   # impl reports
#   hls_vivado_reports_impl impl_1 $report_options
# }
INFO: [Timing 38-480] Writing timing data to binary archive.
Write ShapeDB Complete: Time (s): cpu = 00:00:00.05 ; elapsed = 00:00:00.01 . Memory (MB): peak = 4981.855 ; gain = 0.000 ; free physical = 1933 ; free virtual = 97227
WARNING: [Common 17-210] 'write_hwdef' is deprecated.
[Tue Apr 14 17:16:23 2026] Launched impl_1...
Run output will be captured here: /home/zsm9/allo/tests/dataflow/20_matmul_mapping/out.prj/solution1/impl/verilog/project.runs/impl_1/runme.log
[Tue Apr 14 17:16:23 2026] Waiting for impl_1 to finish...

*** Running vivado
    with args -log bd_0_wrapper.vdi -applog -m64 -product Vivado -messageDb vivado.pb -mode batch -source bd_0_wrapper.tcl -notrace


****** Vivado v2023.2 (64-bit)
  **** SW Build 4029153 on Fri Oct 13 20:13:54 MDT 2023
  **** IP Build 4028589 on Sat Oct 14 00:45:43 MDT 2023
  **** SharedData Build 4025554 on Tue Oct 10 17:18:54 MDT 2023
    ** Copyright 1986-2022 Xilinx, Inc. All Rights Reserved.
    ** Copyright 2022-2023 Advanced Micro Devices, Inc. All Rights Reserved.

source bd_0_wrapper.tcl -notrace
Command: open_checkpoint /home/zsm9/allo/tests/dataflow/20_matmul_mapping/out.prj/solution1/impl/verilog/project.runs/impl_1/bd_0_wrapper.dcp
INFO: [Device 21-403] Loading part xcu280-fsvh2892-2L-e
Netlist sorting complete. Time (s): cpu = 00:00:00.08 ; elapsed = 00:00:00.08 . Memory (MB): peak = 2918.809 ; gain = 0.000 ; free physical = 1513 ; free virtual = 96137
INFO: [Netlist 29-17] Analyzing 216 Unisim elements for replacement
INFO: [Netlist 29-28] Unisim Transformation completed in 0 CPU seconds
INFO: [Project 1-479] Netlist was created with Vivado 2023.2
INFO: [Project 1-570] Preparing netlist for logic optimization
Read ShapeDB Complete: Time (s): cpu = 00:00:00.01 ; elapsed = 00:00:00.02 . Memory (MB): peak = 3044.066 ; gain = 2.000 ; free physical = 1397 ; free virtual = 96021
INFO: [Timing 38-478] Restoring timing data from binary archive.
INFO: [Timing 38-479] Binary timing data restore complete.
INFO: [Project 1-856] Restoring constraints from binary archive.
INFO: [Project 1-853] Binary constraint restore complete.
Netlist sorting complete. Time (s): cpu = 00:00:00 ; elapsed = 00:00:00.01 . Memory (MB): peak = 3529.066 ; gain = 0.000 ; free physical = 1588 ; free virtual = 95887
INFO: [Project 1-111] Unisim Transformation Summary:
  A total of 48 instances were transformed.
  DSP48E2 => DSP48E2 (DSP_ALU, DSP_A_B_DATA, DSP_C_DATA, DSP_MULTIPLIER, DSP_M_DATA, DSP_OUTPUT, DSP_PREADD, DSP_PREADD_DATA): 48 instances

INFO: [Project 1-604] Checkpoint was created with Vivado v2023.2 (64-bit) build 4029153
open_checkpoint: Time (s): cpu = 00:00:25 ; elapsed = 00:00:25 . Memory (MB): peak = 3529.102 ; gain = 2008.785 ; free physical = 1588 ; free virtual = 95887
INFO: [IP_Flow 19-234] Refreshing IP repositories
INFO: [IP_Flow 19-1700] Loaded user IP repository '/home/zsm9/allo/tests/dataflow/20_matmul_mapping/out.prj/solution1/impl/ip'.
INFO: [IP_Flow 19-2313] Loaded Vivado IP repository '/opt/xilinx/Vivado/2023.2/data/ip'.
Command: opt_design
Attempting to get a license for feature 'Implementation' and/or device 'xcu280'
INFO: [Common 17-349] Got license for feature 'Implementation' and/or device 'xcu280'
Running DRC as a precondition to command opt_design

Starting DRC Task
INFO: [DRC 23-27] Running DRC with 8 threads
INFO: [Project 1-461] DRC finished with 0 Errors
INFO: [Project 1-462] Please refer to the DRC report (report_drc) for more information.

Time (s): cpu = 00:00:02 ; elapsed = 00:00:01 . Memory (MB): peak = 3619.750 ; gain = 90.648 ; free physical = 1544 ; free virtual = 95843

Starting Cache Timing Information Task
Ending Cache Timing Information Task | Checksum: 12ec872a9

Time (s): cpu = 00:00:00.03 ; elapsed = 00:00:00.02 . Memory (MB): peak = 3619.750 ; gain = 0.000 ; free physical = 1544 ; free virtual = 95843

Starting Logic Optimization Task

Phase 1 Initialization

Phase 1.1 Core Generation And Design Setup
Phase 1.1 Core Generation And Design Setup | Checksum: 12ec872a9

Time (s): cpu = 00:00:00.01 ; elapsed = 00:00:00.01 . Memory (MB): peak = 3864.637 ; gain = 0.000 ; free physical = 1565 ; free virtual = 95741

Phase 1.2 Setup Constraints And Sort Netlist
Phase 1.2 Setup Constraints And Sort Netlist | Checksum: 12ec872a9

Time (s): cpu = 00:00:00.01 ; elapsed = 00:00:00.01 . Memory (MB): peak = 3864.637 ; gain = 0.000 ; free physical = 1565 ; free virtual = 95741
Phase 1 Initialization | Checksum: 12ec872a9

Time (s): cpu = 00:00:00.01 ; elapsed = 00:00:00.01 . Memory (MB): peak = 3864.637 ; gain = 0.000 ; free physical = 1567 ; free virtual = 95743

Phase 2 Timer Update And Timing Data Collection

Phase 2.1 Timer Update
Phase 2.1 Timer Update | Checksum: 12ec872a9

Time (s): cpu = 00:00:01 ; elapsed = 00:00:00.29 . Memory (MB): peak = 3864.637 ; gain = 0.000 ; free physical = 1593 ; free virtual = 95754

Phase 2.2 Timing Data Collection
Phase 2.2 Timing Data Collection | Checksum: 12ec872a9

Time (s): cpu = 00:00:01 ; elapsed = 00:00:00.31 . Memory (MB): peak = 3864.637 ; gain = 0.000 ; free physical = 1592 ; free virtual = 95753
Phase 2 Timer Update And Timing Data Collection | Checksum: 12ec872a9

Time (s): cpu = 00:00:01 ; elapsed = 00:00:00.31 . Memory (MB): peak = 3864.637 ; gain = 0.000 ; free physical = 1592 ; free virtual = 95753

Phase 3 Retarget
INFO: [Opt 31-138] Pushed 1 inverter(s) to 1938 load pin(s).
INFO: [Opt 31-49] Retargeted 0 cell(s).
Phase 3 Retarget | Checksum: 94c4e3f3

Time (s): cpu = 00:00:02 ; elapsed = 00:00:00.63 . Memory (MB): peak = 3888.648 ; gain = 24.012 ; free physical = 1587 ; free virtual = 95748
Retarget | Checksum: 94c4e3f3
INFO: [Opt 31-389] Phase Retarget created 0 cells and removed 1 cells

Phase 4 Constant propagation
INFO: [Opt 31-138] Pushed 0 inverter(s) to 0 load pin(s).
Phase 4 Constant propagation | Checksum: 1067a3cb

Time (s): cpu = 00:00:02 ; elapsed = 00:00:00.7 . Memory (MB): peak = 3888.648 ; gain = 24.012 ; free physical = 1586 ; free virtual = 95748
Constant propagation | Checksum: 1067a3cb
INFO: [Opt 31-389] Phase Constant propagation created 0 cells and removed 0 cells

Phase 5 Sweep
Phase 5 Sweep | Checksum: 89049af9

Time (s): cpu = 00:00:02 ; elapsed = 00:00:00.9 . Memory (MB): peak = 3888.648 ; gain = 24.012 ; free physical = 1586 ; free virtual = 95748
Sweep | Checksum: 89049af9
INFO: [Opt 31-389] Phase Sweep created 0 cells and removed 0 cells

Phase 6 BUFG optimization
INFO: [Opt 31-1077] Phase BUFG optimization inserted 0 global clock buffer(s) for CLOCK_LOW_FANOUT.
Phase 6 BUFG optimization | Checksum: 89049af9

Time (s): cpu = 00:00:02 ; elapsed = 00:00:00.95 . Memory (MB): peak = 3920.664 ; gain = 56.027 ; free physical = 1586 ; free virtual = 95747
BUFG optimization | Checksum: 89049af9
INFO: [Opt 31-662] Phase BUFG optimization created 0 cells of which 0 are BUFGs and removed 0 cells.

Phase 7 Shift Register Optimization
WARNING: [Opt 31-1131] Can not pull register out from bd_0_i/hls_inst/inst/gmem0_m_axi_U/bus_read/fifo_burst/U_fifo_srl/mem_reg[14][0]_srl15 due to none static srl address bits
WARNING: [Opt 31-1131] Can not pull register out from bd_0_i/hls_inst/inst/gmem0_m_axi_U/load_unit/fifo_rreq/U_fifo_srl/mem_reg[5][0]_srl6 due to none static srl address bits
WARNING: [Opt 31-1131] Can not pull register out from bd_0_i/hls_inst/inst/gmem0_m_axi_U/load_unit/fifo_rreq/U_fifo_srl/mem_reg[5][10]_srl6 due to none static srl address bits
WARNING: [Opt 31-1131] Can not pull register out from bd_0_i/hls_inst/inst/gmem0_m_axi_U/load_unit/fifo_rreq/U_fifo_srl/mem_reg[5][11]_srl6 due to none static srl address bits
WARNING: [Opt 31-1131] Can not pull register out from bd_0_i/hls_inst/inst/gmem0_m_axi_U/load_unit/fifo_rreq/U_fifo_srl/mem_reg[5][12]_srl6 due to none static srl address bits
WARNING: [Opt 31-1131] Can not pull register out from bd_0_i/hls_inst/inst/gmem0_m_axi_U/load_unit/fifo_rreq/U_fifo_srl/mem_reg[5][13]_srl6 due to none static srl address bits
WARNING: [Opt 31-1131] Can not pull register out from bd_0_i/hls_inst/inst/gmem0_m_axi_U/load_unit/fifo_rreq/U_fifo_srl/mem_reg[5][14]_srl6 due to none static srl address bits
WARNING: [Opt 31-1131] Can not pull register out from bd_0_i/hls_inst/inst/gmem0_m_axi_U/load_unit/fifo_rreq/U_fifo_srl/mem_reg[5][15]_srl6 due to none static srl address bits
WARNING: [Opt 31-1131] Can not pull register out from bd_0_i/hls_inst/inst/gmem0_m_axi_U/load_unit/fifo_rreq/U_fifo_srl/mem_reg[5][16]_srl6 due to none static srl address bits
WARNING: [Opt 31-1131] Can not pull register out from bd_0_i/hls_inst/inst/gmem0_m_axi_U/load_unit/fifo_rreq/U_fifo_srl/mem_reg[5][17]_srl6 due to none static srl address bits
WARNING: [Opt 31-1131] Can not pull register out from bd_0_i/hls_inst/inst/gmem0_m_axi_U/load_unit/fifo_rreq/U_fifo_srl/mem_reg[5][18]_srl6 due to none static srl address bits
WARNING: [Opt 31-1131] Can not pull register out from bd_0_i/hls_inst/inst/gmem0_m_axi_U/load_unit/fifo_rreq/U_fifo_srl/mem_reg[5][19]_srl6 due to none static srl address bits
WARNING: [Opt 31-1131] Can not pull register out from bd_0_i/hls_inst/inst/gmem0_m_axi_U/load_unit/fifo_rreq/U_fifo_srl/mem_reg[5][1]_srl6 due to none static srl address bits
WARNING: [Opt 31-1131] Can not pull register out from bd_0_i/hls_inst/inst/gmem0_m_axi_U/load_unit/fifo_rreq/U_fifo_srl/mem_reg[5][20]_srl6 due to none static srl address bits
WARNING: [Opt 31-1131] Can not pull register out from bd_0_i/hls_inst/inst/gmem0_m_axi_U/load_unit/fifo_rreq/U_fifo_srl/mem_reg[5][21]_srl6 due to none static srl address bits
WARNING: [Opt 31-1131] Can not pull register out from bd_0_i/hls_inst/inst/gmem0_m_axi_U/load_unit/fifo_rreq/U_fifo_srl/mem_reg[5][22]_srl6 due to none static srl address bits
WARNING: [Opt 31-1131] Can not pull register out from bd_0_i/hls_inst/inst/gmem0_m_axi_U/load_unit/fifo_rreq/U_fifo_srl/mem_reg[5][23]_srl6 due to none static srl address bits
WARNING: [Opt 31-1131] Can not pull register out from bd_0_i/hls_inst/inst/gmem0_m_axi_U/load_unit/fifo_rreq/U_fifo_srl/mem_reg[5][24]_srl6 due to none static srl address bits
WARNING: [Opt 31-1131] Can not pull register out from bd_0_i/hls_inst/inst/gmem0_m_axi_U/load_unit/fifo_rreq/U_fifo_srl/mem_reg[5][25]_srl6 due to none static srl address bits
WARNING: [Opt 31-1131] Can not pull register out from bd_0_i/hls_inst/inst/gmem0_m_axi_U/load_unit/fifo_rreq/U_fifo_srl/mem_reg[5][26]_srl6 due to none static srl address bits
WARNING: [Opt 31-1131] Can not pull register out from bd_0_i/hls_inst/inst/gmem0_m_axi_U/load_unit/fifo_rreq/U_fifo_srl/mem_reg[5][27]_srl6 due to none static srl address bits
WARNING: [Opt 31-1131] Can not pull register out from bd_0_i/hls_inst/inst/gmem0_m_axi_U/load_unit/fifo_rreq/U_fifo_srl/mem_reg[5][28]_srl6 due to none static srl address bits
WARNING: [Opt 31-1131] Can not pull register out from bd_0_i/hls_inst/inst/gmem0_m_axi_U/load_unit/fifo_rreq/U_fifo_srl/mem_reg[5][29]_srl6 due to none static srl address bits
WARNING: [Opt 31-1131] Can not pull register out from bd_0_i/hls_inst/inst/gmem0_m_axi_U/load_unit/fifo_rreq/U_fifo_srl/mem_reg[5][2]_srl6 due to none static srl address bits
WARNING: [Opt 31-1131] Can not pull register out from bd_0_i/hls_inst/inst/gmem0_m_axi_U/load_unit/fifo_rreq/U_fifo_srl/mem_reg[5][30]_srl6 due to none static srl address bits
WARNING: [Opt 31-1131] Can not pull register out from bd_0_i/hls_inst/inst/gmem0_m_axi_U/load_unit/fifo_rreq/U_fifo_srl/mem_reg[5][31]_srl6 due to none static srl address bits
WARNING: [Opt 31-1131] Can not pull register out from bd_0_i/hls_inst/inst/gmem0_m_axi_U/load_unit/fifo_rreq/U_fifo_srl/mem_reg[5][32]_srl6 due to none static srl address bits
WARNING: [Opt 31-1131] Can not pull register out from bd_0_i/hls_inst/inst/gmem0_m_axi_U/load_unit/fifo_rreq/U_fifo_srl/mem_reg[5][33]_srl6 due to none static srl address bits
WARNING: [Opt 31-1131] Can not pull register out from bd_0_i/hls_inst/inst/gmem0_m_axi_U/load_unit/fifo_rreq/U_fifo_srl/mem_reg[5][34]_srl6 due to none static srl address bits
WARNING: [Opt 31-1131] Can not pull register out from bd_0_i/hls_inst/inst/gmem0_m_axi_U/load_unit/fifo_rreq/U_fifo_srl/mem_reg[5][35]_srl6 due to none static srl address bits
WARNING: [Opt 31-1131] Can not pull register out from bd_0_i/hls_inst/inst/gmem0_m_axi_U/load_unit/fifo_rreq/U_fifo_srl/mem_reg[5][36]_srl6 due to none static srl address bits
WARNING: [Opt 31-1131] Can not pull register out from bd_0_i/hls_inst/inst/gmem0_m_axi_U/load_unit/fifo_rreq/U_fifo_srl/mem_reg[5][37]_srl6 due to none static srl address bits
WARNING: [Opt 31-1131] Can not pull register out from bd_0_i/hls_inst/inst/gmem0_m_axi_U/load_unit/fifo_rreq/U_fifo_srl/mem_reg[5][38]_srl6 due to none static srl address bits
WARNING: [Opt 31-1131] Can not pull register out from bd_0_i/hls_inst/inst/gmem0_m_axi_U/load_unit/fifo_rreq/U_fifo_srl/mem_reg[5][39]_srl6 due to none static srl address bits
WARNING: [Opt 31-1131] Can not pull register out from bd_0_i/hls_inst/inst/gmem0_m_axi_U/load_unit/fifo_rreq/U_fifo_srl/mem_reg[5][3]_srl6 due to none static srl address bits
WARNING: [Opt 31-1131] Can not pull register out from bd_0_i/hls_inst/inst/gmem0_m_axi_U/load_unit/fifo_rreq/U_fifo_srl/mem_reg[5][40]_srl6 due to none static srl address bits
WARNING: [Opt 31-1131] Can not pull register out from bd_0_i/hls_inst/inst/gmem0_m_axi_U/load_unit/fifo_rreq/U_fifo_srl/mem_reg[5][41]_srl6 due to none static srl address bits
WARNING: [Opt 31-1131] Can not pull register out from bd_0_i/hls_inst/inst/gmem0_m_axi_U/load_unit/fifo_rreq/U_fifo_srl/mem_reg[5][42]_srl6 due to none static srl address bits
WARNING: [Opt 31-1131] Can not pull register out from bd_0_i/hls_inst/inst/gmem0_m_axi_U/load_unit/fifo_rreq/U_fifo_srl/mem_reg[5][43]_srl6 due to none static srl address bits
WARNING: [Opt 31-1131] Can not pull register out from bd_0_i/hls_inst/inst/gmem0_m_axi_U/load_unit/fifo_rreq/U_fifo_srl/mem_reg[5][44]_srl6 due to none static srl address bits
WARNING: [Opt 31-1131] Can not pull register out from bd_0_i/hls_inst/inst/gmem0_m_axi_U/load_unit/fifo_rreq/U_fifo_srl/mem_reg[5][45]_srl6 due to none static srl address bits
WARNING: [Opt 31-1131] Can not pull register out from bd_0_i/hls_inst/inst/gmem0_m_axi_U/load_unit/fifo_rreq/U_fifo_srl/mem_reg[5][46]_srl6 due to none static srl address bits
WARNING: [Opt 31-1131] Can not pull register out from bd_0_i/hls_inst/inst/gmem0_m_axi_U/load_unit/fifo_rreq/U_fifo_srl/mem_reg[5][47]_srl6 due to none static srl address bits
WARNING: [Opt 31-1131] Can not pull register out from bd_0_i/hls_inst/inst/gmem0_m_axi_U/load_unit/fifo_rreq/U_fifo_srl/mem_reg[5][48]_srl6 due to none static srl address bits
WARNING: [Opt 31-1131] Can not pull register out from bd_0_i/hls_inst/inst/gmem0_m_axi_U/load_unit/fifo_rreq/U_fifo_srl/mem_reg[5][49]_srl6 due to none static srl address bits
WARNING: [Opt 31-1131] Can not pull register out from bd_0_i/hls_inst/inst/gmem0_m_axi_U/load_unit/fifo_rreq/U_fifo_srl/mem_reg[5][4]_srl6 due to none static srl address bits
WARNING: [Opt 31-1131] Can not pull register out from bd_0_i/hls_inst/inst/gmem0_m_axi_U/load_unit/fifo_rreq/U_fifo_srl/mem_reg[5][50]_srl6 due to none static srl address bits
WARNING: [Opt 31-1131] Can not pull register out from bd_0_i/hls_inst/inst/gmem0_m_axi_U/load_unit/fifo_rreq/U_fifo_srl/mem_reg[5][51]_srl6 due to none static srl address bits
WARNING: [Opt 31-1131] Can not pull register out from bd_0_i/hls_inst/inst/gmem0_m_axi_U/load_unit/fifo_rreq/U_fifo_srl/mem_reg[5][52]_srl6 due to none static srl address bits
WARNING: [Opt 31-1131] Can not pull register out from bd_0_i/hls_inst/inst/gmem0_m_axi_U/load_unit/fifo_rreq/U_fifo_srl/mem_reg[5][53]_srl6 due to none static srl address bits
WARNING: [Opt 31-1131] Can not pull register out from bd_0_i/hls_inst/inst/gmem0_m_axi_U/load_unit/fifo_rreq/U_fifo_srl/mem_reg[5][54]_srl6 due to none static srl address bits
WARNING: [Opt 31-1131] Can not pull register out from bd_0_i/hls_inst/inst/gmem0_m_axi_U/load_unit/fifo_rreq/U_fifo_srl/mem_reg[5][55]_srl6 due to none static srl address bits
WARNING: [Opt 31-1131] Can not pull register out from bd_0_i/hls_inst/inst/gmem0_m_axi_U/load_unit/fifo_rreq/U_fifo_srl/mem_reg[5][56]_srl6 due to none static srl address bits
WARNING: [Opt 31-1131] Can not pull register out from bd_0_i/hls_inst/inst/gmem0_m_axi_U/load_unit/fifo_rreq/U_fifo_srl/mem_reg[5][57]_srl6 due to none static srl address bits
WARNING: [Opt 31-1131] Can not pull register out from bd_0_i/hls_inst/inst/gmem0_m_axi_U/load_unit/fifo_rreq/U_fifo_srl/mem_reg[5][58]_srl6 due to none static srl address bits
WARNING: [Opt 31-1131] Can not pull register out from bd_0_i/hls_inst/inst/gmem0_m_axi_U/load_unit/fifo_rreq/U_fifo_srl/mem_reg[5][59]_srl6 due to none static srl address bits
WARNING: [Opt 31-1131] Can not pull register out from bd_0_i/hls_inst/inst/gmem0_m_axi_U/load_unit/fifo_rreq/U_fifo_srl/mem_reg[5][5]_srl6 due to none static srl address bits
WARNING: [Opt 31-1131] Can not pull register out from bd_0_i/hls_inst/inst/gmem0_m_axi_U/load_unit/fifo_rreq/U_fifo_srl/mem_reg[5][60]_srl6 due to none static srl address bits
WARNING: [Opt 31-1131] Can not pull register out from bd_0_i/hls_inst/inst/gmem0_m_axi_U/load_unit/fifo_rreq/U_fifo_srl/mem_reg[5][61]_srl6 due to none static srl address bits
WARNING: [Opt 31-1131] Can not pull register out from bd_0_i/hls_inst/inst/gmem0_m_axi_U/load_unit/fifo_rreq/U_fifo_srl/mem_reg[5][68]_srl6 due to none static srl address bits
WARNING: [Opt 31-1131] Can not pull register out from bd_0_i/hls_inst/inst/gmem0_m_axi_U/load_unit/fifo_rreq/U_fifo_srl/mem_reg[5][6]_srl6 due to none static srl address bits
WARNING: [Opt 31-1131] Can not pull register out from bd_0_i/hls_inst/inst/gmem0_m_axi_U/load_unit/fifo_rreq/U_fifo_srl/mem_reg[5][7]_srl6 due to none static srl address bits
WARNING: [Opt 31-1131] Can not pull register out from bd_0_i/hls_inst/inst/gmem0_m_axi_U/load_unit/fifo_rreq/U_fifo_srl/mem_reg[5][8]_srl6 due to none static srl address bits
WARNING: [Opt 31-1131] Can not pull register out from bd_0_i/hls_inst/inst/gmem0_m_axi_U/load_unit/fifo_rreq/U_fifo_srl/mem_reg[5][9]_srl6 due to none static srl address bits
WARNING: [Opt 31-1131] Can not pull register out from bd_0_i/hls_inst/inst/gmem1_m_axi_U/bus_read/fifo_burst/U_fifo_srl/mem_reg[14][0]_srl15 due to none static srl address bits
WARNING: [Opt 31-1131] Can not pull register out from bd_0_i/hls_inst/inst/gmem1_m_axi_U/load_unit/fifo_rreq/U_fifo_srl/mem_reg[5][0]_srl6 due to none static srl address bits
WARNING: [Opt 31-1131] Can not pull register out from bd_0_i/hls_inst/inst/gmem1_m_axi_U/load_unit/fifo_rreq/U_fifo_srl/mem_reg[5][10]_srl6 due to none static srl address bits
WARNING: [Opt 31-1131] Can not pull register out from bd_0_i/hls_inst/inst/gmem1_m_axi_U/load_unit/fifo_rreq/U_fifo_srl/mem_reg[5][11]_srl6 due to none static srl address bits
WARNING: [Opt 31-1131] Can not pull register out from bd_0_i/hls_inst/inst/gmem1_m_axi_U/load_unit/fifo_rreq/U_fifo_srl/mem_reg[5][12]_srl6 due to none static srl address bits
WARNING: [Opt 31-1131] Can not pull register out from bd_0_i/hls_inst/inst/gmem1_m_axi_U/load_unit/fifo_rreq/U_fifo_srl/mem_reg[5][13]_srl6 due to none static srl address bits
WARNING: [Opt 31-1131] Can not pull register out from bd_0_i/hls_inst/inst/gmem1_m_axi_U/load_unit/fifo_rreq/U_fifo_srl/mem_reg[5][14]_srl6 due to none static srl address bits
WARNING: [Opt 31-1131] Can not pull register out from bd_0_i/hls_inst/inst/gmem1_m_axi_U/load_unit/fifo_rreq/U_fifo_srl/mem_reg[5][15]_srl6 due to none static srl address bits
WARNING: [Opt 31-1131] Can not pull register out from bd_0_i/hls_inst/inst/gmem1_m_axi_U/load_unit/fifo_rreq/U_fifo_srl/mem_reg[5][16]_srl6 due to none static srl address bits
WARNING: [Opt 31-1131] Can not pull register out from bd_0_i/hls_inst/inst/gmem1_m_axi_U/load_unit/fifo_rreq/U_fifo_srl/mem_reg[5][17]_srl6 due to none static srl address bits
WARNING: [Opt 31-1131] Can not pull register out from bd_0_i/hls_inst/inst/gmem1_m_axi_U/load_unit/fifo_rreq/U_fifo_srl/mem_reg[5][18]_srl6 due to none static srl address bits
WARNING: [Opt 31-1131] Can not pull register out from bd_0_i/hls_inst/inst/gmem1_m_axi_U/load_unit/fifo_rreq/U_fifo_srl/mem_reg[5][19]_srl6 due to none static srl address bits
WARNING: [Opt 31-1131] Can not pull register out from bd_0_i/hls_inst/inst/gmem1_m_axi_U/load_unit/fifo_rreq/U_fifo_srl/mem_reg[5][1]_srl6 due to none static srl address bits
WARNING: [Opt 31-1131] Can not pull register out from bd_0_i/hls_inst/inst/gmem1_m_axi_U/load_unit/fifo_rreq/U_fifo_srl/mem_reg[5][20]_srl6 due to none static srl address bits
WARNING: [Opt 31-1131] Can not pull register out from bd_0_i/hls_inst/inst/gmem1_m_axi_U/load_unit/fifo_rreq/U_fifo_srl/mem_reg[5][21]_srl6 due to none static srl address bits
WARNING: [Opt 31-1131] Can not pull register out from bd_0_i/hls_inst/inst/gmem1_m_axi_U/load_unit/fifo_rreq/U_fifo_srl/mem_reg[5][22]_srl6 due to none static srl address bits
WARNING: [Opt 31-1131] Can not pull register out from bd_0_i/hls_inst/inst/gmem1_m_axi_U/load_unit/fifo_rreq/U_fifo_srl/mem_reg[5][23]_srl6 due to none static srl address bits
WARNING: [Opt 31-1131] Can not pull register out from bd_0_i/hls_inst/inst/gmem1_m_axi_U/load_unit/fifo_rreq/U_fifo_srl/mem_reg[5][24]_srl6 due to none static srl address bits
WARNING: [Opt 31-1131] Can not pull register out from bd_0_i/hls_inst/inst/gmem1_m_axi_U/load_unit/fifo_rreq/U_fifo_srl/mem_reg[5][25]_srl6 due to none static srl address bits
WARNING: [Opt 31-1131] Can not pull register out from bd_0_i/hls_inst/inst/gmem1_m_axi_U/load_unit/fifo_rreq/U_fifo_srl/mem_reg[5][26]_srl6 due to none static srl address bits
WARNING: [Opt 31-1131] Can not pull register out from bd_0_i/hls_inst/inst/gmem1_m_axi_U/load_unit/fifo_rreq/U_fifo_srl/mem_reg[5][27]_srl6 due to none static srl address bits
WARNING: [Opt 31-1131] Can not pull register out from bd_0_i/hls_inst/inst/gmem1_m_axi_U/load_unit/fifo_rreq/U_fifo_srl/mem_reg[5][28]_srl6 due to none static srl address bits
WARNING: [Opt 31-1131] Can not pull register out from bd_0_i/hls_inst/inst/gmem1_m_axi_U/load_unit/fifo_rreq/U_fifo_srl/mem_reg[5][29]_srl6 due to none static srl address bits
WARNING: [Opt 31-1131] Can not pull register out from bd_0_i/hls_inst/inst/gmem1_m_axi_U/load_unit/fifo_rreq/U_fifo_srl/mem_reg[5][2]_srl6 due to none static srl address bits
WARNING: [Opt 31-1131] Can not pull register out from bd_0_i/hls_inst/inst/gmem1_m_axi_U/load_unit/fifo_rreq/U_fifo_srl/mem_reg[5][30]_srl6 due to none static srl address bits
WARNING: [Opt 31-1131] Can not pull register out from bd_0_i/hls_inst/inst/gmem1_m_axi_U/load_unit/fifo_rreq/U_fifo_srl/mem_reg[5][31]_srl6 due to none static srl address bits
WARNING: [Opt 31-1131] Can not pull register out from bd_0_i/hls_inst/inst/gmem1_m_axi_U/load_unit/fifo_rreq/U_fifo_srl/mem_reg[5][32]_srl6 due to none static srl address bits
WARNING: [Opt 31-1131] Can not pull register out from bd_0_i/hls_inst/inst/gmem1_m_axi_U/load_unit/fifo_rreq/U_fifo_srl/mem_reg[5][33]_srl6 due to none static srl address bits
WARNING: [Opt 31-1131] Can not pull register out from bd_0_i/hls_inst/inst/gmem1_m_axi_U/load_unit/fifo_rreq/U_fifo_srl/mem_reg[5][34]_srl6 due to none static srl address bits
WARNING: [Opt 31-1131] Can not pull register out from bd_0_i/hls_inst/inst/gmem1_m_axi_U/load_unit/fifo_rreq/U_fifo_srl/mem_reg[5][35]_srl6 due to none static srl address bits
WARNING: [Opt 31-1131] Can not pull register out from bd_0_i/hls_inst/inst/gmem1_m_axi_U/load_unit/fifo_rreq/U_fifo_srl/mem_reg[5][36]_srl6 due to none static srl address bits
WARNING: [Opt 31-1131] Can not pull register out from bd_0_i/hls_inst/inst/gmem1_m_axi_U/load_unit/fifo_rreq/U_fifo_srl/mem_reg[5][37]_srl6 due to none static srl address bits
WARNING: [Opt 31-1131] Can not pull register out from bd_0_i/hls_inst/inst/gmem1_m_axi_U/load_unit/fifo_rreq/U_fifo_srl/mem_reg[5][38]_srl6 due to none static srl address bits
WARNING: [Opt 31-1131] Can not pull register out from bd_0_i/hls_inst/inst/gmem1_m_axi_U/load_unit/fifo_rreq/U_fifo_srl/mem_reg[5][39]_srl6 due to none static srl address bits
WARNING: [Opt 31-1131] Can not pull register out from bd_0_i/hls_inst/inst/gmem1_m_axi_U/load_unit/fifo_rreq/U_fifo_srl/mem_reg[5][3]_srl6 due to none static srl address bits
WARNING: [Opt 31-1131] Can not pull register out from bd_0_i/hls_inst/inst/gmem1_m_axi_U/load_unit/fifo_rreq/U_fifo_srl/mem_reg[5][40]_srl6 due to none static srl address bits
INFO: [Common 17-14] Message 'Opt 31-1131' appears 100 times and further instances of the messages will be disabled. Use the Tcl command set_msg_config to change the current settings.
INFO: [Opt 31-1064] SRL Remap converted 0 SRLs to 0 registers and converted 0 registers of register chains to 0 SRLs
Phase 7 Shift Register Optimization | Checksum: 89049af9

Time (s): cpu = 00:00:02 ; elapsed = 00:00:00.97 . Memory (MB): peak = 3920.664 ; gain = 56.027 ; free physical = 1586 ; free virtual = 95747
Shift Register Optimization | Checksum: 89049af9
INFO: [Opt 31-389] Phase Shift Register Optimization created 0 cells and removed 0 cells

Phase 8 Post Processing Netlist
Phase 8 Post Processing Netlist | Checksum: 89049af9

Time (s): cpu = 00:00:02 ; elapsed = 00:00:01 . Memory (MB): peak = 3920.664 ; gain = 56.027 ; free physical = 1586 ; free virtual = 95747
Post Processing Netlist | Checksum: 89049af9
INFO: [Opt 31-389] Phase Post Processing Netlist created 0 cells and removed 0 cells

Phase 9 Finalization

Phase 9.1 Finalizing Design Cores and Updating Shapes
Phase 9.1 Finalizing Design Cores and Updating Shapes | Checksum: 12d2d8906

Time (s): cpu = 00:00:02 ; elapsed = 00:00:01 . Memory (MB): peak = 3920.664 ; gain = 56.027 ; free physical = 1579 ; free virtual = 95740

Phase 9.2 Verifying Netlist Connectivity

Starting Connectivity Check Task

Time (s): cpu = 00:00:00.01 ; elapsed = 00:00:00.01 . Memory (MB): peak = 3920.664 ; gain = 0.000 ; free physical = 1574 ; free virtual = 95735
Phase 9.2 Verifying Netlist Connectivity | Checksum: 12d2d8906

Time (s): cpu = 00:00:02 ; elapsed = 00:00:01 . Memory (MB): peak = 3920.664 ; gain = 56.027 ; free physical = 1574 ; free virtual = 95735
Phase 9 Finalization | Checksum: 12d2d8906

Time (s): cpu = 00:00:02 ; elapsed = 00:00:01 . Memory (MB): peak = 3920.664 ; gain = 56.027 ; free physical = 1574 ; free virtual = 95735
Opt_design Change Summary
=========================


-------------------------------------------------------------------------------------------------------------------------
|  Phase                        |  #Cells created  |  #Cells Removed  |  #Constrained objects preventing optimizations  |
-------------------------------------------------------------------------------------------------------------------------
|  Retarget                     |               0  |               1  |                                              0  |
|  Constant propagation         |               0  |               0  |                                              0  |
|  Sweep                        |               0  |               0  |                                              0  |
|  BUFG optimization            |               0  |               0  |                                              0  |
|  Shift Register Optimization  |               0  |               0  |                                              0  |
|  Post Processing Netlist      |               0  |               0  |                                              0  |
-------------------------------------------------------------------------------------------------------------------------


Ending Logic Optimization Task | Checksum: 12d2d8906

Time (s): cpu = 00:00:02 ; elapsed = 00:00:01 . Memory (MB): peak = 3920.664 ; gain = 56.027 ; free physical = 1574 ; free virtual = 95735
INFO: [Constraints 18-11670] Building netlist checker database with flags, 0x8
Done building netlist checker database: Time (s): cpu = 00:00:00 ; elapsed = 00:00:00.01 . Memory (MB): peak = 3920.664 ; gain = 0.000 ; free physical = 1582 ; free virtual = 95743

Starting Power Optimization Task
INFO: [Pwropt 34-132] Skipping clock gating for clocks with a period < 2.00 ns.
INFO: [Pwropt 34-9] Applying IDT optimizations ...
INFO: [Pwropt 34-10] Applying ODC optimizations ...
INFO: [Timing 38-35] Done setting XDC timing constraints.
Running Vector-less Activity Propagation...

Finished Running Vector-less Activity Propagation


Starting PowerOpt Patch Enables Task
INFO: [Pwropt 34-162] WRITE_MODE attribute of 0 BRAM(s) out of a total of 3 has been updated to save power. Run report_power_opt to get a complete listing of the BRAMs updated.
INFO: [Pwropt 34-201] Structural ODC has moved 0 WE to EN ports
Number of BRAM Ports augmented: 0 newly gated: 3 Total Ports: 6
Ending PowerOpt Patch Enables Task | Checksum: 133f77cc2

Time (s): cpu = 00:00:00.05 ; elapsed = 00:00:00.06 . Memory (MB): peak = 4417.070 ; gain = 0.000 ; free physical = 1745 ; free virtual = 95607
Ending Power Optimization Task | Checksum: 133f77cc2

Time (s): cpu = 00:00:14 ; elapsed = 00:00:09 . Memory (MB): peak = 4417.070 ; gain = 496.406 ; free physical = 1745 ; free virtual = 95607

Starting Final Cleanup Task
Ending Final Cleanup Task | Checksum: 133f77cc2

Time (s): cpu = 00:00:00 ; elapsed = 00:00:00 . Memory (MB): peak = 4417.070 ; gain = 0.000 ; free physical = 1745 ; free virtual = 95607

Starting Netlist Obfuscation Task
Netlist sorting complete. Time (s): cpu = 00:00:00 ; elapsed = 00:00:00 . Memory (MB): peak = 4417.070 ; gain = 0.000 ; free physical = 1745 ; free virtual = 95607
Ending Netlist Obfuscation Task | Checksum: 103625a37

Time (s): cpu = 00:00:00 ; elapsed = 00:00:00 . Memory (MB): peak = 4417.070 ; gain = 0.000 ; free physical = 1745 ; free virtual = 95607
INFO: [Common 17-83] Releasing license: Implementation
38 Infos, 100 Warnings, 0 Critical Warnings and 0 Errors encountered.
opt_design completed successfully
opt_design: Time (s): cpu = 00:00:22 ; elapsed = 00:00:14 . Memory (MB): peak = 4417.070 ; gain = 887.969 ; free physical = 1745 ; free virtual = 95607
INFO: [runtcl-4] Executing : report_drc -file bd_0_wrapper_drc_opted.rpt -pb bd_0_wrapper_drc_opted.pb -rpx bd_0_wrapper_drc_opted.rpx
Command: report_drc -file bd_0_wrapper_drc_opted.rpt -pb bd_0_wrapper_drc_opted.pb -rpx bd_0_wrapper_drc_opted.rpx
INFO: [IP_Flow 19-1839] IP Catalog is up to date.
INFO: [DRC 23-27] Running DRC with 8 threads
INFO: [Vivado_Tcl 2-168] The results of DRC are in file /home/zsm9/allo/tests/dataflow/20_matmul_mapping/out.prj/solution1/impl/verilog/project.runs/impl_1/bd_0_wrapper_drc_opted.rpt.
report_drc completed successfully
INFO: [Timing 38-35] Done setting XDC timing constraints.
INFO: [Timing 38-480] Writing timing data to binary archive.
Write ShapeDB Complete: Time (s): cpu = 00:00:00.04 ; elapsed = 00:00:00.01 . Memory (MB): peak = 4417.070 ; gain = 0.000 ; free physical = 1734 ; free virtual = 95591
INFO: [Common 17-1381] The checkpoint '/home/zsm9/allo/tests/dataflow/20_matmul_mapping/out.prj/solution1/impl/verilog/project.runs/impl_1/bd_0_wrapper_opt.dcp' has been generated.
Command: place_design
Attempting to get a license for feature 'Implementation' and/or device 'xcu280'
INFO: [Common 17-349] Got license for feature 'Implementation' and/or device 'xcu280'
INFO: [Common 17-83] Releasing license: Implementation
INFO: [DRC 23-27] Running DRC with 8 threads
INFO: [Vivado_Tcl 4-198] DRC finished with 0 Errors
INFO: [Vivado_Tcl 4-199] Please refer to the DRC report (report_drc) for more information.
Running DRC as a precondition to command place_design
INFO: [DRC 23-27] Running DRC with 8 threads
INFO: [Vivado_Tcl 4-198] DRC finished with 0 Errors
INFO: [Vivado_Tcl 4-199] Please refer to the DRC report (report_drc) for more information.
INFO: [Place 30-611] Multithreading enabled for place_design using a maximum of 8 CPUs

Starting Placer Task

Phase 1 Placer Initialization

Phase 1.1 Placer Initialization Netlist Sorting
Netlist sorting complete. Time (s): cpu = 00:00:00 ; elapsed = 00:00:00.01 . Memory (MB): peak = 4417.070 ; gain = 0.000 ; free physical = 1735 ; free virtual = 95576
Phase 1.1 Placer Initialization Netlist Sorting | Checksum: 9c284a08

Time (s): cpu = 00:00:00.01 ; elapsed = 00:00:00.01 . Memory (MB): peak = 4417.070 ; gain = 0.000 ; free physical = 1735 ; free virtual = 95576
Netlist sorting complete. Time (s): cpu = 00:00:00 ; elapsed = 00:00:00 . Memory (MB): peak = 4417.070 ; gain = 0.000 ; free physical = 1735 ; free virtual = 95576

Phase 1.2 IO Placement/ Clock Placement/ Build Placer Device
Phase 1.2 IO Placement/ Clock Placement/ Build Placer Device | Checksum: 147e090d

Time (s): cpu = 00:00:27 ; elapsed = 00:00:26 . Memory (MB): peak = 5037.348 ; gain = 620.277 ; free physical = 2283 ; free virtual = 95529

Phase 1.3 Build Placer Netlist Model
Phase 1.3 Build Placer Netlist Model | Checksum: 4b7325dc

Time (s): cpu = 00:00:36 ; elapsed = 00:00:31 . Memory (MB): peak = 5401.637 ; gain = 984.566 ; free physical = 2467 ; free virtual = 95377

Phase 1.4 Constrain Clocks/Macros
Phase 1.4 Constrain Clocks/Macros | Checksum: 4b7325dc

Time (s): cpu = 00:00:36 ; elapsed = 00:00:31 . Memory (MB): peak = 5401.637 ; gain = 984.566 ; free physical = 2467 ; free virtual = 95377
Phase 1 Placer Initialization | Checksum: 4b7325dc

Time (s): cpu = 00:00:36 ; elapsed = 00:00:31 . Memory (MB): peak = 5401.637 ; gain = 984.566 ; free physical = 2465 ; free virtual = 95375

Phase 2 Global Placement

Phase 2.1 Floorplanning

Phase 2.1.1 Partition Driven Placement

Phase 2.1.1.1 PBP: Partition Driven Placement
Phase 2.1.1.1 PBP: Partition Driven Placement | Checksum: 1f0b08c2

Time (s): cpu = 00:00:39 ; elapsed = 00:00:33 . Memory (MB): peak = 5401.637 ; gain = 984.566 ; free physical = 2433 ; free virtual = 95343

Phase 2.1.1.2 PBP: Clock Region Placement
INFO: [Place 30-3164] Check ILP status : ILP-based clock placer is skipped.
Phase 2.1.1.2 PBP: Clock Region Placement | Checksum: 1f0b08c2

Time (s): cpu = 00:00:40 ; elapsed = 00:00:33 . Memory (MB): peak = 5401.637 ; gain = 984.566 ; free physical = 2433 ; free virtual = 95343

Phase 2.1.1.3 PBP: Compute Congestion
Phase 2.1.1.3 PBP: Compute Congestion | Checksum: 1f0b08c2

Time (s): cpu = 00:01:10 ; elapsed = 00:00:42 . Memory (MB): peak = 5782.621 ; gain = 1365.551 ; free physical = 2168 ; free virtual = 94978

Phase 2.1.1.4 PBP: UpdateTiming
Phase 2.1.1.4 PBP: UpdateTiming | Checksum: b90e3ca9

Time (s): cpu = 00:01:10 ; elapsed = 00:00:43 . Memory (MB): peak = 5814.637 ; gain = 1397.566 ; free physical = 2166 ; free virtual = 94977

Phase 2.1.1.5 PBP: Add part constraints
Phase 2.1.1.5 PBP: Add part constraints | Checksum: b90e3ca9

Time (s): cpu = 00:01:10 ; elapsed = 00:00:43 . Memory (MB): peak = 5814.637 ; gain = 1397.566 ; free physical = 2166 ; free virtual = 94977
Phase 2.1.1 Partition Driven Placement | Checksum: b90e3ca9

Time (s): cpu = 00:01:10 ; elapsed = 00:00:43 . Memory (MB): peak = 5814.637 ; gain = 1397.566 ; free physical = 2166 ; free virtual = 94977
Phase 2.1 Floorplanning | Checksum: 5b4b5e39

Time (s): cpu = 00:01:10 ; elapsed = 00:00:43 . Memory (MB): peak = 5814.637 ; gain = 1397.566 ; free physical = 2166 ; free virtual = 94977

Phase 2.2 Physical Synthesis After Floorplan
INFO: [Physopt 32-670] No setup violation found.  PSIP Post Floorplan SLR Replication was not performed.
Netlist sorting complete. Time (s): cpu = 00:00:00 ; elapsed = 00:00:00.01 . Memory (MB): peak = 5814.637 ; gain = 0.000 ; free physical = 2166 ; free virtual = 94977

Summary of Physical Synthesis Optimizations
============================================


-----------------------------------------------------------------------------------------------------------------------------------------------
|  Optimization                         |  Added Cells  |  Removed Cells  |  Optimized Cells/Nets  |  Dont Touch  |  Iterations  |  Elapsed   |
-----------------------------------------------------------------------------------------------------------------------------------------------
|  PSIP Post Floorplan SLR Replication  |            0  |              0  |                     0  |           0  |           0  |  00:00:00  |
|  Total                                |            0  |              0  |                     0  |           0  |           0  |  00:00:00  |
-----------------------------------------------------------------------------------------------------------------------------------------------


Phase 2.2 Physical Synthesis After Floorplan | Checksum: 5b4b5e39

Time (s): cpu = 00:01:11 ; elapsed = 00:00:43 . Memory (MB): peak = 5814.637 ; gain = 1397.566 ; free physical = 2166 ; free virtual = 94977

Phase 2.3 Update Timing before SLR Path Opt
Phase 2.3 Update Timing before SLR Path Opt | Checksum: 5b4b5e39

Time (s): cpu = 00:01:11 ; elapsed = 00:00:43 . Memory (MB): peak = 5814.637 ; gain = 1397.566 ; free physical = 2166 ; free virtual = 94977

Phase 2.4 Post-Processing in Floorplanning
Phase 2.4 Post-Processing in Floorplanning | Checksum: 5b4b5e39

Time (s): cpu = 00:01:11 ; elapsed = 00:00:43 . Memory (MB): peak = 5814.637 ; gain = 1397.566 ; free physical = 2166 ; free virtual = 94977

Phase 2.5 Global Placement Core

Phase 2.5.1 UpdateTiming Before Physical Synthesis
Phase 2.5.1 UpdateTiming Before Physical Synthesis | Checksum: 13aaef8ac

Time (s): cpu = 00:02:16 ; elapsed = 00:01:09 . Memory (MB): peak = 6389.668 ; gain = 1972.598 ; free physical = 2267 ; free virtual = 94734

Phase 2.5.2 Physical Synthesis In Placer
INFO: [Physopt 32-1035] Found 0 LUTNM shape to break, 50 LUT instances to create LUTNM shape
INFO: [Physopt 32-1044] Break lutnm for timing: one critical 0, two critical 0, total 0, new lutff created 0
INFO: [Physopt 32-1138] End 1 Pass. Optimized 21 nets or LUTs. Breaked 0 LUT, combined 21 existing LUTs and moved 0 existing LUT
INFO: [Physopt 32-1030] Pass 1. Identified 3 candidate driver sets for equivalent driver rewiring.
INFO: [Physopt 32-661] Optimized 3 nets.  Re-placed 10 instances.
INFO: [Physopt 32-775] End 1 Pass. Optimized 3 nets or cells. Created 0 new cell, deleted 0 existing cell and moved 10 existing cells
Netlist sorting complete. Time (s): cpu = 00:00:00.01 ; elapsed = 00:00:00.01 . Memory (MB): peak = 6389.668 ; gain = 0.000 ; free physical = 2266 ; free virtual = 94733
INFO: [Physopt 32-65] No nets found for high-fanout optimization.
INFO: [Physopt 32-232] Optimized 0 net. Created 0 new instance.
INFO: [Physopt 32-775] End 1 Pass. Optimized 0 net or cell. Created 0 new cell, deleted 0 existing cell and moved 0 existing cell
INFO: [Physopt 32-670] No setup violation found.  DSP Register Optimization was not performed.
INFO: [Physopt 32-670] No setup violation found.  Shift Register to Pipeline Optimization was not performed.
INFO: [Physopt 32-670] No setup violation found.  Shift Register Optimization was not performed.
INFO: [Physopt 32-670] No setup violation found.  BRAM Register Optimization was not performed.
INFO: [Physopt 32-670] No setup violation found.  URAM Register Optimization was not performed.
INFO: [Physopt 32-949] No candidate nets found for dynamic/static region interface net replication
INFO: [Physopt 32-775] End 1 Pass. Optimized 0 net or cell. Created 0 new cell, deleted 0 existing cell and moved 0 existing cell
Netlist sorting complete. Time (s): cpu = 00:00:00 ; elapsed = 00:00:00 . Memory (MB): peak = 6389.668 ; gain = 0.000 ; free physical = 2266 ; free virtual = 94733

Summary of Physical Synthesis Optimizations
============================================


-----------------------------------------------------------------------------------------------------------------------------------------------------------
|  Optimization                                     |  Added Cells  |  Removed Cells  |  Optimized Cells/Nets  |  Dont Touch  |  Iterations  |  Elapsed   |
-----------------------------------------------------------------------------------------------------------------------------------------------------------
|  LUT Combining                                    |            0  |             21  |                    21  |           0  |           1  |  00:00:00  |
|  Retime                                           |            0  |              0  |                     0  |           0  |           1  |  00:00:00  |
|  Equivalent Driver Rewiring                       |            0  |              0  |                     3  |           0  |           1  |  00:00:00  |
|  Very High Fanout                                 |            0  |              0  |                     0  |           0  |           1  |  00:00:00  |
|  DSP Register                                     |            0  |              0  |                     0  |           0  |           0  |  00:00:00  |
|  Shift Register to Pipeline                       |            0  |              0  |                     0  |           0  |           0  |  00:00:00  |
|  Shift Register                                   |            0  |              0  |                     0  |           0  |           0  |  00:00:00  |
|  BRAM Register                                    |            0  |              0  |                     0  |           0  |           0  |  00:00:00  |
|  URAM Register                                    |            0  |              0  |                     0  |           0  |           0  |  00:00:00  |
|  Dynamic/Static Region Interface Net Replication  |            0  |              0  |                     0  |           0  |           1  |  00:00:00  |
|  Total                                            |            0  |             21  |                    24  |           0  |           5  |  00:00:00  |
-----------------------------------------------------------------------------------------------------------------------------------------------------------


Phase 2.5.2 Physical Synthesis In Placer | Checksum: cd39365b

Time (s): cpu = 00:02:18 ; elapsed = 00:01:11 . Memory (MB): peak = 6389.668 ; gain = 1972.598 ; free physical = 2270 ; free virtual = 94737
Phase 2.5 Global Placement Core | Checksum: 121a2db29

Time (s): cpu = 00:03:22 ; elapsed = 00:01:32 . Memory (MB): peak = 6389.668 ; gain = 1972.598 ; free physical = 2270 ; free virtual = 94737
Phase 2 Global Placement | Checksum: 121a2db29

Time (s): cpu = 00:03:22 ; elapsed = 00:01:32 . Memory (MB): peak = 6389.668 ; gain = 1972.598 ; free physical = 2270 ; free virtual = 94737

Phase 3 Detail Placement

Phase 3.1 Commit Multi Column Macros
Phase 3.1 Commit Multi Column Macros | Checksum: 1ce42651e

Time (s): cpu = 00:03:54 ; elapsed = 00:01:42 . Memory (MB): peak = 6389.668 ; gain = 1972.598 ; free physical = 2277 ; free virtual = 94744

Phase 3.2 Commit Most Macros & LUTRAMs
Phase 3.2 Commit Most Macros & LUTRAMs | Checksum: 1a2da0476

Time (s): cpu = 00:03:55 ; elapsed = 00:01:42 . Memory (MB): peak = 6389.668 ; gain = 1972.598 ; free physical = 2282 ; free virtual = 94749

Phase 3.3 Small Shape DP

Phase 3.3.1 Small Shape Clustering
Phase 3.3.1 Small Shape Clustering | Checksum: 18e0487af

Time (s): cpu = 00:04:26 ; elapsed = 00:01:52 . Memory (MB): peak = 6389.668 ; gain = 1972.598 ; free physical = 2276 ; free virtual = 94743

Phase 3.3.2 Slice Area Swap

Phase 3.3.2.1 Slice Area Swap Initial
Phase 3.3.2.1 Slice Area Swap Initial | Checksum: 1054ba341

Time (s): cpu = 00:04:27 ; elapsed = 00:01:53 . Memory (MB): peak = 6389.668 ; gain = 1972.598 ; free physical = 2277 ; free virtual = 94744
Phase 3.3.2 Slice Area Swap | Checksum: 1042e0616

Time (s): cpu = 00:04:28 ; elapsed = 00:01:54 . Memory (MB): peak = 6389.668 ; gain = 1972.598 ; free physical = 2281 ; free virtual = 94748
Phase 3.3 Small Shape DP | Checksum: 969d6a95

Time (s): cpu = 00:04:30 ; elapsed = 00:01:54 . Memory (MB): peak = 6389.668 ; gain = 1972.598 ; free physical = 2281 ; free virtual = 94747

Phase 3.4 Re-assign LUT pins
Phase 3.4 Re-assign LUT pins | Checksum: bb8029a9

Time (s): cpu = 00:04:31 ; elapsed = 00:01:55 . Memory (MB): peak = 6389.668 ; gain = 1972.598 ; free physical = 2285 ; free virtual = 94752

Phase 3.5 Pipeline Register Optimization
Phase 3.5 Pipeline Register Optimization | Checksum: 1e60edf9a

Time (s): cpu = 00:04:31 ; elapsed = 00:01:55 . Memory (MB): peak = 6389.668 ; gain = 1972.598 ; free physical = 2285 ; free virtual = 94752
Phase 3 Detail Placement | Checksum: 1e60edf9a

Time (s): cpu = 00:04:31 ; elapsed = 00:01:55 . Memory (MB): peak = 6389.668 ; gain = 1972.598 ; free physical = 2285 ; free virtual = 94752

Phase 4 Post Placement Optimization and Clean-Up

Phase 4.1 Post Commit Optimization
INFO: [Timing 38-35] Done setting XDC timing constraints.

Phase 4.1.1 Post Placement Optimization
Post Placement Optimization Initialization | Checksum: 1eb186420

Phase 4.1.1.1 BUFG Insertion

Starting Physical Synthesis Task

Phase 1 Physical Synthesis Initialization
INFO: [Physopt 32-721] Multithreading enabled for phys_opt_design using a maximum of 8 CPUs
INFO: [Physopt 32-619] Estimated Timing Summary | WNS=1.060 | TNS=0.000 |
Phase 1 Physical Synthesis Initialization | Checksum: 1eb7ffc8c

Time (s): cpu = 00:00:00.91 ; elapsed = 00:00:00.33 . Memory (MB): peak = 6389.668 ; gain = 0.000 ; free physical = 2288 ; free virtual = 94754
INFO: [Place 46-56] BUFG insertion identified 0 candidate nets. Inserted BUFG: 0, Replicated BUFG Driver: 0, Skipped due to Placement/Routing Conflicts: 0, Skipped due to Timing Degradation: 0, Skipped due to netlist editing failed: 0.
Ending Physical Synthesis Task | Checksum: 1eb7ffc8c

Time (s): cpu = 00:00:01 ; elapsed = 00:00:00.54 . Memory (MB): peak = 6389.668 ; gain = 0.000 ; free physical = 2287 ; free virtual = 94754
Phase 4.1.1.1 BUFG Insertion | Checksum: 1eb186420

Time (s): cpu = 00:05:11 ; elapsed = 00:02:08 . Memory (MB): peak = 6389.668 ; gain = 1972.598 ; free physical = 2287 ; free virtual = 94754

Phase 4.1.1.2 BUFG Replication
INFO: [Place 46-63] BUFG replication identified 0 candidate nets: Replicated nets: 0, Replicated BUFGs: 0, Replicated BUFG Driver: 0, moved BUFGs: 0, Skipped due to Placement / Routing Conflict: 0, Skipped due to Timing: 0, Skipped due to constraints: 0
Phase 4.1.1.2 BUFG Replication | Checksum: 1eb186420

Time (s): cpu = 00:05:11 ; elapsed = 00:02:08 . Memory (MB): peak = 6389.668 ; gain = 1972.598 ; free physical = 2287 ; free virtual = 94754

Phase 4.1.1.3 Post Placement Timing Optimization
INFO: [Place 30-746] Post Placement Timing Summary WNS=1.060. For the most accurate timing information please run report_timing.
Phase 4.1.1.3 Post Placement Timing Optimization | Checksum: 216148512

Time (s): cpu = 00:05:12 ; elapsed = 00:02:09 . Memory (MB): peak = 6389.668 ; gain = 1972.598 ; free physical = 2287 ; free virtual = 94754

Phase 4.1.1.4 Replication
INFO: [Place 46-19] Post Replication Timing Summary WNS=1.060. For the most accurate timing information please run report_timing.
Phase 4.1.1.4 Replication | Checksum: 216148512

Time (s): cpu = 00:05:12 ; elapsed = 00:02:09 . Memory (MB): peak = 6389.668 ; gain = 1972.598 ; free physical = 2287 ; free virtual = 94754

Time (s): cpu = 00:05:12 ; elapsed = 00:02:09 . Memory (MB): peak = 6389.668 ; gain = 1972.598 ; free physical = 2287 ; free virtual = 94754
Phase 4.1 Post Commit Optimization | Checksum: 216148512

Time (s): cpu = 00:05:12 ; elapsed = 00:02:09 . Memory (MB): peak = 6389.668 ; gain = 1972.598 ; free physical = 2287 ; free virtual = 94754

Phase 4.2 Post Placement Cleanup
Phase 4.2 Post Placement Cleanup | Checksum: 216148512

Time (s): cpu = 00:06:12 ; elapsed = 00:02:48 . Memory (MB): peak = 6389.668 ; gain = 1972.598 ; free physical = 2295 ; free virtual = 94762

Phase 4.3 Placer Reporting

Phase 4.3.1 Print Estimated Congestion
INFO: [Place 30-612] Post-Placement Estimated Congestion 
 ________________________________________________________________________
|           | Global Congestion | Long Congestion   | Short Congestion  |
| Direction | Region Size       | Region Size       | Region Size       |
|___________|___________________|___________________|___________________|
|      North|                1x1|                1x1|                1x1|
|___________|___________________|___________________|___________________|
|      South|                1x1|                1x1|                1x1|
|___________|___________________|___________________|___________________|
|       East|                1x1|                1x1|                1x1|
|___________|___________________|___________________|___________________|
|       West|                1x1|                1x1|                1x1|
|___________|___________________|___________________|___________________|

SLR0:
 ________________________________________________________________________
|           | Global Congestion | Long Congestion   | Short Congestion  |
| Direction | Region Size       | Region Size       | Region Size       |
|___________|___________________|___________________|___________________|
|      North|                1x1|                1x1|                1x1|
|___________|___________________|___________________|___________________|
|      South|                1x1|                1x1|                1x1|
|___________|___________________|___________________|___________________|
|       East|                1x1|                1x1|                1x1|
|___________|___________________|___________________|___________________|
|       West|                1x1|                1x1|                1x1|
|___________|___________________|___________________|___________________|

SLR1:
 ________________________________________________________________________
|           | Global Congestion | Long Congestion   | Short Congestion  |
| Direction | Region Size       | Region Size       | Region Size       |
|___________|___________________|___________________|___________________|
|      North|                1x1|                1x1|                1x1|
|___________|___________________|___________________|___________________|
|      South|                1x1|                1x1|                1x1|
|___________|___________________|___________________|___________________|
|       East|                1x1|                1x1|                1x1|
|___________|___________________|___________________|___________________|
|       West|                1x1|                1x1|                1x1|
|___________|___________________|___________________|___________________|

SLR2:
 ________________________________________________________________________
|           | Global Congestion | Long Congestion   | Short Congestion  |
| Direction | Region Size       | Region Size       | Region Size       |
|___________|___________________|___________________|___________________|
|      North|                1x1|                1x1|                1x1|
|___________|___________________|___________________|___________________|
|      South|                1x1|                1x1|                1x1|
|___________|___________________|___________________|___________________|
|       East|                1x1|                1x1|                1x1|
|___________|___________________|___________________|___________________|
|       West|                1x1|                1x1|                1x1|
|___________|___________________|___________________|___________________|

Phase 4.3.1 Print Estimated Congestion | Checksum: 216148512

Time (s): cpu = 00:06:12 ; elapsed = 00:02:48 . Memory (MB): peak = 6389.668 ; gain = 1972.598 ; free physical = 2295 ; free virtual = 94762
Phase 4.3 Placer Reporting | Checksum: 216148512

Time (s): cpu = 00:06:12 ; elapsed = 00:02:48 . Memory (MB): peak = 6389.668 ; gain = 1972.598 ; free physical = 2295 ; free virtual = 94762

Phase 4.4 Final Placement Cleanup
Netlist sorting complete. Time (s): cpu = 00:00:00 ; elapsed = 00:00:00 . Memory (MB): peak = 6389.668 ; gain = 0.000 ; free physical = 2295 ; free virtual = 94762

Time (s): cpu = 00:06:12 ; elapsed = 00:02:48 . Memory (MB): peak = 6389.668 ; gain = 1972.598 ; free physical = 2295 ; free virtual = 94762
Phase 4 Post Placement Optimization and Clean-Up | Checksum: 23231a3b6

Time (s): cpu = 00:06:12 ; elapsed = 00:02:48 . Memory (MB): peak = 6389.668 ; gain = 1972.598 ; free physical = 2295 ; free virtual = 94762
Ending Placer Task | Checksum: 180e15756

Time (s): cpu = 00:06:12 ; elapsed = 00:02:48 . Memory (MB): peak = 6389.668 ; gain = 1972.598 ; free physical = 2295 ; free virtual = 94762
80 Infos, 100 Warnings, 0 Critical Warnings and 0 Errors encountered.
place_design completed successfully
place_design: Time (s): cpu = 00:06:18 ; elapsed = 00:02:49 . Memory (MB): peak = 6389.668 ; gain = 1972.598 ; free physical = 2294 ; free virtual = 94761
INFO: [runtcl-4] Executing : report_io -file bd_0_wrapper_io_placed.rpt
report_io: Time (s): cpu = 00:00:00.55 ; elapsed = 00:00:00.71 . Memory (MB): peak = 6389.668 ; gain = 0.000 ; free physical = 2300 ; free virtual = 94768
INFO: [runtcl-4] Executing : report_utilization -file bd_0_wrapper_utilization_placed.rpt -pb bd_0_wrapper_utilization_placed.pb
INFO: [runtcl-4] Executing : report_control_sets -verbose -file bd_0_wrapper_control_sets_placed.rpt
report_control_sets: Time (s): cpu = 00:00:00.03 ; elapsed = 00:00:00.16 . Memory (MB): peak = 6389.668 ; gain = 0.000 ; free physical = 2308 ; free virtual = 94776
INFO: [Timing 38-480] Writing timing data to binary archive.
Write ShapeDB Complete: Time (s): cpu = 00:00:00.07 ; elapsed = 00:00:00.02 . Memory (MB): peak = 6389.668 ; gain = 0.000 ; free physical = 2306 ; free virtual = 94775
Wrote PlaceDB: Time (s): cpu = 00:00:02 ; elapsed = 00:00:00.52 . Memory (MB): peak = 6389.668 ; gain = 0.000 ; free physical = 2288 ; free virtual = 94770
Wrote PulsedLatchDB: Time (s): cpu = 00:00:00 ; elapsed = 00:00:00 . Memory (MB): peak = 6389.668 ; gain = 0.000 ; free physical = 2285 ; free virtual = 94767
Writing XDEF routing.
Writing XDEF routing logical nets.
Writing XDEF routing special nets.
Wrote RouteStorage: Time (s): cpu = 00:00:00.16 ; elapsed = 00:00:00.13 . Memory (MB): peak = 6389.668 ; gain = 0.000 ; free physical = 2283 ; free virtual = 94765
Wrote Netlist Cache: Time (s): cpu = 00:00:00.02 ; elapsed = 00:00:00.02 . Memory (MB): peak = 6389.668 ; gain = 0.000 ; free physical = 2282 ; free virtual = 94765
Wrote Device Cache: Time (s): cpu = 00:00:00.02 ; elapsed = 00:00:00.01 . Memory (MB): peak = 6389.668 ; gain = 0.000 ; free physical = 2278 ; free virtual = 94764
Write Physdb Complete: Time (s): cpu = 00:00:02 ; elapsed = 00:00:00.72 . Memory (MB): peak = 6389.668 ; gain = 0.000 ; free physical = 2277 ; free virtual = 94763
INFO: [Common 17-1381] The checkpoint '/home/zsm9/allo/tests/dataflow/20_matmul_mapping/out.prj/solution1/impl/verilog/project.runs/impl_1/bd_0_wrapper_placed.dcp' has been generated.
Command: phys_opt_design
Attempting to get a license for feature 'Implementation' and/or device 'xcu280'
INFO: [Common 17-349] Got license for feature 'Implementation' and/or device 'xcu280'

Starting Initial Update Timing Task
WARNING: [Timing 38-242] The property HD.CLK_SRC of clock port "ap_clk" is not set. In out-of-context mode, this prevents timing estimation for clock delay/skew
Resolution: Set the HD.CLK_SRC property of the out-of-context port to the location of the clock buffer instance in the top-level design

Time (s): cpu = 00:00:04 ; elapsed = 00:00:01 . Memory (MB): peak = 6389.668 ; gain = 0.000 ; free physical = 2304 ; free virtual = 94773
INFO: [Vivado_Tcl 4-383] Design worst setup slack (WNS) is greater than or equal to 0.000 ns. Skipping all physical synthesis optimizations.
INFO: [Vivado_Tcl 4-232] No setup violation found. The netlist was not modified.
INFO: [Common 17-83] Releasing license: Implementation
89 Infos, 101 Warnings, 0 Critical Warnings and 0 Errors encountered.
phys_opt_design completed successfully
INFO: [Timing 38-480] Writing timing data to binary archive.
Write ShapeDB Complete: Time (s): cpu = 00:00:00.07 ; elapsed = 00:00:00.02 . Memory (MB): peak = 6421.684 ; gain = 0.000 ; free physical = 2303 ; free virtual = 94772
Wrote PlaceDB: Time (s): cpu = 00:00:02 ; elapsed = 00:00:00.5 . Memory (MB): peak = 6421.684 ; gain = 0.000 ; free physical = 2290 ; free virtual = 94772
Wrote PulsedLatchDB: Time (s): cpu = 00:00:00 ; elapsed = 00:00:00 . Memory (MB): peak = 6421.684 ; gain = 0.000 ; free physical = 2286 ; free virtual = 94768
Writing XDEF routing.
Writing XDEF routing logical nets.
Writing XDEF routing special nets.
Wrote RouteStorage: Time (s): cpu = 00:00:00.12 ; elapsed = 00:00:00.07 . Memory (MB): peak = 6421.684 ; gain = 0.000 ; free physical = 2293 ; free virtual = 94775
Wrote Netlist Cache: Time (s): cpu = 00:00:00.02 ; elapsed = 00:00:00.02 . Memory (MB): peak = 6421.684 ; gain = 0.000 ; free physical = 2292 ; free virtual = 94776
Wrote Device Cache: Time (s): cpu = 00:00:00.01 ; elapsed = 00:00:00.01 . Memory (MB): peak = 6421.684 ; gain = 0.000 ; free physical = 2289 ; free virtual = 94775
Write Physdb Complete: Time (s): cpu = 00:00:02 ; elapsed = 00:00:00.65 . Memory (MB): peak = 6421.684 ; gain = 0.000 ; free physical = 2289 ; free virtual = 94775
INFO: [Common 17-1381] The checkpoint '/home/zsm9/allo/tests/dataflow/20_matmul_mapping/out.prj/solution1/impl/verilog/project.runs/impl_1/bd_0_wrapper_physopt.dcp' has been generated.
Command: route_design
Attempting to get a license for feature 'Implementation' and/or device 'xcu280'
INFO: [Common 17-349] Got license for feature 'Implementation' and/or device 'xcu280'
Running DRC as a precondition to command route_design
INFO: [DRC 23-27] Running DRC with 8 threads
INFO: [Vivado_Tcl 4-198] DRC finished with 0 Errors
INFO: [Vivado_Tcl 4-199] Please refer to the DRC report (report_drc) for more information.


Starting Routing Task
INFO: [Route 35-254] Multithreading enabled for route_design using a maximum of 8 CPUs

Phase 1 Build RT Design
Checksum: PlaceDB: 9b94bd38 ConstDB: 0 ShapeSum: e54c9a1e RouteDB: 0
Nodegraph reading from file.  Time (s): cpu = 00:00:02 ; elapsed = 00:00:02 . Memory (MB): peak = 6453.699 ; gain = 0.000 ; free physical = 2298 ; free virtual = 94771
WARNING: [Route 35-197] Clock port "ap_clk" does not have an associated HD.CLK_SRC. Without this constraint, timing analysis may not be accurate and upstream checks cannot be done to ensure correct clock placement.
WARNING: [Route 35-198] Port "ap_rst_n" does not have an associated HD.PARTPIN_LOCS, which will prevent the partial routing of the signal "ap_rst_n". Without this partial route, timing analysis to/from this port will not be accurate, and no routing information for this port can be exported.
WARNING: [Route 35-198] Port "s_axi_control_wdata[25]" does not have an associated HD.PARTPIN_LOCS, which will prevent the partial routing of the signal "s_axi_control_wdata[25]". Without this partial route, timing analysis to/from this port will not be accurate, and no routing information for this port can be exported.
WARNING: [Route 35-198] Port "s_axi_control_wstrb[3]" does not have an associated HD.PARTPIN_LOCS, which will prevent the partial routing of the signal "s_axi_control_wstrb[3]". Without this partial route, timing analysis to/from this port will not be accurate, and no routing information for this port can be exported.
WARNING: [Route 35-198] Port "s_axi_control_araddr[5]" does not have an associated HD.PARTPIN_LOCS, which will prevent the partial routing of the signal "s_axi_control_araddr[5]". Without this partial route, timing analysis to/from this port will not be accurate, and no routing information for this port can be exported.
WARNING: [Route 35-198] Port "s_axi_control_araddr[0]" does not have an associated HD.PARTPIN_LOCS, which will prevent the partial routing of the signal "s_axi_control_araddr[0]". Without this partial route, timing analysis to/from this port will not be accurate, and no routing information for this port can be exported.
WARNING: [Route 35-198] Port "s_axi_control_araddr[4]" does not have an associated HD.PARTPIN_LOCS, which will prevent the partial routing of the signal "s_axi_control_araddr[4]". Without this partial route, timing analysis to/from this port will not be accurate, and no routing information for this port can be exported.
WARNING: [Route 35-198] Port "s_axi_control_araddr[2]" does not have an associated HD.PARTPIN_LOCS, which will prevent the partial routing of the signal "s_axi_control_araddr[2]". Without this partial route, timing analysis to/from this port will not be accurate, and no routing information for this port can be exported.
WARNING: [Route 35-198] Port "s_axi_control_araddr[3]" does not have an associated HD.PARTPIN_LOCS, which will prevent the partial routing of the signal "s_axi_control_araddr[3]". Without this partial route, timing analysis to/from this port will not be accurate, and no routing information for this port can be exported.
WARNING: [Route 35-198] Port "s_axi_control_wdata[18]" does not have an associated HD.PARTPIN_LOCS, which will prevent the partial routing of the signal "s_axi_control_wdata[18]". Without this partial route, timing analysis to/from this port will not be accurate, and no routing information for this port can be exported.
WARNING: [Route 35-198] Port "s_axi_control_wstrb[2]" does not have an associated HD.PARTPIN_LOCS, which will prevent the partial routing of the signal "s_axi_control_wstrb[2]". Without this partial route, timing analysis to/from this port will not be accurate, and no routing information for this port can be exported.
WARNING: [Route 35-198] Port "s_axi_control_wdata[19]" does not have an associated HD.PARTPIN_LOCS, which will prevent the partial routing of the signal "s_axi_control_wdata[19]". Without this partial route, timing analysis to/from this port will not be accurate, and no routing information for this port can be exported.
WARNING: [Route 35-198] Port "s_axi_control_wdata[24]" does not have an associated HD.PARTPIN_LOCS, which will prevent the partial routing of the signal "s_axi_control_wdata[24]". Without this partial route, timing analysis to/from this port will not be accurate, and no routing information for this port can be exported.
WARNING: [Route 35-198] Port "s_axi_control_wdata[23]" does not have an associated HD.PARTPIN_LOCS, which will prevent the partial routing of the signal "s_axi_control_wdata[23]". Without this partial route, timing analysis to/from this port will not be accurate, and no routing information for this port can be exported.
WARNING: [Route 35-198] Port "s_axi_control_wdata[29]" does not have an associated HD.PARTPIN_LOCS, which will prevent the partial routing of the signal "s_axi_control_wdata[29]". Without this partial route, timing analysis to/from this port will not be accurate, and no routing information for this port can be exported.
WARNING: [Route 35-198] Port "s_axi_control_wdata[30]" does not have an associated HD.PARTPIN_LOCS, which will prevent the partial routing of the signal "s_axi_control_wdata[30]". Without this partial route, timing analysis to/from this port will not be accurate, and no routing information for this port can be exported.
WARNING: [Route 35-198] Port "s_axi_control_wdata[27]" does not have an associated HD.PARTPIN_LOCS, which will prevent the partial routing of the signal "s_axi_control_wdata[27]". Without this partial route, timing analysis to/from this port will not be accurate, and no routing information for this port can be exported.
WARNING: [Route 35-198] Port "s_axi_control_wdata[20]" does not have an associated HD.PARTPIN_LOCS, which will prevent the partial routing of the signal "s_axi_control_wdata[20]". Without this partial route, timing analysis to/from this port will not be accurate, and no routing information for this port can be exported.
WARNING: [Route 35-198] Port "s_axi_control_wdata[22]" does not have an associated HD.PARTPIN_LOCS, which will prevent the partial routing of the signal "s_axi_control_wdata[22]". Without this partial route, timing analysis to/from this port will not be accurate, and no routing information for this port can be exported.
WARNING: [Route 35-198] Port "s_axi_control_wdata[26]" does not have an associated HD.PARTPIN_LOCS, which will prevent the partial routing of the signal "s_axi_control_wdata[26]". Without this partial route, timing analysis to/from this port will not be accurate, and no routing information for this port can be exported.
WARNING: [Route 35-198] Port "s_axi_control_wdata[21]" does not have an associated HD.PARTPIN_LOCS, which will prevent the partial routing of the signal "s_axi_control_wdata[21]". Without this partial route, timing analysis to/from this port will not be accurate, and no routing information for this port can be exported.
WARNING: [Route 35-198] Port "s_axi_control_wdata[28]" does not have an associated HD.PARTPIN_LOCS, which will prevent the partial routing of the signal "s_axi_control_wdata[28]". Without this partial route, timing analysis to/from this port will not be accurate, and no routing information for this port can be exported.
WARNING: [Route 35-198] Port "s_axi_control_wdata[11]" does not have an associated HD.PARTPIN_LOCS, which will prevent the partial routing of the signal "s_axi_control_wdata[11]". Without this partial route, timing analysis to/from this port will not be accurate, and no routing information for this port can be exported.
WARNING: [Route 35-198] Port "s_axi_control_wstrb[1]" does not have an associated HD.PARTPIN_LOCS, which will prevent the partial routing of the signal "s_axi_control_wstrb[1]". Without this partial route, timing analysis to/from this port will not be accurate, and no routing information for this port can be exported.
WARNING: [Route 35-198] Port "s_axi_control_wdata[31]" does not have an associated HD.PARTPIN_LOCS, which will prevent the partial routing of the signal "s_axi_control_wdata[31]". Without this partial route, timing analysis to/from this port will not be accurate, and no routing information for this port can be exported.
WARNING: [Route 35-198] Port "s_axi_control_bready" does not have an associated HD.PARTPIN_LOCS, which will prevent the partial routing of the signal "s_axi_control_bready". Without this partial route, timing analysis to/from this port will not be accurate, and no routing information for this port can be exported.
WARNING: [Route 35-198] Port "s_axi_control_awvalid" does not have an associated HD.PARTPIN_LOCS, which will prevent the partial routing of the signal "s_axi_control_awvalid". Without this partial route, timing analysis to/from this port will not be accurate, and no routing information for this port can be exported.
WARNING: [Route 35-198] Port "s_axi_control_wvalid" does not have an associated HD.PARTPIN_LOCS, which will prevent the partial routing of the signal "s_axi_control_wvalid". Without this partial route, timing analysis to/from this port will not be accurate, and no routing information for this port can be exported.
WARNING: [Route 35-198] Port "s_axi_control_awaddr[0]" does not have an associated HD.PARTPIN_LOCS, which will prevent the partial routing of the signal "s_axi_control_awaddr[0]". Without this partial route, timing analysis to/from this port will not be accurate, and no routing information for this port can be exported.
WARNING: [Route 35-198] Port "s_axi_control_awaddr[1]" does not have an associated HD.PARTPIN_LOCS, which will prevent the partial routing of the signal "s_axi_control_awaddr[1]". Without this partial route, timing analysis to/from this port will not be accurate, and no routing information for this port can be exported.
WARNING: [Route 35-198] Port "s_axi_control_wdata[0]" does not have an associated HD.PARTPIN_LOCS, which will prevent the partial routing of the signal "s_axi_control_wdata[0]". Without this partial route, timing analysis to/from this port will not be accurate, and no routing information for this port can be exported.
WARNING: [Route 35-198] Port "s_axi_control_wstrb[0]" does not have an associated HD.PARTPIN_LOCS, which will prevent the partial routing of the signal "s_axi_control_wstrb[0]". Without this partial route, timing analysis to/from this port will not be accurate, and no routing information for this port can be exported.
WARNING: [Route 35-198] Port "s_axi_control_wdata[1]" does not have an associated HD.PARTPIN_LOCS, which will prevent the partial routing of the signal "s_axi_control_wdata[1]". Without this partial route, timing analysis to/from this port will not be accurate, and no routing information for this port can be exported.
WARNING: [Route 35-198] Port "ap_ctrl_start" does not have an associated HD.PARTPIN_LOCS, which will prevent the partial routing of the signal "ap_ctrl_start". Without this partial route, timing analysis to/from this port will not be accurate, and no routing information for this port can be exported.
WARNING: [Route 35-198] Port "s_axi_control_awaddr[2]" does not have an associated HD.PARTPIN_LOCS, which will prevent the partial routing of the signal "s_axi_control_awaddr[2]". Without this partial route, timing analysis to/from this port will not be accurate, and no routing information for this port can be exported.
WARNING: [Route 35-198] Port "s_axi_control_awaddr[3]" does not have an associated HD.PARTPIN_LOCS, which will prevent the partial routing of the signal "s_axi_control_awaddr[3]". Without this partial route, timing analysis to/from this port will not be accurate, and no routing information for this port can be exported.
WARNING: [Route 35-198] Port "s_axi_control_awaddr[4]" does not have an associated HD.PARTPIN_LOCS, which will prevent the partial routing of the signal "s_axi_control_awaddr[4]". Without this partial route, timing analysis to/from this port will not be accurate, and no routing information for this port can be exported.
WARNING: [Route 35-198] Port "s_axi_control_awaddr[5]" does not have an associated HD.PARTPIN_LOCS, which will prevent the partial routing of the signal "s_axi_control_awaddr[5]". Without this partial route, timing analysis to/from this port will not be accurate, and no routing information for this port can be exported.
WARNING: [Route 35-198] Port "s_axi_control_wdata[4]" does not have an associated HD.PARTPIN_LOCS, which will prevent the partial routing of the signal "s_axi_control_wdata[4]". Without this partial route, timing analysis to/from this port will not be accurate, and no routing information for this port can be exported.
WARNING: [Route 35-198] Port "s_axi_control_wdata[6]" does not have an associated HD.PARTPIN_LOCS, which will prevent the partial routing of the signal "s_axi_control_wdata[6]". Without this partial route, timing analysis to/from this port will not be accurate, and no routing information for this port can be exported.
WARNING: [Route 35-198] Port "s_axi_control_wdata[9]" does not have an associated HD.PARTPIN_LOCS, which will prevent the partial routing of the signal "s_axi_control_wdata[9]". Without this partial route, timing analysis to/from this port will not be accurate, and no routing information for this port can be exported.
WARNING: [Route 35-198] Port "s_axi_control_wdata[10]" does not have an associated HD.PARTPIN_LOCS, which will prevent the partial routing of the signal "s_axi_control_wdata[10]". Without this partial route, timing analysis to/from this port will not be accurate, and no routing information for this port can be exported.
WARNING: [Route 35-198] Port "s_axi_control_wdata[13]" does not have an associated HD.PARTPIN_LOCS, which will prevent the partial routing of the signal "s_axi_control_wdata[13]". Without this partial route, timing analysis to/from this port will not be accurate, and no routing information for this port can be exported.
WARNING: [Route 35-198] Port "s_axi_control_wdata[15]" does not have an associated HD.PARTPIN_LOCS, which will prevent the partial routing of the signal "s_axi_control_wdata[15]". Without this partial route, timing analysis to/from this port will not be accurate, and no routing information for this port can be exported.
WARNING: [Route 35-198] Port "s_axi_control_wdata[16]" does not have an associated HD.PARTPIN_LOCS, which will prevent the partial routing of the signal "s_axi_control_wdata[16]". Without this partial route, timing analysis to/from this port will not be accurate, and no routing information for this port can be exported.
WARNING: [Route 35-198] Port "s_axi_control_wdata[3]" does not have an associated HD.PARTPIN_LOCS, which will prevent the partial routing of the signal "s_axi_control_wdata[3]". Without this partial route, timing analysis to/from this port will not be accurate, and no routing information for this port can be exported.
WARNING: [Route 35-198] Port "s_axi_control_wdata[5]" does not have an associated HD.PARTPIN_LOCS, which will prevent the partial routing of the signal "s_axi_control_wdata[5]". Without this partial route, timing analysis to/from this port will not be accurate, and no routing information for this port can be exported.
WARNING: [Route 35-198] Port "s_axi_control_wdata[7]" does not have an associated HD.PARTPIN_LOCS, which will prevent the partial routing of the signal "s_axi_control_wdata[7]". Without this partial route, timing analysis to/from this port will not be accurate, and no routing information for this port can be exported.
WARNING: [Route 35-198] Port "s_axi_control_wdata[8]" does not have an associated HD.PARTPIN_LOCS, which will prevent the partial routing of the signal "s_axi_control_wdata[8]". Without this partial route, timing analysis to/from this port will not be accurate, and no routing information for this port can be exported.
WARNING: [Route 35-198] Port "s_axi_control_wdata[12]" does not have an associated HD.PARTPIN_LOCS, which will prevent the partial routing of the signal "s_axi_control_wdata[12]". Without this partial route, timing analysis to/from this port will not be accurate, and no routing information for this port can be exported.
WARNING: [Route 35-198] Port "s_axi_control_wdata[14]" does not have an associated HD.PARTPIN_LOCS, which will prevent the partial routing of the signal "s_axi_control_wdata[14]". Without this partial route, timing analysis to/from this port will not be accurate, and no routing information for this port can be exported.
WARNING: [Route 35-198] Port "s_axi_control_wdata[17]" does not have an associated HD.PARTPIN_LOCS, which will prevent the partial routing of the signal "s_axi_control_wdata[17]". Without this partial route, timing analysis to/from this port will not be accurate, and no routing information for this port can be exported.
WARNING: [Route 35-198] Port "s_axi_control_wdata[2]" does not have an associated HD.PARTPIN_LOCS, which will prevent the partial routing of the signal "s_axi_control_wdata[2]". Without this partial route, timing analysis to/from this port will not be accurate, and no routing information for this port can be exported.
WARNING: [Route 35-198] Port "m_axi_gmem1_arready" does not have an associated HD.PARTPIN_LOCS, which will prevent the partial routing of the signal "m_axi_gmem1_arready". Without this partial route, timing analysis to/from this port will not be accurate, and no routing information for this port can be exported.
WARNING: [Route 35-198] Port "s_axi_control_arvalid" does not have an associated HD.PARTPIN_LOCS, which will prevent the partial routing of the signal "s_axi_control_arvalid". Without this partial route, timing analysis to/from this port will not be accurate, and no routing information for this port can be exported.
WARNING: [Route 35-198] Port "s_axi_control_rready" does not have an associated HD.PARTPIN_LOCS, which will prevent the partial routing of the signal "s_axi_control_rready". Without this partial route, timing analysis to/from this port will not be accurate, and no routing information for this port can be exported.
WARNING: [Route 35-198] Port "s_axi_control_araddr[1]" does not have an associated HD.PARTPIN_LOCS, which will prevent the partial routing of the signal "s_axi_control_araddr[1]". Without this partial route, timing analysis to/from this port will not be accurate, and no routing information for this port can be exported.
WARNING: [Route 35-198] Port "m_axi_gmem2_rvalid" does not have an associated HD.PARTPIN_LOCS, which will prevent the partial routing of the signal "m_axi_gmem2_rvalid". Without this partial route, timing analysis to/from this port will not be accurate, and no routing information for this port can be exported.
WARNING: [Route 35-198] Port "m_axi_gmem0_arready" does not have an associated HD.PARTPIN_LOCS, which will prevent the partial routing of the signal "m_axi_gmem0_arready". Without this partial route, timing analysis to/from this port will not be accurate, and no routing information for this port can be exported.
WARNING: [Route 35-198] Port "m_axi_gmem2_awready" does not have an associated HD.PARTPIN_LOCS, which will prevent the partial routing of the signal "m_axi_gmem2_awready". Without this partial route, timing analysis to/from this port will not be accurate, and no routing information for this port can be exported.
WARNING: [Route 35-198] Port "m_axi_gmem2_bvalid" does not have an associated HD.PARTPIN_LOCS, which will prevent the partial routing of the signal "m_axi_gmem2_bvalid". Without this partial route, timing analysis to/from this port will not be accurate, and no routing information for this port can be exported.
WARNING: [Route 35-198] Port "m_axi_gmem0_rvalid" does not have an associated HD.PARTPIN_LOCS, which will prevent the partial routing of the signal "m_axi_gmem0_rvalid". Without this partial route, timing analysis to/from this port will not be accurate, and no routing information for this port can be exported.
WARNING: [Route 35-198] Port "m_axi_gmem1_rvalid" does not have an associated HD.PARTPIN_LOCS, which will prevent the partial routing of the signal "m_axi_gmem1_rvalid". Without this partial route, timing analysis to/from this port will not be accurate, and no routing information for this port can be exported.
WARNING: [Route 35-198] Port "m_axi_gmem1_rdata[15]" does not have an associated HD.PARTPIN_LOCS, which will prevent the partial routing of the signal "m_axi_gmem1_rdata[15]". Without this partial route, timing analysis to/from this port will not be accurate, and no routing information for this port can be exported.
WARNING: [Route 35-198] Port "m_axi_gmem1_rdata[1]" does not have an associated HD.PARTPIN_LOCS, which will prevent the partial routing of the signal "m_axi_gmem1_rdata[1]". Without this partial route, timing analysis to/from this port will not be accurate, and no routing information for this port can be exported.
WARNING: [Route 35-198] Port "m_axi_gmem1_rdata[20]" does not have an associated HD.PARTPIN_LOCS, which will prevent the partial routing of the signal "m_axi_gmem1_rdata[20]". Without this partial route, timing analysis to/from this port will not be accurate, and no routing information for this port can be exported.
WARNING: [Route 35-198] Port "m_axi_gmem1_rdata[28]" does not have an associated HD.PARTPIN_LOCS, which will prevent the partial routing of the signal "m_axi_gmem1_rdata[28]". Without this partial route, timing analysis to/from this port will not be accurate, and no routing information for this port can be exported.
WARNING: [Route 35-198] Port "m_axi_gmem1_rdata[29]" does not have an associated HD.PARTPIN_LOCS, which will prevent the partial routing of the signal "m_axi_gmem1_rdata[29]". Without this partial route, timing analysis to/from this port will not be accurate, and no routing information for this port can be exported.
WARNING: [Route 35-198] Port "m_axi_gmem1_rdata[30]" does not have an associated HD.PARTPIN_LOCS, which will prevent the partial routing of the signal "m_axi_gmem1_rdata[30]". Without this partial route, timing analysis to/from this port will not be accurate, and no routing information for this port can be exported.
WARNING: [Route 35-198] Port "m_axi_gmem1_rlast" does not have an associated HD.PARTPIN_LOCS, which will prevent the partial routing of the signal "m_axi_gmem1_rlast". Without this partial route, timing analysis to/from this port will not be accurate, and no routing information for this port can be exported.
WARNING: [Route 35-198] Port "m_axi_gmem1_rdata[7]" does not have an associated HD.PARTPIN_LOCS, which will prevent the partial routing of the signal "m_axi_gmem1_rdata[7]". Without this partial route, timing analysis to/from this port will not be accurate, and no routing information for this port can be exported.
WARNING: [Route 35-198] Port "m_axi_gmem0_rdata[15]" does not have an associated HD.PARTPIN_LOCS, which will prevent the partial routing of the signal "m_axi_gmem0_rdata[15]". Without this partial route, timing analysis to/from this port will not be accurate, and no routing information for this port can be exported.
WARNING: [Route 35-198] Port "m_axi_gmem0_rdata[20]" does not have an associated HD.PARTPIN_LOCS, which will prevent the partial routing of the signal "m_axi_gmem0_rdata[20]". Without this partial route, timing analysis to/from this port will not be accurate, and no routing information for this port can be exported.
WARNING: [Route 35-198] Port "m_axi_gmem0_rdata[21]" does not have an associated HD.PARTPIN_LOCS, which will prevent the partial routing of the signal "m_axi_gmem0_rdata[21]". Without this partial route, timing analysis to/from this port will not be accurate, and no routing information for this port can be exported.
WARNING: [Route 35-198] Port "m_axi_gmem0_rdata[23]" does not have an associated HD.PARTPIN_LOCS, which will prevent the partial routing of the signal "m_axi_gmem0_rdata[23]". Without this partial route, timing analysis to/from this port will not be accurate, and no routing information for this port can be exported.
WARNING: [Route 35-198] Port "m_axi_gmem0_rdata[28]" does not have an associated HD.PARTPIN_LOCS, which will prevent the partial routing of the signal "m_axi_gmem0_rdata[28]". Without this partial route, timing analysis to/from this port will not be accurate, and no routing information for this port can be exported.
WARNING: [Route 35-198] Port "m_axi_gmem0_rdata[29]" does not have an associated HD.PARTPIN_LOCS, which will prevent the partial routing of the signal "m_axi_gmem0_rdata[29]". Without this partial route, timing analysis to/from this port will not be accurate, and no routing information for this port can be exported.
WARNING: [Route 35-198] Port "m_axi_gmem0_rdata[30]" does not have an associated HD.PARTPIN_LOCS, which will prevent the partial routing of the signal "m_axi_gmem0_rdata[30]". Without this partial route, timing analysis to/from this port will not be accurate, and no routing information for this port can be exported.
WARNING: [Route 35-198] Port "m_axi_gmem0_rdata[31]" does not have an associated HD.PARTPIN_LOCS, which will prevent the partial routing of the signal "m_axi_gmem0_rdata[31]". Without this partial route, timing analysis to/from this port will not be accurate, and no routing information for this port can be exported.
WARNING: [Route 35-198] Port "m_axi_gmem1_rdata[21]" does not have an associated HD.PARTPIN_LOCS, which will prevent the partial routing of the signal "m_axi_gmem1_rdata[21]". Without this partial route, timing analysis to/from this port will not be accurate, and no routing information for this port can be exported.
WARNING: [Route 35-198] Port "m_axi_gmem1_rdata[22]" does not have an associated HD.PARTPIN_LOCS, which will prevent the partial routing of the signal "m_axi_gmem1_rdata[22]". Without this partial route, timing analysis to/from this port will not be accurate, and no routing information for this port can be exported.
WARNING: [Route 35-198] Port "m_axi_gmem1_rdata[23]" does not have an associated HD.PARTPIN_LOCS, which will prevent the partial routing of the signal "m_axi_gmem1_rdata[23]". Without this partial route, timing analysis to/from this port will not be accurate, and no routing information for this port can be exported.
WARNING: [Route 35-198] Port "m_axi_gmem1_rdata[27]" does not have an associated HD.PARTPIN_LOCS, which will prevent the partial routing of the signal "m_axi_gmem1_rdata[27]". Without this partial route, timing analysis to/from this port will not be accurate, and no routing information for this port can be exported.
WARNING: [Route 35-198] Port "m_axi_gmem1_rdata[31]" does not have an associated HD.PARTPIN_LOCS, which will prevent the partial routing of the signal "m_axi_gmem1_rdata[31]". Without this partial route, timing analysis to/from this port will not be accurate, and no routing information for this port can be exported.
WARNING: [Route 35-198] Port "m_axi_gmem1_rdata[9]" does not have an associated HD.PARTPIN_LOCS, which will prevent the partial routing of the signal "m_axi_gmem1_rdata[9]". Without this partial route, timing analysis to/from this port will not be accurate, and no routing information for this port can be exported.
WARNING: [Route 35-198] Port "m_axi_gmem0_rdata[11]" does not have an associated HD.PARTPIN_LOCS, which will prevent the partial routing of the signal "m_axi_gmem0_rdata[11]". Without this partial route, timing analysis to/from this port will not be accurate, and no routing information for this port can be exported.
WARNING: [Route 35-198] Port "m_axi_gmem0_rdata[12]" does not have an associated HD.PARTPIN_LOCS, which will prevent the partial routing of the signal "m_axi_gmem0_rdata[12]". Without this partial route, timing analysis to/from this port will not be accurate, and no routing information for this port can be exported.
WARNING: [Route 35-198] Port "m_axi_gmem0_rdata[26]" does not have an associated HD.PARTPIN_LOCS, which will prevent the partial routing of the signal "m_axi_gmem0_rdata[26]". Without this partial route, timing analysis to/from this port will not be accurate, and no routing information for this port can be exported.
WARNING: [Route 35-198] Port "m_axi_gmem0_rdata[27]" does not have an associated HD.PARTPIN_LOCS, which will prevent the partial routing of the signal "m_axi_gmem0_rdata[27]". Without this partial route, timing analysis to/from this port will not be accurate, and no routing information for this port can be exported.
WARNING: [Route 35-198] Port "m_axi_gmem0_rlast" does not have an associated HD.PARTPIN_LOCS, which will prevent the partial routing of the signal "m_axi_gmem0_rlast". Without this partial route, timing analysis to/from this port will not be accurate, and no routing information for this port can be exported.
WARNING: [Route 35-198] Port "m_axi_gmem0_rdata[4]" does not have an associated HD.PARTPIN_LOCS, which will prevent the partial routing of the signal "m_axi_gmem0_rdata[4]". Without this partial route, timing analysis to/from this port will not be accurate, and no routing information for this port can be exported.
WARNING: [Route 35-198] Port "m_axi_gmem0_rdata[6]" does not have an associated HD.PARTPIN_LOCS, which will prevent the partial routing of the signal "m_axi_gmem0_rdata[6]". Without this partial route, timing analysis to/from this port will not be accurate, and no routing information for this port can be exported.
WARNING: [Route 35-198] Port "m_axi_gmem0_rdata[0]" does not have an associated HD.PARTPIN_LOCS, which will prevent the partial routing of the signal "m_axi_gmem0_rdata[0]". Without this partial route, timing analysis to/from this port will not be accurate, and no routing information for this port can be exported.
WARNING: [Route 35-198] Port "m_axi_gmem0_rdata[13]" does not have an associated HD.PARTPIN_LOCS, which will prevent the partial routing of the signal "m_axi_gmem0_rdata[13]". Without this partial route, timing analysis to/from this port will not be accurate, and no routing information for this port can be exported.
WARNING: [Route 35-198] Port "m_axi_gmem0_rdata[14]" does not have an associated HD.PARTPIN_LOCS, which will prevent the partial routing of the signal "m_axi_gmem0_rdata[14]". Without this partial route, timing analysis to/from this port will not be accurate, and no routing information for this port can be exported.
WARNING: [Route 35-198] Port "m_axi_gmem0_rdata[16]" does not have an associated HD.PARTPIN_LOCS, which will prevent the partial routing of the signal "m_axi_gmem0_rdata[16]". Without this partial route, timing analysis to/from this port will not be accurate, and no routing information for this port can be exported.
WARNING: [Route 35-198] Port "m_axi_gmem0_rdata[25]" does not have an associated HD.PARTPIN_LOCS, which will prevent the partial routing of the signal "m_axi_gmem0_rdata[25]". Without this partial route, timing analysis to/from this port will not be accurate, and no routing information for this port can be exported.
WARNING: [Route 35-198] Port "m_axi_gmem0_rdata[2]" does not have an associated HD.PARTPIN_LOCS, which will prevent the partial routing of the signal "m_axi_gmem0_rdata[2]". Without this partial route, timing analysis to/from this port will not be accurate, and no routing information for this port can be exported.
WARNING: [Route 35-198] Port "m_axi_gmem1_rdata[11]" does not have an associated HD.PARTPIN_LOCS, which will prevent the partial routing of the signal "m_axi_gmem1_rdata[11]". Without this partial route, timing analysis to/from this port will not be accurate, and no routing information for this port can be exported.
WARNING: [Route 35-198] Port "m_axi_gmem1_rdata[12]" does not have an associated HD.PARTPIN_LOCS, which will prevent the partial routing of the signal "m_axi_gmem1_rdata[12]". Without this partial route, timing analysis to/from this port will not be accurate, and no routing information for this port can be exported.
WARNING: [Route 35-198] Port "m_axi_gmem1_rdata[16]" does not have an associated HD.PARTPIN_LOCS, which will prevent the partial routing of the signal "m_axi_gmem1_rdata[16]". Without this partial route, timing analysis to/from this port will not be accurate, and no routing information for this port can be exported.
INFO: [Common 17-14] Message 'Route 35-198' appears 100 times and further instances of the messages will be disabled. Use the Tcl command set_msg_config to change the current settings.
Post Restoration Checksum: NetGraph: 30e03d55 | NumContArr: 7dec2e29 | Constraints: c2a8fa9d | Timing: c2a8fa9d
Phase 1 Build RT Design | Checksum: 2341e60b8

Time (s): cpu = 00:00:16 ; elapsed = 00:00:12 . Memory (MB): peak = 6453.699 ; gain = 0.000 ; free physical = 2291 ; free virtual = 94764

Phase 2 Router Initialization

Phase 2.1 Fix Topology Constraints
Phase 2.1 Fix Topology Constraints | Checksum: 2341e60b8

Time (s): cpu = 00:00:16 ; elapsed = 00:00:12 . Memory (MB): peak = 6453.699 ; gain = 0.000 ; free physical = 2291 ; free virtual = 94764

Phase 2.2 Pre Route Cleanup
Phase 2.2 Pre Route Cleanup | Checksum: 2341e60b8

Time (s): cpu = 00:00:16 ; elapsed = 00:00:12 . Memory (MB): peak = 6453.699 ; gain = 0.000 ; free physical = 2291 ; free virtual = 94764

Phase 2.3 Global Clock Net Routing
Phase 2.3 Global Clock Net Routing | Checksum: 2341e60b8

Time (s): cpu = 00:00:25 ; elapsed = 00:00:14 . Memory (MB): peak = 6731.668 ; gain = 277.969 ; free physical = 2074 ; free virtual = 94500

Phase 2.4 Update Timing
Phase 2.4 Update Timing | Checksum: 1ecc3ee88

Time (s): cpu = 00:00:27 ; elapsed = 00:00:15 . Memory (MB): peak = 6731.668 ; gain = 277.969 ; free physical = 2321 ; free virtual = 94617
INFO: [Route 35-416] Intermediate Timing Summary | WNS=1.076  | TNS=0.000  | WHS=0.018  | THS=0.000  |


Router Utilization Summary
  Global Vertical Routing Utilization    = 0 %
  Global Horizontal Routing Utilization  = 0 %
  Routable Net Status*
  *Does not include unroutable nets such as driverless and loadless.
  Run report_route_status for detailed report.
  Number of Failed Nets               = 9159
    (Failed Nets is the sum of unrouted and partially routed nets)
  Number of Unrouted Nets             = 7965
  Number of Partially Routed Nets     = 1194
  Number of Node Overlaps             = 0

Phase 2 Router Initialization | Checksum: 183aced68

Time (s): cpu = 00:00:41 ; elapsed = 00:00:19 . Memory (MB): peak = 6764.543 ; gain = 310.844 ; free physical = 2600 ; free virtual = 94764

Phase 3 Initial Routing

Phase 3.1 Global Routing
Phase 3.1 Global Routing | Checksum: 183aced68

Time (s): cpu = 00:00:42 ; elapsed = 00:00:19 . Memory (MB): peak = 6764.543 ; gain = 310.844 ; free physical = 2600 ; free virtual = 94764

Phase 3.2 Initial Net Routing
Phase 3.2 Initial Net Routing | Checksum: 16eacfbdd

Time (s): cpu = 00:00:55 ; elapsed = 00:00:23 . Memory (MB): peak = 6764.543 ; gain = 310.844 ; free physical = 2598 ; free virtual = 94761
Phase 3 Initial Routing | Checksum: 2249e5696

Time (s): cpu = 00:00:55 ; elapsed = 00:00:23 . Memory (MB): peak = 6764.543 ; gain = 310.844 ; free physical = 2598 ; free virtual = 94761

Phase 4 Rip-up And Reroute

Phase 4.1 Global Iteration 0
 Number of Nodes with overlaps = 769
 Number of Nodes with overlaps = 23
 Number of Nodes with overlaps = 0
INFO: [Route 35-416] Intermediate Timing Summary | WNS=0.842  | TNS=0.000  | WHS=0.038  | THS=0.000  |

Phase 4.1 Global Iteration 0 | Checksum: 2c1527814

Time (s): cpu = 00:01:07 ; elapsed = 00:00:27 . Memory (MB): peak = 6764.543 ; gain = 310.844 ; free physical = 2603 ; free virtual = 94766

Phase 4.2 Additional Iteration for Hold
Phase 4.2 Additional Iteration for Hold | Checksum: 2d55695ae

Time (s): cpu = 00:01:07 ; elapsed = 00:00:27 . Memory (MB): peak = 6764.543 ; gain = 310.844 ; free physical = 2603 ; free virtual = 94766
Phase 4 Rip-up And Reroute | Checksum: 2d55695ae

Time (s): cpu = 00:01:07 ; elapsed = 00:00:27 . Memory (MB): peak = 6764.543 ; gain = 310.844 ; free physical = 2603 ; free virtual = 94766

Phase 5 Delay and Skew Optimization

Phase 5.1 Delay CleanUp
Phase 5.1 Delay CleanUp | Checksum: 2d55695ae

Time (s): cpu = 00:01:07 ; elapsed = 00:00:27 . Memory (MB): peak = 6764.543 ; gain = 310.844 ; free physical = 2603 ; free virtual = 94766

Phase 5.2 Clock Skew Optimization
Phase 5.2 Clock Skew Optimization | Checksum: 2d55695ae

Time (s): cpu = 00:01:07 ; elapsed = 00:00:27 . Memory (MB): peak = 6764.543 ; gain = 310.844 ; free physical = 2603 ; free virtual = 94766
Phase 5 Delay and Skew Optimization | Checksum: 2d55695ae

Time (s): cpu = 00:01:07 ; elapsed = 00:00:27 . Memory (MB): peak = 6764.543 ; gain = 310.844 ; free physical = 2603 ; free virtual = 94766

Phase 6 Post Hold Fix

Phase 6.1 Hold Fix Iter

Phase 6.1.1 Update Timing
Phase 6.1.1 Update Timing | Checksum: 33770d5cf

Time (s): cpu = 00:01:10 ; elapsed = 00:00:28 . Memory (MB): peak = 6764.543 ; gain = 310.844 ; free physical = 2601 ; free virtual = 94765
INFO: [Route 35-416] Intermediate Timing Summary | WNS=0.842  | TNS=0.000  | WHS=0.038  | THS=0.000  |

Phase 6.1 Hold Fix Iter | Checksum: 33770d5cf

Time (s): cpu = 00:01:10 ; elapsed = 00:00:28 . Memory (MB): peak = 6764.543 ; gain = 310.844 ; free physical = 2601 ; free virtual = 94765
Phase 6 Post Hold Fix | Checksum: 33770d5cf

Time (s): cpu = 00:01:10 ; elapsed = 00:00:28 . Memory (MB): peak = 6764.543 ; gain = 310.844 ; free physical = 2601 ; free virtual = 94765

Phase 7 Route finalize

Router Utilization Summary
  Global Vertical Routing Utilization    = 0.0599577 %
  Global Horizontal Routing Utilization  = 0.0821432 %
  Routable Net Status*
  *Does not include unroutable nets such as driverless and loadless.
  Run report_route_status for detailed report.
  Number of Failed Nets               = 0
    (Failed Nets is the sum of unrouted and partially routed nets)
  Number of Unrouted Nets             = 0
  Number of Partially Routed Nets     = 0
  Number of Node Overlaps             = 0

Phase 7 Route finalize | Checksum: 33770d5cf

Time (s): cpu = 00:01:13 ; elapsed = 00:00:29 . Memory (MB): peak = 6764.543 ; gain = 310.844 ; free physical = 2601 ; free virtual = 94765

Phase 8 Verifying routed nets

 Verification completed successfully
Phase 8 Verifying routed nets | Checksum: 33770d5cf

Time (s): cpu = 00:01:14 ; elapsed = 00:00:29 . Memory (MB): peak = 6764.543 ; gain = 310.844 ; free physical = 2601 ; free virtual = 94765

Phase 9 Depositing Routes
Phase 9 Depositing Routes | Checksum: 33770d5cf

Time (s): cpu = 00:01:14 ; elapsed = 00:00:29 . Memory (MB): peak = 6764.543 ; gain = 310.844 ; free physical = 2600 ; free virtual = 94764

Phase 10 Resolve XTalk
Phase 10 Resolve XTalk | Checksum: 33770d5cf

Time (s): cpu = 00:01:14 ; elapsed = 00:00:29 . Memory (MB): peak = 6764.543 ; gain = 310.844 ; free physical = 2600 ; free virtual = 94764

Phase 11 Post Router Timing
INFO: [Route 35-57] Estimated Timing Summary | WNS=0.842  | TNS=0.000  | WHS=0.038  | THS=0.000  |

INFO: [Route 35-327] The final timing numbers are based on the router estimated timing analysis. For a complete and accurate timing signoff, please run report_timing_summary.
Phase 11 Post Router Timing | Checksum: 33770d5cf

Time (s): cpu = 00:01:16 ; elapsed = 00:00:29 . Memory (MB): peak = 6764.543 ; gain = 310.844 ; free physical = 2600 ; free virtual = 94764
INFO: [Route 35-16] Router Completed Successfully

Phase 12 Post-Route Event Processing
Phase 12 Post-Route Event Processing | Checksum: 1c7d33085

Time (s): cpu = 00:01:16 ; elapsed = 00:00:30 . Memory (MB): peak = 6764.543 ; gain = 310.844 ; free physical = 2601 ; free virtual = 94764
Ending Routing Task | Checksum: 1c7d33085

Time (s): cpu = 00:01:16 ; elapsed = 00:00:30 . Memory (MB): peak = 6764.543 ; gain = 310.844 ; free physical = 2601 ; free virtual = 94764

Routing Is Done.
INFO: [Common 17-83] Releasing license: Implementation
104 Infos, 202 Warnings, 0 Critical Warnings and 0 Errors encountered.
route_design completed successfully
route_design: Time (s): cpu = 00:01:22 ; elapsed = 00:00:31 . Memory (MB): peak = 6764.543 ; gain = 342.859 ; free physical = 2601 ; free virtual = 94764
INFO: [runtcl-4] Executing : report_drc -file bd_0_wrapper_drc_routed.rpt -pb bd_0_wrapper_drc_routed.pb -rpx bd_0_wrapper_drc_routed.rpx
Command: report_drc -file bd_0_wrapper_drc_routed.rpt -pb bd_0_wrapper_drc_routed.pb -rpx bd_0_wrapper_drc_routed.rpx
INFO: [IP_Flow 19-1839] IP Catalog is up to date.
INFO: [DRC 23-27] Running DRC with 8 threads
INFO: [Vivado_Tcl 2-168] The results of DRC are in file /home/zsm9/allo/tests/dataflow/20_matmul_mapping/out.prj/solution1/impl/verilog/project.runs/impl_1/bd_0_wrapper_drc_routed.rpt.
report_drc completed successfully
INFO: [runtcl-4] Executing : report_methodology -file bd_0_wrapper_methodology_drc_routed.rpt -pb bd_0_wrapper_methodology_drc_routed.pb -rpx bd_0_wrapper_methodology_drc_routed.rpx
Command: report_methodology -file bd_0_wrapper_methodology_drc_routed.rpt -pb bd_0_wrapper_methodology_drc_routed.pb -rpx bd_0_wrapper_methodology_drc_routed.rpx
INFO: [Timing 38-35] Done setting XDC timing constraints.
WARNING: [Timing 38-242] The property HD.CLK_SRC of clock port "ap_clk" is not set. In out-of-context mode, this prevents timing estimation for clock delay/skew
Resolution: Set the HD.CLK_SRC property of the out-of-context port to the location of the clock buffer instance in the top-level design
INFO: [DRC 23-133] Running Methodology with 8 threads
INFO: [Vivado_Tcl 2-1520] The results of Report Methodology are in file /home/zsm9/allo/tests/dataflow/20_matmul_mapping/out.prj/solution1/impl/verilog/project.runs/impl_1/bd_0_wrapper_methodology_drc_routed.rpt.
report_methodology completed successfully
INFO: [runtcl-4] Executing : report_power -file bd_0_wrapper_power_routed.rpt -pb bd_0_wrapper_power_summary_routed.pb -rpx bd_0_wrapper_power_routed.rpx
Command: report_power -file bd_0_wrapper_power_routed.rpt -pb bd_0_wrapper_power_summary_routed.pb -rpx bd_0_wrapper_power_routed.rpx
INFO: [Timing 38-35] Done setting XDC timing constraints.
Running Vector-less Activity Propagation...

Finished Running Vector-less Activity Propagation
114 Infos, 203 Warnings, 0 Critical Warnings and 0 Errors encountered.
report_power completed successfully
report_power: Time (s): cpu = 00:00:13 ; elapsed = 00:00:08 . Memory (MB): peak = 6852.586 ; gain = 0.000 ; free physical = 2586 ; free virtual = 94754
INFO: [runtcl-4] Executing : report_route_status -file bd_0_wrapper_route_status.rpt -pb bd_0_wrapper_route_status.pb
INFO: [runtcl-4] Executing : report_timing_summary -max_paths 10 -report_unconstrained -file bd_0_wrapper_timing_summary_routed.rpt -pb bd_0_wrapper_timing_summary_routed.pb -rpx bd_0_wrapper_timing_summary_routed.rpx -warn_on_violation 
INFO: [Timing 38-91] UpdateTimingParams: Speed grade: -2L, Temperature grade: E, Delay Type: min_max.
INFO: [Timing 38-191] Multithreading enabled for timing update using a maximum of 8 CPUs
INFO: [runtcl-4] Executing : report_incremental_reuse -file bd_0_wrapper_incremental_reuse_routed.rpt
INFO: [Vivado_Tcl 4-1062] Incremental flow is disabled. No incremental reuse Info to report.
INFO: [runtcl-4] Executing : report_clock_utilization -file bd_0_wrapper_clock_utilization_routed.rpt
report_clock_utilization: Time (s): cpu = 00:00:18 ; elapsed = 00:00:19 . Memory (MB): peak = 6852.586 ; gain = 0.000 ; free physical = 2590 ; free virtual = 94758
INFO: [runtcl-4] Executing : report_bus_skew -warn_on_violation -file bd_0_wrapper_bus_skew_routed.rpt -pb bd_0_wrapper_bus_skew_routed.pb -rpx bd_0_wrapper_bus_skew_routed.rpx
INFO: [Timing 38-91] UpdateTimingParams: Speed grade: -2L, Temperature grade: E, Delay Type: min_max.
INFO: [Timing 38-191] Multithreading enabled for timing update using a maximum of 8 CPUs
INFO: [Timing 38-480] Writing timing data to binary archive.
Write ShapeDB Complete: Time (s): cpu = 00:00:00.08 ; elapsed = 00:00:00.02 . Memory (MB): peak = 6852.586 ; gain = 0.000 ; free physical = 2592 ; free virtual = 94760
Wrote PlaceDB: Time (s): cpu = 00:00:02 ; elapsed = 00:00:00.52 . Memory (MB): peak = 6852.586 ; gain = 0.000 ; free physical = 2575 ; free virtual = 94757
Wrote PulsedLatchDB: Time (s): cpu = 00:00:00 ; elapsed = 00:00:00 . Memory (MB): peak = 6852.586 ; gain = 0.000 ; free physical = 2586 ; free virtual = 94769
Writing XDEF routing.
Writing XDEF routing logical nets.
Writing XDEF routing special nets.
Wrote RouteStorage: Time (s): cpu = 00:00:00.19 ; elapsed = 00:00:00.17 . Memory (MB): peak = 6852.586 ; gain = 0.000 ; free physical = 2583 ; free virtual = 94767
Wrote Netlist Cache: Time (s): cpu = 00:00:00.02 ; elapsed = 00:00:00.02 . Memory (MB): peak = 6852.586 ; gain = 0.000 ; free physical = 2582 ; free virtual = 94768
Wrote Device Cache: Time (s): cpu = 00:00:00.02 ; elapsed = 00:00:00.02 . Memory (MB): peak = 6852.586 ; gain = 0.000 ; free physical = 2580 ; free virtual = 94768
Write Physdb Complete: Time (s): cpu = 00:00:02 ; elapsed = 00:00:00.76 . Memory (MB): peak = 6852.586 ; gain = 0.000 ; free physical = 2578 ; free virtual = 94766
INFO: [Common 17-1381] The checkpoint '/home/zsm9/allo/tests/dataflow/20_matmul_mapping/out.prj/solution1/impl/verilog/project.runs/impl_1/bd_0_wrapper_routed.dcp' has been generated.
INFO: [Common 17-206] Exiting Vivado at Tue Apr 14 17:21:15 2026...
[Tue Apr 14 17:21:30 2026] impl_1 finished
wait_on_runs: Time (s): cpu = 00:00:01 ; elapsed = 00:05:08 . Memory (MB): peak = 4981.855 ; gain = 0.000 ; free physical = 7912 ; free virtual = 100085
TIMESTAMP: HLS-REPORT: implementation open_run: 2026-04-14 17:21:30 EDT
INFO: HLS-REPORT: Opening implementation design database: open_run impl_1
Netlist sorting complete. Time (s): cpu = 00:00:00.08 ; elapsed = 00:00:00.08 . Memory (MB): peak = 4981.855 ; gain = 0.000 ; free physical = 7912 ; free virtual = 100082
INFO: [Netlist 29-17] Analyzing 216 Unisim elements for replacement
INFO: [Netlist 29-28] Unisim Transformation completed in 0 CPU seconds
INFO: [Project 1-479] Netlist was created with Vivado 2023.2
INFO: [Project 1-570] Preparing netlist for logic optimization
Read ShapeDB Complete: Time (s): cpu = 00:00:00.02 ; elapsed = 00:00:00.02 . Memory (MB): peak = 4981.855 ; gain = 0.000 ; free physical = 7883 ; free virtual = 100053
INFO: [Timing 38-478] Restoring timing data from binary archive.
INFO: [Timing 38-479] Binary timing data restore complete.
INFO: [Project 1-856] Restoring constraints from binary archive.
INFO: [Project 1-853] Binary constraint restore complete.
INFO: [Designutils 20-5722] Start Reading Physical Databases.
Reading placement.
Read Netlist Cache: Time (s): cpu = 00:00:00.01 ; elapsed = 00:00:00.01 . Memory (MB): peak = 5135.352 ; gain = 0.000 ; free physical = 7724 ; free virtual = 99896
Reading placer database...
Read Device Cache: Time (s): cpu = 00:00:00.03 ; elapsed = 00:00:00.03 . Memory (MB): peak = 5135.352 ; gain = 0.000 ; free physical = 7722 ; free virtual = 99893
Read PlaceDB: Time (s): cpu = 00:00:00.41 ; elapsed = 00:00:00.41 . Memory (MB): peak = 5135.352 ; gain = 0.000 ; free physical = 7721 ; free virtual = 99893
Read PulsedLatchDB: Time (s): cpu = 00:00:00 ; elapsed = 00:00:00 . Memory (MB): peak = 5135.352 ; gain = 0.000 ; free physical = 7721 ; free virtual = 99893
Reading routing.
Read RouteStorage: Time (s): cpu = 00:00:00.16 ; elapsed = 00:00:00.16 . Memory (MB): peak = 5135.352 ; gain = 0.000 ; free physical = 7719 ; free virtual = 99893
Read Physdb Files: Time (s): cpu = 00:00:00.61 ; elapsed = 00:00:00.64 . Memory (MB): peak = 5135.352 ; gain = 0.000 ; free physical = 7719 ; free virtual = 99893
Restored from archive | CPU: 0.630000 secs | Memory: 13.642937 MB |
Finished XDEF File Restore: Time (s): cpu = 00:00:00.62 ; elapsed = 00:00:00.64 . Memory (MB): peak = 5135.352 ; gain = 0.000 ; free physical = 7719 ; free virtual = 99893
Netlist sorting complete. Time (s): cpu = 00:00:00 ; elapsed = 00:00:00 . Memory (MB): peak = 5135.352 ; gain = 0.000 ; free physical = 7719 ; free virtual = 99892
INFO: [Project 1-111] Unisim Transformation Summary:
  A total of 48 instances were transformed.
  DSP48E2 => DSP48E2 (DSP_ALU, DSP_A_B_DATA, DSP_C_DATA, DSP_MULTIPLIER, DSP_M_DATA, DSP_OUTPUT, DSP_PREADD, DSP_PREADD_DATA): 48 instances

open_run: Time (s): cpu = 00:00:09 ; elapsed = 00:00:09 . Memory (MB): peak = 5135.387 ; gain = 153.531 ; free physical = 7719 ; free virtual = 99892
TIMESTAMP: HLS-REPORT: implementation generate_reports_vivado: 2026-04-14 17:21:39 EDT
INFO: HLS-REPORT: Running report: report_utilization -file ./report/matmul_outer_utilization_routed.rpt
INFO: HLS-REPORT: Running report: report_utilization -hierarchical -hierarchical_depth 6 -file ./report/matmul_outer_utilization_hierarchical_routed.rpt
INFO: HLS-REPORT: Running report: report_timing_summary -file ./report/matmul_outer_timing_routed.rpt
INFO: [Timing 38-91] UpdateTimingParams: Speed grade: -2L, Temperature grade: E, Delay Type: min_max.
INFO: [Timing 38-191] Multithreading enabled for timing update using a maximum of 8 CPUs
WARNING: [Timing 38-242] The property HD.CLK_SRC of clock port "ap_clk" is not set. In out-of-context mode, this prevents timing estimation for clock delay/skew
Resolution: Set the HD.CLK_SRC property of the out-of-context port to the location of the clock buffer instance in the top-level design
INFO: HLS-REPORT: Running report: report_route_status -file ./report/matmul_outer_status_routed.rpt
INFO: HLS-REPORT: Running report: report_timing -max_paths 10 -file ./report/matmul_outer_timing_paths_routed.rpt
INFO: [Timing 38-91] UpdateTimingParams: Speed grade: -2L, Temperature grade: E, Delay Type: max.
INFO: [Timing 38-191] Multithreading enabled for timing update using a maximum of 8 CPUs
INFO: [Timing 38-78] ReportTimingParams: -max_paths 10 -nworst 1 -delay_type max -sort_by slack.
INFO: HLS-REPORT: Running report: report_design_analysis -file ./report/matmul_outer_design_analysis_routed.rpt
INFO: HLS-REPORT: Running report: ::tclapp::xilinx::designutils::report_failfast -detailed_report impl -file ./report/matmul_outer_failfast_routed.rpt
 -I- design metrics completed in 0 seconds
 -I- DONT_TOUCH metric completed in 0 seconds
 -I- MARK_DEBUG metric completed in 1 seconds
 -I- utilization metrics completed in 2 seconds
 -I- control set metrics completed in 0 seconds
 -I- methodology check metrics completed in 1 seconds
 -I- average fanout metrics completed in 1 seconds (0 modules)
 -I- non-FD high fanout nets completed in 1 seconds
 -I- path budgeting metrics completed in 1 seconds
#  +-----------------------------------------------------------------------------------------+
#  | Design Summary                                                                          |
#  | impl_1                                                                                  |
#  | xcu280-fsvh2892-2L-e                                                                    |
#  +-----------------------------------------------------------+-----------+--------+--------+
#  | Criteria                                                  | Guideline | Actual | Status |
#  +-----------------------------------------------------------+-----------+--------+--------+
#  | LUT                                                       | 70%       | 0.26%  | OK     |
#  | FD                                                        | 50%       | 0.22%  | OK     |
#  | LUTRAM+SRL                                                | 25%       | 0.03%  | OK     |
#  | CARRY8                                                    | 25%       | 0.10%  | OK     |
#  | MUXF7                                                     | 15%       | 0.00%  | OK     |
#  | DSP                                                       | 80%       | 0.53%  | OK     |
#  | RAMB/FIFO                                                 | 80%       | 0.07%  | OK     |
#  | URAM                                                      | 80%       | 0.00%  | OK     |
#  | DSP+RAMB+URAM (Avg)                                       | 70%       | 0.30%  | OK     |
#  | BUFGCE* + BUFGCTRL                                        | 24        | 0      | OK     |
#  | DONT_TOUCH (cells/nets)                                   | 0         | 0      | OK     |
#  | MARK_DEBUG (nets)                                         | 0         | 0      | OK     |
#  | Control Sets                                              | 24444     | 138    | OK     |
#  | Average Fanout for modules > 100k cells                   | 4         | 1.08   | OK     |
#  | Max Average Fanout for modules > 100k cells               | 4         | 0      | OK     |
#  | Non-FD high fanout nets > 10k loads                       | 0         | 0      | OK     |
#  +-----------------------------------------------------------+-----------+--------+--------+
#  | TIMING-6 (No common primary clock between related clocks) | 0         | 0      | OK     |
#  | TIMING-7 (No common node between related clocks)          | 0         | 0      | OK     |
#  | TIMING-8 (No common period between related clocks)        | 0         | 0      | OK     |
#  | TIMING-14 (LUT on the clock tree)                         | 0         | 0      | OK     |
#  | TIMING-35 (No common node in paths with the same clock)   | 0         | 0      | OK     |
#  +-----------------------------------------------------------+-----------+--------+--------+
#  | Number of paths above max LUT budgeting (0.300ns)         | 0         | 0      | OK     |
#  | Number of paths above max Net budgeting (0.208ns)         | 0         | 0      | OK     |
#  +-----------------------------------------------------------+-----------+--------+--------+
 -I- Generated file /home/zsm9/allo/tests/dataflow/20_matmul_mapping/out.prj/solution1/impl/verilog/report/matmul_outer_failfast_routed.rpt
 -I- Number of criteria to review: 0
 -I- This report should be run before placing the design and uses conservative guidelines beyond which runtime and timing closure will likely be more challenging
 -I- report_failfast completed in 7 seconds
TIMESTAMP: HLS-REPORT: implementation gen_data_dict_vivado: 2026-04-14 17:21:50 EDT
TIMESTAMP: HLS-REPORT: impl extract_util_hier: 2026-04-14 17:21:50 EDT
TIMESTAMP: HLS-REPORT: impl get_cell_hier_data: 2026-04-14 17:21:50 EDT
TIMESTAMP: HLS-REPORT: impl get_timing_paths: 2026-04-14 17:21:50 EDT
TIMESTAMP: HLS-REPORT: impl process timing paths: 2026-04-14 17:21:50 EDT
TIMESTAMP: HLS-REPORT: impl get_all_vv_rpt_files: 2026-04-14 17:21:50 EDT
TIMESTAMP: HLS-REPORT: implementation write_reports_vivado: 2026-04-14 17:21:50 EDT
HLS EXTRACTION: impl area_totals:  0 1303680 2607360 9024 4032 162960 960
HLS EXTRACTION: impl area_current: 0 3376 5808 48 3 0 162 821 0 0
HLS EXTRACTION: impl resources_dict: AVAIL_LUT 1303680 LUT 3376 AVAIL_FF 2607360 FF 5808 AVAIL_DSP 9024 DSP 48 AVAIL_BRAM 4032 BRAM 3 AVAIL_URAM 960 URAM 0 LATCH 0 SRL 162 AVAIL_CLB 162960 CLB 821
INFO: HLS-REPORT: generated /home/zsm9/allo/tests/dataflow/20_matmul_mapping/out.prj/solution1/impl/verilog/report/vivado_impl.xml
INFO: HLS-REPORT: generated /home/zsm9/allo/tests/dataflow/20_matmul_mapping/out.prj/solution1/impl/report/verilog/matmul_outer_export.rpt


Implementation tool: Xilinx Vivado v.2023.2
Project:             out.prj
Solution:            solution1
Device target:       xcu280-fsvh2892-2L-e
Report date:         Tue Apr 14 17:21:50 EDT 2026

#=== Post-Implementation Resource usage ===
SLICE:            0
LUT:           3376
FF:            5808
DSP:             48
BRAM:             3
URAM:             0
LATCH:            0
SRL:            162
CLB:            821

#=== Final timing ===
CP required:                     3.330
CP achieved post-synthesis:      2.230
CP achieved post-implementation: 2.474
Timing met

TIMESTAMP: HLS-REPORT: implementation end: 2026-04-14 17:21:50 EDT
INFO: HLS-REPORT: impl run complete: worst setup slack (WNS)=0.855726, worst hold slack (WHS)=0.038000, total pulse width slack(TPWS)=0.000000, number of unrouted nets=0
# hls_vivado_reports_finalize $report_options
TIMESTAMP: HLS-REPORT: all reports complete: 2026-04-14 17:21:50 EDT
INFO: [Common 17-206] Exiting Vivado at Tue Apr 14 17:21:50 2026...
INFO: [HLS 200-802] Generated output file out.prj/solution1/impl/export.zip
INFO: [HLS 200-111] Finished Command export_design CPU user time: 298.96 seconds. CPU system time: 14.76 seconds. Elapsed time: 619.72 seconds; current allocated memory: 9.051 MB.
INFO: [HLS 200-112] Total CPU user time: 329.73 seconds. Total CPU system time: 17.33 seconds. Total elapsed time: 657.98 seconds; peak allocated memory: 323.891 MB.
INFO: [Common 17-206] Exiting vitis_hls at Tue Apr 14 17:22:01 2026...
