================================================================
== Vivado RTL Synthesis Results
================================================================
+ General Information:
    * Date:            Thu Jul 23 16:30:44 EDT 2026
    * Version:         2025.1 (Build 6135595 on May 21 2025)
    * Project:         ii2_pnr_node
    * Solution:        hls (Vivado IP Flow Target)
    * Product family:  zynquplus
    * Target device:   xczu7ev-ffvc1156-2-e


================================================================
== Run Constraints & Options
================================================================
+ Design Constraints & Options:
    * RTL Synthesis target clock:  3.33 ns
    * C-Synthesis target clock:    3.33 ns
    * C-Synthesis uncertainty:     27%

+ RTL Synthesis Options:
    * config_export -vivado_synth_strategy:     default
    * config_export -vivado_synth_design_args:  -directive sdx_optimization_effort_high

+ Reporting Options:
    * config_export -vivado_report_level:      2
    * config_export -vivado_max_timing_paths:  10


================================================================
== RTL Synthesis Resource Summary
================================================================
LUT:              3371
FF:               2681
DSP:              2
BRAM:             0
URAM:             0
SRL:              6


================================================================
== RTL Synthesis Timing Summary
================================================================
* Timing was NOT met
+----------------+-------------+
| Timing         | Period (ns) |
+----------------+-------------+
| Target         | 3.330       |
| Post-Synthesis | 4.760       |
+----------------+-------------+


================================================================
== RTL Synthesis Resources
================================================================
+----------------------------------------------+------+------+-----+------+------+-----+--------+------+---------+----------+--------+
| Name                                         | LUT  | FF   | DSP | BRAM | URAM | SRL | Pragma | Impl | Latency | Variable | Source |
+----------------------------------------------+------+------+-----+------+------+-----+--------+------+---------+----------+--------+
| inst                                         | 3371 | 2681 | 2   |      |      |     |        |      |         |          |        |
|   (inst)                                     | 53   | 68   |     |      |      |     |        |      |         |          |        |
|   grp_node_0_0_Pipeline_l_S_t_1_t_fu_256     | 3318 | 2613 | 2   |      |      |     |        |      |         |          |        |
|     (grp_node_0_0_Pipeline_l_S_t_1_t_fu_256) | 1869 | 2443 |     |      |      |     |        |      |         |          |        |
|     bitselect_1ns_32ns_5ns_1_1_1_U7          |      |      |     |      |      |     |        |      |         |          |        |
|     flow_control_loop_pipe_sequential_init_U |      |      |     |      |      |     |        |      |         |          |        |
|     hadd_16ns_16ns_16_3_no_dsp_1_U1          | 967  | 66   |     |      |      |     |        |      |         |          |        |
|     hcmp_16ns_16ns_1_2_no_dsp_1_U4           | 131  | 35   |     |      |      |     |        |      |         |          |        |
|     hcmp_16ns_16ns_1_2_no_dsp_1_U5           |      |      |     |      |      |     |        |      |         |          |        |
|     hmul_16ns_16ns_16_3_max_dsp_1_U3         |      |      |     |      |      |     |        |      |         |          |        |
|     hsub_16ns_16ns_16_3_no_dsp_1_U2          | 197  | 33   |     |      |      |     |        |      |         |          |        |
+----------------------------------------------+------+------+-----+------+------+-----+--------+------+---------+----------+--------+


================================================================
== RTL Synthesis Fail Fast
================================================================
+-----------------------------------------------------------+-----------+--------+--------+
| Criteria                                                  | Guideline | Actual | Status |
+-----------------------------------------------------------+-----------+--------+--------+
| LUT                                                       | 70%       | 1.46%  | OK     |
| FD                                                        | 50%       | 0.58%  | OK     |
| LUTRAM+SRL                                                | 25%       | 0.01%  | OK     |
| CARRY8                                                    | 25%       | 0.34%  | OK     |
| MUXF7                                                     | 15%       | 0.06%  | OK     |
| DSP                                                       | 80%       | 0.12%  | OK     |
| RAMB/FIFO                                                 | 80%       | 0.00%  | OK     |
| URAM                                                      | 80%       | 0.00%  | OK     |
| DSP+RAMB+URAM (Avg)                                       | 70%       | 0.12%  | OK     |
| BUFGCE* + BUFGCTRL                                        | 24        | 0      | OK     |
| DONT_TOUCH (cells/nets)                                   | 0         | 0      | OK     |
| MARK_DEBUG (nets)                                         | 0         | 0      | OK     |
| Control Sets                                              | 4320      | 104    | OK     |
| Average Fanout for modules > 100k cells                   | 4         | 2.85   | OK     |
| Max Average Fanout for modules > 100k cells               | 4         | 0      | OK     |
| Non-FD high fanout nets > 10k loads                       | 0         | 0      | OK     |
+-----------------------------------------------------------+-----------+--------+--------+
| TIMING-6 (No common primary clock between related clocks) | 0         | 0      | OK     |
| TIMING-7 (No common node between related clocks)          | 0         | 0      | OK     |
| TIMING-8 (No common period between related clocks)        | 0         | 0      | OK     |
| TIMING-14 (LUT on the clock tree)                         | 0         | 0      | OK     |
| TIMING-35 (No common node in paths with the same clock)   | 0         | 0      | OK     |
+-----------------------------------------------------------+-----------+--------+--------+
| Number of paths above max LUT budgeting (0.300ns)         | 0         | 83     | REVIEW |
| Number of paths above max Net budgeting (0.208ns)         | 0         | 55     | REVIEW |
+-----------------------------------------------------------+-----------+--------+--------+


================================================================
== RTL Synthesis Timing Paths
================================================================
* Timing was NOT met
+--------+----------------------+-------------------------------------------------------------------------------------------+----------------------------------------------------------------------------------------------------------------------------------------------------------------------------------------------------+--------------+------------+---------------------+---------------------+---------------------+
| Path   |                SLACK | STARTPOINT PIN                                                                            | ENDPOINT PIN                                                                                                                                                                                       | LOGIC LEVELS | MAX FANOUT |      DATAPATH DELAY |      DATAPATH LOGIC |        DATAPATH NET |
|        |                      |                                                                                           |                                                                                                                                                                                                    |              |            |                     |               DELAY |               DELAY |
+--------+----------------------+-------------------------------------------------------------------------------------------+----------------------------------------------------------------------------------------------------------------------------------------------------------------------------------------------------+--------------+------------+---------------------+---------------------+---------------------+
| Path1  | -1.43035495281219482 | grp_node_0_0_Pipeline_l_S_t_1_t_fu_256/hadd_16ns_16ns_16_3_no_dsp_1_U1/din1_buf1_reg[0]/C | grp_node_0_0_Pipeline_l_S_t_1_t_fu_256/hadd_16ns_16ns_16_3_no_dsp_1_U1/node_0_0_hadd_16ns_16ns_16_3_no_dsp_1_ip_u/U0/i_synth/ADDSUB_OP.ADDSUB/LOGIC_SPEED.OP/OP/RESULT_REG.NORMAL.exp_op_reg[3]/D  |           22 |         29 | 4.74099969863891602 | 1.69500029087066650 | 3.04600000381469727 |
| Path2  | -1.43035495281219482 | grp_node_0_0_Pipeline_l_S_t_1_t_fu_256/hadd_16ns_16ns_16_3_no_dsp_1_U1/din1_buf1_reg[0]/C | grp_node_0_0_Pipeline_l_S_t_1_t_fu_256/hadd_16ns_16ns_16_3_no_dsp_1_U1/node_0_0_hadd_16ns_16ns_16_3_no_dsp_1_ip_u/U0/i_synth/ADDSUB_OP.ADDSUB/LOGIC_SPEED.OP/OP/RESULT_REG.NORMAL.exp_op_reg[4]/D  |           22 |         29 | 4.74099969863891602 | 1.69500029087066650 | 3.04600000381469727 |
| Path3  | -1.25135505199432373 | grp_node_0_0_Pipeline_l_S_t_1_t_fu_256/hadd_16ns_16ns_16_3_no_dsp_1_U1/din1_buf1_reg[0]/C | grp_node_0_0_Pipeline_l_S_t_1_t_fu_256/hsub_16ns_16ns_16_3_no_dsp_1_U2/node_0_0_hsub_16ns_16ns_16_3_no_dsp_1_ip_u/U0/i_synth/ADDSUB_OP.ADDSUB/LOGIC_SPEED.OP/OP/RESULT_REG.NORMAL.exp_op_reg[0]/D  |           21 |         33 | 4.56199979782104492 | 1.69200026988983154 | 2.87000012397766113 |
| Path4  | -1.25135505199432373 | grp_node_0_0_Pipeline_l_S_t_1_t_fu_256/hadd_16ns_16ns_16_3_no_dsp_1_U1/din1_buf1_reg[0]/C | grp_node_0_0_Pipeline_l_S_t_1_t_fu_256/hsub_16ns_16ns_16_3_no_dsp_1_U2/node_0_0_hsub_16ns_16ns_16_3_no_dsp_1_ip_u/U0/i_synth/ADDSUB_OP.ADDSUB/LOGIC_SPEED.OP/OP/RESULT_REG.NORMAL.exp_op_reg[1]/D  |           21 |         33 | 4.56199979782104492 | 1.69200026988983154 | 2.87000012397766113 |
| Path5  | -1.25135505199432373 | grp_node_0_0_Pipeline_l_S_t_1_t_fu_256/hadd_16ns_16ns_16_3_no_dsp_1_U1/din1_buf1_reg[0]/C | grp_node_0_0_Pipeline_l_S_t_1_t_fu_256/hsub_16ns_16ns_16_3_no_dsp_1_U2/node_0_0_hsub_16ns_16ns_16_3_no_dsp_1_ip_u/U0/i_synth/ADDSUB_OP.ADDSUB/LOGIC_SPEED.OP/OP/RESULT_REG.NORMAL.exp_op_reg[2]/D  |           21 |         33 | 4.56199979782104492 | 1.69200026988983154 | 2.87000012397766113 |
| Path6  | -1.25135505199432373 | grp_node_0_0_Pipeline_l_S_t_1_t_fu_256/hadd_16ns_16ns_16_3_no_dsp_1_U1/din1_buf1_reg[0]/C | grp_node_0_0_Pipeline_l_S_t_1_t_fu_256/hsub_16ns_16ns_16_3_no_dsp_1_U2/node_0_0_hsub_16ns_16ns_16_3_no_dsp_1_ip_u/U0/i_synth/ADDSUB_OP.ADDSUB/LOGIC_SPEED.OP/OP/RESULT_REG.NORMAL.exp_op_reg[3]/D  |           21 |         33 | 4.56199979782104492 | 1.69200026988983154 | 2.87000012397766113 |
| Path7  | -1.25135505199432373 | grp_node_0_0_Pipeline_l_S_t_1_t_fu_256/hadd_16ns_16ns_16_3_no_dsp_1_U1/din1_buf1_reg[0]/C | grp_node_0_0_Pipeline_l_S_t_1_t_fu_256/hsub_16ns_16ns_16_3_no_dsp_1_U2/node_0_0_hsub_16ns_16ns_16_3_no_dsp_1_ip_u/U0/i_synth/ADDSUB_OP.ADDSUB/LOGIC_SPEED.OP/OP/RESULT_REG.NORMAL.exp_op_reg[4]/D  |           21 |         33 | 4.56199979782104492 | 1.69200026988983154 | 2.87000012397766113 |
| Path8  | -1.22435486316680908 | grp_node_0_0_Pipeline_l_S_t_1_t_fu_256/hadd_16ns_16ns_16_3_no_dsp_1_U1/din1_buf1_reg[0]/C | grp_node_0_0_Pipeline_l_S_t_1_t_fu_256/hsub_16ns_16ns_16_3_no_dsp_1_U2/node_0_0_hsub_16ns_16ns_16_3_no_dsp_1_ip_u/U0/i_synth/ADDSUB_OP.ADDSUB/LOGIC_SPEED.OP/OP/RESULT_REG.NORMAL.mant_op_reg[9]/D |           20 |         33 | 4.53499937057495117 | 1.73000037670135498 | 2.80500006675720215 |
| Path9  | -1.20635497570037842 | grp_node_0_0_Pipeline_l_S_t_1_t_fu_256/hadd_16ns_16ns_16_3_no_dsp_1_U1/din1_buf1_reg[0]/C | grp_node_0_0_Pipeline_l_S_t_1_t_fu_256/hadd_16ns_16ns_16_3_no_dsp_1_U1/node_0_0_hadd_16ns_16ns_16_3_no_dsp_1_ip_u/U0/i_synth/ADDSUB_OP.ADDSUB/LOGIC_SPEED.OP/OP/RESULT_REG.NORMAL.exp_op_reg[0]/D  |           21 |         29 | 4.51699972152709961 | 1.65700018405914307 | 2.86000013351440430 |
| Path10 | -1.20635497570037842 | grp_node_0_0_Pipeline_l_S_t_1_t_fu_256/hadd_16ns_16ns_16_3_no_dsp_1_U1/din1_buf1_reg[0]/C | grp_node_0_0_Pipeline_l_S_t_1_t_fu_256/hadd_16ns_16ns_16_3_no_dsp_1_U1/node_0_0_hadd_16ns_16ns_16_3_no_dsp_1_ip_u/U0/i_synth/ADDSUB_OP.ADDSUB/LOGIC_SPEED.OP/OP/RESULT_REG.NORMAL.exp_op_reg[1]/D  |           21 |         29 | 4.51699972152709961 | 1.65700018405914307 | 2.86000013351440430 |
+--------+----------------------+-------------------------------------------------------------------------------------------+----------------------------------------------------------------------------------------------------------------------------------------------------------------------------------------------------+--------------+------------+---------------------+---------------------+---------------------+

    +----------------------------------------------------------------------------------------------------------------------------------------------------------------------------------------------------------------------------------------------------------------------+-------------------+
    | Path1 Cells                                                                                                                                                                                                                                                          | Primitive Type    |
    +----------------------------------------------------------------------------------------------------------------------------------------------------------------------------------------------------------------------------------------------------------------------+-------------------+
    | grp_node_0_0_Pipeline_l_S_t_1_t_fu_256/hadd_16ns_16ns_16_3_no_dsp_1_U1/din1_buf1_reg[0]                                                                                                                                                                              | REGISTER.SDR.FDRE |
    | grp_node_0_0_Pipeline_l_S_t_1_t_fu_256/hadd_16ns_16ns_16_3_no_dsp_1_U1/node_0_0_hadd_16ns_16ns_16_3_no_dsp_1_ip_u/U0/i_synth/ADDSUB_OP.ADDSUB/LOGIC_SPEED.OP/EXP/NUMB_CMP/NOT_FAST.CMP/C_CHAIN/CHAIN_GEN[0].C_MUX.CARRY_MUX_i_2__1                                   | CLB.LUT.LUT4      |
    | grp_node_0_0_Pipeline_l_S_t_1_t_fu_256/hadd_16ns_16ns_16_3_no_dsp_1_U1/node_0_0_hadd_16ns_16ns_16_3_no_dsp_1_ip_u/U0/i_synth/ADDSUB_OP.ADDSUB/LOGIC_SPEED.OP/EXP/NUMB_CMP/NOT_FAST.CMP/C_CHAIN/CHAIN_GEN[0].C_MUX.CARRY_MUX_CARRY4_CARRY8                            | CLB.CARRY.CARRY8  |
    | grp_node_0_0_Pipeline_l_S_t_1_t_fu_256/hadd_16ns_16ns_16_3_no_dsp_1_U1/node_0_0_hadd_16ns_16ns_16_3_no_dsp_1_ip_u/U0/i_synth/ADDSUB_OP.ADDSUB/LOGIC_SPEED.OP/EXP/NUMB_CMP/NOT_FAST.CMP/C_CHAIN/CHAIN_GEN[1].C_MUX.CARRY_MUX_i_2__3                                   | CLB.LUT.LUT6      |
    | grp_node_0_0_Pipeline_l_S_t_1_t_fu_256/hadd_16ns_16ns_16_3_no_dsp_1_U1/node_0_0_hadd_16ns_16ns_16_3_no_dsp_1_ip_u/U0/i_synth/ADDSUB_OP.ADDSUB/LOGIC_SPEED.OP/EXP/NUMB_CMP/NOT_FAST.CMP/C_CHAIN/CHAIN_GEN[1].C_MUX.CARRY_MUX_i_1__5                                   | CLB.LUT.LUT4      |
    | grp_node_0_0_Pipeline_l_S_t_1_t_fu_256/hadd_16ns_16ns_16_3_no_dsp_1_U1/node_0_0_hadd_16ns_16ns_16_3_no_dsp_1_ip_u/U0/i_synth/ADDSUB_OP.ADDSUB/LOGIC_SPEED.OP/ALIGN_BLK/ALIGN_SHIFT/ALIGN_Z_D/EQ_ZERO/CARRY_ZERO_DET/CHAIN_GEN[0].C_MUX.CARRY_MUX_CARRY4_CARRY8       | CLB.CARRY.CARRY8  |
    | grp_node_0_0_Pipeline_l_S_t_1_t_fu_256/hadd_16ns_16ns_16_3_no_dsp_1_U1/node_0_0_hadd_16ns_16ns_16_3_no_dsp_1_ip_u/U0/i_synth/ADDSUB_OP.ADDSUB/LOGIC_SPEED.OP/EXP/NUMB_CMP/NOT_FAST.CMP/C_CHAIN/STRUCT_ADD1.CARRY_MUX2_i_7                                            | CLB.LUT.LUT5      |
    | grp_node_0_0_Pipeline_l_S_t_1_t_fu_256/hadd_16ns_16ns_16_3_no_dsp_1_U1/node_0_0_hadd_16ns_16ns_16_3_no_dsp_1_ip_u/U0/i_synth/ADDSUB_OP.ADDSUB/LOGIC_SPEED.OP/EXP/NUMB_CMP/NOT_FAST.CMP/C_CHAIN/STRUCT_ADD1.CARRY_MUX2_i_2                                            | CLB.LUT.LUT6      |
    | grp_node_0_0_Pipeline_l_S_t_1_t_fu_256/hadd_16ns_16ns_16_3_no_dsp_1_U1/node_0_0_hadd_16ns_16ns_16_3_no_dsp_1_ip_u/U0/i_synth/ADDSUB_OP.ADDSUB/LOGIC_SPEED.OP/EXP/NUMB_CMP/NOT_FAST.CMP/C_CHAIN/STRUCT_ADD1.CARRY_MUX2_i_1                                            | CLB.LUT.LUT6      |
    | grp_node_0_0_Pipeline_l_S_t_1_t_fu_256/hadd_16ns_16ns_16_3_no_dsp_1_U1/node_0_0_hadd_16ns_16ns_16_3_no_dsp_1_ip_u/U0/i_synth/ADDSUB_OP.ADDSUB/LOGIC_SPEED.OP/ALIGN_BLK/FRAC_ADDSUB/LOGIC_ADD.FRAC_ADDSUB/STRUCT_ADD1.CARRY_MUX1_CARRY4_CARRY8                        | CLB.CARRY.CARRY8  |
    | grp_node_0_0_Pipeline_l_S_t_1_t_fu_256/hadd_16ns_16ns_16_3_no_dsp_1_U1/node_0_0_hadd_16ns_16ns_16_3_no_dsp_1_ip_u/U0/i_synth/ADDSUB_OP.ADDSUB/LOGIC_SPEED.OP/ALIGN_BLK/FRAC_ADDSUB/LOGIC_ADD.FRAC_ADDSUB/STRUCT_ADD2.ADD1/CHAIN_GEN[0].C_MUX.CARRY_MUX_CARRY4_CARRY8 | CLB.CARRY.CARRY8  |
    | grp_node_0_0_Pipeline_l_S_t_1_t_fu_256/hadd_16ns_16ns_16_3_no_dsp_1_U1/node_0_0_hadd_16ns_16ns_16_3_no_dsp_1_ip_u/U0/i_synth/ADDSUB_OP.ADDSUB/LOGIC_SPEED.OP/ALIGN_BLK/FRAC_ADDSUB/LOGIC_ADD.FRAC_ADDSUB/STRUCT_ADD2.ADD1/CHAIN_GEN[0].C_MUX.CARRY_MUX_i_1__2        | CLB.LUT.LUT4      |
    | grp_node_0_0_Pipeline_l_S_t_1_t_fu_256/hadd_16ns_16ns_16_3_no_dsp_1_U1/node_0_0_hadd_16ns_16ns_16_3_no_dsp_1_ip_u/U0/i_synth/ADDSUB_OP.ADDSUB/LOGIC_SPEED.OP/NORM/LZE/ZERO_DET_CC_1/CHAIN_GEN[0].C_MUX.CARRY_MUX_CARRY4_CARRY8                                       | CLB.CARRY.CARRY8  |
    | grp_node_0_0_Pipeline_l_S_t_1_t_fu_256/hadd_16ns_16ns_16_3_no_dsp_1_U1/node_0_0_hadd_16ns_16ns_16_3_no_dsp_1_ip_u/U0/i_synth/ADDSUB_OP.ADDSUB/LOGIC_SPEED.OP/ALIGN_BLK/FRAC_ADDSUB/LOGIC_ADD.FRAC_ADDSUB/STRUCT_ADD2.ADD1/RESULT_REG.NORMAL.exp_op[2]_i_8            | CLB.LUT.LUT5      |
    | grp_node_0_0_Pipeline_l_S_t_1_t_fu_256/hadd_16ns_16ns_16_3_no_dsp_1_U1/node_0_0_hadd_16ns_16ns_16_3_no_dsp_1_ip_u/U0/i_synth/ADDSUB_OP.ADDSUB/LOGIC_SPEED.OP/ALIGN_BLK/FRAC_ADDSUB/LOGIC_ADD.FRAC_ADDSUB/STRUCT_ADD1.ADD1/RESULT_REG.NORMAL.exp_op[1]_i_3            | CLB.LUT.LUT5      |
    | grp_node_0_0_Pipeline_l_S_t_1_t_fu_256/hadd_16ns_16ns_16_3_no_dsp_1_U1/node_0_0_hadd_16ns_16ns_16_3_no_dsp_1_ip_u/U0/i_synth/ADDSUB_OP.ADDSUB/LOGIC_SPEED.OP/ALIGN_BLK/FRAC_ADDSUB/LOGIC_ADD.FRAC_ADDSUB/STRUCT_ADD1.ADD1/CHAIN_GEN[0].C_MUX.CARRY_MUX_i_6__0        | CLB.LUT.LUT5      |
    | grp_node_0_0_Pipeline_l_S_t_1_t_fu_256/hadd_16ns_16ns_16_3_no_dsp_1_U1/node_0_0_hadd_16ns_16ns_16_3_no_dsp_1_ip_u/U0/i_synth/ADDSUB_OP.ADDSUB/LOGIC_SPEED.OP/ALIGN_BLK/FRAC_ADDSUB/LOGIC_ADD.FRAC_ADDSUB/STRUCT_ADD1.ADD1/CHAIN_GEN[0].C_MUX.CARRY_MUX_i_3__0        | CLB.LUT.LUT6      |
    | grp_node_0_0_Pipeline_l_S_t_1_t_fu_256/hadd_16ns_16ns_16_3_no_dsp_1_U1/node_0_0_hadd_16ns_16ns_16_3_no_dsp_1_ip_u/U0/i_synth/ADDSUB_OP.ADDSUB/LOGIC_SPEED.OP/ALIGN_BLK/FRAC_ADDSUB/LOGIC_ADD.FRAC_ADDSUB/STRUCT_ADD1.ADD1/CHAIN_GEN[0].C_MUX.CARRY_MUX_i_1__10       | CLB.LUT.LUT5      |
    | grp_node_0_0_Pipeline_l_S_t_1_t_fu_256/hadd_16ns_16ns_16_3_no_dsp_1_U1/node_0_0_hadd_16ns_16ns_16_3_no_dsp_1_ip_u/U0/i_synth/ADDSUB_OP.ADDSUB/LOGIC_SPEED.OP/NORM/ROUND/RND_BIT_GEN/NORM_2.RND_CHAIN/CHAIN_GEN[0].C_MUX.CARRY_MUX_CARRY4_CARRY8                      | CLB.CARRY.CARRY8  |
    | grp_node_0_0_Pipeline_l_S_t_1_t_fu_256/hadd_16ns_16ns_16_3_no_dsp_1_U1/node_0_0_hadd_16ns_16ns_16_3_no_dsp_1_ip_u/U0/i_synth/ADDSUB_OP.ADDSUB/LOGIC_SPEED.OP/NORM/ROUND/LOGIC.RND1/CHAIN_GEN[2].C_MUX.CARRY_MUX_CARRY4_CARRY8                                        | CLB.CARRY.CARRY8  |
    | grp_node_0_0_Pipeline_l_S_t_1_t_fu_256/hadd_16ns_16ns_16_3_no_dsp_1_U1/node_0_0_hadd_16ns_16ns_16_3_no_dsp_1_ip_u/U0/i_synth/ADDSUB_OP.ADDSUB/LOGIC_SPEED.OP/NORM/ROUND/LOGIC.RND2/CHAIN_GEN[5].Q_XOR.SUM_XOR_CARRY4_CARRY8                                          | CLB.CARRY.CARRY8  |
    | grp_node_0_0_Pipeline_l_S_t_1_t_fu_256/hadd_16ns_16ns_16_3_no_dsp_1_U1/node_0_0_hadd_16ns_16ns_16_3_no_dsp_1_ip_u/U0/i_synth/ADDSUB_OP.ADDSUB/LOGIC_SPEED.OP/NORM/LZE/ZERO_DET_CC_1/RESULT_REG.NORMAL.exp_op[4]_i_3                                                  | CLB.LUT.LUT6      |
    | grp_node_0_0_Pipeline_l_S_t_1_t_fu_256/hadd_16ns_16ns_16_3_no_dsp_1_U1/node_0_0_hadd_16ns_16ns_16_3_no_dsp_1_ip_u/U0/i_synth/ADDSUB_OP.ADDSUB/LOGIC_SPEED.OP/NORM/LZE/ZERO_DET_CC_1/RESULT_REG.NORMAL.exp_op[3]_i_1                                                  | CLB.LUT.LUT6      |
    | grp_node_0_0_Pipeline_l_S_t_1_t_fu_256/hadd_16ns_16ns_16_3_no_dsp_1_U1/node_0_0_hadd_16ns_16ns_16_3_no_dsp_1_ip_u/U0/i_synth/ADDSUB_OP.ADDSUB/LOGIC_SPEED.OP/OP/RESULT_REG.NORMAL.exp_op_reg[3]                                                                      | REGISTER.SDR.FDRE |
    | grp_node_0_0_Pipeline_l_S_t_1_t_fu_256/hadd_16ns_16ns_16_3_no_dsp_1_U1/din1_buf1_reg[0]                                                                                                                                                                              | REGISTER.SDR.FDRE |
    | grp_node_0_0_Pipeline_l_S_t_1_t_fu_256/hadd_16ns_16ns_16_3_no_dsp_1_U1/node_0_0_hadd_16ns_16ns_16_3_no_dsp_1_ip_u/U0/i_synth/ADDSUB_OP.ADDSUB/LOGIC_SPEED.OP/EXP/NUMB_CMP/NOT_FAST.CMP/C_CHAIN/CHAIN_GEN[0].C_MUX.CARRY_MUX_i_2__1                                   | CLB.LUT.LUT4      |
    | grp_node_0_0_Pipeline_l_S_t_1_t_fu_256/hadd_16ns_16ns_16_3_no_dsp_1_U1/node_0_0_hadd_16ns_16ns_16_3_no_dsp_1_ip_u/U0/i_synth/ADDSUB_OP.ADDSUB/LOGIC_SPEED.OP/EXP/NUMB_CMP/NOT_FAST.CMP/C_CHAIN/CHAIN_GEN[0].C_MUX.CARRY_MUX_CARRY4_CARRY8                            | CLB.CARRY.CARRY8  |
    | grp_node_0_0_Pipeline_l_S_t_1_t_fu_256/hadd_16ns_16ns_16_3_no_dsp_1_U1/node_0_0_hadd_16ns_16ns_16_3_no_dsp_1_ip_u/U0/i_synth/ADDSUB_OP.ADDSUB/LOGIC_SPEED.OP/EXP/NUMB_CMP/NOT_FAST.CMP/C_CHAIN/CHAIN_GEN[1].C_MUX.CARRY_MUX_i_2__3                                   | CLB.LUT.LUT6      |
    | grp_node_0_0_Pipeline_l_S_t_1_t_fu_256/hadd_16ns_16ns_16_3_no_dsp_1_U1/node_0_0_hadd_16ns_16ns_16_3_no_dsp_1_ip_u/U0/i_synth/ADDSUB_OP.ADDSUB/LOGIC_SPEED.OP/EXP/NUMB_CMP/NOT_FAST.CMP/C_CHAIN/CHAIN_GEN[1].C_MUX.CARRY_MUX_i_1__5                                   | CLB.LUT.LUT4      |
    | grp_node_0_0_Pipeline_l_S_t_1_t_fu_256/hadd_16ns_16ns_16_3_no_dsp_1_U1/node_0_0_hadd_16ns_16ns_16_3_no_dsp_1_ip_u/U0/i_synth/ADDSUB_OP.ADDSUB/LOGIC_SPEED.OP/ALIGN_BLK/ALIGN_SHIFT/ALIGN_Z_D/EQ_ZERO/CARRY_ZERO_DET/CHAIN_GEN[0].C_MUX.CARRY_MUX_CARRY4_CARRY8       | CLB.CARRY.CARRY8  |
    | grp_node_0_0_Pipeline_l_S_t_1_t_fu_256/hadd_16ns_16ns_16_3_no_dsp_1_U1/node_0_0_hadd_16ns_16ns_16_3_no_dsp_1_ip_u/U0/i_synth/ADDSUB_OP.ADDSUB/LOGIC_SPEED.OP/EXP/NUMB_CMP/NOT_FAST.CMP/C_CHAIN/STRUCT_ADD1.CARRY_MUX2_i_7                                            | CLB.LUT.LUT5      |
    | grp_node_0_0_Pipeline_l_S_t_1_t_fu_256/hadd_16ns_16ns_16_3_no_dsp_1_U1/node_0_0_hadd_16ns_16ns_16_3_no_dsp_1_ip_u/U0/i_synth/ADDSUB_OP.ADDSUB/LOGIC_SPEED.OP/EXP/NUMB_CMP/NOT_FAST.CMP/C_CHAIN/STRUCT_ADD1.CARRY_MUX2_i_2                                            | CLB.LUT.LUT6      |
    | grp_node_0_0_Pipeline_l_S_t_1_t_fu_256/hadd_16ns_16ns_16_3_no_dsp_1_U1/node_0_0_hadd_16ns_16ns_16_3_no_dsp_1_ip_u/U0/i_synth/ADDSUB_OP.ADDSUB/LOGIC_SPEED.OP/EXP/NUMB_CMP/NOT_FAST.CMP/C_CHAIN/STRUCT_ADD1.CARRY_MUX2_i_1                                            | CLB.LUT.LUT6      |
    | grp_node_0_0_Pipeline_l_S_t_1_t_fu_256/hadd_16ns_16ns_16_3_no_dsp_1_U1/node_0_0_hadd_16ns_16ns_16_3_no_dsp_1_ip_u/U0/i_synth/ADDSUB_OP.ADDSUB/LOGIC_SPEED.OP/ALIGN_BLK/FRAC_ADDSUB/LOGIC_ADD.FRAC_ADDSUB/STRUCT_ADD1.CARRY_MUX1_CARRY4_CARRY8                        | CLB.CARRY.CARRY8  |
    | grp_node_0_0_Pipeline_l_S_t_1_t_fu_256/hadd_16ns_16ns_16_3_no_dsp_1_U1/node_0_0_hadd_16ns_16ns_16_3_no_dsp_1_ip_u/U0/i_synth/ADDSUB_OP.ADDSUB/LOGIC_SPEED.OP/ALIGN_BLK/FRAC_ADDSUB/LOGIC_ADD.FRAC_ADDSUB/STRUCT_ADD2.ADD1/CHAIN_GEN[0].C_MUX.CARRY_MUX_CARRY4_CARRY8 | CLB.CARRY.CARRY8  |
    | grp_node_0_0_Pipeline_l_S_t_1_t_fu_256/hadd_16ns_16ns_16_3_no_dsp_1_U1/node_0_0_hadd_16ns_16ns_16_3_no_dsp_1_ip_u/U0/i_synth/ADDSUB_OP.ADDSUB/LOGIC_SPEED.OP/ALIGN_BLK/FRAC_ADDSUB/LOGIC_ADD.FRAC_ADDSUB/STRUCT_ADD2.ADD1/CHAIN_GEN[0].C_MUX.CARRY_MUX_i_1__2        | CLB.LUT.LUT4      |
    | grp_node_0_0_Pipeline_l_S_t_1_t_fu_256/hadd_16ns_16ns_16_3_no_dsp_1_U1/node_0_0_hadd_16ns_16ns_16_3_no_dsp_1_ip_u/U0/i_synth/ADDSUB_OP.ADDSUB/LOGIC_SPEED.OP/NORM/LZE/ZERO_DET_CC_1/CHAIN_GEN[0].C_MUX.CARRY_MUX_CARRY4_CARRY8                                       | CLB.CARRY.CARRY8  |
    | grp_node_0_0_Pipeline_l_S_t_1_t_fu_256/hadd_16ns_16ns_16_3_no_dsp_1_U1/node_0_0_hadd_16ns_16ns_16_3_no_dsp_1_ip_u/U0/i_synth/ADDSUB_OP.ADDSUB/LOGIC_SPEED.OP/ALIGN_BLK/FRAC_ADDSUB/LOGIC_ADD.FRAC_ADDSUB/STRUCT_ADD2.ADD1/RESULT_REG.NORMAL.exp_op[2]_i_8            | CLB.LUT.LUT5      |
    | grp_node_0_0_Pipeline_l_S_t_1_t_fu_256/hadd_16ns_16ns_16_3_no_dsp_1_U1/node_0_0_hadd_16ns_16ns_16_3_no_dsp_1_ip_u/U0/i_synth/ADDSUB_OP.ADDSUB/LOGIC_SPEED.OP/ALIGN_BLK/FRAC_ADDSUB/LOGIC_ADD.FRAC_ADDSUB/STRUCT_ADD1.ADD1/RESULT_REG.NORMAL.exp_op[1]_i_3            | CLB.LUT.LUT5      |
    | grp_node_0_0_Pipeline_l_S_t_1_t_fu_256/hadd_16ns_16ns_16_3_no_dsp_1_U1/node_0_0_hadd_16ns_16ns_16_3_no_dsp_1_ip_u/U0/i_synth/ADDSUB_OP.ADDSUB/LOGIC_SPEED.OP/ALIGN_BLK/FRAC_ADDSUB/LOGIC_ADD.FRAC_ADDSUB/STRUCT_ADD1.ADD1/CHAIN_GEN[0].C_MUX.CARRY_MUX_i_6__0        | CLB.LUT.LUT5      |
    | grp_node_0_0_Pipeline_l_S_t_1_t_fu_256/hadd_16ns_16ns_16_3_no_dsp_1_U1/node_0_0_hadd_16ns_16ns_16_3_no_dsp_1_ip_u/U0/i_synth/ADDSUB_OP.ADDSUB/LOGIC_SPEED.OP/ALIGN_BLK/FRAC_ADDSUB/LOGIC_ADD.FRAC_ADDSUB/STRUCT_ADD1.ADD1/CHAIN_GEN[0].C_MUX.CARRY_MUX_i_3__0        | CLB.LUT.LUT6      |
    | grp_node_0_0_Pipeline_l_S_t_1_t_fu_256/hadd_16ns_16ns_16_3_no_dsp_1_U1/node_0_0_hadd_16ns_16ns_16_3_no_dsp_1_ip_u/U0/i_synth/ADDSUB_OP.ADDSUB/LOGIC_SPEED.OP/ALIGN_BLK/FRAC_ADDSUB/LOGIC_ADD.FRAC_ADDSUB/STRUCT_ADD1.ADD1/CHAIN_GEN[0].C_MUX.CARRY_MUX_i_1__10       | CLB.LUT.LUT5      |
    | grp_node_0_0_Pipeline_l_S_t_1_t_fu_256/hadd_16ns_16ns_16_3_no_dsp_1_U1/node_0_0_hadd_16ns_16ns_16_3_no_dsp_1_ip_u/U0/i_synth/ADDSUB_OP.ADDSUB/LOGIC_SPEED.OP/NORM/ROUND/RND_BIT_GEN/NORM_2.RND_CHAIN/CHAIN_GEN[0].C_MUX.CARRY_MUX_CARRY4_CARRY8                      | CLB.CARRY.CARRY8  |
    | grp_node_0_0_Pipeline_l_S_t_1_t_fu_256/hadd_16ns_16ns_16_3_no_dsp_1_U1/node_0_0_hadd_16ns_16ns_16_3_no_dsp_1_ip_u/U0/i_synth/ADDSUB_OP.ADDSUB/LOGIC_SPEED.OP/NORM/ROUND/LOGIC.RND1/CHAIN_GEN[2].C_MUX.CARRY_MUX_CARRY4_CARRY8                                        | CLB.CARRY.CARRY8  |
    | grp_node_0_0_Pipeline_l_S_t_1_t_fu_256/hadd_16ns_16ns_16_3_no_dsp_1_U1/node_0_0_hadd_16ns_16ns_16_3_no_dsp_1_ip_u/U0/i_synth/ADDSUB_OP.ADDSUB/LOGIC_SPEED.OP/NORM/ROUND/LOGIC.RND2/CHAIN_GEN[5].Q_XOR.SUM_XOR_CARRY4_CARRY8                                          | CLB.CARRY.CARRY8  |
    | grp_node_0_0_Pipeline_l_S_t_1_t_fu_256/hadd_16ns_16ns_16_3_no_dsp_1_U1/node_0_0_hadd_16ns_16ns_16_3_no_dsp_1_ip_u/U0/i_synth/ADDSUB_OP.ADDSUB/LOGIC_SPEED.OP/NORM/LZE/ZERO_DET_CC_1/RESULT_REG.NORMAL.exp_op[4]_i_3                                                  | CLB.LUT.LUT6      |
    | grp_node_0_0_Pipeline_l_S_t_1_t_fu_256/hadd_16ns_16ns_16_3_no_dsp_1_U1/node_0_0_hadd_16ns_16ns_16_3_no_dsp_1_ip_u/U0/i_synth/ADDSUB_OP.ADDSUB/LOGIC_SPEED.OP/NORM/LZE/ZERO_DET_CC_1/RESULT_REG.NORMAL.exp_op[4]_i_1                                                  | CLB.LUT.LUT6      |
    | grp_node_0_0_Pipeline_l_S_t_1_t_fu_256/hadd_16ns_16ns_16_3_no_dsp_1_U1/node_0_0_hadd_16ns_16ns_16_3_no_dsp_1_ip_u/U0/i_synth/ADDSUB_OP.ADDSUB/LOGIC_SPEED.OP/OP/RESULT_REG.NORMAL.exp_op_reg[4]                                                                      | REGISTER.SDR.FDRE |
    | grp_node_0_0_Pipeline_l_S_t_1_t_fu_256/hadd_16ns_16ns_16_3_no_dsp_1_U1/din1_buf1_reg[0]                                                                                                                                                                              | REGISTER.SDR.FDRE |
    | grp_node_0_0_Pipeline_l_S_t_1_t_fu_256/hsub_16ns_16ns_16_3_no_dsp_1_U2/node_0_0_hsub_16ns_16ns_16_3_no_dsp_1_ip_u/U0/i_synth/ADDSUB_OP.ADDSUB/LOGIC_SPEED.OP/EXP/NUMB_CMP/NOT_FAST.CMP/C_CHAIN/CHAIN_GEN[0].C_MUX.CARRY_MUX_i_2__1                                   | CLB.LUT.LUT4      |
    | grp_node_0_0_Pipeline_l_S_t_1_t_fu_256/hsub_16ns_16ns_16_3_no_dsp_1_U2/node_0_0_hsub_16ns_16ns_16_3_no_dsp_1_ip_u/U0/i_synth/ADDSUB_OP.ADDSUB/LOGIC_SPEED.OP/EXP/NUMB_CMP/NOT_FAST.CMP/C_CHAIN/CHAIN_GEN[0].C_MUX.CARRY_MUX_CARRY4_CARRY8                            | CLB.CARRY.CARRY8  |
    | grp_node_0_0_Pipeline_l_S_t_1_t_fu_256/hsub_16ns_16ns_16_3_no_dsp_1_U2/node_0_0_hsub_16ns_16ns_16_3_no_dsp_1_ip_u/U0/i_synth/ADDSUB_OP.ADDSUB/LOGIC_SPEED.OP/EXP/NUMB_CMP/NOT_FAST.CMP/C_CHAIN/CHAIN_GEN[1].C_MUX.CARRY_MUX_i_2__2                                   | CLB.LUT.LUT6      |
    | grp_node_0_0_Pipeline_l_S_t_1_t_fu_256/hsub_16ns_16ns_16_3_no_dsp_1_U2/node_0_0_hsub_16ns_16ns_16_3_no_dsp_1_ip_u/U0/i_synth/ADDSUB_OP.ADDSUB/LOGIC_SPEED.OP/EXP/NUMB_CMP/NOT_FAST.CMP/C_CHAIN/CHAIN_GEN[1].C_MUX.CARRY_MUX_i_1__1                                   | CLB.LUT.LUT4      |
    | grp_node_0_0_Pipeline_l_S_t_1_t_fu_256/hsub_16ns_16ns_16_3_no_dsp_1_U2/node_0_0_hsub_16ns_16ns_16_3_no_dsp_1_ip_u/U0/i_synth/ADDSUB_OP.ADDSUB/LOGIC_SPEED.OP/ALIGN_BLK/ALIGN_SHIFT/ALIGN_Z_D/EQ_ZERO/CARRY_ZERO_DET/CHAIN_GEN[0].C_MUX.CARRY_MUX_CARRY4_CARRY8       | CLB.CARRY.CARRY8  |
    | grp_node_0_0_Pipeline_l_S_t_1_t_fu_256/hsub_16ns_16ns_16_3_no_dsp_1_U2/node_0_0_hsub_16ns_16ns_16_3_no_dsp_1_ip_u/U0/i_synth/ADDSUB_OP.ADDSUB/LOGIC_SPEED.OP/ALIGN_BLK/ALIGN_SHIFT/ALIGN_Z_D/EQ_ZERO/CARRY_ZERO_DET/STRUCT_ADD1.CARRY_MUX2_i_7                       | CLB.LUT.LUT5      |
    | grp_node_0_0_Pipeline_l_S_t_1_t_fu_256/hsub_16ns_16ns_16_3_no_dsp_1_U2/node_0_0_hsub_16ns_16ns_16_3_no_dsp_1_ip_u/U0/i_synth/ADDSUB_OP.ADDSUB/LOGIC_SPEED.OP/EXP/NUMB_CMP/NOT_FAST.CMP/C_CHAIN/STRUCT_ADD1.CARRY_MUX2_i_1                                            | CLB.LUT.LUT6      |
    | grp_node_0_0_Pipeline_l_S_t_1_t_fu_256/hsub_16ns_16ns_16_3_no_dsp_1_U2/node_0_0_hsub_16ns_16ns_16_3_no_dsp_1_ip_u/U0/i_synth/ADDSUB_OP.ADDSUB/LOGIC_SPEED.OP/ALIGN_BLK/FRAC_ADDSUB/LOGIC_ADD.FRAC_ADDSUB/STRUCT_ADD1.CARRY_MUX1_CARRY4_CARRY8                        | CLB.CARRY.CARRY8  |
    | grp_node_0_0_Pipeline_l_S_t_1_t_fu_256/hsub_16ns_16ns_16_3_no_dsp_1_U2/node_0_0_hsub_16ns_16ns_16_3_no_dsp_1_ip_u/U0/i_synth/ADDSUB_OP.ADDSUB/LOGIC_SPEED.OP/ALIGN_BLK/FRAC_ADDSUB/LOGIC_ADD.FRAC_ADDSUB/STRUCT_ADD2.ADD1/CHAIN_GEN[0].C_MUX.CARRY_MUX_CARRY4_CARRY8 | CLB.CARRY.CARRY8  |
    | grp_node_0_0_Pipeline_l_S_t_1_t_fu_256/hsub_16ns_16ns_16_3_no_dsp_1_U2/node_0_0_hsub_16ns_16ns_16_3_no_dsp_1_ip_u/U0/i_synth/ADDSUB_OP.ADDSUB/LOGIC_SPEED.OP/ALIGN_BLK/FRAC_ADDSUB/LOGIC_ADD.FRAC_ADDSUB/STRUCT_ADD2.ADD1/CHAIN_GEN[0].C_MUX.CARRY_MUX_i_1__5        | CLB.LUT.LUT4      |
    | grp_node_0_0_Pipeline_l_S_t_1_t_fu_256/hsub_16ns_16ns_16_3_no_dsp_1_U2/node_0_0_hsub_16ns_16ns_16_3_no_dsp_1_ip_u/U0/i_synth/ADDSUB_OP.ADDSUB/LOGIC_SPEED.OP/NORM/LZE/ZERO_DET_CC_1/CHAIN_GEN[0].C_MUX.CARRY_MUX_CARRY4_CARRY8                                       | CLB.CARRY.CARRY8  |
    | grp_node_0_0_Pipeline_l_S_t_1_t_fu_256/hsub_16ns_16ns_16_3_no_dsp_1_U2/node_0_0_hsub_16ns_16ns_16_3_no_dsp_1_ip_u/U0/i_synth/ADDSUB_OP.ADDSUB/LOGIC_SPEED.OP/ALIGN_BLK/FRAC_ADDSUB/LOGIC_ADD.FRAC_ADDSUB/STRUCT_ADD1.ADD1/CHAIN_GEN[1].C_MUX.CARRY_MUX_i_6           | CLB.LUT.LUT6      |
    | grp_node_0_0_Pipeline_l_S_t_1_t_fu_256/hsub_16ns_16ns_16_3_no_dsp_1_U2/node_0_0_hsub_16ns_16ns_16_3_no_dsp_1_ip_u/U0/i_synth/ADDSUB_OP.ADDSUB/LOGIC_SPEED.OP/ALIGN_BLK/FRAC_ADDSUB/LOGIC_ADD.FRAC_ADDSUB/STRUCT_ADD2.ADD1/CHAIN_GEN[1].C_MUX.CARRY_MUX_i_2__3        | CLB.LUT.LUT6      |
    | grp_node_0_0_Pipeline_l_S_t_1_t_fu_256/hsub_16ns_16ns_16_3_no_dsp_1_U2/node_0_0_hsub_16ns_16ns_16_3_no_dsp_1_ip_u/U0/i_synth/ADDSUB_OP.ADDSUB/LOGIC_SPEED.OP/ALIGN_BLK/FRAC_ADDSUB/LOGIC_ADD.FRAC_ADDSUB/STRUCT_ADD2.ADD1/CHAIN_GEN[0].C_MUX.CARRY_MUX_i_7__0        | CLB.LUT.LUT5      |
    | grp_node_0_0_Pipeline_l_S_t_1_t_fu_256/hsub_16ns_16ns_16_3_no_dsp_1_U2/node_0_0_hsub_16ns_16ns_16_3_no_dsp_1_ip_u/U0/i_synth/ADDSUB_OP.ADDSUB/LOGIC_SPEED.OP/ALIGN_BLK/FRAC_ADDSUB/LOGIC_ADD.FRAC_ADDSUB/STRUCT_ADD1.ADD1/CHAIN_GEN[0].C_MUX.CARRY_MUX_i_5__0        | CLB.LUT.LUT6      |
    | grp_node_0_0_Pipeline_l_S_t_1_t_fu_256/hsub_16ns_16ns_16_3_no_dsp_1_U2/node_0_0_hsub_16ns_16ns_16_3_no_dsp_1_ip_u/U0/i_synth/ADDSUB_OP.ADDSUB/LOGIC_SPEED.OP/ALIGN_BLK/FRAC_ADDSUB/LOGIC_ADD.FRAC_ADDSUB/STRUCT_ADD1.ADD1/CHAIN_GEN[0].C_MUX.CARRY_MUX_i_1__9        | CLB.LUT.LUT6      |
    | grp_node_0_0_Pipeline_l_S_t_1_t_fu_256/hsub_16ns_16ns_16_3_no_dsp_1_U2/node_0_0_hsub_16ns_16ns_16_3_no_dsp_1_ip_u/U0/i_synth/ADDSUB_OP.ADDSUB/LOGIC_SPEED.OP/NORM/ROUND/RND_BIT_GEN/NORM_2.RND_CHAIN/CHAIN_GEN[0].C_MUX.CARRY_MUX_CARRY4_CARRY8                      | CLB.CARRY.CARRY8  |
    | grp_node_0_0_Pipeline_l_S_t_1_t_fu_256/hsub_16ns_16ns_16_3_no_dsp_1_U2/node_0_0_hsub_16ns_16ns_16_3_no_dsp_1_ip_u/U0/i_synth/ADDSUB_OP.ADDSUB/LOGIC_SPEED.OP/NORM/ROUND/LOGIC.RND1/CHAIN_GEN[2].C_MUX.CARRY_MUX_CARRY4_CARRY8                                        | CLB.CARRY.CARRY8  |
    | grp_node_0_0_Pipeline_l_S_t_1_t_fu_256/hsub_16ns_16ns_16_3_no_dsp_1_U2/node_0_0_hsub_16ns_16ns_16_3_no_dsp_1_ip_u/U0/i_synth/ADDSUB_OP.ADDSUB/LOGIC_SPEED.OP/NORM/ROUND/LOGIC.RND2/CHAIN_GEN[5].Q_XOR.SUM_XOR_CARRY4_CARRY8                                          | CLB.CARRY.CARRY8  |
    | grp_node_0_0_Pipeline_l_S_t_1_t_fu_256/hsub_16ns_16ns_16_3_no_dsp_1_U2/node_0_0_hsub_16ns_16ns_16_3_no_dsp_1_ip_u/U0/i_synth/ADDSUB_OP.ADDSUB/LOGIC_SPEED.OP/ALIGN_BLK/FRAC_ADDSUB/LOGIC_ADD.FRAC_ADDSUB/STRUCT_ADD1.ADD1/RESULT_REG.NORMAL.exp_op[0]_i_2            | CLB.LUT.LUT6      |
    | grp_node_0_0_Pipeline_l_S_t_1_t_fu_256/hsub_16ns_16ns_16_3_no_dsp_1_U2/node_0_0_hsub_16ns_16ns_16_3_no_dsp_1_ip_u/U0/i_synth/ADDSUB_OP.ADDSUB/LOGIC_SPEED.OP/EXP/EXP_OFF.STRUCT_ADD/RESULT_REG.NORMAL.exp_op[0]_i_1                                                  | CLB.LUT.LUT6      |
    | grp_node_0_0_Pipeline_l_S_t_1_t_fu_256/hsub_16ns_16ns_16_3_no_dsp_1_U2/node_0_0_hsub_16ns_16ns_16_3_no_dsp_1_ip_u/U0/i_synth/ADDSUB_OP.ADDSUB/LOGIC_SPEED.OP/OP/RESULT_REG.NORMAL.exp_op_reg[0]                                                                      | REGISTER.SDR.FDRE |
    | grp_node_0_0_Pipeline_l_S_t_1_t_fu_256/hadd_16ns_16ns_16_3_no_dsp_1_U1/din1_buf1_reg[0]                                                                                                                                                                              | REGISTER.SDR.FDRE |
    | grp_node_0_0_Pipeline_l_S_t_1_t_fu_256/hsub_16ns_16ns_16_3_no_dsp_1_U2/node_0_0_hsub_16ns_16ns_16_3_no_dsp_1_ip_u/U0/i_synth/ADDSUB_OP.ADDSUB/LOGIC_SPEED.OP/EXP/NUMB_CMP/NOT_FAST.CMP/C_CHAIN/CHAIN_GEN[0].C_MUX.CARRY_MUX_i_2__1                                   | CLB.LUT.LUT4      |
    | grp_node_0_0_Pipeline_l_S_t_1_t_fu_256/hsub_16ns_16ns_16_3_no_dsp_1_U2/node_0_0_hsub_16ns_16ns_16_3_no_dsp_1_ip_u/U0/i_synth/ADDSUB_OP.ADDSUB/LOGIC_SPEED.OP/EXP/NUMB_CMP/NOT_FAST.CMP/C_CHAIN/CHAIN_GEN[0].C_MUX.CARRY_MUX_CARRY4_CARRY8                            | CLB.CARRY.CARRY8  |
    | grp_node_0_0_Pipeline_l_S_t_1_t_fu_256/hsub_16ns_16ns_16_3_no_dsp_1_U2/node_0_0_hsub_16ns_16ns_16_3_no_dsp_1_ip_u/U0/i_synth/ADDSUB_OP.ADDSUB/LOGIC_SPEED.OP/EXP/NUMB_CMP/NOT_FAST.CMP/C_CHAIN/CHAIN_GEN[1].C_MUX.CARRY_MUX_i_2__2                                   | CLB.LUT.LUT6      |
    | grp_node_0_0_Pipeline_l_S_t_1_t_fu_256/hsub_16ns_16ns_16_3_no_dsp_1_U2/node_0_0_hsub_16ns_16ns_16_3_no_dsp_1_ip_u/U0/i_synth/ADDSUB_OP.ADDSUB/LOGIC_SPEED.OP/EXP/NUMB_CMP/NOT_FAST.CMP/C_CHAIN/CHAIN_GEN[1].C_MUX.CARRY_MUX_i_1__1                                   | CLB.LUT.LUT4      |
    | grp_node_0_0_Pipeline_l_S_t_1_t_fu_256/hsub_16ns_16ns_16_3_no_dsp_1_U2/node_0_0_hsub_16ns_16ns_16_3_no_dsp_1_ip_u/U0/i_synth/ADDSUB_OP.ADDSUB/LOGIC_SPEED.OP/ALIGN_BLK/ALIGN_SHIFT/ALIGN_Z_D/EQ_ZERO/CARRY_ZERO_DET/CHAIN_GEN[0].C_MUX.CARRY_MUX_CARRY4_CARRY8       | CLB.CARRY.CARRY8  |
    | grp_node_0_0_Pipeline_l_S_t_1_t_fu_256/hsub_16ns_16ns_16_3_no_dsp_1_U2/node_0_0_hsub_16ns_16ns_16_3_no_dsp_1_ip_u/U0/i_synth/ADDSUB_OP.ADDSUB/LOGIC_SPEED.OP/ALIGN_BLK/ALIGN_SHIFT/ALIGN_Z_D/EQ_ZERO/CARRY_ZERO_DET/STRUCT_ADD1.CARRY_MUX2_i_7                       | CLB.LUT.LUT5      |
    | grp_node_0_0_Pipeline_l_S_t_1_t_fu_256/hsub_16ns_16ns_16_3_no_dsp_1_U2/node_0_0_hsub_16ns_16ns_16_3_no_dsp_1_ip_u/U0/i_synth/ADDSUB_OP.ADDSUB/LOGIC_SPEED.OP/EXP/NUMB_CMP/NOT_FAST.CMP/C_CHAIN/STRUCT_ADD1.CARRY_MUX2_i_1                                            | CLB.LUT.LUT6      |
    | grp_node_0_0_Pipeline_l_S_t_1_t_fu_256/hsub_16ns_16ns_16_3_no_dsp_1_U2/node_0_0_hsub_16ns_16ns_16_3_no_dsp_1_ip_u/U0/i_synth/ADDSUB_OP.ADDSUB/LOGIC_SPEED.OP/ALIGN_BLK/FRAC_ADDSUB/LOGIC_ADD.FRAC_ADDSUB/STRUCT_ADD1.CARRY_MUX1_CARRY4_CARRY8                        | CLB.CARRY.CARRY8  |
    | grp_node_0_0_Pipeline_l_S_t_1_t_fu_256/hsub_16ns_16ns_16_3_no_dsp_1_U2/node_0_0_hsub_16ns_16ns_16_3_no_dsp_1_ip_u/U0/i_synth/ADDSUB_OP.ADDSUB/LOGIC_SPEED.OP/ALIGN_BLK/FRAC_ADDSUB/LOGIC_ADD.FRAC_ADDSUB/STRUCT_ADD2.ADD1/CHAIN_GEN[0].C_MUX.CARRY_MUX_CARRY4_CARRY8 | CLB.CARRY.CARRY8  |
    | grp_node_0_0_Pipeline_l_S_t_1_t_fu_256/hsub_16ns_16ns_16_3_no_dsp_1_U2/node_0_0_hsub_16ns_16ns_16_3_no_dsp_1_ip_u/U0/i_synth/ADDSUB_OP.ADDSUB/LOGIC_SPEED.OP/ALIGN_BLK/FRAC_ADDSUB/LOGIC_ADD.FRAC_ADDSUB/STRUCT_ADD2.ADD1/CHAIN_GEN[0].C_MUX.CARRY_MUX_i_1__5        | CLB.LUT.LUT4      |
    | grp_node_0_0_Pipeline_l_S_t_1_t_fu_256/hsub_16ns_16ns_16_3_no_dsp_1_U2/node_0_0_hsub_16ns_16ns_16_3_no_dsp_1_ip_u/U0/i_synth/ADDSUB_OP.ADDSUB/LOGIC_SPEED.OP/NORM/LZE/ZERO_DET_CC_1/CHAIN_GEN[0].C_MUX.CARRY_MUX_CARRY4_CARRY8                                       | CLB.CARRY.CARRY8  |
    | grp_node_0_0_Pipeline_l_S_t_1_t_fu_256/hsub_16ns_16ns_16_3_no_dsp_1_U2/node_0_0_hsub_16ns_16ns_16_3_no_dsp_1_ip_u/U0/i_synth/ADDSUB_OP.ADDSUB/LOGIC_SPEED.OP/ALIGN_BLK/FRAC_ADDSUB/LOGIC_ADD.FRAC_ADDSUB/STRUCT_ADD1.ADD1/CHAIN_GEN[1].C_MUX.CARRY_MUX_i_6           | CLB.LUT.LUT6      |
    | grp_node_0_0_Pipeline_l_S_t_1_t_fu_256/hsub_16ns_16ns_16_3_no_dsp_1_U2/node_0_0_hsub_16ns_16ns_16_3_no_dsp_1_ip_u/U0/i_synth/ADDSUB_OP.ADDSUB/LOGIC_SPEED.OP/ALIGN_BLK/FRAC_ADDSUB/LOGIC_ADD.FRAC_ADDSUB/STRUCT_ADD2.ADD1/CHAIN_GEN[1].C_MUX.CARRY_MUX_i_2__3        | CLB.LUT.LUT6      |
    | grp_node_0_0_Pipeline_l_S_t_1_t_fu_256/hsub_16ns_16ns_16_3_no_dsp_1_U2/node_0_0_hsub_16ns_16ns_16_3_no_dsp_1_ip_u/U0/i_synth/ADDSUB_OP.ADDSUB/LOGIC_SPEED.OP/ALIGN_BLK/FRAC_ADDSUB/LOGIC_ADD.FRAC_ADDSUB/STRUCT_ADD2.ADD1/CHAIN_GEN[0].C_MUX.CARRY_MUX_i_7__0        | CLB.LUT.LUT5      |
    | grp_node_0_0_Pipeline_l_S_t_1_t_fu_256/hsub_16ns_16ns_16_3_no_dsp_1_U2/node_0_0_hsub_16ns_16ns_16_3_no_dsp_1_ip_u/U0/i_synth/ADDSUB_OP.ADDSUB/LOGIC_SPEED.OP/ALIGN_BLK/FRAC_ADDSUB/LOGIC_ADD.FRAC_ADDSUB/STRUCT_ADD1.ADD1/CHAIN_GEN[0].C_MUX.CARRY_MUX_i_5__0        | CLB.LUT.LUT6      |
    | grp_node_0_0_Pipeline_l_S_t_1_t_fu_256/hsub_16ns_16ns_16_3_no_dsp_1_U2/node_0_0_hsub_16ns_16ns_16_3_no_dsp_1_ip_u/U0/i_synth/ADDSUB_OP.ADDSUB/LOGIC_SPEED.OP/ALIGN_BLK/FRAC_ADDSUB/LOGIC_ADD.FRAC_ADDSUB/STRUCT_ADD1.ADD1/CHAIN_GEN[0].C_MUX.CARRY_MUX_i_1__9        | CLB.LUT.LUT6      |
    | grp_node_0_0_Pipeline_l_S_t_1_t_fu_256/hsub_16ns_16ns_16_3_no_dsp_1_U2/node_0_0_hsub_16ns_16ns_16_3_no_dsp_1_ip_u/U0/i_synth/ADDSUB_OP.ADDSUB/LOGIC_SPEED.OP/NORM/ROUND/RND_BIT_GEN/NORM_2.RND_CHAIN/CHAIN_GEN[0].C_MUX.CARRY_MUX_CARRY4_CARRY8                      | CLB.CARRY.CARRY8  |
    | grp_node_0_0_Pipeline_l_S_t_1_t_fu_256/hsub_16ns_16ns_16_3_no_dsp_1_U2/node_0_0_hsub_16ns_16ns_16_3_no_dsp_1_ip_u/U0/i_synth/ADDSUB_OP.ADDSUB/LOGIC_SPEED.OP/NORM/ROUND/LOGIC.RND1/CHAIN_GEN[2].C_MUX.CARRY_MUX_CARRY4_CARRY8                                        | CLB.CARRY.CARRY8  |
    | grp_node_0_0_Pipeline_l_S_t_1_t_fu_256/hsub_16ns_16ns_16_3_no_dsp_1_U2/node_0_0_hsub_16ns_16ns_16_3_no_dsp_1_ip_u/U0/i_synth/ADDSUB_OP.ADDSUB/LOGIC_SPEED.OP/NORM/ROUND/LOGIC.RND2/CHAIN_GEN[5].Q_XOR.SUM_XOR_CARRY4_CARRY8                                          | CLB.CARRY.CARRY8  |
    | grp_node_0_0_Pipeline_l_S_t_1_t_fu_256/hsub_16ns_16ns_16_3_no_dsp_1_U2/node_0_0_hsub_16ns_16ns_16_3_no_dsp_1_ip_u/U0/i_synth/ADDSUB_OP.ADDSUB/LOGIC_SPEED.OP/EXP/EXP_OFF.STRUCT_ADD/RESULT_REG.NORMAL.exp_op[1]_i_2                                                  | CLB.LUT.LUT5      |
    | grp_node_0_0_Pipeline_l_S_t_1_t_fu_256/hsub_16ns_16ns_16_3_no_dsp_1_U2/node_0_0_hsub_16ns_16ns_16_3_no_dsp_1_ip_u/U0/i_synth/ADDSUB_OP.ADDSUB/LOGIC_SPEED.OP/EXP/EXP_OFF.STRUCT_ADD/RESULT_REG.NORMAL.exp_op[1]_i_1                                                  | CLB.LUT.LUT6      |
    | grp_node_0_0_Pipeline_l_S_t_1_t_fu_256/hsub_16ns_16ns_16_3_no_dsp_1_U2/node_0_0_hsub_16ns_16ns_16_3_no_dsp_1_ip_u/U0/i_synth/ADDSUB_OP.ADDSUB/LOGIC_SPEED.OP/OP/RESULT_REG.NORMAL.exp_op_reg[1]                                                                      | REGISTER.SDR.FDRE |
    | grp_node_0_0_Pipeline_l_S_t_1_t_fu_256/hadd_16ns_16ns_16_3_no_dsp_1_U1/din1_buf1_reg[0]                                                                                                                                                                              | REGISTER.SDR.FDRE |
    | grp_node_0_0_Pipeline_l_S_t_1_t_fu_256/hsub_16ns_16ns_16_3_no_dsp_1_U2/node_0_0_hsub_16ns_16ns_16_3_no_dsp_1_ip_u/U0/i_synth/ADDSUB_OP.ADDSUB/LOGIC_SPEED.OP/EXP/NUMB_CMP/NOT_FAST.CMP/C_CHAIN/CHAIN_GEN[0].C_MUX.CARRY_MUX_i_2__1                                   | CLB.LUT.LUT4      |
    | grp_node_0_0_Pipeline_l_S_t_1_t_fu_256/hsub_16ns_16ns_16_3_no_dsp_1_U2/node_0_0_hsub_16ns_16ns_16_3_no_dsp_1_ip_u/U0/i_synth/ADDSUB_OP.ADDSUB/LOGIC_SPEED.OP/EXP/NUMB_CMP/NOT_FAST.CMP/C_CHAIN/CHAIN_GEN[0].C_MUX.CARRY_MUX_CARRY4_CARRY8                            | CLB.CARRY.CARRY8  |
    | grp_node_0_0_Pipeline_l_S_t_1_t_fu_256/hsub_16ns_16ns_16_3_no_dsp_1_U2/node_0_0_hsub_16ns_16ns_16_3_no_dsp_1_ip_u/U0/i_synth/ADDSUB_OP.ADDSUB/LOGIC_SPEED.OP/EXP/NUMB_CMP/NOT_FAST.CMP/C_CHAIN/CHAIN_GEN[1].C_MUX.CARRY_MUX_i_2__2                                   | CLB.LUT.LUT6      |
    | grp_node_0_0_Pipeline_l_S_t_1_t_fu_256/hsub_16ns_16ns_16_3_no_dsp_1_U2/node_0_0_hsub_16ns_16ns_16_3_no_dsp_1_ip_u/U0/i_synth/ADDSUB_OP.ADDSUB/LOGIC_SPEED.OP/EXP/NUMB_CMP/NOT_FAST.CMP/C_CHAIN/CHAIN_GEN[1].C_MUX.CARRY_MUX_i_1__1                                   | CLB.LUT.LUT4      |
    | grp_node_0_0_Pipeline_l_S_t_1_t_fu_256/hsub_16ns_16ns_16_3_no_dsp_1_U2/node_0_0_hsub_16ns_16ns_16_3_no_dsp_1_ip_u/U0/i_synth/ADDSUB_OP.ADDSUB/LOGIC_SPEED.OP/ALIGN_BLK/ALIGN_SHIFT/ALIGN_Z_D/EQ_ZERO/CARRY_ZERO_DET/CHAIN_GEN[0].C_MUX.CARRY_MUX_CARRY4_CARRY8       | CLB.CARRY.CARRY8  |
    | grp_node_0_0_Pipeline_l_S_t_1_t_fu_256/hsub_16ns_16ns_16_3_no_dsp_1_U2/node_0_0_hsub_16ns_16ns_16_3_no_dsp_1_ip_u/U0/i_synth/ADDSUB_OP.ADDSUB/LOGIC_SPEED.OP/ALIGN_BLK/ALIGN_SHIFT/ALIGN_Z_D/EQ_ZERO/CARRY_ZERO_DET/STRUCT_ADD1.CARRY_MUX2_i_7                       | CLB.LUT.LUT5      |
    | grp_node_0_0_Pipeline_l_S_t_1_t_fu_256/hsub_16ns_16ns_16_3_no_dsp_1_U2/node_0_0_hsub_16ns_16ns_16_3_no_dsp_1_ip_u/U0/i_synth/ADDSUB_OP.ADDSUB/LOGIC_SPEED.OP/EXP/NUMB_CMP/NOT_FAST.CMP/C_CHAIN/STRUCT_ADD1.CARRY_MUX2_i_1                                            | CLB.LUT.LUT6      |
    | grp_node_0_0_Pipeline_l_S_t_1_t_fu_256/hsub_16ns_16ns_16_3_no_dsp_1_U2/node_0_0_hsub_16ns_16ns_16_3_no_dsp_1_ip_u/U0/i_synth/ADDSUB_OP.ADDSUB/LOGIC_SPEED.OP/ALIGN_BLK/FRAC_ADDSUB/LOGIC_ADD.FRAC_ADDSUB/STRUCT_ADD1.CARRY_MUX1_CARRY4_CARRY8                        | CLB.CARRY.CARRY8  |
    | grp_node_0_0_Pipeline_l_S_t_1_t_fu_256/hsub_16ns_16ns_16_3_no_dsp_1_U2/node_0_0_hsub_16ns_16ns_16_3_no_dsp_1_ip_u/U0/i_synth/ADDSUB_OP.ADDSUB/LOGIC_SPEED.OP/ALIGN_BLK/FRAC_ADDSUB/LOGIC_ADD.FRAC_ADDSUB/STRUCT_ADD2.ADD1/CHAIN_GEN[0].C_MUX.CARRY_MUX_CARRY4_CARRY8 | CLB.CARRY.CARRY8  |
    | grp_node_0_0_Pipeline_l_S_t_1_t_fu_256/hsub_16ns_16ns_16_3_no_dsp_1_U2/node_0_0_hsub_16ns_16ns_16_3_no_dsp_1_ip_u/U0/i_synth/ADDSUB_OP.ADDSUB/LOGIC_SPEED.OP/ALIGN_BLK/FRAC_ADDSUB/LOGIC_ADD.FRAC_ADDSUB/STRUCT_ADD2.ADD1/CHAIN_GEN[0].C_MUX.CARRY_MUX_i_1__5        | CLB.LUT.LUT4      |
    | grp_node_0_0_Pipeline_l_S_t_1_t_fu_256/hsub_16ns_16ns_16_3_no_dsp_1_U2/node_0_0_hsub_16ns_16ns_16_3_no_dsp_1_ip_u/U0/i_synth/ADDSUB_OP.ADDSUB/LOGIC_SPEED.OP/NORM/LZE/ZERO_DET_CC_1/CHAIN_GEN[0].C_MUX.CARRY_MUX_CARRY4_CARRY8                                       | CLB.CARRY.CARRY8  |
    | grp_node_0_0_Pipeline_l_S_t_1_t_fu_256/hsub_16ns_16ns_16_3_no_dsp_1_U2/node_0_0_hsub_16ns_16ns_16_3_no_dsp_1_ip_u/U0/i_synth/ADDSUB_OP.ADDSUB/LOGIC_SPEED.OP/ALIGN_BLK/FRAC_ADDSUB/LOGIC_ADD.FRAC_ADDSUB/STRUCT_ADD1.ADD1/CHAIN_GEN[1].C_MUX.CARRY_MUX_i_6           | CLB.LUT.LUT6      |
    | grp_node_0_0_Pipeline_l_S_t_1_t_fu_256/hsub_16ns_16ns_16_3_no_dsp_1_U2/node_0_0_hsub_16ns_16ns_16_3_no_dsp_1_ip_u/U0/i_synth/ADDSUB_OP.ADDSUB/LOGIC_SPEED.OP/ALIGN_BLK/FRAC_ADDSUB/LOGIC_ADD.FRAC_ADDSUB/STRUCT_ADD2.ADD1/CHAIN_GEN[1].C_MUX.CARRY_MUX_i_2__3        | CLB.LUT.LUT6      |
    | grp_node_0_0_Pipeline_l_S_t_1_t_fu_256/hsub_16ns_16ns_16_3_no_dsp_1_U2/node_0_0_hsub_16ns_16ns_16_3_no_dsp_1_ip_u/U0/i_synth/ADDSUB_OP.ADDSUB/LOGIC_SPEED.OP/ALIGN_BLK/FRAC_ADDSUB/LOGIC_ADD.FRAC_ADDSUB/STRUCT_ADD2.ADD1/CHAIN_GEN[0].C_MUX.CARRY_MUX_i_7__0        | CLB.LUT.LUT5      |
    | grp_node_0_0_Pipeline_l_S_t_1_t_fu_256/hsub_16ns_16ns_16_3_no_dsp_1_U2/node_0_0_hsub_16ns_16ns_16_3_no_dsp_1_ip_u/U0/i_synth/ADDSUB_OP.ADDSUB/LOGIC_SPEED.OP/ALIGN_BLK/FRAC_ADDSUB/LOGIC_ADD.FRAC_ADDSUB/STRUCT_ADD1.ADD1/CHAIN_GEN[0].C_MUX.CARRY_MUX_i_5__0        | CLB.LUT.LUT6      |
    | grp_node_0_0_Pipeline_l_S_t_1_t_fu_256/hsub_16ns_16ns_16_3_no_dsp_1_U2/node_0_0_hsub_16ns_16ns_16_3_no_dsp_1_ip_u/U0/i_synth/ADDSUB_OP.ADDSUB/LOGIC_SPEED.OP/ALIGN_BLK/FRAC_ADDSUB/LOGIC_ADD.FRAC_ADDSUB/STRUCT_ADD1.ADD1/CHAIN_GEN[0].C_MUX.CARRY_MUX_i_1__9        | CLB.LUT.LUT6      |
    | grp_node_0_0_Pipeline_l_S_t_1_t_fu_256/hsub_16ns_16ns_16_3_no_dsp_1_U2/node_0_0_hsub_16ns_16ns_16_3_no_dsp_1_ip_u/U0/i_synth/ADDSUB_OP.ADDSUB/LOGIC_SPEED.OP/NORM/ROUND/RND_BIT_GEN/NORM_2.RND_CHAIN/CHAIN_GEN[0].C_MUX.CARRY_MUX_CARRY4_CARRY8                      | CLB.CARRY.CARRY8  |
    | grp_node_0_0_Pipeline_l_S_t_1_t_fu_256/hsub_16ns_16ns_16_3_no_dsp_1_U2/node_0_0_hsub_16ns_16ns_16_3_no_dsp_1_ip_u/U0/i_synth/ADDSUB_OP.ADDSUB/LOGIC_SPEED.OP/NORM/ROUND/LOGIC.RND1/CHAIN_GEN[2].C_MUX.CARRY_MUX_CARRY4_CARRY8                                        | CLB.CARRY.CARRY8  |
    | grp_node_0_0_Pipeline_l_S_t_1_t_fu_256/hsub_16ns_16ns_16_3_no_dsp_1_U2/node_0_0_hsub_16ns_16ns_16_3_no_dsp_1_ip_u/U0/i_synth/ADDSUB_OP.ADDSUB/LOGIC_SPEED.OP/NORM/ROUND/LOGIC.RND2/CHAIN_GEN[5].Q_XOR.SUM_XOR_CARRY4_CARRY8                                          | CLB.CARRY.CARRY8  |
    | grp_node_0_0_Pipeline_l_S_t_1_t_fu_256/hsub_16ns_16ns_16_3_no_dsp_1_U2/node_0_0_hsub_16ns_16ns_16_3_no_dsp_1_ip_u/U0/i_synth/ADDSUB_OP.ADDSUB/LOGIC_SPEED.OP/ALIGN_BLK/FRAC_ADDSUB/LOGIC_ADD.FRAC_ADDSUB/STRUCT_ADD1.ADD1/RESULT_REG.NORMAL.exp_op[2]_i_2            | CLB.LUT.LUT6      |
    | grp_node_0_0_Pipeline_l_S_t_1_t_fu_256/hsub_16ns_16ns_16_3_no_dsp_1_U2/node_0_0_hsub_16ns_16ns_16_3_no_dsp_1_ip_u/U0/i_synth/ADDSUB_OP.ADDSUB/LOGIC_SPEED.OP/ALIGN_BLK/FRAC_ADDSUB/LOGIC_ADD.FRAC_ADDSUB/STRUCT_ADD1.ADD1/RESULT_REG.NORMAL.exp_op[2]_i_1            | CLB.LUT.LUT6      |
    | grp_node_0_0_Pipeline_l_S_t_1_t_fu_256/hsub_16ns_16ns_16_3_no_dsp_1_U2/node_0_0_hsub_16ns_16ns_16_3_no_dsp_1_ip_u/U0/i_synth/ADDSUB_OP.ADDSUB/LOGIC_SPEED.OP/OP/RESULT_REG.NORMAL.exp_op_reg[2]                                                                      | REGISTER.SDR.FDRE |
    | grp_node_0_0_Pipeline_l_S_t_1_t_fu_256/hadd_16ns_16ns_16_3_no_dsp_1_U1/din1_buf1_reg[0]                                                                                                                                                                              | REGISTER.SDR.FDRE |
    | grp_node_0_0_Pipeline_l_S_t_1_t_fu_256/hsub_16ns_16ns_16_3_no_dsp_1_U2/node_0_0_hsub_16ns_16ns_16_3_no_dsp_1_ip_u/U0/i_synth/ADDSUB_OP.ADDSUB/LOGIC_SPEED.OP/EXP/NUMB_CMP/NOT_FAST.CMP/C_CHAIN/CHAIN_GEN[0].C_MUX.CARRY_MUX_i_2__1                                   | CLB.LUT.LUT4      |
    | grp_node_0_0_Pipeline_l_S_t_1_t_fu_256/hsub_16ns_16ns_16_3_no_dsp_1_U2/node_0_0_hsub_16ns_16ns_16_3_no_dsp_1_ip_u/U0/i_synth/ADDSUB_OP.ADDSUB/LOGIC_SPEED.OP/EXP/NUMB_CMP/NOT_FAST.CMP/C_CHAIN/CHAIN_GEN[0].C_MUX.CARRY_MUX_CARRY4_CARRY8                            | CLB.CARRY.CARRY8  |
    | grp_node_0_0_Pipeline_l_S_t_1_t_fu_256/hsub_16ns_16ns_16_3_no_dsp_1_U2/node_0_0_hsub_16ns_16ns_16_3_no_dsp_1_ip_u/U0/i_synth/ADDSUB_OP.ADDSUB/LOGIC_SPEED.OP/EXP/NUMB_CMP/NOT_FAST.CMP/C_CHAIN/CHAIN_GEN[1].C_MUX.CARRY_MUX_i_2__2                                   | CLB.LUT.LUT6      |
    | grp_node_0_0_Pipeline_l_S_t_1_t_fu_256/hsub_16ns_16ns_16_3_no_dsp_1_U2/node_0_0_hsub_16ns_16ns_16_3_no_dsp_1_ip_u/U0/i_synth/ADDSUB_OP.ADDSUB/LOGIC_SPEED.OP/EXP/NUMB_CMP/NOT_FAST.CMP/C_CHAIN/CHAIN_GEN[1].C_MUX.CARRY_MUX_i_1__1                                   | CLB.LUT.LUT4      |
    | grp_node_0_0_Pipeline_l_S_t_1_t_fu_256/hsub_16ns_16ns_16_3_no_dsp_1_U2/node_0_0_hsub_16ns_16ns_16_3_no_dsp_1_ip_u/U0/i_synth/ADDSUB_OP.ADDSUB/LOGIC_SPEED.OP/ALIGN_BLK/ALIGN_SHIFT/ALIGN_Z_D/EQ_ZERO/CARRY_ZERO_DET/CHAIN_GEN[0].C_MUX.CARRY_MUX_CARRY4_CARRY8       | CLB.CARRY.CARRY8  |
    | grp_node_0_0_Pipeline_l_S_t_1_t_fu_256/hsub_16ns_16ns_16_3_no_dsp_1_U2/node_0_0_hsub_16ns_16ns_16_3_no_dsp_1_ip_u/U0/i_synth/ADDSUB_OP.ADDSUB/LOGIC_SPEED.OP/ALIGN_BLK/ALIGN_SHIFT/ALIGN_Z_D/EQ_ZERO/CARRY_ZERO_DET/STRUCT_ADD1.CARRY_MUX2_i_7                       | CLB.LUT.LUT5      |
    | grp_node_0_0_Pipeline_l_S_t_1_t_fu_256/hsub_16ns_16ns_16_3_no_dsp_1_U2/node_0_0_hsub_16ns_16ns_16_3_no_dsp_1_ip_u/U0/i_synth/ADDSUB_OP.ADDSUB/LOGIC_SPEED.OP/EXP/NUMB_CMP/NOT_FAST.CMP/C_CHAIN/STRUCT_ADD1.CARRY_MUX2_i_1                                            | CLB.LUT.LUT6      |
    | grp_node_0_0_Pipeline_l_S_t_1_t_fu_256/hsub_16ns_16ns_16_3_no_dsp_1_U2/node_0_0_hsub_16ns_16ns_16_3_no_dsp_1_ip_u/U0/i_synth/ADDSUB_OP.ADDSUB/LOGIC_SPEED.OP/ALIGN_BLK/FRAC_ADDSUB/LOGIC_ADD.FRAC_ADDSUB/STRUCT_ADD1.CARRY_MUX1_CARRY4_CARRY8                        | CLB.CARRY.CARRY8  |
    | grp_node_0_0_Pipeline_l_S_t_1_t_fu_256/hsub_16ns_16ns_16_3_no_dsp_1_U2/node_0_0_hsub_16ns_16ns_16_3_no_dsp_1_ip_u/U0/i_synth/ADDSUB_OP.ADDSUB/LOGIC_SPEED.OP/ALIGN_BLK/FRAC_ADDSUB/LOGIC_ADD.FRAC_ADDSUB/STRUCT_ADD2.ADD1/CHAIN_GEN[0].C_MUX.CARRY_MUX_CARRY4_CARRY8 | CLB.CARRY.CARRY8  |
    | grp_node_0_0_Pipeline_l_S_t_1_t_fu_256/hsub_16ns_16ns_16_3_no_dsp_1_U2/node_0_0_hsub_16ns_16ns_16_3_no_dsp_1_ip_u/U0/i_synth/ADDSUB_OP.ADDSUB/LOGIC_SPEED.OP/ALIGN_BLK/FRAC_ADDSUB/LOGIC_ADD.FRAC_ADDSUB/STRUCT_ADD2.ADD1/CHAIN_GEN[0].C_MUX.CARRY_MUX_i_1__5        | CLB.LUT.LUT4      |
    | grp_node_0_0_Pipeline_l_S_t_1_t_fu_256/hsub_16ns_16ns_16_3_no_dsp_1_U2/node_0_0_hsub_16ns_16ns_16_3_no_dsp_1_ip_u/U0/i_synth/ADDSUB_OP.ADDSUB/LOGIC_SPEED.OP/NORM/LZE/ZERO_DET_CC_1/CHAIN_GEN[0].C_MUX.CARRY_MUX_CARRY4_CARRY8                                       | CLB.CARRY.CARRY8  |
    | grp_node_0_0_Pipeline_l_S_t_1_t_fu_256/hsub_16ns_16ns_16_3_no_dsp_1_U2/node_0_0_hsub_16ns_16ns_16_3_no_dsp_1_ip_u/U0/i_synth/ADDSUB_OP.ADDSUB/LOGIC_SPEED.OP/ALIGN_BLK/FRAC_ADDSUB/LOGIC_ADD.FRAC_ADDSUB/STRUCT_ADD1.ADD1/CHAIN_GEN[1].C_MUX.CARRY_MUX_i_6           | CLB.LUT.LUT6      |
    | grp_node_0_0_Pipeline_l_S_t_1_t_fu_256/hsub_16ns_16ns_16_3_no_dsp_1_U2/node_0_0_hsub_16ns_16ns_16_3_no_dsp_1_ip_u/U0/i_synth/ADDSUB_OP.ADDSUB/LOGIC_SPEED.OP/ALIGN_BLK/FRAC_ADDSUB/LOGIC_ADD.FRAC_ADDSUB/STRUCT_ADD2.ADD1/CHAIN_GEN[1].C_MUX.CARRY_MUX_i_2__3        | CLB.LUT.LUT6      |
    | grp_node_0_0_Pipeline_l_S_t_1_t_fu_256/hsub_16ns_16ns_16_3_no_dsp_1_U2/node_0_0_hsub_16ns_16ns_16_3_no_dsp_1_ip_u/U0/i_synth/ADDSUB_OP.ADDSUB/LOGIC_SPEED.OP/ALIGN_BLK/FRAC_ADDSUB/LOGIC_ADD.FRAC_ADDSUB/STRUCT_ADD2.ADD1/CHAIN_GEN[0].C_MUX.CARRY_MUX_i_7__0        | CLB.LUT.LUT5      |
    | grp_node_0_0_Pipeline_l_S_t_1_t_fu_256/hsub_16ns_16ns_16_3_no_dsp_1_U2/node_0_0_hsub_16ns_16ns_16_3_no_dsp_1_ip_u/U0/i_synth/ADDSUB_OP.ADDSUB/LOGIC_SPEED.OP/ALIGN_BLK/FRAC_ADDSUB/LOGIC_ADD.FRAC_ADDSUB/STRUCT_ADD1.ADD1/CHAIN_GEN[0].C_MUX.CARRY_MUX_i_5__0        | CLB.LUT.LUT6      |
    | grp_node_0_0_Pipeline_l_S_t_1_t_fu_256/hsub_16ns_16ns_16_3_no_dsp_1_U2/node_0_0_hsub_16ns_16ns_16_3_no_dsp_1_ip_u/U0/i_synth/ADDSUB_OP.ADDSUB/LOGIC_SPEED.OP/ALIGN_BLK/FRAC_ADDSUB/LOGIC_ADD.FRAC_ADDSUB/STRUCT_ADD1.ADD1/CHAIN_GEN[0].C_MUX.CARRY_MUX_i_1__9        | CLB.LUT.LUT6      |
    | grp_node_0_0_Pipeline_l_S_t_1_t_fu_256/hsub_16ns_16ns_16_3_no_dsp_1_U2/node_0_0_hsub_16ns_16ns_16_3_no_dsp_1_ip_u/U0/i_synth/ADDSUB_OP.ADDSUB/LOGIC_SPEED.OP/NORM/ROUND/RND_BIT_GEN/NORM_2.RND_CHAIN/CHAIN_GEN[0].C_MUX.CARRY_MUX_CARRY4_CARRY8                      | CLB.CARRY.CARRY8  |
    | grp_node_0_0_Pipeline_l_S_t_1_t_fu_256/hsub_16ns_16ns_16_3_no_dsp_1_U2/node_0_0_hsub_16ns_16ns_16_3_no_dsp_1_ip_u/U0/i_synth/ADDSUB_OP.ADDSUB/LOGIC_SPEED.OP/NORM/ROUND/LOGIC.RND1/CHAIN_GEN[2].C_MUX.CARRY_MUX_CARRY4_CARRY8                                        | CLB.CARRY.CARRY8  |
    | grp_node_0_0_Pipeline_l_S_t_1_t_fu_256/hsub_16ns_16ns_16_3_no_dsp_1_U2/node_0_0_hsub_16ns_16ns_16_3_no_dsp_1_ip_u/U0/i_synth/ADDSUB_OP.ADDSUB/LOGIC_SPEED.OP/NORM/ROUND/LOGIC.RND2/CHAIN_GEN[5].Q_XOR.SUM_XOR_CARRY4_CARRY8                                          | CLB.CARRY.CARRY8  |
    | grp_node_0_0_Pipeline_l_S_t_1_t_fu_256/hsub_16ns_16ns_16_3_no_dsp_1_U2/node_0_0_hsub_16ns_16ns_16_3_no_dsp_1_ip_u/U0/i_synth/ADDSUB_OP.ADDSUB/LOGIC_SPEED.OP/NORM/LZE/ZERO_DET_CC_1/RESULT_REG.NORMAL.exp_op[4]_i_3                                                  | CLB.LUT.LUT6      |
    | grp_node_0_0_Pipeline_l_S_t_1_t_fu_256/hsub_16ns_16ns_16_3_no_dsp_1_U2/node_0_0_hsub_16ns_16ns_16_3_no_dsp_1_ip_u/U0/i_synth/ADDSUB_OP.ADDSUB/LOGIC_SPEED.OP/EXP/EXP_OFF.STRUCT_ADD/RESULT_REG.NORMAL.exp_op[3]_i_1                                                  | CLB.LUT.LUT6      |
    | grp_node_0_0_Pipeline_l_S_t_1_t_fu_256/hsub_16ns_16ns_16_3_no_dsp_1_U2/node_0_0_hsub_16ns_16ns_16_3_no_dsp_1_ip_u/U0/i_synth/ADDSUB_OP.ADDSUB/LOGIC_SPEED.OP/OP/RESULT_REG.NORMAL.exp_op_reg[3]                                                                      | REGISTER.SDR.FDRE |
    | grp_node_0_0_Pipeline_l_S_t_1_t_fu_256/hadd_16ns_16ns_16_3_no_dsp_1_U1/din1_buf1_reg[0]                                                                                                                                                                              | REGISTER.SDR.FDRE |
    | grp_node_0_0_Pipeline_l_S_t_1_t_fu_256/hsub_16ns_16ns_16_3_no_dsp_1_U2/node_0_0_hsub_16ns_16ns_16_3_no_dsp_1_ip_u/U0/i_synth/ADDSUB_OP.ADDSUB/LOGIC_SPEED.OP/EXP/NUMB_CMP/NOT_FAST.CMP/C_CHAIN/CHAIN_GEN[0].C_MUX.CARRY_MUX_i_2__1                                   | CLB.LUT.LUT4      |
    | grp_node_0_0_Pipeline_l_S_t_1_t_fu_256/hsub_16ns_16ns_16_3_no_dsp_1_U2/node_0_0_hsub_16ns_16ns_16_3_no_dsp_1_ip_u/U0/i_synth/ADDSUB_OP.ADDSUB/LOGIC_SPEED.OP/EXP/NUMB_CMP/NOT_FAST.CMP/C_CHAIN/CHAIN_GEN[0].C_MUX.CARRY_MUX_CARRY4_CARRY8                            | CLB.CARRY.CARRY8  |
    | grp_node_0_0_Pipeline_l_S_t_1_t_fu_256/hsub_16ns_16ns_16_3_no_dsp_1_U2/node_0_0_hsub_16ns_16ns_16_3_no_dsp_1_ip_u/U0/i_synth/ADDSUB_OP.ADDSUB/LOGIC_SPEED.OP/EXP/NUMB_CMP/NOT_FAST.CMP/C_CHAIN/CHAIN_GEN[1].C_MUX.CARRY_MUX_i_2__2                                   | CLB.LUT.LUT6      |
    | grp_node_0_0_Pipeline_l_S_t_1_t_fu_256/hsub_16ns_16ns_16_3_no_dsp_1_U2/node_0_0_hsub_16ns_16ns_16_3_no_dsp_1_ip_u/U0/i_synth/ADDSUB_OP.ADDSUB/LOGIC_SPEED.OP/EXP/NUMB_CMP/NOT_FAST.CMP/C_CHAIN/CHAIN_GEN[1].C_MUX.CARRY_MUX_i_1__1                                   | CLB.LUT.LUT4      |
    | grp_node_0_0_Pipeline_l_S_t_1_t_fu_256/hsub_16ns_16ns_16_3_no_dsp_1_U2/node_0_0_hsub_16ns_16ns_16_3_no_dsp_1_ip_u/U0/i_synth/ADDSUB_OP.ADDSUB/LOGIC_SPEED.OP/ALIGN_BLK/ALIGN_SHIFT/ALIGN_Z_D/EQ_ZERO/CARRY_ZERO_DET/CHAIN_GEN[0].C_MUX.CARRY_MUX_CARRY4_CARRY8       | CLB.CARRY.CARRY8  |
    | grp_node_0_0_Pipeline_l_S_t_1_t_fu_256/hsub_16ns_16ns_16_3_no_dsp_1_U2/node_0_0_hsub_16ns_16ns_16_3_no_dsp_1_ip_u/U0/i_synth/ADDSUB_OP.ADDSUB/LOGIC_SPEED.OP/ALIGN_BLK/ALIGN_SHIFT/ALIGN_Z_D/EQ_ZERO/CARRY_ZERO_DET/STRUCT_ADD1.CARRY_MUX2_i_7                       | CLB.LUT.LUT5      |
    | grp_node_0_0_Pipeline_l_S_t_1_t_fu_256/hsub_16ns_16ns_16_3_no_dsp_1_U2/node_0_0_hsub_16ns_16ns_16_3_no_dsp_1_ip_u/U0/i_synth/ADDSUB_OP.ADDSUB/LOGIC_SPEED.OP/EXP/NUMB_CMP/NOT_FAST.CMP/C_CHAIN/STRUCT_ADD1.CARRY_MUX2_i_1                                            | CLB.LUT.LUT6      |
    | grp_node_0_0_Pipeline_l_S_t_1_t_fu_256/hsub_16ns_16ns_16_3_no_dsp_1_U2/node_0_0_hsub_16ns_16ns_16_3_no_dsp_1_ip_u/U0/i_synth/ADDSUB_OP.ADDSUB/LOGIC_SPEED.OP/ALIGN_BLK/FRAC_ADDSUB/LOGIC_ADD.FRAC_ADDSUB/STRUCT_ADD1.CARRY_MUX1_CARRY4_CARRY8                        | CLB.CARRY.CARRY8  |
    | grp_node_0_0_Pipeline_l_S_t_1_t_fu_256/hsub_16ns_16ns_16_3_no_dsp_1_U2/node_0_0_hsub_16ns_16ns_16_3_no_dsp_1_ip_u/U0/i_synth/ADDSUB_OP.ADDSUB/LOGIC_SPEED.OP/ALIGN_BLK/FRAC_ADDSUB/LOGIC_ADD.FRAC_ADDSUB/STRUCT_ADD2.ADD1/CHAIN_GEN[0].C_MUX.CARRY_MUX_CARRY4_CARRY8 | CLB.CARRY.CARRY8  |
    | grp_node_0_0_Pipeline_l_S_t_1_t_fu_256/hsub_16ns_16ns_16_3_no_dsp_1_U2/node_0_0_hsub_16ns_16ns_16_3_no_dsp_1_ip_u/U0/i_synth/ADDSUB_OP.ADDSUB/LOGIC_SPEED.OP/ALIGN_BLK/FRAC_ADDSUB/LOGIC_ADD.FRAC_ADDSUB/STRUCT_ADD2.ADD1/CHAIN_GEN[0].C_MUX.CARRY_MUX_i_1__5        | CLB.LUT.LUT4      |
    | grp_node_0_0_Pipeline_l_S_t_1_t_fu_256/hsub_16ns_16ns_16_3_no_dsp_1_U2/node_0_0_hsub_16ns_16ns_16_3_no_dsp_1_ip_u/U0/i_synth/ADDSUB_OP.ADDSUB/LOGIC_SPEED.OP/NORM/LZE/ZERO_DET_CC_1/CHAIN_GEN[0].C_MUX.CARRY_MUX_CARRY4_CARRY8                                       | CLB.CARRY.CARRY8  |
    | grp_node_0_0_Pipeline_l_S_t_1_t_fu_256/hsub_16ns_16ns_16_3_no_dsp_1_U2/node_0_0_hsub_16ns_16ns_16_3_no_dsp_1_ip_u/U0/i_synth/ADDSUB_OP.ADDSUB/LOGIC_SPEED.OP/ALIGN_BLK/FRAC_ADDSUB/LOGIC_ADD.FRAC_ADDSUB/STRUCT_ADD1.ADD1/CHAIN_GEN[1].C_MUX.CARRY_MUX_i_6           | CLB.LUT.LUT6      |
    | grp_node_0_0_Pipeline_l_S_t_1_t_fu_256/hsub_16ns_16ns_16_3_no_dsp_1_U2/node_0_0_hsub_16ns_16ns_16_3_no_dsp_1_ip_u/U0/i_synth/ADDSUB_OP.ADDSUB/LOGIC_SPEED.OP/ALIGN_BLK/FRAC_ADDSUB/LOGIC_ADD.FRAC_ADDSUB/STRUCT_ADD2.ADD1/CHAIN_GEN[1].C_MUX.CARRY_MUX_i_2__3        | CLB.LUT.LUT6      |
    | grp_node_0_0_Pipeline_l_S_t_1_t_fu_256/hsub_16ns_16ns_16_3_no_dsp_1_U2/node_0_0_hsub_16ns_16ns_16_3_no_dsp_1_ip_u/U0/i_synth/ADDSUB_OP.ADDSUB/LOGIC_SPEED.OP/ALIGN_BLK/FRAC_ADDSUB/LOGIC_ADD.FRAC_ADDSUB/STRUCT_ADD2.ADD1/CHAIN_GEN[0].C_MUX.CARRY_MUX_i_7__0        | CLB.LUT.LUT5      |
    | grp_node_0_0_Pipeline_l_S_t_1_t_fu_256/hsub_16ns_16ns_16_3_no_dsp_1_U2/node_0_0_hsub_16ns_16ns_16_3_no_dsp_1_ip_u/U0/i_synth/ADDSUB_OP.ADDSUB/LOGIC_SPEED.OP/ALIGN_BLK/FRAC_ADDSUB/LOGIC_ADD.FRAC_ADDSUB/STRUCT_ADD1.ADD1/CHAIN_GEN[0].C_MUX.CARRY_MUX_i_5__0        | CLB.LUT.LUT6      |
    | grp_node_0_0_Pipeline_l_S_t_1_t_fu_256/hsub_16ns_16ns_16_3_no_dsp_1_U2/node_0_0_hsub_16ns_16ns_16_3_no_dsp_1_ip_u/U0/i_synth/ADDSUB_OP.ADDSUB/LOGIC_SPEED.OP/ALIGN_BLK/FRAC_ADDSUB/LOGIC_ADD.FRAC_ADDSUB/STRUCT_ADD1.ADD1/CHAIN_GEN[0].C_MUX.CARRY_MUX_i_1__9        | CLB.LUT.LUT6      |
    | grp_node_0_0_Pipeline_l_S_t_1_t_fu_256/hsub_16ns_16ns_16_3_no_dsp_1_U2/node_0_0_hsub_16ns_16ns_16_3_no_dsp_1_ip_u/U0/i_synth/ADDSUB_OP.ADDSUB/LOGIC_SPEED.OP/NORM/ROUND/RND_BIT_GEN/NORM_2.RND_CHAIN/CHAIN_GEN[0].C_MUX.CARRY_MUX_CARRY4_CARRY8                      | CLB.CARRY.CARRY8  |
    | grp_node_0_0_Pipeline_l_S_t_1_t_fu_256/hsub_16ns_16ns_16_3_no_dsp_1_U2/node_0_0_hsub_16ns_16ns_16_3_no_dsp_1_ip_u/U0/i_synth/ADDSUB_OP.ADDSUB/LOGIC_SPEED.OP/NORM/ROUND/LOGIC.RND1/CHAIN_GEN[2].C_MUX.CARRY_MUX_CARRY4_CARRY8                                        | CLB.CARRY.CARRY8  |
    | grp_node_0_0_Pipeline_l_S_t_1_t_fu_256/hsub_16ns_16ns_16_3_no_dsp_1_U2/node_0_0_hsub_16ns_16ns_16_3_no_dsp_1_ip_u/U0/i_synth/ADDSUB_OP.ADDSUB/LOGIC_SPEED.OP/NORM/ROUND/LOGIC.RND2/CHAIN_GEN[5].Q_XOR.SUM_XOR_CARRY4_CARRY8                                          | CLB.CARRY.CARRY8  |
    | grp_node_0_0_Pipeline_l_S_t_1_t_fu_256/hsub_16ns_16ns_16_3_no_dsp_1_U2/node_0_0_hsub_16ns_16ns_16_3_no_dsp_1_ip_u/U0/i_synth/ADDSUB_OP.ADDSUB/LOGIC_SPEED.OP/NORM/LZE/ZERO_DET_CC_1/RESULT_REG.NORMAL.exp_op[4]_i_3                                                  | CLB.LUT.LUT6      |
    | grp_node_0_0_Pipeline_l_S_t_1_t_fu_256/hsub_16ns_16ns_16_3_no_dsp_1_U2/node_0_0_hsub_16ns_16ns_16_3_no_dsp_1_ip_u/U0/i_synth/ADDSUB_OP.ADDSUB/LOGIC_SPEED.OP/EXP/EXP_OFF.STRUCT_ADD/RESULT_REG.NORMAL.exp_op[4]_i_1                                                  | CLB.LUT.LUT6      |
    | grp_node_0_0_Pipeline_l_S_t_1_t_fu_256/hsub_16ns_16ns_16_3_no_dsp_1_U2/node_0_0_hsub_16ns_16ns_16_3_no_dsp_1_ip_u/U0/i_synth/ADDSUB_OP.ADDSUB/LOGIC_SPEED.OP/OP/RESULT_REG.NORMAL.exp_op_reg[4]                                                                      | REGISTER.SDR.FDRE |
    | grp_node_0_0_Pipeline_l_S_t_1_t_fu_256/hadd_16ns_16ns_16_3_no_dsp_1_U1/din1_buf1_reg[0]                                                                                                                                                                              | REGISTER.SDR.FDRE |
    | grp_node_0_0_Pipeline_l_S_t_1_t_fu_256/hsub_16ns_16ns_16_3_no_dsp_1_U2/node_0_0_hsub_16ns_16ns_16_3_no_dsp_1_ip_u/U0/i_synth/ADDSUB_OP.ADDSUB/LOGIC_SPEED.OP/EXP/NUMB_CMP/NOT_FAST.CMP/C_CHAIN/CHAIN_GEN[0].C_MUX.CARRY_MUX_i_2__1                                   | CLB.LUT.LUT4      |
    | grp_node_0_0_Pipeline_l_S_t_1_t_fu_256/hsub_16ns_16ns_16_3_no_dsp_1_U2/node_0_0_hsub_16ns_16ns_16_3_no_dsp_1_ip_u/U0/i_synth/ADDSUB_OP.ADDSUB/LOGIC_SPEED.OP/EXP/NUMB_CMP/NOT_FAST.CMP/C_CHAIN/CHAIN_GEN[0].C_MUX.CARRY_MUX_CARRY4_CARRY8                            | CLB.CARRY.CARRY8  |
    | grp_node_0_0_Pipeline_l_S_t_1_t_fu_256/hsub_16ns_16ns_16_3_no_dsp_1_U2/node_0_0_hsub_16ns_16ns_16_3_no_dsp_1_ip_u/U0/i_synth/ADDSUB_OP.ADDSUB/LOGIC_SPEED.OP/EXP/NUMB_CMP/NOT_FAST.CMP/C_CHAIN/CHAIN_GEN[1].C_MUX.CARRY_MUX_i_2__2                                   | CLB.LUT.LUT6      |
    | grp_node_0_0_Pipeline_l_S_t_1_t_fu_256/hsub_16ns_16ns_16_3_no_dsp_1_U2/node_0_0_hsub_16ns_16ns_16_3_no_dsp_1_ip_u/U0/i_synth/ADDSUB_OP.ADDSUB/LOGIC_SPEED.OP/EXP/NUMB_CMP/NOT_FAST.CMP/C_CHAIN/CHAIN_GEN[1].C_MUX.CARRY_MUX_i_1__1                                   | CLB.LUT.LUT4      |
    | grp_node_0_0_Pipeline_l_S_t_1_t_fu_256/hsub_16ns_16ns_16_3_no_dsp_1_U2/node_0_0_hsub_16ns_16ns_16_3_no_dsp_1_ip_u/U0/i_synth/ADDSUB_OP.ADDSUB/LOGIC_SPEED.OP/ALIGN_BLK/ALIGN_SHIFT/ALIGN_Z_D/EQ_ZERO/CARRY_ZERO_DET/CHAIN_GEN[0].C_MUX.CARRY_MUX_CARRY4_CARRY8       | CLB.CARRY.CARRY8  |
    | grp_node_0_0_Pipeline_l_S_t_1_t_fu_256/hsub_16ns_16ns_16_3_no_dsp_1_U2/node_0_0_hsub_16ns_16ns_16_3_no_dsp_1_ip_u/U0/i_synth/ADDSUB_OP.ADDSUB/LOGIC_SPEED.OP/ALIGN_BLK/ALIGN_SHIFT/ALIGN_Z_D/EQ_ZERO/CARRY_ZERO_DET/STRUCT_ADD1.CARRY_MUX2_i_7                       | CLB.LUT.LUT5      |
    | grp_node_0_0_Pipeline_l_S_t_1_t_fu_256/hsub_16ns_16ns_16_3_no_dsp_1_U2/node_0_0_hsub_16ns_16ns_16_3_no_dsp_1_ip_u/U0/i_synth/ADDSUB_OP.ADDSUB/LOGIC_SPEED.OP/EXP/NUMB_CMP/NOT_FAST.CMP/C_CHAIN/STRUCT_ADD1.CARRY_MUX2_i_1                                            | CLB.LUT.LUT6      |
    | grp_node_0_0_Pipeline_l_S_t_1_t_fu_256/hsub_16ns_16ns_16_3_no_dsp_1_U2/node_0_0_hsub_16ns_16ns_16_3_no_dsp_1_ip_u/U0/i_synth/ADDSUB_OP.ADDSUB/LOGIC_SPEED.OP/ALIGN_BLK/FRAC_ADDSUB/LOGIC_ADD.FRAC_ADDSUB/STRUCT_ADD1.CARRY_MUX1_CARRY4_CARRY8                        | CLB.CARRY.CARRY8  |
    | grp_node_0_0_Pipeline_l_S_t_1_t_fu_256/hsub_16ns_16ns_16_3_no_dsp_1_U2/node_0_0_hsub_16ns_16ns_16_3_no_dsp_1_ip_u/U0/i_synth/ADDSUB_OP.ADDSUB/LOGIC_SPEED.OP/ALIGN_BLK/FRAC_ADDSUB/LOGIC_ADD.FRAC_ADDSUB/STRUCT_ADD2.ADD1/CHAIN_GEN[0].C_MUX.CARRY_MUX_CARRY4_CARRY8 | CLB.CARRY.CARRY8  |
    | grp_node_0_0_Pipeline_l_S_t_1_t_fu_256/hsub_16ns_16ns_16_3_no_dsp_1_U2/node_0_0_hsub_16ns_16ns_16_3_no_dsp_1_ip_u/U0/i_synth/ADDSUB_OP.ADDSUB/LOGIC_SPEED.OP/ALIGN_BLK/FRAC_ADDSUB/LOGIC_ADD.FRAC_ADDSUB/STRUCT_ADD2.ADD1/CHAIN_GEN[0].C_MUX.CARRY_MUX_i_1__5        | CLB.LUT.LUT4      |
    | grp_node_0_0_Pipeline_l_S_t_1_t_fu_256/hsub_16ns_16ns_16_3_no_dsp_1_U2/node_0_0_hsub_16ns_16ns_16_3_no_dsp_1_ip_u/U0/i_synth/ADDSUB_OP.ADDSUB/LOGIC_SPEED.OP/NORM/LZE/ZERO_DET_CC_1/CHAIN_GEN[0].C_MUX.CARRY_MUX_CARRY4_CARRY8                                       | CLB.CARRY.CARRY8  |
    | grp_node_0_0_Pipeline_l_S_t_1_t_fu_256/hsub_16ns_16ns_16_3_no_dsp_1_U2/node_0_0_hsub_16ns_16ns_16_3_no_dsp_1_ip_u/U0/i_synth/ADDSUB_OP.ADDSUB/LOGIC_SPEED.OP/ALIGN_BLK/FRAC_ADDSUB/LOGIC_ADD.FRAC_ADDSUB/STRUCT_ADD1.ADD1/CHAIN_GEN[1].C_MUX.CARRY_MUX_i_6           | CLB.LUT.LUT6      |
    | grp_node_0_0_Pipeline_l_S_t_1_t_fu_256/hsub_16ns_16ns_16_3_no_dsp_1_U2/node_0_0_hsub_16ns_16ns_16_3_no_dsp_1_ip_u/U0/i_synth/ADDSUB_OP.ADDSUB/LOGIC_SPEED.OP/ALIGN_BLK/FRAC_ADDSUB/LOGIC_ADD.FRAC_ADDSUB/STRUCT_ADD2.ADD1/CHAIN_GEN[1].C_MUX.CARRY_MUX_i_2__3        | CLB.LUT.LUT6      |
    | grp_node_0_0_Pipeline_l_S_t_1_t_fu_256/hsub_16ns_16ns_16_3_no_dsp_1_U2/node_0_0_hsub_16ns_16ns_16_3_no_dsp_1_ip_u/U0/i_synth/ADDSUB_OP.ADDSUB/LOGIC_SPEED.OP/ALIGN_BLK/FRAC_ADDSUB/LOGIC_ADD.FRAC_ADDSUB/STRUCT_ADD2.ADD1/CHAIN_GEN[0].C_MUX.CARRY_MUX_i_7__0        | CLB.LUT.LUT5      |
    | grp_node_0_0_Pipeline_l_S_t_1_t_fu_256/hsub_16ns_16ns_16_3_no_dsp_1_U2/node_0_0_hsub_16ns_16ns_16_3_no_dsp_1_ip_u/U0/i_synth/ADDSUB_OP.ADDSUB/LOGIC_SPEED.OP/ALIGN_BLK/FRAC_ADDSUB/LOGIC_ADD.FRAC_ADDSUB/STRUCT_ADD1.ADD1/CHAIN_GEN[0].C_MUX.CARRY_MUX_i_5__0        | CLB.LUT.LUT6      |
    | grp_node_0_0_Pipeline_l_S_t_1_t_fu_256/hsub_16ns_16ns_16_3_no_dsp_1_U2/node_0_0_hsub_16ns_16ns_16_3_no_dsp_1_ip_u/U0/i_synth/ADDSUB_OP.ADDSUB/LOGIC_SPEED.OP/ALIGN_BLK/FRAC_ADDSUB/LOGIC_ADD.FRAC_ADDSUB/STRUCT_ADD1.ADD1/CHAIN_GEN[0].C_MUX.CARRY_MUX_i_1__9        | CLB.LUT.LUT6      |
    | grp_node_0_0_Pipeline_l_S_t_1_t_fu_256/hsub_16ns_16ns_16_3_no_dsp_1_U2/node_0_0_hsub_16ns_16ns_16_3_no_dsp_1_ip_u/U0/i_synth/ADDSUB_OP.ADDSUB/LOGIC_SPEED.OP/NORM/ROUND/RND_BIT_GEN/NORM_2.RND_CHAIN/CHAIN_GEN[0].C_MUX.CARRY_MUX_CARRY4_CARRY8                      | CLB.CARRY.CARRY8  |
    | grp_node_0_0_Pipeline_l_S_t_1_t_fu_256/hsub_16ns_16ns_16_3_no_dsp_1_U2/node_0_0_hsub_16ns_16ns_16_3_no_dsp_1_ip_u/U0/i_synth/ADDSUB_OP.ADDSUB/LOGIC_SPEED.OP/NORM/ROUND/LOGIC.RND1/CHAIN_GEN[2].C_MUX.CARRY_MUX_CARRY4_CARRY8                                        | CLB.CARRY.CARRY8  |
    | grp_node_0_0_Pipeline_l_S_t_1_t_fu_256/hsub_16ns_16ns_16_3_no_dsp_1_U2/node_0_0_hsub_16ns_16ns_16_3_no_dsp_1_ip_u/U0/i_synth/ADDSUB_OP.ADDSUB/LOGIC_SPEED.OP/NORM/ROUND/LOGIC.RND2/RESULT_REG.NORMAL.mant_op[9]_i_2                                                  | CLB.LUT.LUT3      |
    | grp_node_0_0_Pipeline_l_S_t_1_t_fu_256/hsub_16ns_16ns_16_3_no_dsp_1_U2/node_0_0_hsub_16ns_16ns_16_3_no_dsp_1_ip_u/U0/i_synth/ADDSUB_OP.ADDSUB/LOGIC_SPEED.OP/EXP/EXP_OFF.STRUCT_ADD/RESULT_REG.NORMAL.mant_op[9]_i_1                                                 | CLB.LUT.LUT6      |
    | grp_node_0_0_Pipeline_l_S_t_1_t_fu_256/hsub_16ns_16ns_16_3_no_dsp_1_U2/node_0_0_hsub_16ns_16ns_16_3_no_dsp_1_ip_u/U0/i_synth/ADDSUB_OP.ADDSUB/LOGIC_SPEED.OP/OP/RESULT_REG.NORMAL.mant_op_reg[9]                                                                     | REGISTER.SDR.FDRE |
    | grp_node_0_0_Pipeline_l_S_t_1_t_fu_256/hadd_16ns_16ns_16_3_no_dsp_1_U1/din1_buf1_reg[0]                                                                                                                                                                              | REGISTER.SDR.FDRE |
    | grp_node_0_0_Pipeline_l_S_t_1_t_fu_256/hadd_16ns_16ns_16_3_no_dsp_1_U1/node_0_0_hadd_16ns_16ns_16_3_no_dsp_1_ip_u/U0/i_synth/ADDSUB_OP.ADDSUB/LOGIC_SPEED.OP/EXP/NUMB_CMP/NOT_FAST.CMP/C_CHAIN/CHAIN_GEN[0].C_MUX.CARRY_MUX_i_2__1                                   | CLB.LUT.LUT4      |
    | grp_node_0_0_Pipeline_l_S_t_1_t_fu_256/hadd_16ns_16ns_16_3_no_dsp_1_U1/node_0_0_hadd_16ns_16ns_16_3_no_dsp_1_ip_u/U0/i_synth/ADDSUB_OP.ADDSUB/LOGIC_SPEED.OP/EXP/NUMB_CMP/NOT_FAST.CMP/C_CHAIN/CHAIN_GEN[0].C_MUX.CARRY_MUX_CARRY4_CARRY8                            | CLB.CARRY.CARRY8  |
    | grp_node_0_0_Pipeline_l_S_t_1_t_fu_256/hadd_16ns_16ns_16_3_no_dsp_1_U1/node_0_0_hadd_16ns_16ns_16_3_no_dsp_1_ip_u/U0/i_synth/ADDSUB_OP.ADDSUB/LOGIC_SPEED.OP/EXP/NUMB_CMP/NOT_FAST.CMP/C_CHAIN/CHAIN_GEN[1].C_MUX.CARRY_MUX_i_2__3                                   | CLB.LUT.LUT6      |
    | grp_node_0_0_Pipeline_l_S_t_1_t_fu_256/hadd_16ns_16ns_16_3_no_dsp_1_U1/node_0_0_hadd_16ns_16ns_16_3_no_dsp_1_ip_u/U0/i_synth/ADDSUB_OP.ADDSUB/LOGIC_SPEED.OP/EXP/NUMB_CMP/NOT_FAST.CMP/C_CHAIN/CHAIN_GEN[1].C_MUX.CARRY_MUX_i_1__5                                   | CLB.LUT.LUT4      |
    | grp_node_0_0_Pipeline_l_S_t_1_t_fu_256/hadd_16ns_16ns_16_3_no_dsp_1_U1/node_0_0_hadd_16ns_16ns_16_3_no_dsp_1_ip_u/U0/i_synth/ADDSUB_OP.ADDSUB/LOGIC_SPEED.OP/ALIGN_BLK/ALIGN_SHIFT/ALIGN_Z_D/EQ_ZERO/CARRY_ZERO_DET/CHAIN_GEN[0].C_MUX.CARRY_MUX_CARRY4_CARRY8       | CLB.CARRY.CARRY8  |
    | grp_node_0_0_Pipeline_l_S_t_1_t_fu_256/hadd_16ns_16ns_16_3_no_dsp_1_U1/node_0_0_hadd_16ns_16ns_16_3_no_dsp_1_ip_u/U0/i_synth/ADDSUB_OP.ADDSUB/LOGIC_SPEED.OP/EXP/NUMB_CMP/NOT_FAST.CMP/C_CHAIN/STRUCT_ADD1.CARRY_MUX2_i_7                                            | CLB.LUT.LUT5      |
    | grp_node_0_0_Pipeline_l_S_t_1_t_fu_256/hadd_16ns_16ns_16_3_no_dsp_1_U1/node_0_0_hadd_16ns_16ns_16_3_no_dsp_1_ip_u/U0/i_synth/ADDSUB_OP.ADDSUB/LOGIC_SPEED.OP/EXP/NUMB_CMP/NOT_FAST.CMP/C_CHAIN/STRUCT_ADD1.CARRY_MUX2_i_2                                            | CLB.LUT.LUT6      |
    | grp_node_0_0_Pipeline_l_S_t_1_t_fu_256/hadd_16ns_16ns_16_3_no_dsp_1_U1/node_0_0_hadd_16ns_16ns_16_3_no_dsp_1_ip_u/U0/i_synth/ADDSUB_OP.ADDSUB/LOGIC_SPEED.OP/EXP/NUMB_CMP/NOT_FAST.CMP/C_CHAIN/STRUCT_ADD1.CARRY_MUX2_i_1                                            | CLB.LUT.LUT6      |
    | grp_node_0_0_Pipeline_l_S_t_1_t_fu_256/hadd_16ns_16ns_16_3_no_dsp_1_U1/node_0_0_hadd_16ns_16ns_16_3_no_dsp_1_ip_u/U0/i_synth/ADDSUB_OP.ADDSUB/LOGIC_SPEED.OP/ALIGN_BLK/FRAC_ADDSUB/LOGIC_ADD.FRAC_ADDSUB/STRUCT_ADD1.CARRY_MUX1_CARRY4_CARRY8                        | CLB.CARRY.CARRY8  |
    | grp_node_0_0_Pipeline_l_S_t_1_t_fu_256/hadd_16ns_16ns_16_3_no_dsp_1_U1/node_0_0_hadd_16ns_16ns_16_3_no_dsp_1_ip_u/U0/i_synth/ADDSUB_OP.ADDSUB/LOGIC_SPEED.OP/ALIGN_BLK/FRAC_ADDSUB/LOGIC_ADD.FRAC_ADDSUB/STRUCT_ADD2.ADD1/CHAIN_GEN[0].C_MUX.CARRY_MUX_CARRY4_CARRY8 | CLB.CARRY.CARRY8  |
    | grp_node_0_0_Pipeline_l_S_t_1_t_fu_256/hadd_16ns_16ns_16_3_no_dsp_1_U1/node_0_0_hadd_16ns_16ns_16_3_no_dsp_1_ip_u/U0/i_synth/ADDSUB_OP.ADDSUB/LOGIC_SPEED.OP/ALIGN_BLK/FRAC_ADDSUB/LOGIC_ADD.FRAC_ADDSUB/STRUCT_ADD2.ADD1/CHAIN_GEN[0].C_MUX.CARRY_MUX_i_1__2        | CLB.LUT.LUT4      |
    | grp_node_0_0_Pipeline_l_S_t_1_t_fu_256/hadd_16ns_16ns_16_3_no_dsp_1_U1/node_0_0_hadd_16ns_16ns_16_3_no_dsp_1_ip_u/U0/i_synth/ADDSUB_OP.ADDSUB/LOGIC_SPEED.OP/NORM/LZE/ZERO_DET_CC_1/CHAIN_GEN[0].C_MUX.CARRY_MUX_CARRY4_CARRY8                                       | CLB.CARRY.CARRY8  |
    | grp_node_0_0_Pipeline_l_S_t_1_t_fu_256/hadd_16ns_16ns_16_3_no_dsp_1_U1/node_0_0_hadd_16ns_16ns_16_3_no_dsp_1_ip_u/U0/i_synth/ADDSUB_OP.ADDSUB/LOGIC_SPEED.OP/ALIGN_BLK/FRAC_ADDSUB/LOGIC_ADD.FRAC_ADDSUB/STRUCT_ADD2.ADD1/RESULT_REG.NORMAL.exp_op[2]_i_8            | CLB.LUT.LUT5      |
    | grp_node_0_0_Pipeline_l_S_t_1_t_fu_256/hadd_16ns_16ns_16_3_no_dsp_1_U1/node_0_0_hadd_16ns_16ns_16_3_no_dsp_1_ip_u/U0/i_synth/ADDSUB_OP.ADDSUB/LOGIC_SPEED.OP/ALIGN_BLK/FRAC_ADDSUB/LOGIC_ADD.FRAC_ADDSUB/STRUCT_ADD1.ADD1/RESULT_REG.NORMAL.exp_op[1]_i_3            | CLB.LUT.LUT5      |
    | grp_node_0_0_Pipeline_l_S_t_1_t_fu_256/hadd_16ns_16ns_16_3_no_dsp_1_U1/node_0_0_hadd_16ns_16ns_16_3_no_dsp_1_ip_u/U0/i_synth/ADDSUB_OP.ADDSUB/LOGIC_SPEED.OP/ALIGN_BLK/FRAC_ADDSUB/LOGIC_ADD.FRAC_ADDSUB/STRUCT_ADD1.ADD1/CHAIN_GEN[0].C_MUX.CARRY_MUX_i_6__0        | CLB.LUT.LUT5      |
    | grp_node_0_0_Pipeline_l_S_t_1_t_fu_256/hadd_16ns_16ns_16_3_no_dsp_1_U1/node_0_0_hadd_16ns_16ns_16_3_no_dsp_1_ip_u/U0/i_synth/ADDSUB_OP.ADDSUB/LOGIC_SPEED.OP/ALIGN_BLK/FRAC_ADDSUB/LOGIC_ADD.FRAC_ADDSUB/STRUCT_ADD1.ADD1/CHAIN_GEN[0].C_MUX.CARRY_MUX_i_3__0        | CLB.LUT.LUT6      |
    | grp_node_0_0_Pipeline_l_S_t_1_t_fu_256/hadd_16ns_16ns_16_3_no_dsp_1_U1/node_0_0_hadd_16ns_16ns_16_3_no_dsp_1_ip_u/U0/i_synth/ADDSUB_OP.ADDSUB/LOGIC_SPEED.OP/ALIGN_BLK/FRAC_ADDSUB/LOGIC_ADD.FRAC_ADDSUB/STRUCT_ADD1.ADD1/CHAIN_GEN[0].C_MUX.CARRY_MUX_i_1__10       | CLB.LUT.LUT5      |
    | grp_node_0_0_Pipeline_l_S_t_1_t_fu_256/hadd_16ns_16ns_16_3_no_dsp_1_U1/node_0_0_hadd_16ns_16ns_16_3_no_dsp_1_ip_u/U0/i_synth/ADDSUB_OP.ADDSUB/LOGIC_SPEED.OP/NORM/ROUND/RND_BIT_GEN/NORM_2.RND_CHAIN/CHAIN_GEN[0].C_MUX.CARRY_MUX_CARRY4_CARRY8                      | CLB.CARRY.CARRY8  |
    | grp_node_0_0_Pipeline_l_S_t_1_t_fu_256/hadd_16ns_16ns_16_3_no_dsp_1_U1/node_0_0_hadd_16ns_16ns_16_3_no_dsp_1_ip_u/U0/i_synth/ADDSUB_OP.ADDSUB/LOGIC_SPEED.OP/NORM/ROUND/LOGIC.RND1/CHAIN_GEN[2].C_MUX.CARRY_MUX_CARRY4_CARRY8                                        | CLB.CARRY.CARRY8  |
    | grp_node_0_0_Pipeline_l_S_t_1_t_fu_256/hadd_16ns_16ns_16_3_no_dsp_1_U1/node_0_0_hadd_16ns_16ns_16_3_no_dsp_1_ip_u/U0/i_synth/ADDSUB_OP.ADDSUB/LOGIC_SPEED.OP/NORM/ROUND/LOGIC.RND2/CHAIN_GEN[5].Q_XOR.SUM_XOR_CARRY4_CARRY8                                          | CLB.CARRY.CARRY8  |
    | grp_node_0_0_Pipeline_l_S_t_1_t_fu_256/hadd_16ns_16ns_16_3_no_dsp_1_U1/node_0_0_hadd_16ns_16ns_16_3_no_dsp_1_ip_u/U0/i_synth/ADDSUB_OP.ADDSUB/LOGIC_SPEED.OP/EXP/EXP_OFF.STRUCT_ADD/RESULT_REG.NORMAL.exp_op[0]_i_1                                                  | CLB.LUT.LUT5      |
    | grp_node_0_0_Pipeline_l_S_t_1_t_fu_256/hadd_16ns_16ns_16_3_no_dsp_1_U1/node_0_0_hadd_16ns_16ns_16_3_no_dsp_1_ip_u/U0/i_synth/ADDSUB_OP.ADDSUB/LOGIC_SPEED.OP/OP/RESULT_REG.NORMAL.exp_op_reg[0]                                                                      | REGISTER.SDR.FDRE |
    | grp_node_0_0_Pipeline_l_S_t_1_t_fu_256/hadd_16ns_16ns_16_3_no_dsp_1_U1/din1_buf1_reg[0]                                                                                                                                                                              | REGISTER.SDR.FDRE |
    | grp_node_0_0_Pipeline_l_S_t_1_t_fu_256/hadd_16ns_16ns_16_3_no_dsp_1_U1/node_0_0_hadd_16ns_16ns_16_3_no_dsp_1_ip_u/U0/i_synth/ADDSUB_OP.ADDSUB/LOGIC_SPEED.OP/EXP/NUMB_CMP/NOT_FAST.CMP/C_CHAIN/CHAIN_GEN[0].C_MUX.CARRY_MUX_i_2__1                                   | CLB.LUT.LUT4      |
    | grp_node_0_0_Pipeline_l_S_t_1_t_fu_256/hadd_16ns_16ns_16_3_no_dsp_1_U1/node_0_0_hadd_16ns_16ns_16_3_no_dsp_1_ip_u/U0/i_synth/ADDSUB_OP.ADDSUB/LOGIC_SPEED.OP/EXP/NUMB_CMP/NOT_FAST.CMP/C_CHAIN/CHAIN_GEN[0].C_MUX.CARRY_MUX_CARRY4_CARRY8                            | CLB.CARRY.CARRY8  |
    | grp_node_0_0_Pipeline_l_S_t_1_t_fu_256/hadd_16ns_16ns_16_3_no_dsp_1_U1/node_0_0_hadd_16ns_16ns_16_3_no_dsp_1_ip_u/U0/i_synth/ADDSUB_OP.ADDSUB/LOGIC_SPEED.OP/EXP/NUMB_CMP/NOT_FAST.CMP/C_CHAIN/CHAIN_GEN[1].C_MUX.CARRY_MUX_i_2__3                                   | CLB.LUT.LUT6      |
    | grp_node_0_0_Pipeline_l_S_t_1_t_fu_256/hadd_16ns_16ns_16_3_no_dsp_1_U1/node_0_0_hadd_16ns_16ns_16_3_no_dsp_1_ip_u/U0/i_synth/ADDSUB_OP.ADDSUB/LOGIC_SPEED.OP/EXP/NUMB_CMP/NOT_FAST.CMP/C_CHAIN/CHAIN_GEN[1].C_MUX.CARRY_MUX_i_1__5                                   | CLB.LUT.LUT4      |
    | grp_node_0_0_Pipeline_l_S_t_1_t_fu_256/hadd_16ns_16ns_16_3_no_dsp_1_U1/node_0_0_hadd_16ns_16ns_16_3_no_dsp_1_ip_u/U0/i_synth/ADDSUB_OP.ADDSUB/LOGIC_SPEED.OP/ALIGN_BLK/ALIGN_SHIFT/ALIGN_Z_D/EQ_ZERO/CARRY_ZERO_DET/CHAIN_GEN[0].C_MUX.CARRY_MUX_CARRY4_CARRY8       | CLB.CARRY.CARRY8  |
    | grp_node_0_0_Pipeline_l_S_t_1_t_fu_256/hadd_16ns_16ns_16_3_no_dsp_1_U1/node_0_0_hadd_16ns_16ns_16_3_no_dsp_1_ip_u/U0/i_synth/ADDSUB_OP.ADDSUB/LOGIC_SPEED.OP/EXP/NUMB_CMP/NOT_FAST.CMP/C_CHAIN/STRUCT_ADD1.CARRY_MUX2_i_7                                            | CLB.LUT.LUT5      |
    | grp_node_0_0_Pipeline_l_S_t_1_t_fu_256/hadd_16ns_16ns_16_3_no_dsp_1_U1/node_0_0_hadd_16ns_16ns_16_3_no_dsp_1_ip_u/U0/i_synth/ADDSUB_OP.ADDSUB/LOGIC_SPEED.OP/EXP/NUMB_CMP/NOT_FAST.CMP/C_CHAIN/STRUCT_ADD1.CARRY_MUX2_i_2                                            | CLB.LUT.LUT6      |
    | grp_node_0_0_Pipeline_l_S_t_1_t_fu_256/hadd_16ns_16ns_16_3_no_dsp_1_U1/node_0_0_hadd_16ns_16ns_16_3_no_dsp_1_ip_u/U0/i_synth/ADDSUB_OP.ADDSUB/LOGIC_SPEED.OP/EXP/NUMB_CMP/NOT_FAST.CMP/C_CHAIN/STRUCT_ADD1.CARRY_MUX2_i_1                                            | CLB.LUT.LUT6      |
    | grp_node_0_0_Pipeline_l_S_t_1_t_fu_256/hadd_16ns_16ns_16_3_no_dsp_1_U1/node_0_0_hadd_16ns_16ns_16_3_no_dsp_1_ip_u/U0/i_synth/ADDSUB_OP.ADDSUB/LOGIC_SPEED.OP/ALIGN_BLK/FRAC_ADDSUB/LOGIC_ADD.FRAC_ADDSUB/STRUCT_ADD1.CARRY_MUX1_CARRY4_CARRY8                        | CLB.CARRY.CARRY8  |
    | grp_node_0_0_Pipeline_l_S_t_1_t_fu_256/hadd_16ns_16ns_16_3_no_dsp_1_U1/node_0_0_hadd_16ns_16ns_16_3_no_dsp_1_ip_u/U0/i_synth/ADDSUB_OP.ADDSUB/LOGIC_SPEED.OP/ALIGN_BLK/FRAC_ADDSUB/LOGIC_ADD.FRAC_ADDSUB/STRUCT_ADD2.ADD1/CHAIN_GEN[0].C_MUX.CARRY_MUX_CARRY4_CARRY8 | CLB.CARRY.CARRY8  |
    | grp_node_0_0_Pipeline_l_S_t_1_t_fu_256/hadd_16ns_16ns_16_3_no_dsp_1_U1/node_0_0_hadd_16ns_16ns_16_3_no_dsp_1_ip_u/U0/i_synth/ADDSUB_OP.ADDSUB/LOGIC_SPEED.OP/ALIGN_BLK/FRAC_ADDSUB/LOGIC_ADD.FRAC_ADDSUB/STRUCT_ADD2.ADD1/CHAIN_GEN[0].C_MUX.CARRY_MUX_i_1__2        | CLB.LUT.LUT4      |
    | grp_node_0_0_Pipeline_l_S_t_1_t_fu_256/hadd_16ns_16ns_16_3_no_dsp_1_U1/node_0_0_hadd_16ns_16ns_16_3_no_dsp_1_ip_u/U0/i_synth/ADDSUB_OP.ADDSUB/LOGIC_SPEED.OP/NORM/LZE/ZERO_DET_CC_1/CHAIN_GEN[0].C_MUX.CARRY_MUX_CARRY4_CARRY8                                       | CLB.CARRY.CARRY8  |
    | grp_node_0_0_Pipeline_l_S_t_1_t_fu_256/hadd_16ns_16ns_16_3_no_dsp_1_U1/node_0_0_hadd_16ns_16ns_16_3_no_dsp_1_ip_u/U0/i_synth/ADDSUB_OP.ADDSUB/LOGIC_SPEED.OP/ALIGN_BLK/FRAC_ADDSUB/LOGIC_ADD.FRAC_ADDSUB/STRUCT_ADD2.ADD1/RESULT_REG.NORMAL.exp_op[2]_i_8            | CLB.LUT.LUT5      |
    | grp_node_0_0_Pipeline_l_S_t_1_t_fu_256/hadd_16ns_16ns_16_3_no_dsp_1_U1/node_0_0_hadd_16ns_16ns_16_3_no_dsp_1_ip_u/U0/i_synth/ADDSUB_OP.ADDSUB/LOGIC_SPEED.OP/ALIGN_BLK/FRAC_ADDSUB/LOGIC_ADD.FRAC_ADDSUB/STRUCT_ADD1.ADD1/RESULT_REG.NORMAL.exp_op[1]_i_3            | CLB.LUT.LUT5      |
    | grp_node_0_0_Pipeline_l_S_t_1_t_fu_256/hadd_16ns_16ns_16_3_no_dsp_1_U1/node_0_0_hadd_16ns_16ns_16_3_no_dsp_1_ip_u/U0/i_synth/ADDSUB_OP.ADDSUB/LOGIC_SPEED.OP/ALIGN_BLK/FRAC_ADDSUB/LOGIC_ADD.FRAC_ADDSUB/STRUCT_ADD1.ADD1/CHAIN_GEN[0].C_MUX.CARRY_MUX_i_6__0        | CLB.LUT.LUT5      |
    | grp_node_0_0_Pipeline_l_S_t_1_t_fu_256/hadd_16ns_16ns_16_3_no_dsp_1_U1/node_0_0_hadd_16ns_16ns_16_3_no_dsp_1_ip_u/U0/i_synth/ADDSUB_OP.ADDSUB/LOGIC_SPEED.OP/ALIGN_BLK/FRAC_ADDSUB/LOGIC_ADD.FRAC_ADDSUB/STRUCT_ADD1.ADD1/CHAIN_GEN[0].C_MUX.CARRY_MUX_i_3__0        | CLB.LUT.LUT6      |
    | grp_node_0_0_Pipeline_l_S_t_1_t_fu_256/hadd_16ns_16ns_16_3_no_dsp_1_U1/node_0_0_hadd_16ns_16ns_16_3_no_dsp_1_ip_u/U0/i_synth/ADDSUB_OP.ADDSUB/LOGIC_SPEED.OP/ALIGN_BLK/FRAC_ADDSUB/LOGIC_ADD.FRAC_ADDSUB/STRUCT_ADD1.ADD1/CHAIN_GEN[0].C_MUX.CARRY_MUX_i_1__10       | CLB.LUT.LUT5      |
    | grp_node_0_0_Pipeline_l_S_t_1_t_fu_256/hadd_16ns_16ns_16_3_no_dsp_1_U1/node_0_0_hadd_16ns_16ns_16_3_no_dsp_1_ip_u/U0/i_synth/ADDSUB_OP.ADDSUB/LOGIC_SPEED.OP/NORM/ROUND/RND_BIT_GEN/NORM_2.RND_CHAIN/CHAIN_GEN[0].C_MUX.CARRY_MUX_CARRY4_CARRY8                      | CLB.CARRY.CARRY8  |
    | grp_node_0_0_Pipeline_l_S_t_1_t_fu_256/hadd_16ns_16ns_16_3_no_dsp_1_U1/node_0_0_hadd_16ns_16ns_16_3_no_dsp_1_ip_u/U0/i_synth/ADDSUB_OP.ADDSUB/LOGIC_SPEED.OP/NORM/ROUND/LOGIC.RND1/CHAIN_GEN[2].C_MUX.CARRY_MUX_CARRY4_CARRY8                                        | CLB.CARRY.CARRY8  |
    | grp_node_0_0_Pipeline_l_S_t_1_t_fu_256/hadd_16ns_16ns_16_3_no_dsp_1_U1/node_0_0_hadd_16ns_16ns_16_3_no_dsp_1_ip_u/U0/i_synth/ADDSUB_OP.ADDSUB/LOGIC_SPEED.OP/NORM/ROUND/LOGIC.RND2/CHAIN_GEN[5].Q_XOR.SUM_XOR_CARRY4_CARRY8                                          | CLB.CARRY.CARRY8  |
    | grp_node_0_0_Pipeline_l_S_t_1_t_fu_256/hadd_16ns_16ns_16_3_no_dsp_1_U1/node_0_0_hadd_16ns_16ns_16_3_no_dsp_1_ip_u/U0/i_synth/ADDSUB_OP.ADDSUB/LOGIC_SPEED.OP/NORM/ROUND/LOGIC.RND2/RESULT_REG.NORMAL.exp_op[1]_i_1                                                   | CLB.LUT.LUT6      |
    | grp_node_0_0_Pipeline_l_S_t_1_t_fu_256/hadd_16ns_16ns_16_3_no_dsp_1_U1/node_0_0_hadd_16ns_16ns_16_3_no_dsp_1_ip_u/U0/i_synth/ADDSUB_OP.ADDSUB/LOGIC_SPEED.OP/OP/RESULT_REG.NORMAL.exp_op_reg[1]                                                                      | REGISTER.SDR.FDRE |
    +----------------------------------------------------------------------------------------------------------------------------------------------------------------------------------------------------------------------------------------------------------------------+-------------------+

    +----------------------------------------------------------------------------------------------------------------------------------------------------------------------------------------------------------------------------------------------------------------------+-------------------+
    | Path2 Cells                                                                                                                                                                                                                                                          | Primitive Type    |
    +----------------------------------------------------------------------------------------------------------------------------------------------------------------------------------------------------------------------------------------------------------------------+-------------------+
    | grp_node_0_0_Pipeline_l_S_t_1_t_fu_256/hadd_16ns_16ns_16_3_no_dsp_1_U1/din1_buf1_reg[0]                                                                                                                                                                              | REGISTER.SDR.FDRE |
    | grp_node_0_0_Pipeline_l_S_t_1_t_fu_256/hadd_16ns_16ns_16_3_no_dsp_1_U1/node_0_0_hadd_16ns_16ns_16_3_no_dsp_1_ip_u/U0/i_synth/ADDSUB_OP.ADDSUB/LOGIC_SPEED.OP/EXP/NUMB_CMP/NOT_FAST.CMP/C_CHAIN/CHAIN_GEN[0].C_MUX.CARRY_MUX_i_2__1                                   | CLB.LUT.LUT4      |
    | grp_node_0_0_Pipeline_l_S_t_1_t_fu_256/hadd_16ns_16ns_16_3_no_dsp_1_U1/node_0_0_hadd_16ns_16ns_16_3_no_dsp_1_ip_u/U0/i_synth/ADDSUB_OP.ADDSUB/LOGIC_SPEED.OP/EXP/NUMB_CMP/NOT_FAST.CMP/C_CHAIN/CHAIN_GEN[0].C_MUX.CARRY_MUX_CARRY4_CARRY8                            | CLB.CARRY.CARRY8  |
    | grp_node_0_0_Pipeline_l_S_t_1_t_fu_256/hadd_16ns_16ns_16_3_no_dsp_1_U1/node_0_0_hadd_16ns_16ns_16_3_no_dsp_1_ip_u/U0/i_synth/ADDSUB_OP.ADDSUB/LOGIC_SPEED.OP/EXP/NUMB_CMP/NOT_FAST.CMP/C_CHAIN/CHAIN_GEN[1].C_MUX.CARRY_MUX_i_2__3                                   | CLB.LUT.LUT6      |
    | grp_node_0_0_Pipeline_l_S_t_1_t_fu_256/hadd_16ns_16ns_16_3_no_dsp_1_U1/node_0_0_hadd_16ns_16ns_16_3_no_dsp_1_ip_u/U0/i_synth/ADDSUB_OP.ADDSUB/LOGIC_SPEED.OP/EXP/NUMB_CMP/NOT_FAST.CMP/C_CHAIN/CHAIN_GEN[1].C_MUX.CARRY_MUX_i_1__5                                   | CLB.LUT.LUT4      |
    | grp_node_0_0_Pipeline_l_S_t_1_t_fu_256/hadd_16ns_16ns_16_3_no_dsp_1_U1/node_0_0_hadd_16ns_16ns_16_3_no_dsp_1_ip_u/U0/i_synth/ADDSUB_OP.ADDSUB/LOGIC_SPEED.OP/ALIGN_BLK/ALIGN_SHIFT/ALIGN_Z_D/EQ_ZERO/CARRY_ZERO_DET/CHAIN_GEN[0].C_MUX.CARRY_MUX_CARRY4_CARRY8       | CLB.CARRY.CARRY8  |
    | grp_node_0_0_Pipeline_l_S_t_1_t_fu_256/hadd_16ns_16ns_16_3_no_dsp_1_U1/node_0_0_hadd_16ns_16ns_16_3_no_dsp_1_ip_u/U0/i_synth/ADDSUB_OP.ADDSUB/LOGIC_SPEED.OP/EXP/NUMB_CMP/NOT_FAST.CMP/C_CHAIN/STRUCT_ADD1.CARRY_MUX2_i_7                                            | CLB.LUT.LUT5      |
    | grp_node_0_0_Pipeline_l_S_t_1_t_fu_256/hadd_16ns_16ns_16_3_no_dsp_1_U1/node_0_0_hadd_16ns_16ns_16_3_no_dsp_1_ip_u/U0/i_synth/ADDSUB_OP.ADDSUB/LOGIC_SPEED.OP/EXP/NUMB_CMP/NOT_FAST.CMP/C_CHAIN/STRUCT_ADD1.CARRY_MUX2_i_2                                            | CLB.LUT.LUT6      |
    | grp_node_0_0_Pipeline_l_S_t_1_t_fu_256/hadd_16ns_16ns_16_3_no_dsp_1_U1/node_0_0_hadd_16ns_16ns_16_3_no_dsp_1_ip_u/U0/i_synth/ADDSUB_OP.ADDSUB/LOGIC_SPEED.OP/EXP/NUMB_CMP/NOT_FAST.CMP/C_CHAIN/STRUCT_ADD1.CARRY_MUX2_i_1                                            | CLB.LUT.LUT6      |
    | grp_node_0_0_Pipeline_l_S_t_1_t_fu_256/hadd_16ns_16ns_16_3_no_dsp_1_U1/node_0_0_hadd_16ns_16ns_16_3_no_dsp_1_ip_u/U0/i_synth/ADDSUB_OP.ADDSUB/LOGIC_SPEED.OP/ALIGN_BLK/FRAC_ADDSUB/LOGIC_ADD.FRAC_ADDSUB/STRUCT_ADD1.CARRY_MUX1_CARRY4_CARRY8                        | CLB.CARRY.CARRY8  |
    | grp_node_0_0_Pipeline_l_S_t_1_t_fu_256/hadd_16ns_16ns_16_3_no_dsp_1_U1/node_0_0_hadd_16ns_16ns_16_3_no_dsp_1_ip_u/U0/i_synth/ADDSUB_OP.ADDSUB/LOGIC_SPEED.OP/ALIGN_BLK/FRAC_ADDSUB/LOGIC_ADD.FRAC_ADDSUB/STRUCT_ADD2.ADD1/CHAIN_GEN[0].C_MUX.CARRY_MUX_CARRY4_CARRY8 | CLB.CARRY.CARRY8  |
    | grp_node_0_0_Pipeline_l_S_t_1_t_fu_256/hadd_16ns_16ns_16_3_no_dsp_1_U1/node_0_0_hadd_16ns_16ns_16_3_no_dsp_1_ip_u/U0/i_synth/ADDSUB_OP.ADDSUB/LOGIC_SPEED.OP/ALIGN_BLK/FRAC_ADDSUB/LOGIC_ADD.FRAC_ADDSUB/STRUCT_ADD2.ADD1/CHAIN_GEN[0].C_MUX.CARRY_MUX_i_1__2        | CLB.LUT.LUT4      |
    | grp_node_0_0_Pipeline_l_S_t_1_t_fu_256/hadd_16ns_16ns_16_3_no_dsp_1_U1/node_0_0_hadd_16ns_16ns_16_3_no_dsp_1_ip_u/U0/i_synth/ADDSUB_OP.ADDSUB/LOGIC_SPEED.OP/NORM/LZE/ZERO_DET_CC_1/CHAIN_GEN[0].C_MUX.CARRY_MUX_CARRY4_CARRY8                                       | CLB.CARRY.CARRY8  |
    | grp_node_0_0_Pipeline_l_S_t_1_t_fu_256/hadd_16ns_16ns_16_3_no_dsp_1_U1/node_0_0_hadd_16ns_16ns_16_3_no_dsp_1_ip_u/U0/i_synth/ADDSUB_OP.ADDSUB/LOGIC_SPEED.OP/ALIGN_BLK/FRAC_ADDSUB/LOGIC_ADD.FRAC_ADDSUB/STRUCT_ADD2.ADD1/RESULT_REG.NORMAL.exp_op[2]_i_8            | CLB.LUT.LUT5      |
    | grp_node_0_0_Pipeline_l_S_t_1_t_fu_256/hadd_16ns_16ns_16_3_no_dsp_1_U1/node_0_0_hadd_16ns_16ns_16_3_no_dsp_1_ip_u/U0/i_synth/ADDSUB_OP.ADDSUB/LOGIC_SPEED.OP/ALIGN_BLK/FRAC_ADDSUB/LOGIC_ADD.FRAC_ADDSUB/STRUCT_ADD1.ADD1/RESULT_REG.NORMAL.exp_op[1]_i_3            | CLB.LUT.LUT5      |
    | grp_node_0_0_Pipeline_l_S_t_1_t_fu_256/hadd_16ns_16ns_16_3_no_dsp_1_U1/node_0_0_hadd_16ns_16ns_16_3_no_dsp_1_ip_u/U0/i_synth/ADDSUB_OP.ADDSUB/LOGIC_SPEED.OP/ALIGN_BLK/FRAC_ADDSUB/LOGIC_ADD.FRAC_ADDSUB/STRUCT_ADD1.ADD1/CHAIN_GEN[0].C_MUX.CARRY_MUX_i_6__0        | CLB.LUT.LUT5      |
    | grp_node_0_0_Pipeline_l_S_t_1_t_fu_256/hadd_16ns_16ns_16_3_no_dsp_1_U1/node_0_0_hadd_16ns_16ns_16_3_no_dsp_1_ip_u/U0/i_synth/ADDSUB_OP.ADDSUB/LOGIC_SPEED.OP/ALIGN_BLK/FRAC_ADDSUB/LOGIC_ADD.FRAC_ADDSUB/STRUCT_ADD1.ADD1/CHAIN_GEN[0].C_MUX.CARRY_MUX_i_3__0        | CLB.LUT.LUT6      |
    | grp_node_0_0_Pipeline_l_S_t_1_t_fu_256/hadd_16ns_16ns_16_3_no_dsp_1_U1/node_0_0_hadd_16ns_16ns_16_3_no_dsp_1_ip_u/U0/i_synth/ADDSUB_OP.ADDSUB/LOGIC_SPEED.OP/ALIGN_BLK/FRAC_ADDSUB/LOGIC_ADD.FRAC_ADDSUB/STRUCT_ADD1.ADD1/CHAIN_GEN[0].C_MUX.CARRY_MUX_i_1__10       | CLB.LUT.LUT5      |
    | grp_node_0_0_Pipeline_l_S_t_1_t_fu_256/hadd_16ns_16ns_16_3_no_dsp_1_U1/node_0_0_hadd_16ns_16ns_16_3_no_dsp_1_ip_u/U0/i_synth/ADDSUB_OP.ADDSUB/LOGIC_SPEED.OP/NORM/ROUND/RND_BIT_GEN/NORM_2.RND_CHAIN/CHAIN_GEN[0].C_MUX.CARRY_MUX_CARRY4_CARRY8                      | CLB.CARRY.CARRY8  |
    | grp_node_0_0_Pipeline_l_S_t_1_t_fu_256/hadd_16ns_16ns_16_3_no_dsp_1_U1/node_0_0_hadd_16ns_16ns_16_3_no_dsp_1_ip_u/U0/i_synth/ADDSUB_OP.ADDSUB/LOGIC_SPEED.OP/NORM/ROUND/LOGIC.RND1/CHAIN_GEN[2].C_MUX.CARRY_MUX_CARRY4_CARRY8                                        | CLB.CARRY.CARRY8  |
    | grp_node_0_0_Pipeline_l_S_t_1_t_fu_256/hadd_16ns_16ns_16_3_no_dsp_1_U1/node_0_0_hadd_16ns_16ns_16_3_no_dsp_1_ip_u/U0/i_synth/ADDSUB_OP.ADDSUB/LOGIC_SPEED.OP/NORM/ROUND/LOGIC.RND2/CHAIN_GEN[5].Q_XOR.SUM_XOR_CARRY4_CARRY8                                          | CLB.CARRY.CARRY8  |
    | grp_node_0_0_Pipeline_l_S_t_1_t_fu_256/hadd_16ns_16ns_16_3_no_dsp_1_U1/node_0_0_hadd_16ns_16ns_16_3_no_dsp_1_ip_u/U0/i_synth/ADDSUB_OP.ADDSUB/LOGIC_SPEED.OP/NORM/LZE/ZERO_DET_CC_1/RESULT_REG.NORMAL.exp_op[4]_i_3                                                  | CLB.LUT.LUT6      |
    | grp_node_0_0_Pipeline_l_S_t_1_t_fu_256/hadd_16ns_16ns_16_3_no_dsp_1_U1/node_0_0_hadd_16ns_16ns_16_3_no_dsp_1_ip_u/U0/i_synth/ADDSUB_OP.ADDSUB/LOGIC_SPEED.OP/NORM/LZE/ZERO_DET_CC_1/RESULT_REG.NORMAL.exp_op[3]_i_1                                                  | CLB.LUT.LUT6      |
    | grp_node_0_0_Pipeline_l_S_t_1_t_fu_256/hadd_16ns_16ns_16_3_no_dsp_1_U1/node_0_0_hadd_16ns_16ns_16_3_no_dsp_1_ip_u/U0/i_synth/ADDSUB_OP.ADDSUB/LOGIC_SPEED.OP/OP/RESULT_REG.NORMAL.exp_op_reg[3]                                                                      | REGISTER.SDR.FDRE |
    | grp_node_0_0_Pipeline_l_S_t_1_t_fu_256/hadd_16ns_16ns_16_3_no_dsp_1_U1/din1_buf1_reg[0]                                                                                                                                                                              | REGISTER.SDR.FDRE |
    | grp_node_0_0_Pipeline_l_S_t_1_t_fu_256/hadd_16ns_16ns_16_3_no_dsp_1_U1/node_0_0_hadd_16ns_16ns_16_3_no_dsp_1_ip_u/U0/i_synth/ADDSUB_OP.ADDSUB/LOGIC_SPEED.OP/EXP/NUMB_CMP/NOT_FAST.CMP/C_CHAIN/CHAIN_GEN[0].C_MUX.CARRY_MUX_i_2__1                                   | CLB.LUT.LUT4      |
    | grp_node_0_0_Pipeline_l_S_t_1_t_fu_256/hadd_16ns_16ns_16_3_no_dsp_1_U1/node_0_0_hadd_16ns_16ns_16_3_no_dsp_1_ip_u/U0/i_synth/ADDSUB_OP.ADDSUB/LOGIC_SPEED.OP/EXP/NUMB_CMP/NOT_FAST.CMP/C_CHAIN/CHAIN_GEN[0].C_MUX.CARRY_MUX_CARRY4_CARRY8                            | CLB.CARRY.CARRY8  |
    | grp_node_0_0_Pipeline_l_S_t_1_t_fu_256/hadd_16ns_16ns_16_3_no_dsp_1_U1/node_0_0_hadd_16ns_16ns_16_3_no_dsp_1_ip_u/U0/i_synth/ADDSUB_OP.ADDSUB/LOGIC_SPEED.OP/EXP/NUMB_CMP/NOT_FAST.CMP/C_CHAIN/CHAIN_GEN[1].C_MUX.CARRY_MUX_i_2__3                                   | CLB.LUT.LUT6      |
    | grp_node_0_0_Pipeline_l_S_t_1_t_fu_256/hadd_16ns_16ns_16_3_no_dsp_1_U1/node_0_0_hadd_16ns_16ns_16_3_no_dsp_1_ip_u/U0/i_synth/ADDSUB_OP.ADDSUB/LOGIC_SPEED.OP/EXP/NUMB_CMP/NOT_FAST.CMP/C_CHAIN/CHAIN_GEN[1].C_MUX.CARRY_MUX_i_1__5                                   | CLB.LUT.LUT4      |
    | grp_node_0_0_Pipeline_l_S_t_1_t_fu_256/hadd_16ns_16ns_16_3_no_dsp_1_U1/node_0_0_hadd_16ns_16ns_16_3_no_dsp_1_ip_u/U0/i_synth/ADDSUB_OP.ADDSUB/LOGIC_SPEED.OP/ALIGN_BLK/ALIGN_SHIFT/ALIGN_Z_D/EQ_ZERO/CARRY_ZERO_DET/CHAIN_GEN[0].C_MUX.CARRY_MUX_CARRY4_CARRY8       | CLB.CARRY.CARRY8  |
    | grp_node_0_0_Pipeline_l_S_t_1_t_fu_256/hadd_16ns_16ns_16_3_no_dsp_1_U1/node_0_0_hadd_16ns_16ns_16_3_no_dsp_1_ip_u/U0/i_synth/ADDSUB_OP.ADDSUB/LOGIC_SPEED.OP/EXP/NUMB_CMP/NOT_FAST.CMP/C_CHAIN/STRUCT_ADD1.CARRY_MUX2_i_7                                            | CLB.LUT.LUT5      |
    | grp_node_0_0_Pipeline_l_S_t_1_t_fu_256/hadd_16ns_16ns_16_3_no_dsp_1_U1/node_0_0_hadd_16ns_16ns_16_3_no_dsp_1_ip_u/U0/i_synth/ADDSUB_OP.ADDSUB/LOGIC_SPEED.OP/EXP/NUMB_CMP/NOT_FAST.CMP/C_CHAIN/STRUCT_ADD1.CARRY_MUX2_i_2                                            | CLB.LUT.LUT6      |
    | grp_node_0_0_Pipeline_l_S_t_1_t_fu_256/hadd_16ns_16ns_16_3_no_dsp_1_U1/node_0_0_hadd_16ns_16ns_16_3_no_dsp_1_ip_u/U0/i_synth/ADDSUB_OP.ADDSUB/LOGIC_SPEED.OP/EXP/NUMB_CMP/NOT_FAST.CMP/C_CHAIN/STRUCT_ADD1.CARRY_MUX2_i_1                                            | CLB.LUT.LUT6      |
    | grp_node_0_0_Pipeline_l_S_t_1_t_fu_256/hadd_16ns_16ns_16_3_no_dsp_1_U1/node_0_0_hadd_16ns_16ns_16_3_no_dsp_1_ip_u/U0/i_synth/ADDSUB_OP.ADDSUB/LOGIC_SPEED.OP/ALIGN_BLK/FRAC_ADDSUB/LOGIC_ADD.FRAC_ADDSUB/STRUCT_ADD1.CARRY_MUX1_CARRY4_CARRY8                        | CLB.CARRY.CARRY8  |
    | grp_node_0_0_Pipeline_l_S_t_1_t_fu_256/hadd_16ns_16ns_16_3_no_dsp_1_U1/node_0_0_hadd_16ns_16ns_16_3_no_dsp_1_ip_u/U0/i_synth/ADDSUB_OP.ADDSUB/LOGIC_SPEED.OP/ALIGN_BLK/FRAC_ADDSUB/LOGIC_ADD.FRAC_ADDSUB/STRUCT_ADD2.ADD1/CHAIN_GEN[0].C_MUX.CARRY_MUX_CARRY4_CARRY8 | CLB.CARRY.CARRY8  |
    | grp_node_0_0_Pipeline_l_S_t_1_t_fu_256/hadd_16ns_16ns_16_3_no_dsp_1_U1/node_0_0_hadd_16ns_16ns_16_3_no_dsp_1_ip_u/U0/i_synth/ADDSUB_OP.ADDSUB/LOGIC_SPEED.OP/ALIGN_BLK/FRAC_ADDSUB/LOGIC_ADD.FRAC_ADDSUB/STRUCT_ADD2.ADD1/CHAIN_GEN[0].C_MUX.CARRY_MUX_i_1__2        | CLB.LUT.LUT4      |
    | grp_node_0_0_Pipeline_l_S_t_1_t_fu_256/hadd_16ns_16ns_16_3_no_dsp_1_U1/node_0_0_hadd_16ns_16ns_16_3_no_dsp_1_ip_u/U0/i_synth/ADDSUB_OP.ADDSUB/LOGIC_SPEED.OP/NORM/LZE/ZERO_DET_CC_1/CHAIN_GEN[0].C_MUX.CARRY_MUX_CARRY4_CARRY8                                       | CLB.CARRY.CARRY8  |
    | grp_node_0_0_Pipeline_l_S_t_1_t_fu_256/hadd_16ns_16ns_16_3_no_dsp_1_U1/node_0_0_hadd_16ns_16ns_16_3_no_dsp_1_ip_u/U0/i_synth/ADDSUB_OP.ADDSUB/LOGIC_SPEED.OP/ALIGN_BLK/FRAC_ADDSUB/LOGIC_ADD.FRAC_ADDSUB/STRUCT_ADD2.ADD1/RESULT_REG.NORMAL.exp_op[2]_i_8            | CLB.LUT.LUT5      |
    | grp_node_0_0_Pipeline_l_S_t_1_t_fu_256/hadd_16ns_16ns_16_3_no_dsp_1_U1/node_0_0_hadd_16ns_16ns_16_3_no_dsp_1_ip_u/U0/i_synth/ADDSUB_OP.ADDSUB/LOGIC_SPEED.OP/ALIGN_BLK/FRAC_ADDSUB/LOGIC_ADD.FRAC_ADDSUB/STRUCT_ADD1.ADD1/RESULT_REG.NORMAL.exp_op[1]_i_3            | CLB.LUT.LUT5      |
    | grp_node_0_0_Pipeline_l_S_t_1_t_fu_256/hadd_16ns_16ns_16_3_no_dsp_1_U1/node_0_0_hadd_16ns_16ns_16_3_no_dsp_1_ip_u/U0/i_synth/ADDSUB_OP.ADDSUB/LOGIC_SPEED.OP/ALIGN_BLK/FRAC_ADDSUB/LOGIC_ADD.FRAC_ADDSUB/STRUCT_ADD1.ADD1/CHAIN_GEN[0].C_MUX.CARRY_MUX_i_6__0        | CLB.LUT.LUT5      |
    | grp_node_0_0_Pipeline_l_S_t_1_t_fu_256/hadd_16ns_16ns_16_3_no_dsp_1_U1/node_0_0_hadd_16ns_16ns_16_3_no_dsp_1_ip_u/U0/i_synth/ADDSUB_OP.ADDSUB/LOGIC_SPEED.OP/ALIGN_BLK/FRAC_ADDSUB/LOGIC_ADD.FRAC_ADDSUB/STRUCT_ADD1.ADD1/CHAIN_GEN[0].C_MUX.CARRY_MUX_i_3__0        | CLB.LUT.LUT6      |
    | grp_node_0_0_Pipeline_l_S_t_1_t_fu_256/hadd_16ns_16ns_16_3_no_dsp_1_U1/node_0_0_hadd_16ns_16ns_16_3_no_dsp_1_ip_u/U0/i_synth/ADDSUB_OP.ADDSUB/LOGIC_SPEED.OP/ALIGN_BLK/FRAC_ADDSUB/LOGIC_ADD.FRAC_ADDSUB/STRUCT_ADD1.ADD1/CHAIN_GEN[0].C_MUX.CARRY_MUX_i_1__10       | CLB.LUT.LUT5      |
    | grp_node_0_0_Pipeline_l_S_t_1_t_fu_256/hadd_16ns_16ns_16_3_no_dsp_1_U1/node_0_0_hadd_16ns_16ns_16_3_no_dsp_1_ip_u/U0/i_synth/ADDSUB_OP.ADDSUB/LOGIC_SPEED.OP/NORM/ROUND/RND_BIT_GEN/NORM_2.RND_CHAIN/CHAIN_GEN[0].C_MUX.CARRY_MUX_CARRY4_CARRY8                      | CLB.CARRY.CARRY8  |
    | grp_node_0_0_Pipeline_l_S_t_1_t_fu_256/hadd_16ns_16ns_16_3_no_dsp_1_U1/node_0_0_hadd_16ns_16ns_16_3_no_dsp_1_ip_u/U0/i_synth/ADDSUB_OP.ADDSUB/LOGIC_SPEED.OP/NORM/ROUND/LOGIC.RND1/CHAIN_GEN[2].C_MUX.CARRY_MUX_CARRY4_CARRY8                                        | CLB.CARRY.CARRY8  |
    | grp_node_0_0_Pipeline_l_S_t_1_t_fu_256/hadd_16ns_16ns_16_3_no_dsp_1_U1/node_0_0_hadd_16ns_16ns_16_3_no_dsp_1_ip_u/U0/i_synth/ADDSUB_OP.ADDSUB/LOGIC_SPEED.OP/NORM/ROUND/LOGIC.RND2/CHAIN_GEN[5].Q_XOR.SUM_XOR_CARRY4_CARRY8                                          | CLB.CARRY.CARRY8  |
    | grp_node_0_0_Pipeline_l_S_t_1_t_fu_256/hadd_16ns_16ns_16_3_no_dsp_1_U1/node_0_0_hadd_16ns_16ns_16_3_no_dsp_1_ip_u/U0/i_synth/ADDSUB_OP.ADDSUB/LOGIC_SPEED.OP/NORM/LZE/ZERO_DET_CC_1/RESULT_REG.NORMAL.exp_op[4]_i_3                                                  | CLB.LUT.LUT6      |
    | grp_node_0_0_Pipeline_l_S_t_1_t_fu_256/hadd_16ns_16ns_16_3_no_dsp_1_U1/node_0_0_hadd_16ns_16ns_16_3_no_dsp_1_ip_u/U0/i_synth/ADDSUB_OP.ADDSUB/LOGIC_SPEED.OP/NORM/LZE/ZERO_DET_CC_1/RESULT_REG.NORMAL.exp_op[4]_i_1                                                  | CLB.LUT.LUT6      |
    | grp_node_0_0_Pipeline_l_S_t_1_t_fu_256/hadd_16ns_16ns_16_3_no_dsp_1_U1/node_0_0_hadd_16ns_16ns_16_3_no_dsp_1_ip_u/U0/i_synth/ADDSUB_OP.ADDSUB/LOGIC_SPEED.OP/OP/RESULT_REG.NORMAL.exp_op_reg[4]                                                                      | REGISTER.SDR.FDRE |
    | grp_node_0_0_Pipeline_l_S_t_1_t_fu_256/hadd_16ns_16ns_16_3_no_dsp_1_U1/din1_buf1_reg[0]                                                                                                                                                                              | REGISTER.SDR.FDRE |
    | grp_node_0_0_Pipeline_l_S_t_1_t_fu_256/hsub_16ns_16ns_16_3_no_dsp_1_U2/node_0_0_hsub_16ns_16ns_16_3_no_dsp_1_ip_u/U0/i_synth/ADDSUB_OP.ADDSUB/LOGIC_SPEED.OP/EXP/NUMB_CMP/NOT_FAST.CMP/C_CHAIN/CHAIN_GEN[0].C_MUX.CARRY_MUX_i_2__1                                   | CLB.LUT.LUT4      |
    | grp_node_0_0_Pipeline_l_S_t_1_t_fu_256/hsub_16ns_16ns_16_3_no_dsp_1_U2/node_0_0_hsub_16ns_16ns_16_3_no_dsp_1_ip_u/U0/i_synth/ADDSUB_OP.ADDSUB/LOGIC_SPEED.OP/EXP/NUMB_CMP/NOT_FAST.CMP/C_CHAIN/CHAIN_GEN[0].C_MUX.CARRY_MUX_CARRY4_CARRY8                            | CLB.CARRY.CARRY8  |
    | grp_node_0_0_Pipeline_l_S_t_1_t_fu_256/hsub_16ns_16ns_16_3_no_dsp_1_U2/node_0_0_hsub_16ns_16ns_16_3_no_dsp_1_ip_u/U0/i_synth/ADDSUB_OP.ADDSUB/LOGIC_SPEED.OP/EXP/NUMB_CMP/NOT_FAST.CMP/C_CHAIN/CHAIN_GEN[1].C_MUX.CARRY_MUX_i_2__2                                   | CLB.LUT.LUT6      |
    | grp_node_0_0_Pipeline_l_S_t_1_t_fu_256/hsub_16ns_16ns_16_3_no_dsp_1_U2/node_0_0_hsub_16ns_16ns_16_3_no_dsp_1_ip_u/U0/i_synth/ADDSUB_OP.ADDSUB/LOGIC_SPEED.OP/EXP/NUMB_CMP/NOT_FAST.CMP/C_CHAIN/CHAIN_GEN[1].C_MUX.CARRY_MUX_i_1__1                                   | CLB.LUT.LUT4      |
    | grp_node_0_0_Pipeline_l_S_t_1_t_fu_256/hsub_16ns_16ns_16_3_no_dsp_1_U2/node_0_0_hsub_16ns_16ns_16_3_no_dsp_1_ip_u/U0/i_synth/ADDSUB_OP.ADDSUB/LOGIC_SPEED.OP/ALIGN_BLK/ALIGN_SHIFT/ALIGN_Z_D/EQ_ZERO/CARRY_ZERO_DET/CHAIN_GEN[0].C_MUX.CARRY_MUX_CARRY4_CARRY8       | CLB.CARRY.CARRY8  |
    | grp_node_0_0_Pipeline_l_S_t_1_t_fu_256/hsub_16ns_16ns_16_3_no_dsp_1_U2/node_0_0_hsub_16ns_16ns_16_3_no_dsp_1_ip_u/U0/i_synth/ADDSUB_OP.ADDSUB/LOGIC_SPEED.OP/ALIGN_BLK/ALIGN_SHIFT/ALIGN_Z_D/EQ_ZERO/CARRY_ZERO_DET/STRUCT_ADD1.CARRY_MUX2_i_7                       | CLB.LUT.LUT5      |
    | grp_node_0_0_Pipeline_l_S_t_1_t_fu_256/hsub_16ns_16ns_16_3_no_dsp_1_U2/node_0_0_hsub_16ns_16ns_16_3_no_dsp_1_ip_u/U0/i_synth/ADDSUB_OP.ADDSUB/LOGIC_SPEED.OP/EXP/NUMB_CMP/NOT_FAST.CMP/C_CHAIN/STRUCT_ADD1.CARRY_MUX2_i_1                                            | CLB.LUT.LUT6      |
    | grp_node_0_0_Pipeline_l_S_t_1_t_fu_256/hsub_16ns_16ns_16_3_no_dsp_1_U2/node_0_0_hsub_16ns_16ns_16_3_no_dsp_1_ip_u/U0/i_synth/ADDSUB_OP.ADDSUB/LOGIC_SPEED.OP/ALIGN_BLK/FRAC_ADDSUB/LOGIC_ADD.FRAC_ADDSUB/STRUCT_ADD1.CARRY_MUX1_CARRY4_CARRY8                        | CLB.CARRY.CARRY8  |
    | grp_node_0_0_Pipeline_l_S_t_1_t_fu_256/hsub_16ns_16ns_16_3_no_dsp_1_U2/node_0_0_hsub_16ns_16ns_16_3_no_dsp_1_ip_u/U0/i_synth/ADDSUB_OP.ADDSUB/LOGIC_SPEED.OP/ALIGN_BLK/FRAC_ADDSUB/LOGIC_ADD.FRAC_ADDSUB/STRUCT_ADD2.ADD1/CHAIN_GEN[0].C_MUX.CARRY_MUX_CARRY4_CARRY8 | CLB.CARRY.CARRY8  |
    | grp_node_0_0_Pipeline_l_S_t_1_t_fu_256/hsub_16ns_16ns_16_3_no_dsp_1_U2/node_0_0_hsub_16ns_16ns_16_3_no_dsp_1_ip_u/U0/i_synth/ADDSUB_OP.ADDSUB/LOGIC_SPEED.OP/ALIGN_BLK/FRAC_ADDSUB/LOGIC_ADD.FRAC_ADDSUB/STRUCT_ADD2.ADD1/CHAIN_GEN[0].C_MUX.CARRY_MUX_i_1__5        | CLB.LUT.LUT4      |
    | grp_node_0_0_Pipeline_l_S_t_1_t_fu_256/hsub_16ns_16ns_16_3_no_dsp_1_U2/node_0_0_hsub_16ns_16ns_16_3_no_dsp_1_ip_u/U0/i_synth/ADDSUB_OP.ADDSUB/LOGIC_SPEED.OP/NORM/LZE/ZERO_DET_CC_1/CHAIN_GEN[0].C_MUX.CARRY_MUX_CARRY4_CARRY8                                       | CLB.CARRY.CARRY8  |
    | grp_node_0_0_Pipeline_l_S_t_1_t_fu_256/hsub_16ns_16ns_16_3_no_dsp_1_U2/node_0_0_hsub_16ns_16ns_16_3_no_dsp_1_ip_u/U0/i_synth/ADDSUB_OP.ADDSUB/LOGIC_SPEED.OP/ALIGN_BLK/FRAC_ADDSUB/LOGIC_ADD.FRAC_ADDSUB/STRUCT_ADD1.ADD1/CHAIN_GEN[1].C_MUX.CARRY_MUX_i_6           | CLB.LUT.LUT6      |
    | grp_node_0_0_Pipeline_l_S_t_1_t_fu_256/hsub_16ns_16ns_16_3_no_dsp_1_U2/node_0_0_hsub_16ns_16ns_16_3_no_dsp_1_ip_u/U0/i_synth/ADDSUB_OP.ADDSUB/LOGIC_SPEED.OP/ALIGN_BLK/FRAC_ADDSUB/LOGIC_ADD.FRAC_ADDSUB/STRUCT_ADD2.ADD1/CHAIN_GEN[1].C_MUX.CARRY_MUX_i_2__3        | CLB.LUT.LUT6      |
    | grp_node_0_0_Pipeline_l_S_t_1_t_fu_256/hsub_16ns_16ns_16_3_no_dsp_1_U2/node_0_0_hsub_16ns_16ns_16_3_no_dsp_1_ip_u/U0/i_synth/ADDSUB_OP.ADDSUB/LOGIC_SPEED.OP/ALIGN_BLK/FRAC_ADDSUB/LOGIC_ADD.FRAC_ADDSUB/STRUCT_ADD2.ADD1/CHAIN_GEN[0].C_MUX.CARRY_MUX_i_7__0        | CLB.LUT.LUT5      |
    | grp_node_0_0_Pipeline_l_S_t_1_t_fu_256/hsub_16ns_16ns_16_3_no_dsp_1_U2/node_0_0_hsub_16ns_16ns_16_3_no_dsp_1_ip_u/U0/i_synth/ADDSUB_OP.ADDSUB/LOGIC_SPEED.OP/ALIGN_BLK/FRAC_ADDSUB/LOGIC_ADD.FRAC_ADDSUB/STRUCT_ADD1.ADD1/CHAIN_GEN[0].C_MUX.CARRY_MUX_i_5__0        | CLB.LUT.LUT6      |
    | grp_node_0_0_Pipeline_l_S_t_1_t_fu_256/hsub_16ns_16ns_16_3_no_dsp_1_U2/node_0_0_hsub_16ns_16ns_16_3_no_dsp_1_ip_u/U0/i_synth/ADDSUB_OP.ADDSUB/LOGIC_SPEED.OP/ALIGN_BLK/FRAC_ADDSUB/LOGIC_ADD.FRAC_ADDSUB/STRUCT_ADD1.ADD1/CHAIN_GEN[0].C_MUX.CARRY_MUX_i_1__9        | CLB.LUT.LUT6      |
    | grp_node_0_0_Pipeline_l_S_t_1_t_fu_256/hsub_16ns_16ns_16_3_no_dsp_1_U2/node_0_0_hsub_16ns_16ns_16_3_no_dsp_1_ip_u/U0/i_synth/ADDSUB_OP.ADDSUB/LOGIC_SPEED.OP/NORM/ROUND/RND_BIT_GEN/NORM_2.RND_CHAIN/CHAIN_GEN[0].C_MUX.CARRY_MUX_CARRY4_CARRY8                      | CLB.CARRY.CARRY8  |
    | grp_node_0_0_Pipeline_l_S_t_1_t_fu_256/hsub_16ns_16ns_16_3_no_dsp_1_U2/node_0_0_hsub_16ns_16ns_16_3_no_dsp_1_ip_u/U0/i_synth/ADDSUB_OP.ADDSUB/LOGIC_SPEED.OP/NORM/ROUND/LOGIC.RND1/CHAIN_GEN[2].C_MUX.CARRY_MUX_CARRY4_CARRY8                                        | CLB.CARRY.CARRY8  |
    | grp_node_0_0_Pipeline_l_S_t_1_t_fu_256/hsub_16ns_16ns_16_3_no_dsp_1_U2/node_0_0_hsub_16ns_16ns_16_3_no_dsp_1_ip_u/U0/i_synth/ADDSUB_OP.ADDSUB/LOGIC_SPEED.OP/NORM/ROUND/LOGIC.RND2/CHAIN_GEN[5].Q_XOR.SUM_XOR_CARRY4_CARRY8                                          | CLB.CARRY.CARRY8  |
    | grp_node_0_0_Pipeline_l_S_t_1_t_fu_256/hsub_16ns_16ns_16_3_no_dsp_1_U2/node_0_0_hsub_16ns_16ns_16_3_no_dsp_1_ip_u/U0/i_synth/ADDSUB_OP.ADDSUB/LOGIC_SPEED.OP/ALIGN_BLK/FRAC_ADDSUB/LOGIC_ADD.FRAC_ADDSUB/STRUCT_ADD1.ADD1/RESULT_REG.NORMAL.exp_op[0]_i_2            | CLB.LUT.LUT6      |
    | grp_node_0_0_Pipeline_l_S_t_1_t_fu_256/hsub_16ns_16ns_16_3_no_dsp_1_U2/node_0_0_hsub_16ns_16ns_16_3_no_dsp_1_ip_u/U0/i_synth/ADDSUB_OP.ADDSUB/LOGIC_SPEED.OP/EXP/EXP_OFF.STRUCT_ADD/RESULT_REG.NORMAL.exp_op[0]_i_1                                                  | CLB.LUT.LUT6      |
    | grp_node_0_0_Pipeline_l_S_t_1_t_fu_256/hsub_16ns_16ns_16_3_no_dsp_1_U2/node_0_0_hsub_16ns_16ns_16_3_no_dsp_1_ip_u/U0/i_synth/ADDSUB_OP.ADDSUB/LOGIC_SPEED.OP/OP/RESULT_REG.NORMAL.exp_op_reg[0]                                                                      | REGISTER.SDR.FDRE |
    | grp_node_0_0_Pipeline_l_S_t_1_t_fu_256/hadd_16ns_16ns_16_3_no_dsp_1_U1/din1_buf1_reg[0]                                                                                                                                                                              | REGISTER.SDR.FDRE |
    | grp_node_0_0_Pipeline_l_S_t_1_t_fu_256/hsub_16ns_16ns_16_3_no_dsp_1_U2/node_0_0_hsub_16ns_16ns_16_3_no_dsp_1_ip_u/U0/i_synth/ADDSUB_OP.ADDSUB/LOGIC_SPEED.OP/EXP/NUMB_CMP/NOT_FAST.CMP/C_CHAIN/CHAIN_GEN[0].C_MUX.CARRY_MUX_i_2__1                                   | CLB.LUT.LUT4      |
    | grp_node_0_0_Pipeline_l_S_t_1_t_fu_256/hsub_16ns_16ns_16_3_no_dsp_1_U2/node_0_0_hsub_16ns_16ns_16_3_no_dsp_1_ip_u/U0/i_synth/ADDSUB_OP.ADDSUB/LOGIC_SPEED.OP/EXP/NUMB_CMP/NOT_FAST.CMP/C_CHAIN/CHAIN_GEN[0].C_MUX.CARRY_MUX_CARRY4_CARRY8                            | CLB.CARRY.CARRY8  |
    | grp_node_0_0_Pipeline_l_S_t_1_t_fu_256/hsub_16ns_16ns_16_3_no_dsp_1_U2/node_0_0_hsub_16ns_16ns_16_3_no_dsp_1_ip_u/U0/i_synth/ADDSUB_OP.ADDSUB/LOGIC_SPEED.OP/EXP/NUMB_CMP/NOT_FAST.CMP/C_CHAIN/CHAIN_GEN[1].C_MUX.CARRY_MUX_i_2__2                                   | CLB.LUT.LUT6      |
    | grp_node_0_0_Pipeline_l_S_t_1_t_fu_256/hsub_16ns_16ns_16_3_no_dsp_1_U2/node_0_0_hsub_16ns_16ns_16_3_no_dsp_1_ip_u/U0/i_synth/ADDSUB_OP.ADDSUB/LOGIC_SPEED.OP/EXP/NUMB_CMP/NOT_FAST.CMP/C_CHAIN/CHAIN_GEN[1].C_MUX.CARRY_MUX_i_1__1                                   | CLB.LUT.LUT4      |
    | grp_node_0_0_Pipeline_l_S_t_1_t_fu_256/hsub_16ns_16ns_16_3_no_dsp_1_U2/node_0_0_hsub_16ns_16ns_16_3_no_dsp_1_ip_u/U0/i_synth/ADDSUB_OP.ADDSUB/LOGIC_SPEED.OP/ALIGN_BLK/ALIGN_SHIFT/ALIGN_Z_D/EQ_ZERO/CARRY_ZERO_DET/CHAIN_GEN[0].C_MUX.CARRY_MUX_CARRY4_CARRY8       | CLB.CARRY.CARRY8  |
    | grp_node_0_0_Pipeline_l_S_t_1_t_fu_256/hsub_16ns_16ns_16_3_no_dsp_1_U2/node_0_0_hsub_16ns_16ns_16_3_no_dsp_1_ip_u/U0/i_synth/ADDSUB_OP.ADDSUB/LOGIC_SPEED.OP/ALIGN_BLK/ALIGN_SHIFT/ALIGN_Z_D/EQ_ZERO/CARRY_ZERO_DET/STRUCT_ADD1.CARRY_MUX2_i_7                       | CLB.LUT.LUT5      |
    | grp_node_0_0_Pipeline_l_S_t_1_t_fu_256/hsub_16ns_16ns_16_3_no_dsp_1_U2/node_0_0_hsub_16ns_16ns_16_3_no_dsp_1_ip_u/U0/i_synth/ADDSUB_OP.ADDSUB/LOGIC_SPEED.OP/EXP/NUMB_CMP/NOT_FAST.CMP/C_CHAIN/STRUCT_ADD1.CARRY_MUX2_i_1                                            | CLB.LUT.LUT6      |
    | grp_node_0_0_Pipeline_l_S_t_1_t_fu_256/hsub_16ns_16ns_16_3_no_dsp_1_U2/node_0_0_hsub_16ns_16ns_16_3_no_dsp_1_ip_u/U0/i_synth/ADDSUB_OP.ADDSUB/LOGIC_SPEED.OP/ALIGN_BLK/FRAC_ADDSUB/LOGIC_ADD.FRAC_ADDSUB/STRUCT_ADD1.CARRY_MUX1_CARRY4_CARRY8                        | CLB.CARRY.CARRY8  |
    | grp_node_0_0_Pipeline_l_S_t_1_t_fu_256/hsub_16ns_16ns_16_3_no_dsp_1_U2/node_0_0_hsub_16ns_16ns_16_3_no_dsp_1_ip_u/U0/i_synth/ADDSUB_OP.ADDSUB/LOGIC_SPEED.OP/ALIGN_BLK/FRAC_ADDSUB/LOGIC_ADD.FRAC_ADDSUB/STRUCT_ADD2.ADD1/CHAIN_GEN[0].C_MUX.CARRY_MUX_CARRY4_CARRY8 | CLB.CARRY.CARRY8  |
    | grp_node_0_0_Pipeline_l_S_t_1_t_fu_256/hsub_16ns_16ns_16_3_no_dsp_1_U2/node_0_0_hsub_16ns_16ns_16_3_no_dsp_1_ip_u/U0/i_synth/ADDSUB_OP.ADDSUB/LOGIC_SPEED.OP/ALIGN_BLK/FRAC_ADDSUB/LOGIC_ADD.FRAC_ADDSUB/STRUCT_ADD2.ADD1/CHAIN_GEN[0].C_MUX.CARRY_MUX_i_1__5        | CLB.LUT.LUT4      |
    | grp_node_0_0_Pipeline_l_S_t_1_t_fu_256/hsub_16ns_16ns_16_3_no_dsp_1_U2/node_0_0_hsub_16ns_16ns_16_3_no_dsp_1_ip_u/U0/i_synth/ADDSUB_OP.ADDSUB/LOGIC_SPEED.OP/NORM/LZE/ZERO_DET_CC_1/CHAIN_GEN[0].C_MUX.CARRY_MUX_CARRY4_CARRY8                                       | CLB.CARRY.CARRY8  |
    | grp_node_0_0_Pipeline_l_S_t_1_t_fu_256/hsub_16ns_16ns_16_3_no_dsp_1_U2/node_0_0_hsub_16ns_16ns_16_3_no_dsp_1_ip_u/U0/i_synth/ADDSUB_OP.ADDSUB/LOGIC_SPEED.OP/ALIGN_BLK/FRAC_ADDSUB/LOGIC_ADD.FRAC_ADDSUB/STRUCT_ADD1.ADD1/CHAIN_GEN[1].C_MUX.CARRY_MUX_i_6           | CLB.LUT.LUT6      |
    | grp_node_0_0_Pipeline_l_S_t_1_t_fu_256/hsub_16ns_16ns_16_3_no_dsp_1_U2/node_0_0_hsub_16ns_16ns_16_3_no_dsp_1_ip_u/U0/i_synth/ADDSUB_OP.ADDSUB/LOGIC_SPEED.OP/ALIGN_BLK/FRAC_ADDSUB/LOGIC_ADD.FRAC_ADDSUB/STRUCT_ADD2.ADD1/CHAIN_GEN[1].C_MUX.CARRY_MUX_i_2__3        | CLB.LUT.LUT6      |
    | grp_node_0_0_Pipeline_l_S_t_1_t_fu_256/hsub_16ns_16ns_16_3_no_dsp_1_U2/node_0_0_hsub_16ns_16ns_16_3_no_dsp_1_ip_u/U0/i_synth/ADDSUB_OP.ADDSUB/LOGIC_SPEED.OP/ALIGN_BLK/FRAC_ADDSUB/LOGIC_ADD.FRAC_ADDSUB/STRUCT_ADD2.ADD1/CHAIN_GEN[0].C_MUX.CARRY_MUX_i_7__0        | CLB.LUT.LUT5      |
    | grp_node_0_0_Pipeline_l_S_t_1_t_fu_256/hsub_16ns_16ns_16_3_no_dsp_1_U2/node_0_0_hsub_16ns_16ns_16_3_no_dsp_1_ip_u/U0/i_synth/ADDSUB_OP.ADDSUB/LOGIC_SPEED.OP/ALIGN_BLK/FRAC_ADDSUB/LOGIC_ADD.FRAC_ADDSUB/STRUCT_ADD1.ADD1/CHAIN_GEN[0].C_MUX.CARRY_MUX_i_5__0        | CLB.LUT.LUT6      |
    | grp_node_0_0_Pipeline_l_S_t_1_t_fu_256/hsub_16ns_16ns_16_3_no_dsp_1_U2/node_0_0_hsub_16ns_16ns_16_3_no_dsp_1_ip_u/U0/i_synth/ADDSUB_OP.ADDSUB/LOGIC_SPEED.OP/ALIGN_BLK/FRAC_ADDSUB/LOGIC_ADD.FRAC_ADDSUB/STRUCT_ADD1.ADD1/CHAIN_GEN[0].C_MUX.CARRY_MUX_i_1__9        | CLB.LUT.LUT6      |
    | grp_node_0_0_Pipeline_l_S_t_1_t_fu_256/hsub_16ns_16ns_16_3_no_dsp_1_U2/node_0_0_hsub_16ns_16ns_16_3_no_dsp_1_ip_u/U0/i_synth/ADDSUB_OP.ADDSUB/LOGIC_SPEED.OP/NORM/ROUND/RND_BIT_GEN/NORM_2.RND_CHAIN/CHAIN_GEN[0].C_MUX.CARRY_MUX_CARRY4_CARRY8                      | CLB.CARRY.CARRY8  |
    | grp_node_0_0_Pipeline_l_S_t_1_t_fu_256/hsub_16ns_16ns_16_3_no_dsp_1_U2/node_0_0_hsub_16ns_16ns_16_3_no_dsp_1_ip_u/U0/i_synth/ADDSUB_OP.ADDSUB/LOGIC_SPEED.OP/NORM/ROUND/LOGIC.RND1/CHAIN_GEN[2].C_MUX.CARRY_MUX_CARRY4_CARRY8                                        | CLB.CARRY.CARRY8  |
    | grp_node_0_0_Pipeline_l_S_t_1_t_fu_256/hsub_16ns_16ns_16_3_no_dsp_1_U2/node_0_0_hsub_16ns_16ns_16_3_no_dsp_1_ip_u/U0/i_synth/ADDSUB_OP.ADDSUB/LOGIC_SPEED.OP/NORM/ROUND/LOGIC.RND2/CHAIN_GEN[5].Q_XOR.SUM_XOR_CARRY4_CARRY8                                          | CLB.CARRY.CARRY8  |
    | grp_node_0_0_Pipeline_l_S_t_1_t_fu_256/hsub_16ns_16ns_16_3_no_dsp_1_U2/node_0_0_hsub_16ns_16ns_16_3_no_dsp_1_ip_u/U0/i_synth/ADDSUB_OP.ADDSUB/LOGIC_SPEED.OP/EXP/EXP_OFF.STRUCT_ADD/RESULT_REG.NORMAL.exp_op[1]_i_2                                                  | CLB.LUT.LUT5      |
    | grp_node_0_0_Pipeline_l_S_t_1_t_fu_256/hsub_16ns_16ns_16_3_no_dsp_1_U2/node_0_0_hsub_16ns_16ns_16_3_no_dsp_1_ip_u/U0/i_synth/ADDSUB_OP.ADDSUB/LOGIC_SPEED.OP/EXP/EXP_OFF.STRUCT_ADD/RESULT_REG.NORMAL.exp_op[1]_i_1                                                  | CLB.LUT.LUT6      |
    | grp_node_0_0_Pipeline_l_S_t_1_t_fu_256/hsub_16ns_16ns_16_3_no_dsp_1_U2/node_0_0_hsub_16ns_16ns_16_3_no_dsp_1_ip_u/U0/i_synth/ADDSUB_OP.ADDSUB/LOGIC_SPEED.OP/OP/RESULT_REG.NORMAL.exp_op_reg[1]                                                                      | REGISTER.SDR.FDRE |
    | grp_node_0_0_Pipeline_l_S_t_1_t_fu_256/hadd_16ns_16ns_16_3_no_dsp_1_U1/din1_buf1_reg[0]                                                                                                                                                                              | REGISTER.SDR.FDRE |
    | grp_node_0_0_Pipeline_l_S_t_1_t_fu_256/hsub_16ns_16ns_16_3_no_dsp_1_U2/node_0_0_hsub_16ns_16ns_16_3_no_dsp_1_ip_u/U0/i_synth/ADDSUB_OP.ADDSUB/LOGIC_SPEED.OP/EXP/NUMB_CMP/NOT_FAST.CMP/C_CHAIN/CHAIN_GEN[0].C_MUX.CARRY_MUX_i_2__1                                   | CLB.LUT.LUT4      |
    | grp_node_0_0_Pipeline_l_S_t_1_t_fu_256/hsub_16ns_16ns_16_3_no_dsp_1_U2/node_0_0_hsub_16ns_16ns_16_3_no_dsp_1_ip_u/U0/i_synth/ADDSUB_OP.ADDSUB/LOGIC_SPEED.OP/EXP/NUMB_CMP/NOT_FAST.CMP/C_CHAIN/CHAIN_GEN[0].C_MUX.CARRY_MUX_CARRY4_CARRY8                            | CLB.CARRY.CARRY8  |
    | grp_node_0_0_Pipeline_l_S_t_1_t_fu_256/hsub_16ns_16ns_16_3_no_dsp_1_U2/node_0_0_hsub_16ns_16ns_16_3_no_dsp_1_ip_u/U0/i_synth/ADDSUB_OP.ADDSUB/LOGIC_SPEED.OP/EXP/NUMB_CMP/NOT_FAST.CMP/C_CHAIN/CHAIN_GEN[1].C_MUX.CARRY_MUX_i_2__2                                   | CLB.LUT.LUT6      |
    | grp_node_0_0_Pipeline_l_S_t_1_t_fu_256/hsub_16ns_16ns_16_3_no_dsp_1_U2/node_0_0_hsub_16ns_16ns_16_3_no_dsp_1_ip_u/U0/i_synth/ADDSUB_OP.ADDSUB/LOGIC_SPEED.OP/EXP/NUMB_CMP/NOT_FAST.CMP/C_CHAIN/CHAIN_GEN[1].C_MUX.CARRY_MUX_i_1__1                                   | CLB.LUT.LUT4      |
    | grp_node_0_0_Pipeline_l_S_t_1_t_fu_256/hsub_16ns_16ns_16_3_no_dsp_1_U2/node_0_0_hsub_16ns_16ns_16_3_no_dsp_1_ip_u/U0/i_synth/ADDSUB_OP.ADDSUB/LOGIC_SPEED.OP/ALIGN_BLK/ALIGN_SHIFT/ALIGN_Z_D/EQ_ZERO/CARRY_ZERO_DET/CHAIN_GEN[0].C_MUX.CARRY_MUX_CARRY4_CARRY8       | CLB.CARRY.CARRY8  |
    | grp_node_0_0_Pipeline_l_S_t_1_t_fu_256/hsub_16ns_16ns_16_3_no_dsp_1_U2/node_0_0_hsub_16ns_16ns_16_3_no_dsp_1_ip_u/U0/i_synth/ADDSUB_OP.ADDSUB/LOGIC_SPEED.OP/ALIGN_BLK/ALIGN_SHIFT/ALIGN_Z_D/EQ_ZERO/CARRY_ZERO_DET/STRUCT_ADD1.CARRY_MUX2_i_7                       | CLB.LUT.LUT5      |
    | grp_node_0_0_Pipeline_l_S_t_1_t_fu_256/hsub_16ns_16ns_16_3_no_dsp_1_U2/node_0_0_hsub_16ns_16ns_16_3_no_dsp_1_ip_u/U0/i_synth/ADDSUB_OP.ADDSUB/LOGIC_SPEED.OP/EXP/NUMB_CMP/NOT_FAST.CMP/C_CHAIN/STRUCT_ADD1.CARRY_MUX2_i_1                                            | CLB.LUT.LUT6      |
    | grp_node_0_0_Pipeline_l_S_t_1_t_fu_256/hsub_16ns_16ns_16_3_no_dsp_1_U2/node_0_0_hsub_16ns_16ns_16_3_no_dsp_1_ip_u/U0/i_synth/ADDSUB_OP.ADDSUB/LOGIC_SPEED.OP/ALIGN_BLK/FRAC_ADDSUB/LOGIC_ADD.FRAC_ADDSUB/STRUCT_ADD1.CARRY_MUX1_CARRY4_CARRY8                        | CLB.CARRY.CARRY8  |
    | grp_node_0_0_Pipeline_l_S_t_1_t_fu_256/hsub_16ns_16ns_16_3_no_dsp_1_U2/node_0_0_hsub_16ns_16ns_16_3_no_dsp_1_ip_u/U0/i_synth/ADDSUB_OP.ADDSUB/LOGIC_SPEED.OP/ALIGN_BLK/FRAC_ADDSUB/LOGIC_ADD.FRAC_ADDSUB/STRUCT_ADD2.ADD1/CHAIN_GEN[0].C_MUX.CARRY_MUX_CARRY4_CARRY8 | CLB.CARRY.CARRY8  |
    | grp_node_0_0_Pipeline_l_S_t_1_t_fu_256/hsub_16ns_16ns_16_3_no_dsp_1_U2/node_0_0_hsub_16ns_16ns_16_3_no_dsp_1_ip_u/U0/i_synth/ADDSUB_OP.ADDSUB/LOGIC_SPEED.OP/ALIGN_BLK/FRAC_ADDSUB/LOGIC_ADD.FRAC_ADDSUB/STRUCT_ADD2.ADD1/CHAIN_GEN[0].C_MUX.CARRY_MUX_i_1__5        | CLB.LUT.LUT4      |
    | grp_node_0_0_Pipeline_l_S_t_1_t_fu_256/hsub_16ns_16ns_16_3_no_dsp_1_U2/node_0_0_hsub_16ns_16ns_16_3_no_dsp_1_ip_u/U0/i_synth/ADDSUB_OP.ADDSUB/LOGIC_SPEED.OP/NORM/LZE/ZERO_DET_CC_1/CHAIN_GEN[0].C_MUX.CARRY_MUX_CARRY4_CARRY8                                       | CLB.CARRY.CARRY8  |
    | grp_node_0_0_Pipeline_l_S_t_1_t_fu_256/hsub_16ns_16ns_16_3_no_dsp_1_U2/node_0_0_hsub_16ns_16ns_16_3_no_dsp_1_ip_u/U0/i_synth/ADDSUB_OP.ADDSUB/LOGIC_SPEED.OP/ALIGN_BLK/FRAC_ADDSUB/LOGIC_ADD.FRAC_ADDSUB/STRUCT_ADD1.ADD1/CHAIN_GEN[1].C_MUX.CARRY_MUX_i_6           | CLB.LUT.LUT6      |
    | grp_node_0_0_Pipeline_l_S_t_1_t_fu_256/hsub_16ns_16ns_16_3_no_dsp_1_U2/node_0_0_hsub_16ns_16ns_16_3_no_dsp_1_ip_u/U0/i_synth/ADDSUB_OP.ADDSUB/LOGIC_SPEED.OP/ALIGN_BLK/FRAC_ADDSUB/LOGIC_ADD.FRAC_ADDSUB/STRUCT_ADD2.ADD1/CHAIN_GEN[1].C_MUX.CARRY_MUX_i_2__3        | CLB.LUT.LUT6      |
    | grp_node_0_0_Pipeline_l_S_t_1_t_fu_256/hsub_16ns_16ns_16_3_no_dsp_1_U2/node_0_0_hsub_16ns_16ns_16_3_no_dsp_1_ip_u/U0/i_synth/ADDSUB_OP.ADDSUB/LOGIC_SPEED.OP/ALIGN_BLK/FRAC_ADDSUB/LOGIC_ADD.FRAC_ADDSUB/STRUCT_ADD2.ADD1/CHAIN_GEN[0].C_MUX.CARRY_MUX_i_7__0        | CLB.LUT.LUT5      |
    | grp_node_0_0_Pipeline_l_S_t_1_t_fu_256/hsub_16ns_16ns_16_3_no_dsp_1_U2/node_0_0_hsub_16ns_16ns_16_3_no_dsp_1_ip_u/U0/i_synth/ADDSUB_OP.ADDSUB/LOGIC_SPEED.OP/ALIGN_BLK/FRAC_ADDSUB/LOGIC_ADD.FRAC_ADDSUB/STRUCT_ADD1.ADD1/CHAIN_GEN[0].C_MUX.CARRY_MUX_i_5__0        | CLB.LUT.LUT6      |
    | grp_node_0_0_Pipeline_l_S_t_1_t_fu_256/hsub_16ns_16ns_16_3_no_dsp_1_U2/node_0_0_hsub_16ns_16ns_16_3_no_dsp_1_ip_u/U0/i_synth/ADDSUB_OP.ADDSUB/LOGIC_SPEED.OP/ALIGN_BLK/FRAC_ADDSUB/LOGIC_ADD.FRAC_ADDSUB/STRUCT_ADD1.ADD1/CHAIN_GEN[0].C_MUX.CARRY_MUX_i_1__9        | CLB.LUT.LUT6      |
    | grp_node_0_0_Pipeline_l_S_t_1_t_fu_256/hsub_16ns_16ns_16_3_no_dsp_1_U2/node_0_0_hsub_16ns_16ns_16_3_no_dsp_1_ip_u/U0/i_synth/ADDSUB_OP.ADDSUB/LOGIC_SPEED.OP/NORM/ROUND/RND_BIT_GEN/NORM_2.RND_CHAIN/CHAIN_GEN[0].C_MUX.CARRY_MUX_CARRY4_CARRY8                      | CLB.CARRY.CARRY8  |
    | grp_node_0_0_Pipeline_l_S_t_1_t_fu_256/hsub_16ns_16ns_16_3_no_dsp_1_U2/node_0_0_hsub_16ns_16ns_16_3_no_dsp_1_ip_u/U0/i_synth/ADDSUB_OP.ADDSUB/LOGIC_SPEED.OP/NORM/ROUND/LOGIC.RND1/CHAIN_GEN[2].C_MUX.CARRY_MUX_CARRY4_CARRY8                                        | CLB.CARRY.CARRY8  |
    | grp_node_0_0_Pipeline_l_S_t_1_t_fu_256/hsub_16ns_16ns_16_3_no_dsp_1_U2/node_0_0_hsub_16ns_16ns_16_3_no_dsp_1_ip_u/U0/i_synth/ADDSUB_OP.ADDSUB/LOGIC_SPEED.OP/NORM/ROUND/LOGIC.RND2/CHAIN_GEN[5].Q_XOR.SUM_XOR_CARRY4_CARRY8                                          | CLB.CARRY.CARRY8  |
    | grp_node_0_0_Pipeline_l_S_t_1_t_fu_256/hsub_16ns_16ns_16_3_no_dsp_1_U2/node_0_0_hsub_16ns_16ns_16_3_no_dsp_1_ip_u/U0/i_synth/ADDSUB_OP.ADDSUB/LOGIC_SPEED.OP/ALIGN_BLK/FRAC_ADDSUB/LOGIC_ADD.FRAC_ADDSUB/STRUCT_ADD1.ADD1/RESULT_REG.NORMAL.exp_op[2]_i_2            | CLB.LUT.LUT6      |
    | grp_node_0_0_Pipeline_l_S_t_1_t_fu_256/hsub_16ns_16ns_16_3_no_dsp_1_U2/node_0_0_hsub_16ns_16ns_16_3_no_dsp_1_ip_u/U0/i_synth/ADDSUB_OP.ADDSUB/LOGIC_SPEED.OP/ALIGN_BLK/FRAC_ADDSUB/LOGIC_ADD.FRAC_ADDSUB/STRUCT_ADD1.ADD1/RESULT_REG.NORMAL.exp_op[2]_i_1            | CLB.LUT.LUT6      |
    | grp_node_0_0_Pipeline_l_S_t_1_t_fu_256/hsub_16ns_16ns_16_3_no_dsp_1_U2/node_0_0_hsub_16ns_16ns_16_3_no_dsp_1_ip_u/U0/i_synth/ADDSUB_OP.ADDSUB/LOGIC_SPEED.OP/OP/RESULT_REG.NORMAL.exp_op_reg[2]                                                                      | REGISTER.SDR.FDRE |
    | grp_node_0_0_Pipeline_l_S_t_1_t_fu_256/hadd_16ns_16ns_16_3_no_dsp_1_U1/din1_buf1_reg[0]                                                                                                                                                                              | REGISTER.SDR.FDRE |
    | grp_node_0_0_Pipeline_l_S_t_1_t_fu_256/hsub_16ns_16ns_16_3_no_dsp_1_U2/node_0_0_hsub_16ns_16ns_16_3_no_dsp_1_ip_u/U0/i_synth/ADDSUB_OP.ADDSUB/LOGIC_SPEED.OP/EXP/NUMB_CMP/NOT_FAST.CMP/C_CHAIN/CHAIN_GEN[0].C_MUX.CARRY_MUX_i_2__1                                   | CLB.LUT.LUT4      |
    | grp_node_0_0_Pipeline_l_S_t_1_t_fu_256/hsub_16ns_16ns_16_3_no_dsp_1_U2/node_0_0_hsub_16ns_16ns_16_3_no_dsp_1_ip_u/U0/i_synth/ADDSUB_OP.ADDSUB/LOGIC_SPEED.OP/EXP/NUMB_CMP/NOT_FAST.CMP/C_CHAIN/CHAIN_GEN[0].C_MUX.CARRY_MUX_CARRY4_CARRY8                            | CLB.CARRY.CARRY8  |
    | grp_node_0_0_Pipeline_l_S_t_1_t_fu_256/hsub_16ns_16ns_16_3_no_dsp_1_U2/node_0_0_hsub_16ns_16ns_16_3_no_dsp_1_ip_u/U0/i_synth/ADDSUB_OP.ADDSUB/LOGIC_SPEED.OP/EXP/NUMB_CMP/NOT_FAST.CMP/C_CHAIN/CHAIN_GEN[1].C_MUX.CARRY_MUX_i_2__2                                   | CLB.LUT.LUT6      |
    | grp_node_0_0_Pipeline_l_S_t_1_t_fu_256/hsub_16ns_16ns_16_3_no_dsp_1_U2/node_0_0_hsub_16ns_16ns_16_3_no_dsp_1_ip_u/U0/i_synth/ADDSUB_OP.ADDSUB/LOGIC_SPEED.OP/EXP/NUMB_CMP/NOT_FAST.CMP/C_CHAIN/CHAIN_GEN[1].C_MUX.CARRY_MUX_i_1__1                                   | CLB.LUT.LUT4      |
    | grp_node_0_0_Pipeline_l_S_t_1_t_fu_256/hsub_16ns_16ns_16_3_no_dsp_1_U2/node_0_0_hsub_16ns_16ns_16_3_no_dsp_1_ip_u/U0/i_synth/ADDSUB_OP.ADDSUB/LOGIC_SPEED.OP/ALIGN_BLK/ALIGN_SHIFT/ALIGN_Z_D/EQ_ZERO/CARRY_ZERO_DET/CHAIN_GEN[0].C_MUX.CARRY_MUX_CARRY4_CARRY8       | CLB.CARRY.CARRY8  |
    | grp_node_0_0_Pipeline_l_S_t_1_t_fu_256/hsub_16ns_16ns_16_3_no_dsp_1_U2/node_0_0_hsub_16ns_16ns_16_3_no_dsp_1_ip_u/U0/i_synth/ADDSUB_OP.ADDSUB/LOGIC_SPEED.OP/ALIGN_BLK/ALIGN_SHIFT/ALIGN_Z_D/EQ_ZERO/CARRY_ZERO_DET/STRUCT_ADD1.CARRY_MUX2_i_7                       | CLB.LUT.LUT5      |
    | grp_node_0_0_Pipeline_l_S_t_1_t_fu_256/hsub_16ns_16ns_16_3_no_dsp_1_U2/node_0_0_hsub_16ns_16ns_16_3_no_dsp_1_ip_u/U0/i_synth/ADDSUB_OP.ADDSUB/LOGIC_SPEED.OP/EXP/NUMB_CMP/NOT_FAST.CMP/C_CHAIN/STRUCT_ADD1.CARRY_MUX2_i_1                                            | CLB.LUT.LUT6      |
    | grp_node_0_0_Pipeline_l_S_t_1_t_fu_256/hsub_16ns_16ns_16_3_no_dsp_1_U2/node_0_0_hsub_16ns_16ns_16_3_no_dsp_1_ip_u/U0/i_synth/ADDSUB_OP.ADDSUB/LOGIC_SPEED.OP/ALIGN_BLK/FRAC_ADDSUB/LOGIC_ADD.FRAC_ADDSUB/STRUCT_ADD1.CARRY_MUX1_CARRY4_CARRY8                        | CLB.CARRY.CARRY8  |
    | grp_node_0_0_Pipeline_l_S_t_1_t_fu_256/hsub_16ns_16ns_16_3_no_dsp_1_U2/node_0_0_hsub_16ns_16ns_16_3_no_dsp_1_ip_u/U0/i_synth/ADDSUB_OP.ADDSUB/LOGIC_SPEED.OP/ALIGN_BLK/FRAC_ADDSUB/LOGIC_ADD.FRAC_ADDSUB/STRUCT_ADD2.ADD1/CHAIN_GEN[0].C_MUX.CARRY_MUX_CARRY4_CARRY8 | CLB.CARRY.CARRY8  |
    | grp_node_0_0_Pipeline_l_S_t_1_t_fu_256/hsub_16ns_16ns_16_3_no_dsp_1_U2/node_0_0_hsub_16ns_16ns_16_3_no_dsp_1_ip_u/U0/i_synth/ADDSUB_OP.ADDSUB/LOGIC_SPEED.OP/ALIGN_BLK/FRAC_ADDSUB/LOGIC_ADD.FRAC_ADDSUB/STRUCT_ADD2.ADD1/CHAIN_GEN[0].C_MUX.CARRY_MUX_i_1__5        | CLB.LUT.LUT4      |
    | grp_node_0_0_Pipeline_l_S_t_1_t_fu_256/hsub_16ns_16ns_16_3_no_dsp_1_U2/node_0_0_hsub_16ns_16ns_16_3_no_dsp_1_ip_u/U0/i_synth/ADDSUB_OP.ADDSUB/LOGIC_SPEED.OP/NORM/LZE/ZERO_DET_CC_1/CHAIN_GEN[0].C_MUX.CARRY_MUX_CARRY4_CARRY8                                       | CLB.CARRY.CARRY8  |
    | grp_node_0_0_Pipeline_l_S_t_1_t_fu_256/hsub_16ns_16ns_16_3_no_dsp_1_U2/node_0_0_hsub_16ns_16ns_16_3_no_dsp_1_ip_u/U0/i_synth/ADDSUB_OP.ADDSUB/LOGIC_SPEED.OP/ALIGN_BLK/FRAC_ADDSUB/LOGIC_ADD.FRAC_ADDSUB/STRUCT_ADD1.ADD1/CHAIN_GEN[1].C_MUX.CARRY_MUX_i_6           | CLB.LUT.LUT6      |
    | grp_node_0_0_Pipeline_l_S_t_1_t_fu_256/hsub_16ns_16ns_16_3_no_dsp_1_U2/node_0_0_hsub_16ns_16ns_16_3_no_dsp_1_ip_u/U0/i_synth/ADDSUB_OP.ADDSUB/LOGIC_SPEED.OP/ALIGN_BLK/FRAC_ADDSUB/LOGIC_ADD.FRAC_ADDSUB/STRUCT_ADD2.ADD1/CHAIN_GEN[1].C_MUX.CARRY_MUX_i_2__3        | CLB.LUT.LUT6      |
    | grp_node_0_0_Pipeline_l_S_t_1_t_fu_256/hsub_16ns_16ns_16_3_no_dsp_1_U2/node_0_0_hsub_16ns_16ns_16_3_no_dsp_1_ip_u/U0/i_synth/ADDSUB_OP.ADDSUB/LOGIC_SPEED.OP/ALIGN_BLK/FRAC_ADDSUB/LOGIC_ADD.FRAC_ADDSUB/STRUCT_ADD2.ADD1/CHAIN_GEN[0].C_MUX.CARRY_MUX_i_7__0        | CLB.LUT.LUT5      |
    | grp_node_0_0_Pipeline_l_S_t_1_t_fu_256/hsub_16ns_16ns_16_3_no_dsp_1_U2/node_0_0_hsub_16ns_16ns_16_3_no_dsp_1_ip_u/U0/i_synth/ADDSUB_OP.ADDSUB/LOGIC_SPEED.OP/ALIGN_BLK/FRAC_ADDSUB/LOGIC_ADD.FRAC_ADDSUB/STRUCT_ADD1.ADD1/CHAIN_GEN[0].C_MUX.CARRY_MUX_i_5__0        | CLB.LUT.LUT6      |
    | grp_node_0_0_Pipeline_l_S_t_1_t_fu_256/hsub_16ns_16ns_16_3_no_dsp_1_U2/node_0_0_hsub_16ns_16ns_16_3_no_dsp_1_ip_u/U0/i_synth/ADDSUB_OP.ADDSUB/LOGIC_SPEED.OP/ALIGN_BLK/FRAC_ADDSUB/LOGIC_ADD.FRAC_ADDSUB/STRUCT_ADD1.ADD1/CHAIN_GEN[0].C_MUX.CARRY_MUX_i_1__9        | CLB.LUT.LUT6      |
    | grp_node_0_0_Pipeline_l_S_t_1_t_fu_256/hsub_16ns_16ns_16_3_no_dsp_1_U2/node_0_0_hsub_16ns_16ns_16_3_no_dsp_1_ip_u/U0/i_synth/ADDSUB_OP.ADDSUB/LOGIC_SPEED.OP/NORM/ROUND/RND_BIT_GEN/NORM_2.RND_CHAIN/CHAIN_GEN[0].C_MUX.CARRY_MUX_CARRY4_CARRY8                      | CLB.CARRY.CARRY8  |
    | grp_node_0_0_Pipeline_l_S_t_1_t_fu_256/hsub_16ns_16ns_16_3_no_dsp_1_U2/node_0_0_hsub_16ns_16ns_16_3_no_dsp_1_ip_u/U0/i_synth/ADDSUB_OP.ADDSUB/LOGIC_SPEED.OP/NORM/ROUND/LOGIC.RND1/CHAIN_GEN[2].C_MUX.CARRY_MUX_CARRY4_CARRY8                                        | CLB.CARRY.CARRY8  |
    | grp_node_0_0_Pipeline_l_S_t_1_t_fu_256/hsub_16ns_16ns_16_3_no_dsp_1_U2/node_0_0_hsub_16ns_16ns_16_3_no_dsp_1_ip_u/U0/i_synth/ADDSUB_OP.ADDSUB/LOGIC_SPEED.OP/NORM/ROUND/LOGIC.RND2/CHAIN_GEN[5].Q_XOR.SUM_XOR_CARRY4_CARRY8                                          | CLB.CARRY.CARRY8  |
    | grp_node_0_0_Pipeline_l_S_t_1_t_fu_256/hsub_16ns_16ns_16_3_no_dsp_1_U2/node_0_0_hsub_16ns_16ns_16_3_no_dsp_1_ip_u/U0/i_synth/ADDSUB_OP.ADDSUB/LOGIC_SPEED.OP/NORM/LZE/ZERO_DET_CC_1/RESULT_REG.NORMAL.exp_op[4]_i_3                                                  | CLB.LUT.LUT6      |
    | grp_node_0_0_Pipeline_l_S_t_1_t_fu_256/hsub_16ns_16ns_16_3_no_dsp_1_U2/node_0_0_hsub_16ns_16ns_16_3_no_dsp_1_ip_u/U0/i_synth/ADDSUB_OP.ADDSUB/LOGIC_SPEED.OP/EXP/EXP_OFF.STRUCT_ADD/RESULT_REG.NORMAL.exp_op[3]_i_1                                                  | CLB.LUT.LUT6      |
    | grp_node_0_0_Pipeline_l_S_t_1_t_fu_256/hsub_16ns_16ns_16_3_no_dsp_1_U2/node_0_0_hsub_16ns_16ns_16_3_no_dsp_1_ip_u/U0/i_synth/ADDSUB_OP.ADDSUB/LOGIC_SPEED.OP/OP/RESULT_REG.NORMAL.exp_op_reg[3]                                                                      | REGISTER.SDR.FDRE |
    | grp_node_0_0_Pipeline_l_S_t_1_t_fu_256/hadd_16ns_16ns_16_3_no_dsp_1_U1/din1_buf1_reg[0]                                                                                                                                                                              | REGISTER.SDR.FDRE |
    | grp_node_0_0_Pipeline_l_S_t_1_t_fu_256/hsub_16ns_16ns_16_3_no_dsp_1_U2/node_0_0_hsub_16ns_16ns_16_3_no_dsp_1_ip_u/U0/i_synth/ADDSUB_OP.ADDSUB/LOGIC_SPEED.OP/EXP/NUMB_CMP/NOT_FAST.CMP/C_CHAIN/CHAIN_GEN[0].C_MUX.CARRY_MUX_i_2__1                                   | CLB.LUT.LUT4      |
    | grp_node_0_0_Pipeline_l_S_t_1_t_fu_256/hsub_16ns_16ns_16_3_no_dsp_1_U2/node_0_0_hsub_16ns_16ns_16_3_no_dsp_1_ip_u/U0/i_synth/ADDSUB_OP.ADDSUB/LOGIC_SPEED.OP/EXP/NUMB_CMP/NOT_FAST.CMP/C_CHAIN/CHAIN_GEN[0].C_MUX.CARRY_MUX_CARRY4_CARRY8                            | CLB.CARRY.CARRY8  |
    | grp_node_0_0_Pipeline_l_S_t_1_t_fu_256/hsub_16ns_16ns_16_3_no_dsp_1_U2/node_0_0_hsub_16ns_16ns_16_3_no_dsp_1_ip_u/U0/i_synth/ADDSUB_OP.ADDSUB/LOGIC_SPEED.OP/EXP/NUMB_CMP/NOT_FAST.CMP/C_CHAIN/CHAIN_GEN[1].C_MUX.CARRY_MUX_i_2__2                                   | CLB.LUT.LUT6      |
    | grp_node_0_0_Pipeline_l_S_t_1_t_fu_256/hsub_16ns_16ns_16_3_no_dsp_1_U2/node_0_0_hsub_16ns_16ns_16_3_no_dsp_1_ip_u/U0/i_synth/ADDSUB_OP.ADDSUB/LOGIC_SPEED.OP/EXP/NUMB_CMP/NOT_FAST.CMP/C_CHAIN/CHAIN_GEN[1].C_MUX.CARRY_MUX_i_1__1                                   | CLB.LUT.LUT4      |
    | grp_node_0_0_Pipeline_l_S_t_1_t_fu_256/hsub_16ns_16ns_16_3_no_dsp_1_U2/node_0_0_hsub_16ns_16ns_16_3_no_dsp_1_ip_u/U0/i_synth/ADDSUB_OP.ADDSUB/LOGIC_SPEED.OP/ALIGN_BLK/ALIGN_SHIFT/ALIGN_Z_D/EQ_ZERO/CARRY_ZERO_DET/CHAIN_GEN[0].C_MUX.CARRY_MUX_CARRY4_CARRY8       | CLB.CARRY.CARRY8  |
    | grp_node_0_0_Pipeline_l_S_t_1_t_fu_256/hsub_16ns_16ns_16_3_no_dsp_1_U2/node_0_0_hsub_16ns_16ns_16_3_no_dsp_1_ip_u/U0/i_synth/ADDSUB_OP.ADDSUB/LOGIC_SPEED.OP/ALIGN_BLK/ALIGN_SHIFT/ALIGN_Z_D/EQ_ZERO/CARRY_ZERO_DET/STRUCT_ADD1.CARRY_MUX2_i_7                       | CLB.LUT.LUT5      |
    | grp_node_0_0_Pipeline_l_S_t_1_t_fu_256/hsub_16ns_16ns_16_3_no_dsp_1_U2/node_0_0_hsub_16ns_16ns_16_3_no_dsp_1_ip_u/U0/i_synth/ADDSUB_OP.ADDSUB/LOGIC_SPEED.OP/EXP/NUMB_CMP/NOT_FAST.CMP/C_CHAIN/STRUCT_ADD1.CARRY_MUX2_i_1                                            | CLB.LUT.LUT6      |
    | grp_node_0_0_Pipeline_l_S_t_1_t_fu_256/hsub_16ns_16ns_16_3_no_dsp_1_U2/node_0_0_hsub_16ns_16ns_16_3_no_dsp_1_ip_u/U0/i_synth/ADDSUB_OP.ADDSUB/LOGIC_SPEED.OP/ALIGN_BLK/FRAC_ADDSUB/LOGIC_ADD.FRAC_ADDSUB/STRUCT_ADD1.CARRY_MUX1_CARRY4_CARRY8                        | CLB.CARRY.CARRY8  |
    | grp_node_0_0_Pipeline_l_S_t_1_t_fu_256/hsub_16ns_16ns_16_3_no_dsp_1_U2/node_0_0_hsub_16ns_16ns_16_3_no_dsp_1_ip_u/U0/i_synth/ADDSUB_OP.ADDSUB/LOGIC_SPEED.OP/ALIGN_BLK/FRAC_ADDSUB/LOGIC_ADD.FRAC_ADDSUB/STRUCT_ADD2.ADD1/CHAIN_GEN[0].C_MUX.CARRY_MUX_CARRY4_CARRY8 | CLB.CARRY.CARRY8  |
    | grp_node_0_0_Pipeline_l_S_t_1_t_fu_256/hsub_16ns_16ns_16_3_no_dsp_1_U2/node_0_0_hsub_16ns_16ns_16_3_no_dsp_1_ip_u/U0/i_synth/ADDSUB_OP.ADDSUB/LOGIC_SPEED.OP/ALIGN_BLK/FRAC_ADDSUB/LOGIC_ADD.FRAC_ADDSUB/STRUCT_ADD2.ADD1/CHAIN_GEN[0].C_MUX.CARRY_MUX_i_1__5        | CLB.LUT.LUT4      |
    | grp_node_0_0_Pipeline_l_S_t_1_t_fu_256/hsub_16ns_16ns_16_3_no_dsp_1_U2/node_0_0_hsub_16ns_16ns_16_3_no_dsp_1_ip_u/U0/i_synth/ADDSUB_OP.ADDSUB/LOGIC_SPEED.OP/NORM/LZE/ZERO_DET_CC_1/CHAIN_GEN[0].C_MUX.CARRY_MUX_CARRY4_CARRY8                                       | CLB.CARRY.CARRY8  |
    | grp_node_0_0_Pipeline_l_S_t_1_t_fu_256/hsub_16ns_16ns_16_3_no_dsp_1_U2/node_0_0_hsub_16ns_16ns_16_3_no_dsp_1_ip_u/U0/i_synth/ADDSUB_OP.ADDSUB/LOGIC_SPEED.OP/ALIGN_BLK/FRAC_ADDSUB/LOGIC_ADD.FRAC_ADDSUB/STRUCT_ADD1.ADD1/CHAIN_GEN[1].C_MUX.CARRY_MUX_i_6           | CLB.LUT.LUT6      |
    | grp_node_0_0_Pipeline_l_S_t_1_t_fu_256/hsub_16ns_16ns_16_3_no_dsp_1_U2/node_0_0_hsub_16ns_16ns_16_3_no_dsp_1_ip_u/U0/i_synth/ADDSUB_OP.ADDSUB/LOGIC_SPEED.OP/ALIGN_BLK/FRAC_ADDSUB/LOGIC_ADD.FRAC_ADDSUB/STRUCT_ADD2.ADD1/CHAIN_GEN[1].C_MUX.CARRY_MUX_i_2__3        | CLB.LUT.LUT6      |
    | grp_node_0_0_Pipeline_l_S_t_1_t_fu_256/hsub_16ns_16ns_16_3_no_dsp_1_U2/node_0_0_hsub_16ns_16ns_16_3_no_dsp_1_ip_u/U0/i_synth/ADDSUB_OP.ADDSUB/LOGIC_SPEED.OP/ALIGN_BLK/FRAC_ADDSUB/LOGIC_ADD.FRAC_ADDSUB/STRUCT_ADD2.ADD1/CHAIN_GEN[0].C_MUX.CARRY_MUX_i_7__0        | CLB.LUT.LUT5      |
    | grp_node_0_0_Pipeline_l_S_t_1_t_fu_256/hsub_16ns_16ns_16_3_no_dsp_1_U2/node_0_0_hsub_16ns_16ns_16_3_no_dsp_1_ip_u/U0/i_synth/ADDSUB_OP.ADDSUB/LOGIC_SPEED.OP/ALIGN_BLK/FRAC_ADDSUB/LOGIC_ADD.FRAC_ADDSUB/STRUCT_ADD1.ADD1/CHAIN_GEN[0].C_MUX.CARRY_MUX_i_5__0        | CLB.LUT.LUT6      |
    | grp_node_0_0_Pipeline_l_S_t_1_t_fu_256/hsub_16ns_16ns_16_3_no_dsp_1_U2/node_0_0_hsub_16ns_16ns_16_3_no_dsp_1_ip_u/U0/i_synth/ADDSUB_OP.ADDSUB/LOGIC_SPEED.OP/ALIGN_BLK/FRAC_ADDSUB/LOGIC_ADD.FRAC_ADDSUB/STRUCT_ADD1.ADD1/CHAIN_GEN[0].C_MUX.CARRY_MUX_i_1__9        | CLB.LUT.LUT6      |
    | grp_node_0_0_Pipeline_l_S_t_1_t_fu_256/hsub_16ns_16ns_16_3_no_dsp_1_U2/node_0_0_hsub_16ns_16ns_16_3_no_dsp_1_ip_u/U0/i_synth/ADDSUB_OP.ADDSUB/LOGIC_SPEED.OP/NORM/ROUND/RND_BIT_GEN/NORM_2.RND_CHAIN/CHAIN_GEN[0].C_MUX.CARRY_MUX_CARRY4_CARRY8                      | CLB.CARRY.CARRY8  |
    | grp_node_0_0_Pipeline_l_S_t_1_t_fu_256/hsub_16ns_16ns_16_3_no_dsp_1_U2/node_0_0_hsub_16ns_16ns_16_3_no_dsp_1_ip_u/U0/i_synth/ADDSUB_OP.ADDSUB/LOGIC_SPEED.OP/NORM/ROUND/LOGIC.RND1/CHAIN_GEN[2].C_MUX.CARRY_MUX_CARRY4_CARRY8                                        | CLB.CARRY.CARRY8  |
    | grp_node_0_0_Pipeline_l_S_t_1_t_fu_256/hsub_16ns_16ns_16_3_no_dsp_1_U2/node_0_0_hsub_16ns_16ns_16_3_no_dsp_1_ip_u/U0/i_synth/ADDSUB_OP.ADDSUB/LOGIC_SPEED.OP/NORM/ROUND/LOGIC.RND2/CHAIN_GEN[5].Q_XOR.SUM_XOR_CARRY4_CARRY8                                          | CLB.CARRY.CARRY8  |
    | grp_node_0_0_Pipeline_l_S_t_1_t_fu_256/hsub_16ns_16ns_16_3_no_dsp_1_U2/node_0_0_hsub_16ns_16ns_16_3_no_dsp_1_ip_u/U0/i_synth/ADDSUB_OP.ADDSUB/LOGIC_SPEED.OP/NORM/LZE/ZERO_DET_CC_1/RESULT_REG.NORMAL.exp_op[4]_i_3                                                  | CLB.LUT.LUT6      |
    | grp_node_0_0_Pipeline_l_S_t_1_t_fu_256/hsub_16ns_16ns_16_3_no_dsp_1_U2/node_0_0_hsub_16ns_16ns_16_3_no_dsp_1_ip_u/U0/i_synth/ADDSUB_OP.ADDSUB/LOGIC_SPEED.OP/EXP/EXP_OFF.STRUCT_ADD/RESULT_REG.NORMAL.exp_op[4]_i_1                                                  | CLB.LUT.LUT6      |
    | grp_node_0_0_Pipeline_l_S_t_1_t_fu_256/hsub_16ns_16ns_16_3_no_dsp_1_U2/node_0_0_hsub_16ns_16ns_16_3_no_dsp_1_ip_u/U0/i_synth/ADDSUB_OP.ADDSUB/LOGIC_SPEED.OP/OP/RESULT_REG.NORMAL.exp_op_reg[4]                                                                      | REGISTER.SDR.FDRE |
    | grp_node_0_0_Pipeline_l_S_t_1_t_fu_256/hadd_16ns_16ns_16_3_no_dsp_1_U1/din1_buf1_reg[0]                                                                                                                                                                              | REGISTER.SDR.FDRE |
    | grp_node_0_0_Pipeline_l_S_t_1_t_fu_256/hsub_16ns_16ns_16_3_no_dsp_1_U2/node_0_0_hsub_16ns_16ns_16_3_no_dsp_1_ip_u/U0/i_synth/ADDSUB_OP.ADDSUB/LOGIC_SPEED.OP/EXP/NUMB_CMP/NOT_FAST.CMP/C_CHAIN/CHAIN_GEN[0].C_MUX.CARRY_MUX_i_2__1                                   | CLB.LUT.LUT4      |
    | grp_node_0_0_Pipeline_l_S_t_1_t_fu_256/hsub_16ns_16ns_16_3_no_dsp_1_U2/node_0_0_hsub_16ns_16ns_16_3_no_dsp_1_ip_u/U0/i_synth/ADDSUB_OP.ADDSUB/LOGIC_SPEED.OP/EXP/NUMB_CMP/NOT_FAST.CMP/C_CHAIN/CHAIN_GEN[0].C_MUX.CARRY_MUX_CARRY4_CARRY8                            | CLB.CARRY.CARRY8  |
    | grp_node_0_0_Pipeline_l_S_t_1_t_fu_256/hsub_16ns_16ns_16_3_no_dsp_1_U2/node_0_0_hsub_16ns_16ns_16_3_no_dsp_1_ip_u/U0/i_synth/ADDSUB_OP.ADDSUB/LOGIC_SPEED.OP/EXP/NUMB_CMP/NOT_FAST.CMP/C_CHAIN/CHAIN_GEN[1].C_MUX.CARRY_MUX_i_2__2                                   | CLB.LUT.LUT6      |
    | grp_node_0_0_Pipeline_l_S_t_1_t_fu_256/hsub_16ns_16ns_16_3_no_dsp_1_U2/node_0_0_hsub_16ns_16ns_16_3_no_dsp_1_ip_u/U0/i_synth/ADDSUB_OP.ADDSUB/LOGIC_SPEED.OP/EXP/NUMB_CMP/NOT_FAST.CMP/C_CHAIN/CHAIN_GEN[1].C_MUX.CARRY_MUX_i_1__1                                   | CLB.LUT.LUT4      |
    | grp_node_0_0_Pipeline_l_S_t_1_t_fu_256/hsub_16ns_16ns_16_3_no_dsp_1_U2/node_0_0_hsub_16ns_16ns_16_3_no_dsp_1_ip_u/U0/i_synth/ADDSUB_OP.ADDSUB/LOGIC_SPEED.OP/ALIGN_BLK/ALIGN_SHIFT/ALIGN_Z_D/EQ_ZERO/CARRY_ZERO_DET/CHAIN_GEN[0].C_MUX.CARRY_MUX_CARRY4_CARRY8       | CLB.CARRY.CARRY8  |
    | grp_node_0_0_Pipeline_l_S_t_1_t_fu_256/hsub_16ns_16ns_16_3_no_dsp_1_U2/node_0_0_hsub_16ns_16ns_16_3_no_dsp_1_ip_u/U0/i_synth/ADDSUB_OP.ADDSUB/LOGIC_SPEED.OP/ALIGN_BLK/ALIGN_SHIFT/ALIGN_Z_D/EQ_ZERO/CARRY_ZERO_DET/STRUCT_ADD1.CARRY_MUX2_i_7                       | CLB.LUT.LUT5      |
    | grp_node_0_0_Pipeline_l_S_t_1_t_fu_256/hsub_16ns_16ns_16_3_no_dsp_1_U2/node_0_0_hsub_16ns_16ns_16_3_no_dsp_1_ip_u/U0/i_synth/ADDSUB_OP.ADDSUB/LOGIC_SPEED.OP/EXP/NUMB_CMP/NOT_FAST.CMP/C_CHAIN/STRUCT_ADD1.CARRY_MUX2_i_1                                            | CLB.LUT.LUT6      |
    | grp_node_0_0_Pipeline_l_S_t_1_t_fu_256/hsub_16ns_16ns_16_3_no_dsp_1_U2/node_0_0_hsub_16ns_16ns_16_3_no_dsp_1_ip_u/U0/i_synth/ADDSUB_OP.ADDSUB/LOGIC_SPEED.OP/ALIGN_BLK/FRAC_ADDSUB/LOGIC_ADD.FRAC_ADDSUB/STRUCT_ADD1.CARRY_MUX1_CARRY4_CARRY8                        | CLB.CARRY.CARRY8  |
    | grp_node_0_0_Pipeline_l_S_t_1_t_fu_256/hsub_16ns_16ns_16_3_no_dsp_1_U2/node_0_0_hsub_16ns_16ns_16_3_no_dsp_1_ip_u/U0/i_synth/ADDSUB_OP.ADDSUB/LOGIC_SPEED.OP/ALIGN_BLK/FRAC_ADDSUB/LOGIC_ADD.FRAC_ADDSUB/STRUCT_ADD2.ADD1/CHAIN_GEN[0].C_MUX.CARRY_MUX_CARRY4_CARRY8 | CLB.CARRY.CARRY8  |
    | grp_node_0_0_Pipeline_l_S_t_1_t_fu_256/hsub_16ns_16ns_16_3_no_dsp_1_U2/node_0_0_hsub_16ns_16ns_16_3_no_dsp_1_ip_u/U0/i_synth/ADDSUB_OP.ADDSUB/LOGIC_SPEED.OP/ALIGN_BLK/FRAC_ADDSUB/LOGIC_ADD.FRAC_ADDSUB/STRUCT_ADD2.ADD1/CHAIN_GEN[0].C_MUX.CARRY_MUX_i_1__5        | CLB.LUT.LUT4      |
    | grp_node_0_0_Pipeline_l_S_t_1_t_fu_256/hsub_16ns_16ns_16_3_no_dsp_1_U2/node_0_0_hsub_16ns_16ns_16_3_no_dsp_1_ip_u/U0/i_synth/ADDSUB_OP.ADDSUB/LOGIC_SPEED.OP/NORM/LZE/ZERO_DET_CC_1/CHAIN_GEN[0].C_MUX.CARRY_MUX_CARRY4_CARRY8                                       | CLB.CARRY.CARRY8  |
    | grp_node_0_0_Pipeline_l_S_t_1_t_fu_256/hsub_16ns_16ns_16_3_no_dsp_1_U2/node_0_0_hsub_16ns_16ns_16_3_no_dsp_1_ip_u/U0/i_synth/ADDSUB_OP.ADDSUB/LOGIC_SPEED.OP/ALIGN_BLK/FRAC_ADDSUB/LOGIC_ADD.FRAC_ADDSUB/STRUCT_ADD1.ADD1/CHAIN_GEN[1].C_MUX.CARRY_MUX_i_6           | CLB.LUT.LUT6      |
    | grp_node_0_0_Pipeline_l_S_t_1_t_fu_256/hsub_16ns_16ns_16_3_no_dsp_1_U2/node_0_0_hsub_16ns_16ns_16_3_no_dsp_1_ip_u/U0/i_synth/ADDSUB_OP.ADDSUB/LOGIC_SPEED.OP/ALIGN_BLK/FRAC_ADDSUB/LOGIC_ADD.FRAC_ADDSUB/STRUCT_ADD2.ADD1/CHAIN_GEN[1].C_MUX.CARRY_MUX_i_2__3        | CLB.LUT.LUT6      |
    | grp_node_0_0_Pipeline_l_S_t_1_t_fu_256/hsub_16ns_16ns_16_3_no_dsp_1_U2/node_0_0_hsub_16ns_16ns_16_3_no_dsp_1_ip_u/U0/i_synth/ADDSUB_OP.ADDSUB/LOGIC_SPEED.OP/ALIGN_BLK/FRAC_ADDSUB/LOGIC_ADD.FRAC_ADDSUB/STRUCT_ADD2.ADD1/CHAIN_GEN[0].C_MUX.CARRY_MUX_i_7__0        | CLB.LUT.LUT5      |
    | grp_node_0_0_Pipeline_l_S_t_1_t_fu_256/hsub_16ns_16ns_16_3_no_dsp_1_U2/node_0_0_hsub_16ns_16ns_16_3_no_dsp_1_ip_u/U0/i_synth/ADDSUB_OP.ADDSUB/LOGIC_SPEED.OP/ALIGN_BLK/FRAC_ADDSUB/LOGIC_ADD.FRAC_ADDSUB/STRUCT_ADD1.ADD1/CHAIN_GEN[0].C_MUX.CARRY_MUX_i_5__0        | CLB.LUT.LUT6      |
    | grp_node_0_0_Pipeline_l_S_t_1_t_fu_256/hsub_16ns_16ns_16_3_no_dsp_1_U2/node_0_0_hsub_16ns_16ns_16_3_no_dsp_1_ip_u/U0/i_synth/ADDSUB_OP.ADDSUB/LOGIC_SPEED.OP/ALIGN_BLK/FRAC_ADDSUB/LOGIC_ADD.FRAC_ADDSUB/STRUCT_ADD1.ADD1/CHAIN_GEN[0].C_MUX.CARRY_MUX_i_1__9        | CLB.LUT.LUT6      |
    | grp_node_0_0_Pipeline_l_S_t_1_t_fu_256/hsub_16ns_16ns_16_3_no_dsp_1_U2/node_0_0_hsub_16ns_16ns_16_3_no_dsp_1_ip_u/U0/i_synth/ADDSUB_OP.ADDSUB/LOGIC_SPEED.OP/NORM/ROUND/RND_BIT_GEN/NORM_2.RND_CHAIN/CHAIN_GEN[0].C_MUX.CARRY_MUX_CARRY4_CARRY8                      | CLB.CARRY.CARRY8  |
    | grp_node_0_0_Pipeline_l_S_t_1_t_fu_256/hsub_16ns_16ns_16_3_no_dsp_1_U2/node_0_0_hsub_16ns_16ns_16_3_no_dsp_1_ip_u/U0/i_synth/ADDSUB_OP.ADDSUB/LOGIC_SPEED.OP/NORM/ROUND/LOGIC.RND1/CHAIN_GEN[2].C_MUX.CARRY_MUX_CARRY4_CARRY8                                        | CLB.CARRY.CARRY8  |
    | grp_node_0_0_Pipeline_l_S_t_1_t_fu_256/hsub_16ns_16ns_16_3_no_dsp_1_U2/node_0_0_hsub_16ns_16ns_16_3_no_dsp_1_ip_u/U0/i_synth/ADDSUB_OP.ADDSUB/LOGIC_SPEED.OP/NORM/ROUND/LOGIC.RND2/RESULT_REG.NORMAL.mant_op[9]_i_2                                                  | CLB.LUT.LUT3      |
    | grp_node_0_0_Pipeline_l_S_t_1_t_fu_256/hsub_16ns_16ns_16_3_no_dsp_1_U2/node_0_0_hsub_16ns_16ns_16_3_no_dsp_1_ip_u/U0/i_synth/ADDSUB_OP.ADDSUB/LOGIC_SPEED.OP/EXP/EXP_OFF.STRUCT_ADD/RESULT_REG.NORMAL.mant_op[9]_i_1                                                 | CLB.LUT.LUT6      |
    | grp_node_0_0_Pipeline_l_S_t_1_t_fu_256/hsub_16ns_16ns_16_3_no_dsp_1_U2/node_0_0_hsub_16ns_16ns_16_3_no_dsp_1_ip_u/U0/i_synth/ADDSUB_OP.ADDSUB/LOGIC_SPEED.OP/OP/RESULT_REG.NORMAL.mant_op_reg[9]                                                                     | REGISTER.SDR.FDRE |
    | grp_node_0_0_Pipeline_l_S_t_1_t_fu_256/hadd_16ns_16ns_16_3_no_dsp_1_U1/din1_buf1_reg[0]                                                                                                                                                                              | REGISTER.SDR.FDRE |
    | grp_node_0_0_Pipeline_l_S_t_1_t_fu_256/hadd_16ns_16ns_16_3_no_dsp_1_U1/node_0_0_hadd_16ns_16ns_16_3_no_dsp_1_ip_u/U0/i_synth/ADDSUB_OP.ADDSUB/LOGIC_SPEED.OP/EXP/NUMB_CMP/NOT_FAST.CMP/C_CHAIN/CHAIN_GEN[0].C_MUX.CARRY_MUX_i_2__1                                   | CLB.LUT.LUT4      |
    | grp_node_0_0_Pipeline_l_S_t_1_t_fu_256/hadd_16ns_16ns_16_3_no_dsp_1_U1/node_0_0_hadd_16ns_16ns_16_3_no_dsp_1_ip_u/U0/i_synth/ADDSUB_OP.ADDSUB/LOGIC_SPEED.OP/EXP/NUMB_CMP/NOT_FAST.CMP/C_CHAIN/CHAIN_GEN[0].C_MUX.CARRY_MUX_CARRY4_CARRY8                            | CLB.CARRY.CARRY8  |
    | grp_node_0_0_Pipeline_l_S_t_1_t_fu_256/hadd_16ns_16ns_16_3_no_dsp_1_U1/node_0_0_hadd_16ns_16ns_16_3_no_dsp_1_ip_u/U0/i_synth/ADDSUB_OP.ADDSUB/LOGIC_SPEED.OP/EXP/NUMB_CMP/NOT_FAST.CMP/C_CHAIN/CHAIN_GEN[1].C_MUX.CARRY_MUX_i_2__3                                   | CLB.LUT.LUT6      |
    | grp_node_0_0_Pipeline_l_S_t_1_t_fu_256/hadd_16ns_16ns_16_3_no_dsp_1_U1/node_0_0_hadd_16ns_16ns_16_3_no_dsp_1_ip_u/U0/i_synth/ADDSUB_OP.ADDSUB/LOGIC_SPEED.OP/EXP/NUMB_CMP/NOT_FAST.CMP/C_CHAIN/CHAIN_GEN[1].C_MUX.CARRY_MUX_i_1__5                                   | CLB.LUT.LUT4      |
    | grp_node_0_0_Pipeline_l_S_t_1_t_fu_256/hadd_16ns_16ns_16_3_no_dsp_1_U1/node_0_0_hadd_16ns_16ns_16_3_no_dsp_1_ip_u/U0/i_synth/ADDSUB_OP.ADDSUB/LOGIC_SPEED.OP/ALIGN_BLK/ALIGN_SHIFT/ALIGN_Z_D/EQ_ZERO/CARRY_ZERO_DET/CHAIN_GEN[0].C_MUX.CARRY_MUX_CARRY4_CARRY8       | CLB.CARRY.CARRY8  |
    | grp_node_0_0_Pipeline_l_S_t_1_t_fu_256/hadd_16ns_16ns_16_3_no_dsp_1_U1/node_0_0_hadd_16ns_16ns_16_3_no_dsp_1_ip_u/U0/i_synth/ADDSUB_OP.ADDSUB/LOGIC_SPEED.OP/EXP/NUMB_CMP/NOT_FAST.CMP/C_CHAIN/STRUCT_ADD1.CARRY_MUX2_i_7                                            | CLB.LUT.LUT5      |
    | grp_node_0_0_Pipeline_l_S_t_1_t_fu_256/hadd_16ns_16ns_16_3_no_dsp_1_U1/node_0_0_hadd_16ns_16ns_16_3_no_dsp_1_ip_u/U0/i_synth/ADDSUB_OP.ADDSUB/LOGIC_SPEED.OP/EXP/NUMB_CMP/NOT_FAST.CMP/C_CHAIN/STRUCT_ADD1.CARRY_MUX2_i_2                                            | CLB.LUT.LUT6      |
    | grp_node_0_0_Pipeline_l_S_t_1_t_fu_256/hadd_16ns_16ns_16_3_no_dsp_1_U1/node_0_0_hadd_16ns_16ns_16_3_no_dsp_1_ip_u/U0/i_synth/ADDSUB_OP.ADDSUB/LOGIC_SPEED.OP/EXP/NUMB_CMP/NOT_FAST.CMP/C_CHAIN/STRUCT_ADD1.CARRY_MUX2_i_1                                            | CLB.LUT.LUT6      |
    | grp_node_0_0_Pipeline_l_S_t_1_t_fu_256/hadd_16ns_16ns_16_3_no_dsp_1_U1/node_0_0_hadd_16ns_16ns_16_3_no_dsp_1_ip_u/U0/i_synth/ADDSUB_OP.ADDSUB/LOGIC_SPEED.OP/ALIGN_BLK/FRAC_ADDSUB/LOGIC_ADD.FRAC_ADDSUB/STRUCT_ADD1.CARRY_MUX1_CARRY4_CARRY8                        | CLB.CARRY.CARRY8  |
    | grp_node_0_0_Pipeline_l_S_t_1_t_fu_256/hadd_16ns_16ns_16_3_no_dsp_1_U1/node_0_0_hadd_16ns_16ns_16_3_no_dsp_1_ip_u/U0/i_synth/ADDSUB_OP.ADDSUB/LOGIC_SPEED.OP/ALIGN_BLK/FRAC_ADDSUB/LOGIC_ADD.FRAC_ADDSUB/STRUCT_ADD2.ADD1/CHAIN_GEN[0].C_MUX.CARRY_MUX_CARRY4_CARRY8 | CLB.CARRY.CARRY8  |
    | grp_node_0_0_Pipeline_l_S_t_1_t_fu_256/hadd_16ns_16ns_16_3_no_dsp_1_U1/node_0_0_hadd_16ns_16ns_16_3_no_dsp_1_ip_u/U0/i_synth/ADDSUB_OP.ADDSUB/LOGIC_SPEED.OP/ALIGN_BLK/FRAC_ADDSUB/LOGIC_ADD.FRAC_ADDSUB/STRUCT_ADD2.ADD1/CHAIN_GEN[0].C_MUX.CARRY_MUX_i_1__2        | CLB.LUT.LUT4      |
    | grp_node_0_0_Pipeline_l_S_t_1_t_fu_256/hadd_16ns_16ns_16_3_no_dsp_1_U1/node_0_0_hadd_16ns_16ns_16_3_no_dsp_1_ip_u/U0/i_synth/ADDSUB_OP.ADDSUB/LOGIC_SPEED.OP/NORM/LZE/ZERO_DET_CC_1/CHAIN_GEN[0].C_MUX.CARRY_MUX_CARRY4_CARRY8                                       | CLB.CARRY.CARRY8  |
    | grp_node_0_0_Pipeline_l_S_t_1_t_fu_256/hadd_16ns_16ns_16_3_no_dsp_1_U1/node_0_0_hadd_16ns_16ns_16_3_no_dsp_1_ip_u/U0/i_synth/ADDSUB_OP.ADDSUB/LOGIC_SPEED.OP/ALIGN_BLK/FRAC_ADDSUB/LOGIC_ADD.FRAC_ADDSUB/STRUCT_ADD2.ADD1/RESULT_REG.NORMAL.exp_op[2]_i_8            | CLB.LUT.LUT5      |
    | grp_node_0_0_Pipeline_l_S_t_1_t_fu_256/hadd_16ns_16ns_16_3_no_dsp_1_U1/node_0_0_hadd_16ns_16ns_16_3_no_dsp_1_ip_u/U0/i_synth/ADDSUB_OP.ADDSUB/LOGIC_SPEED.OP/ALIGN_BLK/FRAC_ADDSUB/LOGIC_ADD.FRAC_ADDSUB/STRUCT_ADD1.ADD1/RESULT_REG.NORMAL.exp_op[1]_i_3            | CLB.LUT.LUT5      |
    | grp_node_0_0_Pipeline_l_S_t_1_t_fu_256/hadd_16ns_16ns_16_3_no_dsp_1_U1/node_0_0_hadd_16ns_16ns_16_3_no_dsp_1_ip_u/U0/i_synth/ADDSUB_OP.ADDSUB/LOGIC_SPEED.OP/ALIGN_BLK/FRAC_ADDSUB/LOGIC_ADD.FRAC_ADDSUB/STRUCT_ADD1.ADD1/CHAIN_GEN[0].C_MUX.CARRY_MUX_i_6__0        | CLB.LUT.LUT5      |
    | grp_node_0_0_Pipeline_l_S_t_1_t_fu_256/hadd_16ns_16ns_16_3_no_dsp_1_U1/node_0_0_hadd_16ns_16ns_16_3_no_dsp_1_ip_u/U0/i_synth/ADDSUB_OP.ADDSUB/LOGIC_SPEED.OP/ALIGN_BLK/FRAC_ADDSUB/LOGIC_ADD.FRAC_ADDSUB/STRUCT_ADD1.ADD1/CHAIN_GEN[0].C_MUX.CARRY_MUX_i_3__0        | CLB.LUT.LUT6      |
    | grp_node_0_0_Pipeline_l_S_t_1_t_fu_256/hadd_16ns_16ns_16_3_no_dsp_1_U1/node_0_0_hadd_16ns_16ns_16_3_no_dsp_1_ip_u/U0/i_synth/ADDSUB_OP.ADDSUB/LOGIC_SPEED.OP/ALIGN_BLK/FRAC_ADDSUB/LOGIC_ADD.FRAC_ADDSUB/STRUCT_ADD1.ADD1/CHAIN_GEN[0].C_MUX.CARRY_MUX_i_1__10       | CLB.LUT.LUT5      |
    | grp_node_0_0_Pipeline_l_S_t_1_t_fu_256/hadd_16ns_16ns_16_3_no_dsp_1_U1/node_0_0_hadd_16ns_16ns_16_3_no_dsp_1_ip_u/U0/i_synth/ADDSUB_OP.ADDSUB/LOGIC_SPEED.OP/NORM/ROUND/RND_BIT_GEN/NORM_2.RND_CHAIN/CHAIN_GEN[0].C_MUX.CARRY_MUX_CARRY4_CARRY8                      | CLB.CARRY.CARRY8  |
    | grp_node_0_0_Pipeline_l_S_t_1_t_fu_256/hadd_16ns_16ns_16_3_no_dsp_1_U1/node_0_0_hadd_16ns_16ns_16_3_no_dsp_1_ip_u/U0/i_synth/ADDSUB_OP.ADDSUB/LOGIC_SPEED.OP/NORM/ROUND/LOGIC.RND1/CHAIN_GEN[2].C_MUX.CARRY_MUX_CARRY4_CARRY8                                        | CLB.CARRY.CARRY8  |
    | grp_node_0_0_Pipeline_l_S_t_1_t_fu_256/hadd_16ns_16ns_16_3_no_dsp_1_U1/node_0_0_hadd_16ns_16ns_16_3_no_dsp_1_ip_u/U0/i_synth/ADDSUB_OP.ADDSUB/LOGIC_SPEED.OP/NORM/ROUND/LOGIC.RND2/CHAIN_GEN[5].Q_XOR.SUM_XOR_CARRY4_CARRY8                                          | CLB.CARRY.CARRY8  |
    | grp_node_0_0_Pipeline_l_S_t_1_t_fu_256/hadd_16ns_16ns_16_3_no_dsp_1_U1/node_0_0_hadd_16ns_16ns_16_3_no_dsp_1_ip_u/U0/i_synth/ADDSUB_OP.ADDSUB/LOGIC_SPEED.OP/EXP/EXP_OFF.STRUCT_ADD/RESULT_REG.NORMAL.exp_op[0]_i_1                                                  | CLB.LUT.LUT5      |
    | grp_node_0_0_Pipeline_l_S_t_1_t_fu_256/hadd_16ns_16ns_16_3_no_dsp_1_U1/node_0_0_hadd_16ns_16ns_16_3_no_dsp_1_ip_u/U0/i_synth/ADDSUB_OP.ADDSUB/LOGIC_SPEED.OP/OP/RESULT_REG.NORMAL.exp_op_reg[0]                                                                      | REGISTER.SDR.FDRE |
    | grp_node_0_0_Pipeline_l_S_t_1_t_fu_256/hadd_16ns_16ns_16_3_no_dsp_1_U1/din1_buf1_reg[0]                                                                                                                                                                              | REGISTER.SDR.FDRE |
    | grp_node_0_0_Pipeline_l_S_t_1_t_fu_256/hadd_16ns_16ns_16_3_no_dsp_1_U1/node_0_0_hadd_16ns_16ns_16_3_no_dsp_1_ip_u/U0/i_synth/ADDSUB_OP.ADDSUB/LOGIC_SPEED.OP/EXP/NUMB_CMP/NOT_FAST.CMP/C_CHAIN/CHAIN_GEN[0].C_MUX.CARRY_MUX_i_2__1                                   | CLB.LUT.LUT4      |
    | grp_node_0_0_Pipeline_l_S_t_1_t_fu_256/hadd_16ns_16ns_16_3_no_dsp_1_U1/node_0_0_hadd_16ns_16ns_16_3_no_dsp_1_ip_u/U0/i_synth/ADDSUB_OP.ADDSUB/LOGIC_SPEED.OP/EXP/NUMB_CMP/NOT_FAST.CMP/C_CHAIN/CHAIN_GEN[0].C_MUX.CARRY_MUX_CARRY4_CARRY8                            | CLB.CARRY.CARRY8  |
    | grp_node_0_0_Pipeline_l_S_t_1_t_fu_256/hadd_16ns_16ns_16_3_no_dsp_1_U1/node_0_0_hadd_16ns_16ns_16_3_no_dsp_1_ip_u/U0/i_synth/ADDSUB_OP.ADDSUB/LOGIC_SPEED.OP/EXP/NUMB_CMP/NOT_FAST.CMP/C_CHAIN/CHAIN_GEN[1].C_MUX.CARRY_MUX_i_2__3                                   | CLB.LUT.LUT6      |
    | grp_node_0_0_Pipeline_l_S_t_1_t_fu_256/hadd_16ns_16ns_16_3_no_dsp_1_U1/node_0_0_hadd_16ns_16ns_16_3_no_dsp_1_ip_u/U0/i_synth/ADDSUB_OP.ADDSUB/LOGIC_SPEED.OP/EXP/NUMB_CMP/NOT_FAST.CMP/C_CHAIN/CHAIN_GEN[1].C_MUX.CARRY_MUX_i_1__5                                   | CLB.LUT.LUT4      |
    | grp_node_0_0_Pipeline_l_S_t_1_t_fu_256/hadd_16ns_16ns_16_3_no_dsp_1_U1/node_0_0_hadd_16ns_16ns_16_3_no_dsp_1_ip_u/U0/i_synth/ADDSUB_OP.ADDSUB/LOGIC_SPEED.OP/ALIGN_BLK/ALIGN_SHIFT/ALIGN_Z_D/EQ_ZERO/CARRY_ZERO_DET/CHAIN_GEN[0].C_MUX.CARRY_MUX_CARRY4_CARRY8       | CLB.CARRY.CARRY8  |
    | grp_node_0_0_Pipeline_l_S_t_1_t_fu_256/hadd_16ns_16ns_16_3_no_dsp_1_U1/node_0_0_hadd_16ns_16ns_16_3_no_dsp_1_ip_u/U0/i_synth/ADDSUB_OP.ADDSUB/LOGIC_SPEED.OP/EXP/NUMB_CMP/NOT_FAST.CMP/C_CHAIN/STRUCT_ADD1.CARRY_MUX2_i_7                                            | CLB.LUT.LUT5      |
    | grp_node_0_0_Pipeline_l_S_t_1_t_fu_256/hadd_16ns_16ns_16_3_no_dsp_1_U1/node_0_0_hadd_16ns_16ns_16_3_no_dsp_1_ip_u/U0/i_synth/ADDSUB_OP.ADDSUB/LOGIC_SPEED.OP/EXP/NUMB_CMP/NOT_FAST.CMP/C_CHAIN/STRUCT_ADD1.CARRY_MUX2_i_2                                            | CLB.LUT.LUT6      |
    | grp_node_0_0_Pipeline_l_S_t_1_t_fu_256/hadd_16ns_16ns_16_3_no_dsp_1_U1/node_0_0_hadd_16ns_16ns_16_3_no_dsp_1_ip_u/U0/i_synth/ADDSUB_OP.ADDSUB/LOGIC_SPEED.OP/EXP/NUMB_CMP/NOT_FAST.CMP/C_CHAIN/STRUCT_ADD1.CARRY_MUX2_i_1                                            | CLB.LUT.LUT6      |
    | grp_node_0_0_Pipeline_l_S_t_1_t_fu_256/hadd_16ns_16ns_16_3_no_dsp_1_U1/node_0_0_hadd_16ns_16ns_16_3_no_dsp_1_ip_u/U0/i_synth/ADDSUB_OP.ADDSUB/LOGIC_SPEED.OP/ALIGN_BLK/FRAC_ADDSUB/LOGIC_ADD.FRAC_ADDSUB/STRUCT_ADD1.CARRY_MUX1_CARRY4_CARRY8                        | CLB.CARRY.CARRY8  |
    | grp_node_0_0_Pipeline_l_S_t_1_t_fu_256/hadd_16ns_16ns_16_3_no_dsp_1_U1/node_0_0_hadd_16ns_16ns_16_3_no_dsp_1_ip_u/U0/i_synth/ADDSUB_OP.ADDSUB/LOGIC_SPEED.OP/ALIGN_BLK/FRAC_ADDSUB/LOGIC_ADD.FRAC_ADDSUB/STRUCT_ADD2.ADD1/CHAIN_GEN[0].C_MUX.CARRY_MUX_CARRY4_CARRY8 | CLB.CARRY.CARRY8  |
    | grp_node_0_0_Pipeline_l_S_t_1_t_fu_256/hadd_16ns_16ns_16_3_no_dsp_1_U1/node_0_0_hadd_16ns_16ns_16_3_no_dsp_1_ip_u/U0/i_synth/ADDSUB_OP.ADDSUB/LOGIC_SPEED.OP/ALIGN_BLK/FRAC_ADDSUB/LOGIC_ADD.FRAC_ADDSUB/STRUCT_ADD2.ADD1/CHAIN_GEN[0].C_MUX.CARRY_MUX_i_1__2        | CLB.LUT.LUT4      |
    | grp_node_0_0_Pipeline_l_S_t_1_t_fu_256/hadd_16ns_16ns_16_3_no_dsp_1_U1/node_0_0_hadd_16ns_16ns_16_3_no_dsp_1_ip_u/U0/i_synth/ADDSUB_OP.ADDSUB/LOGIC_SPEED.OP/NORM/LZE/ZERO_DET_CC_1/CHAIN_GEN[0].C_MUX.CARRY_MUX_CARRY4_CARRY8                                       | CLB.CARRY.CARRY8  |
    | grp_node_0_0_Pipeline_l_S_t_1_t_fu_256/hadd_16ns_16ns_16_3_no_dsp_1_U1/node_0_0_hadd_16ns_16ns_16_3_no_dsp_1_ip_u/U0/i_synth/ADDSUB_OP.ADDSUB/LOGIC_SPEED.OP/ALIGN_BLK/FRAC_ADDSUB/LOGIC_ADD.FRAC_ADDSUB/STRUCT_ADD2.ADD1/RESULT_REG.NORMAL.exp_op[2]_i_8            | CLB.LUT.LUT5      |
    | grp_node_0_0_Pipeline_l_S_t_1_t_fu_256/hadd_16ns_16ns_16_3_no_dsp_1_U1/node_0_0_hadd_16ns_16ns_16_3_no_dsp_1_ip_u/U0/i_synth/ADDSUB_OP.ADDSUB/LOGIC_SPEED.OP/ALIGN_BLK/FRAC_ADDSUB/LOGIC_ADD.FRAC_ADDSUB/STRUCT_ADD1.ADD1/RESULT_REG.NORMAL.exp_op[1]_i_3            | CLB.LUT.LUT5      |
    | grp_node_0_0_Pipeline_l_S_t_1_t_fu_256/hadd_16ns_16ns_16_3_no_dsp_1_U1/node_0_0_hadd_16ns_16ns_16_3_no_dsp_1_ip_u/U0/i_synth/ADDSUB_OP.ADDSUB/LOGIC_SPEED.OP/ALIGN_BLK/FRAC_ADDSUB/LOGIC_ADD.FRAC_ADDSUB/STRUCT_ADD1.ADD1/CHAIN_GEN[0].C_MUX.CARRY_MUX_i_6__0        | CLB.LUT.LUT5      |
    | grp_node_0_0_Pipeline_l_S_t_1_t_fu_256/hadd_16ns_16ns_16_3_no_dsp_1_U1/node_0_0_hadd_16ns_16ns_16_3_no_dsp_1_ip_u/U0/i_synth/ADDSUB_OP.ADDSUB/LOGIC_SPEED.OP/ALIGN_BLK/FRAC_ADDSUB/LOGIC_ADD.FRAC_ADDSUB/STRUCT_ADD1.ADD1/CHAIN_GEN[0].C_MUX.CARRY_MUX_i_3__0        | CLB.LUT.LUT6      |
    | grp_node_0_0_Pipeline_l_S_t_1_t_fu_256/hadd_16ns_16ns_16_3_no_dsp_1_U1/node_0_0_hadd_16ns_16ns_16_3_no_dsp_1_ip_u/U0/i_synth/ADDSUB_OP.ADDSUB/LOGIC_SPEED.OP/ALIGN_BLK/FRAC_ADDSUB/LOGIC_ADD.FRAC_ADDSUB/STRUCT_ADD1.ADD1/CHAIN_GEN[0].C_MUX.CARRY_MUX_i_1__10       | CLB.LUT.LUT5      |
    | grp_node_0_0_Pipeline_l_S_t_1_t_fu_256/hadd_16ns_16ns_16_3_no_dsp_1_U1/node_0_0_hadd_16ns_16ns_16_3_no_dsp_1_ip_u/U0/i_synth/ADDSUB_OP.ADDSUB/LOGIC_SPEED.OP/NORM/ROUND/RND_BIT_GEN/NORM_2.RND_CHAIN/CHAIN_GEN[0].C_MUX.CARRY_MUX_CARRY4_CARRY8                      | CLB.CARRY.CARRY8  |
    | grp_node_0_0_Pipeline_l_S_t_1_t_fu_256/hadd_16ns_16ns_16_3_no_dsp_1_U1/node_0_0_hadd_16ns_16ns_16_3_no_dsp_1_ip_u/U0/i_synth/ADDSUB_OP.ADDSUB/LOGIC_SPEED.OP/NORM/ROUND/LOGIC.RND1/CHAIN_GEN[2].C_MUX.CARRY_MUX_CARRY4_CARRY8                                        | CLB.CARRY.CARRY8  |
    | grp_node_0_0_Pipeline_l_S_t_1_t_fu_256/hadd_16ns_16ns_16_3_no_dsp_1_U1/node_0_0_hadd_16ns_16ns_16_3_no_dsp_1_ip_u/U0/i_synth/ADDSUB_OP.ADDSUB/LOGIC_SPEED.OP/NORM/ROUND/LOGIC.RND2/CHAIN_GEN[5].Q_XOR.SUM_XOR_CARRY4_CARRY8                                          | CLB.CARRY.CARRY8  |
    | grp_node_0_0_Pipeline_l_S_t_1_t_fu_256/hadd_16ns_16ns_16_3_no_dsp_1_U1/node_0_0_hadd_16ns_16ns_16_3_no_dsp_1_ip_u/U0/i_synth/ADDSUB_OP.ADDSUB/LOGIC_SPEED.OP/NORM/ROUND/LOGIC.RND2/RESULT_REG.NORMAL.exp_op[1]_i_1                                                   | CLB.LUT.LUT6      |
    | grp_node_0_0_Pipeline_l_S_t_1_t_fu_256/hadd_16ns_16ns_16_3_no_dsp_1_U1/node_0_0_hadd_16ns_16ns_16_3_no_dsp_1_ip_u/U0/i_synth/ADDSUB_OP.ADDSUB/LOGIC_SPEED.OP/OP/RESULT_REG.NORMAL.exp_op_reg[1]                                                                      | REGISTER.SDR.FDRE |
    +----------------------------------------------------------------------------------------------------------------------------------------------------------------------------------------------------------------------------------------------------------------------+-------------------+

    +----------------------------------------------------------------------------------------------------------------------------------------------------------------------------------------------------------------------------------------------------------------------+-------------------+
    | Path3 Cells                                                                                                                                                                                                                                                          | Primitive Type    |
    +----------------------------------------------------------------------------------------------------------------------------------------------------------------------------------------------------------------------------------------------------------------------+-------------------+
    | grp_node_0_0_Pipeline_l_S_t_1_t_fu_256/hadd_16ns_16ns_16_3_no_dsp_1_U1/din1_buf1_reg[0]                                                                                                                                                                              | REGISTER.SDR.FDRE |
    | grp_node_0_0_Pipeline_l_S_t_1_t_fu_256/hadd_16ns_16ns_16_3_no_dsp_1_U1/node_0_0_hadd_16ns_16ns_16_3_no_dsp_1_ip_u/U0/i_synth/ADDSUB_OP.ADDSUB/LOGIC_SPEED.OP/EXP/NUMB_CMP/NOT_FAST.CMP/C_CHAIN/CHAIN_GEN[0].C_MUX.CARRY_MUX_i_2__1                                   | CLB.LUT.LUT4      |
    | grp_node_0_0_Pipeline_l_S_t_1_t_fu_256/hadd_16ns_16ns_16_3_no_dsp_1_U1/node_0_0_hadd_16ns_16ns_16_3_no_dsp_1_ip_u/U0/i_synth/ADDSUB_OP.ADDSUB/LOGIC_SPEED.OP/EXP/NUMB_CMP/NOT_FAST.CMP/C_CHAIN/CHAIN_GEN[0].C_MUX.CARRY_MUX_CARRY4_CARRY8                            | CLB.CARRY.CARRY8  |
    | grp_node_0_0_Pipeline_l_S_t_1_t_fu_256/hadd_16ns_16ns_16_3_no_dsp_1_U1/node_0_0_hadd_16ns_16ns_16_3_no_dsp_1_ip_u/U0/i_synth/ADDSUB_OP.ADDSUB/LOGIC_SPEED.OP/EXP/NUMB_CMP/NOT_FAST.CMP/C_CHAIN/CHAIN_GEN[1].C_MUX.CARRY_MUX_i_2__3                                   | CLB.LUT.LUT6      |
    | grp_node_0_0_Pipeline_l_S_t_1_t_fu_256/hadd_16ns_16ns_16_3_no_dsp_1_U1/node_0_0_hadd_16ns_16ns_16_3_no_dsp_1_ip_u/U0/i_synth/ADDSUB_OP.ADDSUB/LOGIC_SPEED.OP/EXP/NUMB_CMP/NOT_FAST.CMP/C_CHAIN/CHAIN_GEN[1].C_MUX.CARRY_MUX_i_1__5                                   | CLB.LUT.LUT4      |
    | grp_node_0_0_Pipeline_l_S_t_1_t_fu_256/hadd_16ns_16ns_16_3_no_dsp_1_U1/node_0_0_hadd_16ns_16ns_16_3_no_dsp_1_ip_u/U0/i_synth/ADDSUB_OP.ADDSUB/LOGIC_SPEED.OP/ALIGN_BLK/ALIGN_SHIFT/ALIGN_Z_D/EQ_ZERO/CARRY_ZERO_DET/CHAIN_GEN[0].C_MUX.CARRY_MUX_CARRY4_CARRY8       | CLB.CARRY.CARRY8  |
    | grp_node_0_0_Pipeline_l_S_t_1_t_fu_256/hadd_16ns_16ns_16_3_no_dsp_1_U1/node_0_0_hadd_16ns_16ns_16_3_no_dsp_1_ip_u/U0/i_synth/ADDSUB_OP.ADDSUB/LOGIC_SPEED.OP/EXP/NUMB_CMP/NOT_FAST.CMP/C_CHAIN/STRUCT_ADD1.CARRY_MUX2_i_7                                            | CLB.LUT.LUT5      |
    | grp_node_0_0_Pipeline_l_S_t_1_t_fu_256/hadd_16ns_16ns_16_3_no_dsp_1_U1/node_0_0_hadd_16ns_16ns_16_3_no_dsp_1_ip_u/U0/i_synth/ADDSUB_OP.ADDSUB/LOGIC_SPEED.OP/EXP/NUMB_CMP/NOT_FAST.CMP/C_CHAIN/STRUCT_ADD1.CARRY_MUX2_i_2                                            | CLB.LUT.LUT6      |
    | grp_node_0_0_Pipeline_l_S_t_1_t_fu_256/hadd_16ns_16ns_16_3_no_dsp_1_U1/node_0_0_hadd_16ns_16ns_16_3_no_dsp_1_ip_u/U0/i_synth/ADDSUB_OP.ADDSUB/LOGIC_SPEED.OP/EXP/NUMB_CMP/NOT_FAST.CMP/C_CHAIN/STRUCT_ADD1.CARRY_MUX2_i_1                                            | CLB.LUT.LUT6      |
    | grp_node_0_0_Pipeline_l_S_t_1_t_fu_256/hadd_16ns_16ns_16_3_no_dsp_1_U1/node_0_0_hadd_16ns_16ns_16_3_no_dsp_1_ip_u/U0/i_synth/ADDSUB_OP.ADDSUB/LOGIC_SPEED.OP/ALIGN_BLK/FRAC_ADDSUB/LOGIC_ADD.FRAC_ADDSUB/STRUCT_ADD1.CARRY_MUX1_CARRY4_CARRY8                        | CLB.CARRY.CARRY8  |
    | grp_node_0_0_Pipeline_l_S_t_1_t_fu_256/hadd_16ns_16ns_16_3_no_dsp_1_U1/node_0_0_hadd_16ns_16ns_16_3_no_dsp_1_ip_u/U0/i_synth/ADDSUB_OP.ADDSUB/LOGIC_SPEED.OP/ALIGN_BLK/FRAC_ADDSUB/LOGIC_ADD.FRAC_ADDSUB/STRUCT_ADD2.ADD1/CHAIN_GEN[0].C_MUX.CARRY_MUX_CARRY4_CARRY8 | CLB.CARRY.CARRY8  |
    | grp_node_0_0_Pipeline_l_S_t_1_t_fu_256/hadd_16ns_16ns_16_3_no_dsp_1_U1/node_0_0_hadd_16ns_16ns_16_3_no_dsp_1_ip_u/U0/i_synth/ADDSUB_OP.ADDSUB/LOGIC_SPEED.OP/ALIGN_BLK/FRAC_ADDSUB/LOGIC_ADD.FRAC_ADDSUB/STRUCT_ADD2.ADD1/CHAIN_GEN[0].C_MUX.CARRY_MUX_i_1__2        | CLB.LUT.LUT4      |
    | grp_node_0_0_Pipeline_l_S_t_1_t_fu_256/hadd_16ns_16ns_16_3_no_dsp_1_U1/node_0_0_hadd_16ns_16ns_16_3_no_dsp_1_ip_u/U0/i_synth/ADDSUB_OP.ADDSUB/LOGIC_SPEED.OP/NORM/LZE/ZERO_DET_CC_1/CHAIN_GEN[0].C_MUX.CARRY_MUX_CARRY4_CARRY8                                       | CLB.CARRY.CARRY8  |
    | grp_node_0_0_Pipeline_l_S_t_1_t_fu_256/hadd_16ns_16ns_16_3_no_dsp_1_U1/node_0_0_hadd_16ns_16ns_16_3_no_dsp_1_ip_u/U0/i_synth/ADDSUB_OP.ADDSUB/LOGIC_SPEED.OP/ALIGN_BLK/FRAC_ADDSUB/LOGIC_ADD.FRAC_ADDSUB/STRUCT_ADD2.ADD1/RESULT_REG.NORMAL.exp_op[2]_i_8            | CLB.LUT.LUT5      |
    | grp_node_0_0_Pipeline_l_S_t_1_t_fu_256/hadd_16ns_16ns_16_3_no_dsp_1_U1/node_0_0_hadd_16ns_16ns_16_3_no_dsp_1_ip_u/U0/i_synth/ADDSUB_OP.ADDSUB/LOGIC_SPEED.OP/ALIGN_BLK/FRAC_ADDSUB/LOGIC_ADD.FRAC_ADDSUB/STRUCT_ADD1.ADD1/RESULT_REG.NORMAL.exp_op[1]_i_3            | CLB.LUT.LUT5      |
    | grp_node_0_0_Pipeline_l_S_t_1_t_fu_256/hadd_16ns_16ns_16_3_no_dsp_1_U1/node_0_0_hadd_16ns_16ns_16_3_no_dsp_1_ip_u/U0/i_synth/ADDSUB_OP.ADDSUB/LOGIC_SPEED.OP/ALIGN_BLK/FRAC_ADDSUB/LOGIC_ADD.FRAC_ADDSUB/STRUCT_ADD1.ADD1/CHAIN_GEN[0].C_MUX.CARRY_MUX_i_6__0        | CLB.LUT.LUT5      |
    | grp_node_0_0_Pipeline_l_S_t_1_t_fu_256/hadd_16ns_16ns_16_3_no_dsp_1_U1/node_0_0_hadd_16ns_16ns_16_3_no_dsp_1_ip_u/U0/i_synth/ADDSUB_OP.ADDSUB/LOGIC_SPEED.OP/ALIGN_BLK/FRAC_ADDSUB/LOGIC_ADD.FRAC_ADDSUB/STRUCT_ADD1.ADD1/CHAIN_GEN[0].C_MUX.CARRY_MUX_i_3__0        | CLB.LUT.LUT6      |
    | grp_node_0_0_Pipeline_l_S_t_1_t_fu_256/hadd_16ns_16ns_16_3_no_dsp_1_U1/node_0_0_hadd_16ns_16ns_16_3_no_dsp_1_ip_u/U0/i_synth/ADDSUB_OP.ADDSUB/LOGIC_SPEED.OP/ALIGN_BLK/FRAC_ADDSUB/LOGIC_ADD.FRAC_ADDSUB/STRUCT_ADD1.ADD1/CHAIN_GEN[0].C_MUX.CARRY_MUX_i_1__10       | CLB.LUT.LUT5      |
    | grp_node_0_0_Pipeline_l_S_t_1_t_fu_256/hadd_16ns_16ns_16_3_no_dsp_1_U1/node_0_0_hadd_16ns_16ns_16_3_no_dsp_1_ip_u/U0/i_synth/ADDSUB_OP.ADDSUB/LOGIC_SPEED.OP/NORM/ROUND/RND_BIT_GEN/NORM_2.RND_CHAIN/CHAIN_GEN[0].C_MUX.CARRY_MUX_CARRY4_CARRY8                      | CLB.CARRY.CARRY8  |
    | grp_node_0_0_Pipeline_l_S_t_1_t_fu_256/hadd_16ns_16ns_16_3_no_dsp_1_U1/node_0_0_hadd_16ns_16ns_16_3_no_dsp_1_ip_u/U0/i_synth/ADDSUB_OP.ADDSUB/LOGIC_SPEED.OP/NORM/ROUND/LOGIC.RND1/CHAIN_GEN[2].C_MUX.CARRY_MUX_CARRY4_CARRY8                                        | CLB.CARRY.CARRY8  |
    | grp_node_0_0_Pipeline_l_S_t_1_t_fu_256/hadd_16ns_16ns_16_3_no_dsp_1_U1/node_0_0_hadd_16ns_16ns_16_3_no_dsp_1_ip_u/U0/i_synth/ADDSUB_OP.ADDSUB/LOGIC_SPEED.OP/NORM/ROUND/LOGIC.RND2/CHAIN_GEN[5].Q_XOR.SUM_XOR_CARRY4_CARRY8                                          | CLB.CARRY.CARRY8  |
    | grp_node_0_0_Pipeline_l_S_t_1_t_fu_256/hadd_16ns_16ns_16_3_no_dsp_1_U1/node_0_0_hadd_16ns_16ns_16_3_no_dsp_1_ip_u/U0/i_synth/ADDSUB_OP.ADDSUB/LOGIC_SPEED.OP/NORM/LZE/ZERO_DET_CC_1/RESULT_REG.NORMAL.exp_op[4]_i_3                                                  | CLB.LUT.LUT6      |
    | grp_node_0_0_Pipeline_l_S_t_1_t_fu_256/hadd_16ns_16ns_16_3_no_dsp_1_U1/node_0_0_hadd_16ns_16ns_16_3_no_dsp_1_ip_u/U0/i_synth/ADDSUB_OP.ADDSUB/LOGIC_SPEED.OP/NORM/LZE/ZERO_DET_CC_1/RESULT_REG.NORMAL.exp_op[3]_i_1                                                  | CLB.LUT.LUT6      |
    | grp_node_0_0_Pipeline_l_S_t_1_t_fu_256/hadd_16ns_16ns_16_3_no_dsp_1_U1/node_0_0_hadd_16ns_16ns_16_3_no_dsp_1_ip_u/U0/i_synth/ADDSUB_OP.ADDSUB/LOGIC_SPEED.OP/OP/RESULT_REG.NORMAL.exp_op_reg[3]                                                                      | REGISTER.SDR.FDRE |
    | grp_node_0_0_Pipeline_l_S_t_1_t_fu_256/hadd_16ns_16ns_16_3_no_dsp_1_U1/din1_buf1_reg[0]                                                                                                                                                                              | REGISTER.SDR.FDRE |
    | grp_node_0_0_Pipeline_l_S_t_1_t_fu_256/hadd_16ns_16ns_16_3_no_dsp_1_U1/node_0_0_hadd_16ns_16ns_16_3_no_dsp_1_ip_u/U0/i_synth/ADDSUB_OP.ADDSUB/LOGIC_SPEED.OP/EXP/NUMB_CMP/NOT_FAST.CMP/C_CHAIN/CHAIN_GEN[0].C_MUX.CARRY_MUX_i_2__1                                   | CLB.LUT.LUT4      |
    | grp_node_0_0_Pipeline_l_S_t_1_t_fu_256/hadd_16ns_16ns_16_3_no_dsp_1_U1/node_0_0_hadd_16ns_16ns_16_3_no_dsp_1_ip_u/U0/i_synth/ADDSUB_OP.ADDSUB/LOGIC_SPEED.OP/EXP/NUMB_CMP/NOT_FAST.CMP/C_CHAIN/CHAIN_GEN[0].C_MUX.CARRY_MUX_CARRY4_CARRY8                            | CLB.CARRY.CARRY8  |
    | grp_node_0_0_Pipeline_l_S_t_1_t_fu_256/hadd_16ns_16ns_16_3_no_dsp_1_U1/node_0_0_hadd_16ns_16ns_16_3_no_dsp_1_ip_u/U0/i_synth/ADDSUB_OP.ADDSUB/LOGIC_SPEED.OP/EXP/NUMB_CMP/NOT_FAST.CMP/C_CHAIN/CHAIN_GEN[1].C_MUX.CARRY_MUX_i_2__3                                   | CLB.LUT.LUT6      |
    | grp_node_0_0_Pipeline_l_S_t_1_t_fu_256/hadd_16ns_16ns_16_3_no_dsp_1_U1/node_0_0_hadd_16ns_16ns_16_3_no_dsp_1_ip_u/U0/i_synth/ADDSUB_OP.ADDSUB/LOGIC_SPEED.OP/EXP/NUMB_CMP/NOT_FAST.CMP/C_CHAIN/CHAIN_GEN[1].C_MUX.CARRY_MUX_i_1__5                                   | CLB.LUT.LUT4      |
    | grp_node_0_0_Pipeline_l_S_t_1_t_fu_256/hadd_16ns_16ns_16_3_no_dsp_1_U1/node_0_0_hadd_16ns_16ns_16_3_no_dsp_1_ip_u/U0/i_synth/ADDSUB_OP.ADDSUB/LOGIC_SPEED.OP/ALIGN_BLK/ALIGN_SHIFT/ALIGN_Z_D/EQ_ZERO/CARRY_ZERO_DET/CHAIN_GEN[0].C_MUX.CARRY_MUX_CARRY4_CARRY8       | CLB.CARRY.CARRY8  |
    | grp_node_0_0_Pipeline_l_S_t_1_t_fu_256/hadd_16ns_16ns_16_3_no_dsp_1_U1/node_0_0_hadd_16ns_16ns_16_3_no_dsp_1_ip_u/U0/i_synth/ADDSUB_OP.ADDSUB/LOGIC_SPEED.OP/EXP/NUMB_CMP/NOT_FAST.CMP/C_CHAIN/STRUCT_ADD1.CARRY_MUX2_i_7                                            | CLB.LUT.LUT5      |
    | grp_node_0_0_Pipeline_l_S_t_1_t_fu_256/hadd_16ns_16ns_16_3_no_dsp_1_U1/node_0_0_hadd_16ns_16ns_16_3_no_dsp_1_ip_u/U0/i_synth/ADDSUB_OP.ADDSUB/LOGIC_SPEED.OP/EXP/NUMB_CMP/NOT_FAST.CMP/C_CHAIN/STRUCT_ADD1.CARRY_MUX2_i_2                                            | CLB.LUT.LUT6      |
    | grp_node_0_0_Pipeline_l_S_t_1_t_fu_256/hadd_16ns_16ns_16_3_no_dsp_1_U1/node_0_0_hadd_16ns_16ns_16_3_no_dsp_1_ip_u/U0/i_synth/ADDSUB_OP.ADDSUB/LOGIC_SPEED.OP/EXP/NUMB_CMP/NOT_FAST.CMP/C_CHAIN/STRUCT_ADD1.CARRY_MUX2_i_1                                            | CLB.LUT.LUT6      |
    | grp_node_0_0_Pipeline_l_S_t_1_t_fu_256/hadd_16ns_16ns_16_3_no_dsp_1_U1/node_0_0_hadd_16ns_16ns_16_3_no_dsp_1_ip_u/U0/i_synth/ADDSUB_OP.ADDSUB/LOGIC_SPEED.OP/ALIGN_BLK/FRAC_ADDSUB/LOGIC_ADD.FRAC_ADDSUB/STRUCT_ADD1.CARRY_MUX1_CARRY4_CARRY8                        | CLB.CARRY.CARRY8  |
    | grp_node_0_0_Pipeline_l_S_t_1_t_fu_256/hadd_16ns_16ns_16_3_no_dsp_1_U1/node_0_0_hadd_16ns_16ns_16_3_no_dsp_1_ip_u/U0/i_synth/ADDSUB_OP.ADDSUB/LOGIC_SPEED.OP/ALIGN_BLK/FRAC_ADDSUB/LOGIC_ADD.FRAC_ADDSUB/STRUCT_ADD2.ADD1/CHAIN_GEN[0].C_MUX.CARRY_MUX_CARRY4_CARRY8 | CLB.CARRY.CARRY8  |
    | grp_node_0_0_Pipeline_l_S_t_1_t_fu_256/hadd_16ns_16ns_16_3_no_dsp_1_U1/node_0_0_hadd_16ns_16ns_16_3_no_dsp_1_ip_u/U0/i_synth/ADDSUB_OP.ADDSUB/LOGIC_SPEED.OP/ALIGN_BLK/FRAC_ADDSUB/LOGIC_ADD.FRAC_ADDSUB/STRUCT_ADD2.ADD1/CHAIN_GEN[0].C_MUX.CARRY_MUX_i_1__2        | CLB.LUT.LUT4      |
    | grp_node_0_0_Pipeline_l_S_t_1_t_fu_256/hadd_16ns_16ns_16_3_no_dsp_1_U1/node_0_0_hadd_16ns_16ns_16_3_no_dsp_1_ip_u/U0/i_synth/ADDSUB_OP.ADDSUB/LOGIC_SPEED.OP/NORM/LZE/ZERO_DET_CC_1/CHAIN_GEN[0].C_MUX.CARRY_MUX_CARRY4_CARRY8                                       | CLB.CARRY.CARRY8  |
    | grp_node_0_0_Pipeline_l_S_t_1_t_fu_256/hadd_16ns_16ns_16_3_no_dsp_1_U1/node_0_0_hadd_16ns_16ns_16_3_no_dsp_1_ip_u/U0/i_synth/ADDSUB_OP.ADDSUB/LOGIC_SPEED.OP/ALIGN_BLK/FRAC_ADDSUB/LOGIC_ADD.FRAC_ADDSUB/STRUCT_ADD2.ADD1/RESULT_REG.NORMAL.exp_op[2]_i_8            | CLB.LUT.LUT5      |
    | grp_node_0_0_Pipeline_l_S_t_1_t_fu_256/hadd_16ns_16ns_16_3_no_dsp_1_U1/node_0_0_hadd_16ns_16ns_16_3_no_dsp_1_ip_u/U0/i_synth/ADDSUB_OP.ADDSUB/LOGIC_SPEED.OP/ALIGN_BLK/FRAC_ADDSUB/LOGIC_ADD.FRAC_ADDSUB/STRUCT_ADD1.ADD1/RESULT_REG.NORMAL.exp_op[1]_i_3            | CLB.LUT.LUT5      |
    | grp_node_0_0_Pipeline_l_S_t_1_t_fu_256/hadd_16ns_16ns_16_3_no_dsp_1_U1/node_0_0_hadd_16ns_16ns_16_3_no_dsp_1_ip_u/U0/i_synth/ADDSUB_OP.ADDSUB/LOGIC_SPEED.OP/ALIGN_BLK/FRAC_ADDSUB/LOGIC_ADD.FRAC_ADDSUB/STRUCT_ADD1.ADD1/CHAIN_GEN[0].C_MUX.CARRY_MUX_i_6__0        | CLB.LUT.LUT5      |
    | grp_node_0_0_Pipeline_l_S_t_1_t_fu_256/hadd_16ns_16ns_16_3_no_dsp_1_U1/node_0_0_hadd_16ns_16ns_16_3_no_dsp_1_ip_u/U0/i_synth/ADDSUB_OP.ADDSUB/LOGIC_SPEED.OP/ALIGN_BLK/FRAC_ADDSUB/LOGIC_ADD.FRAC_ADDSUB/STRUCT_ADD1.ADD1/CHAIN_GEN[0].C_MUX.CARRY_MUX_i_3__0        | CLB.LUT.LUT6      |
    | grp_node_0_0_Pipeline_l_S_t_1_t_fu_256/hadd_16ns_16ns_16_3_no_dsp_1_U1/node_0_0_hadd_16ns_16ns_16_3_no_dsp_1_ip_u/U0/i_synth/ADDSUB_OP.ADDSUB/LOGIC_SPEED.OP/ALIGN_BLK/FRAC_ADDSUB/LOGIC_ADD.FRAC_ADDSUB/STRUCT_ADD1.ADD1/CHAIN_GEN[0].C_MUX.CARRY_MUX_i_1__10       | CLB.LUT.LUT5      |
    | grp_node_0_0_Pipeline_l_S_t_1_t_fu_256/hadd_16ns_16ns_16_3_no_dsp_1_U1/node_0_0_hadd_16ns_16ns_16_3_no_dsp_1_ip_u/U0/i_synth/ADDSUB_OP.ADDSUB/LOGIC_SPEED.OP/NORM/ROUND/RND_BIT_GEN/NORM_2.RND_CHAIN/CHAIN_GEN[0].C_MUX.CARRY_MUX_CARRY4_CARRY8                      | CLB.CARRY.CARRY8  |
    | grp_node_0_0_Pipeline_l_S_t_1_t_fu_256/hadd_16ns_16ns_16_3_no_dsp_1_U1/node_0_0_hadd_16ns_16ns_16_3_no_dsp_1_ip_u/U0/i_synth/ADDSUB_OP.ADDSUB/LOGIC_SPEED.OP/NORM/ROUND/LOGIC.RND1/CHAIN_GEN[2].C_MUX.CARRY_MUX_CARRY4_CARRY8                                        | CLB.CARRY.CARRY8  |
    | grp_node_0_0_Pipeline_l_S_t_1_t_fu_256/hadd_16ns_16ns_16_3_no_dsp_1_U1/node_0_0_hadd_16ns_16ns_16_3_no_dsp_1_ip_u/U0/i_synth/ADDSUB_OP.ADDSUB/LOGIC_SPEED.OP/NORM/ROUND/LOGIC.RND2/CHAIN_GEN[5].Q_XOR.SUM_XOR_CARRY4_CARRY8                                          | CLB.CARRY.CARRY8  |
    | grp_node_0_0_Pipeline_l_S_t_1_t_fu_256/hadd_16ns_16ns_16_3_no_dsp_1_U1/node_0_0_hadd_16ns_16ns_16_3_no_dsp_1_ip_u/U0/i_synth/ADDSUB_OP.ADDSUB/LOGIC_SPEED.OP/NORM/LZE/ZERO_DET_CC_1/RESULT_REG.NORMAL.exp_op[4]_i_3                                                  | CLB.LUT.LUT6      |
    | grp_node_0_0_Pipeline_l_S_t_1_t_fu_256/hadd_16ns_16ns_16_3_no_dsp_1_U1/node_0_0_hadd_16ns_16ns_16_3_no_dsp_1_ip_u/U0/i_synth/ADDSUB_OP.ADDSUB/LOGIC_SPEED.OP/NORM/LZE/ZERO_DET_CC_1/RESULT_REG.NORMAL.exp_op[4]_i_1                                                  | CLB.LUT.LUT6      |
    | grp_node_0_0_Pipeline_l_S_t_1_t_fu_256/hadd_16ns_16ns_16_3_no_dsp_1_U1/node_0_0_hadd_16ns_16ns_16_3_no_dsp_1_ip_u/U0/i_synth/ADDSUB_OP.ADDSUB/LOGIC_SPEED.OP/OP/RESULT_REG.NORMAL.exp_op_reg[4]                                                                      | REGISTER.SDR.FDRE |
    | grp_node_0_0_Pipeline_l_S_t_1_t_fu_256/hadd_16ns_16ns_16_3_no_dsp_1_U1/din1_buf1_reg[0]                                                                                                                                                                              | REGISTER.SDR.FDRE |
    | grp_node_0_0_Pipeline_l_S_t_1_t_fu_256/hsub_16ns_16ns_16_3_no_dsp_1_U2/node_0_0_hsub_16ns_16ns_16_3_no_dsp_1_ip_u/U0/i_synth/ADDSUB_OP.ADDSUB/LOGIC_SPEED.OP/EXP/NUMB_CMP/NOT_FAST.CMP/C_CHAIN/CHAIN_GEN[0].C_MUX.CARRY_MUX_i_2__1                                   | CLB.LUT.LUT4      |
    | grp_node_0_0_Pipeline_l_S_t_1_t_fu_256/hsub_16ns_16ns_16_3_no_dsp_1_U2/node_0_0_hsub_16ns_16ns_16_3_no_dsp_1_ip_u/U0/i_synth/ADDSUB_OP.ADDSUB/LOGIC_SPEED.OP/EXP/NUMB_CMP/NOT_FAST.CMP/C_CHAIN/CHAIN_GEN[0].C_MUX.CARRY_MUX_CARRY4_CARRY8                            | CLB.CARRY.CARRY8  |
    | grp_node_0_0_Pipeline_l_S_t_1_t_fu_256/hsub_16ns_16ns_16_3_no_dsp_1_U2/node_0_0_hsub_16ns_16ns_16_3_no_dsp_1_ip_u/U0/i_synth/ADDSUB_OP.ADDSUB/LOGIC_SPEED.OP/EXP/NUMB_CMP/NOT_FAST.CMP/C_CHAIN/CHAIN_GEN[1].C_MUX.CARRY_MUX_i_2__2                                   | CLB.LUT.LUT6      |
    | grp_node_0_0_Pipeline_l_S_t_1_t_fu_256/hsub_16ns_16ns_16_3_no_dsp_1_U2/node_0_0_hsub_16ns_16ns_16_3_no_dsp_1_ip_u/U0/i_synth/ADDSUB_OP.ADDSUB/LOGIC_SPEED.OP/EXP/NUMB_CMP/NOT_FAST.CMP/C_CHAIN/CHAIN_GEN[1].C_MUX.CARRY_MUX_i_1__1                                   | CLB.LUT.LUT4      |
    | grp_node_0_0_Pipeline_l_S_t_1_t_fu_256/hsub_16ns_16ns_16_3_no_dsp_1_U2/node_0_0_hsub_16ns_16ns_16_3_no_dsp_1_ip_u/U0/i_synth/ADDSUB_OP.ADDSUB/LOGIC_SPEED.OP/ALIGN_BLK/ALIGN_SHIFT/ALIGN_Z_D/EQ_ZERO/CARRY_ZERO_DET/CHAIN_GEN[0].C_MUX.CARRY_MUX_CARRY4_CARRY8       | CLB.CARRY.CARRY8  |
    | grp_node_0_0_Pipeline_l_S_t_1_t_fu_256/hsub_16ns_16ns_16_3_no_dsp_1_U2/node_0_0_hsub_16ns_16ns_16_3_no_dsp_1_ip_u/U0/i_synth/ADDSUB_OP.ADDSUB/LOGIC_SPEED.OP/ALIGN_BLK/ALIGN_SHIFT/ALIGN_Z_D/EQ_ZERO/CARRY_ZERO_DET/STRUCT_ADD1.CARRY_MUX2_i_7                       | CLB.LUT.LUT5      |
    | grp_node_0_0_Pipeline_l_S_t_1_t_fu_256/hsub_16ns_16ns_16_3_no_dsp_1_U2/node_0_0_hsub_16ns_16ns_16_3_no_dsp_1_ip_u/U0/i_synth/ADDSUB_OP.ADDSUB/LOGIC_SPEED.OP/EXP/NUMB_CMP/NOT_FAST.CMP/C_CHAIN/STRUCT_ADD1.CARRY_MUX2_i_1                                            | CLB.LUT.LUT6      |
    | grp_node_0_0_Pipeline_l_S_t_1_t_fu_256/hsub_16ns_16ns_16_3_no_dsp_1_U2/node_0_0_hsub_16ns_16ns_16_3_no_dsp_1_ip_u/U0/i_synth/ADDSUB_OP.ADDSUB/LOGIC_SPEED.OP/ALIGN_BLK/FRAC_ADDSUB/LOGIC_ADD.FRAC_ADDSUB/STRUCT_ADD1.CARRY_MUX1_CARRY4_CARRY8                        | CLB.CARRY.CARRY8  |
    | grp_node_0_0_Pipeline_l_S_t_1_t_fu_256/hsub_16ns_16ns_16_3_no_dsp_1_U2/node_0_0_hsub_16ns_16ns_16_3_no_dsp_1_ip_u/U0/i_synth/ADDSUB_OP.ADDSUB/LOGIC_SPEED.OP/ALIGN_BLK/FRAC_ADDSUB/LOGIC_ADD.FRAC_ADDSUB/STRUCT_ADD2.ADD1/CHAIN_GEN[0].C_MUX.CARRY_MUX_CARRY4_CARRY8 | CLB.CARRY.CARRY8  |
    | grp_node_0_0_Pipeline_l_S_t_1_t_fu_256/hsub_16ns_16ns_16_3_no_dsp_1_U2/node_0_0_hsub_16ns_16ns_16_3_no_dsp_1_ip_u/U0/i_synth/ADDSUB_OP.ADDSUB/LOGIC_SPEED.OP/ALIGN_BLK/FRAC_ADDSUB/LOGIC_ADD.FRAC_ADDSUB/STRUCT_ADD2.ADD1/CHAIN_GEN[0].C_MUX.CARRY_MUX_i_1__5        | CLB.LUT.LUT4      |
    | grp_node_0_0_Pipeline_l_S_t_1_t_fu_256/hsub_16ns_16ns_16_3_no_dsp_1_U2/node_0_0_hsub_16ns_16ns_16_3_no_dsp_1_ip_u/U0/i_synth/ADDSUB_OP.ADDSUB/LOGIC_SPEED.OP/NORM/LZE/ZERO_DET_CC_1/CHAIN_GEN[0].C_MUX.CARRY_MUX_CARRY4_CARRY8                                       | CLB.CARRY.CARRY8  |
    | grp_node_0_0_Pipeline_l_S_t_1_t_fu_256/hsub_16ns_16ns_16_3_no_dsp_1_U2/node_0_0_hsub_16ns_16ns_16_3_no_dsp_1_ip_u/U0/i_synth/ADDSUB_OP.ADDSUB/LOGIC_SPEED.OP/ALIGN_BLK/FRAC_ADDSUB/LOGIC_ADD.FRAC_ADDSUB/STRUCT_ADD1.ADD1/CHAIN_GEN[1].C_MUX.CARRY_MUX_i_6           | CLB.LUT.LUT6      |
    | grp_node_0_0_Pipeline_l_S_t_1_t_fu_256/hsub_16ns_16ns_16_3_no_dsp_1_U2/node_0_0_hsub_16ns_16ns_16_3_no_dsp_1_ip_u/U0/i_synth/ADDSUB_OP.ADDSUB/LOGIC_SPEED.OP/ALIGN_BLK/FRAC_ADDSUB/LOGIC_ADD.FRAC_ADDSUB/STRUCT_ADD2.ADD1/CHAIN_GEN[1].C_MUX.CARRY_MUX_i_2__3        | CLB.LUT.LUT6      |
    | grp_node_0_0_Pipeline_l_S_t_1_t_fu_256/hsub_16ns_16ns_16_3_no_dsp_1_U2/node_0_0_hsub_16ns_16ns_16_3_no_dsp_1_ip_u/U0/i_synth/ADDSUB_OP.ADDSUB/LOGIC_SPEED.OP/ALIGN_BLK/FRAC_ADDSUB/LOGIC_ADD.FRAC_ADDSUB/STRUCT_ADD2.ADD1/CHAIN_GEN[0].C_MUX.CARRY_MUX_i_7__0        | CLB.LUT.LUT5      |
    | grp_node_0_0_Pipeline_l_S_t_1_t_fu_256/hsub_16ns_16ns_16_3_no_dsp_1_U2/node_0_0_hsub_16ns_16ns_16_3_no_dsp_1_ip_u/U0/i_synth/ADDSUB_OP.ADDSUB/LOGIC_SPEED.OP/ALIGN_BLK/FRAC_ADDSUB/LOGIC_ADD.FRAC_ADDSUB/STRUCT_ADD1.ADD1/CHAIN_GEN[0].C_MUX.CARRY_MUX_i_5__0        | CLB.LUT.LUT6      |
    | grp_node_0_0_Pipeline_l_S_t_1_t_fu_256/hsub_16ns_16ns_16_3_no_dsp_1_U2/node_0_0_hsub_16ns_16ns_16_3_no_dsp_1_ip_u/U0/i_synth/ADDSUB_OP.ADDSUB/LOGIC_SPEED.OP/ALIGN_BLK/FRAC_ADDSUB/LOGIC_ADD.FRAC_ADDSUB/STRUCT_ADD1.ADD1/CHAIN_GEN[0].C_MUX.CARRY_MUX_i_1__9        | CLB.LUT.LUT6      |
    | grp_node_0_0_Pipeline_l_S_t_1_t_fu_256/hsub_16ns_16ns_16_3_no_dsp_1_U2/node_0_0_hsub_16ns_16ns_16_3_no_dsp_1_ip_u/U0/i_synth/ADDSUB_OP.ADDSUB/LOGIC_SPEED.OP/NORM/ROUND/RND_BIT_GEN/NORM_2.RND_CHAIN/CHAIN_GEN[0].C_MUX.CARRY_MUX_CARRY4_CARRY8                      | CLB.CARRY.CARRY8  |
    | grp_node_0_0_Pipeline_l_S_t_1_t_fu_256/hsub_16ns_16ns_16_3_no_dsp_1_U2/node_0_0_hsub_16ns_16ns_16_3_no_dsp_1_ip_u/U0/i_synth/ADDSUB_OP.ADDSUB/LOGIC_SPEED.OP/NORM/ROUND/LOGIC.RND1/CHAIN_GEN[2].C_MUX.CARRY_MUX_CARRY4_CARRY8                                        | CLB.CARRY.CARRY8  |
    | grp_node_0_0_Pipeline_l_S_t_1_t_fu_256/hsub_16ns_16ns_16_3_no_dsp_1_U2/node_0_0_hsub_16ns_16ns_16_3_no_dsp_1_ip_u/U0/i_synth/ADDSUB_OP.ADDSUB/LOGIC_SPEED.OP/NORM/ROUND/LOGIC.RND2/CHAIN_GEN[5].Q_XOR.SUM_XOR_CARRY4_CARRY8                                          | CLB.CARRY.CARRY8  |
    | grp_node_0_0_Pipeline_l_S_t_1_t_fu_256/hsub_16ns_16ns_16_3_no_dsp_1_U2/node_0_0_hsub_16ns_16ns_16_3_no_dsp_1_ip_u/U0/i_synth/ADDSUB_OP.ADDSUB/LOGIC_SPEED.OP/ALIGN_BLK/FRAC_ADDSUB/LOGIC_ADD.FRAC_ADDSUB/STRUCT_ADD1.ADD1/RESULT_REG.NORMAL.exp_op[0]_i_2            | CLB.LUT.LUT6      |
    | grp_node_0_0_Pipeline_l_S_t_1_t_fu_256/hsub_16ns_16ns_16_3_no_dsp_1_U2/node_0_0_hsub_16ns_16ns_16_3_no_dsp_1_ip_u/U0/i_synth/ADDSUB_OP.ADDSUB/LOGIC_SPEED.OP/EXP/EXP_OFF.STRUCT_ADD/RESULT_REG.NORMAL.exp_op[0]_i_1                                                  | CLB.LUT.LUT6      |
    | grp_node_0_0_Pipeline_l_S_t_1_t_fu_256/hsub_16ns_16ns_16_3_no_dsp_1_U2/node_0_0_hsub_16ns_16ns_16_3_no_dsp_1_ip_u/U0/i_synth/ADDSUB_OP.ADDSUB/LOGIC_SPEED.OP/OP/RESULT_REG.NORMAL.exp_op_reg[0]                                                                      | REGISTER.SDR.FDRE |
    | grp_node_0_0_Pipeline_l_S_t_1_t_fu_256/hadd_16ns_16ns_16_3_no_dsp_1_U1/din1_buf1_reg[0]                                                                                                                                                                              | REGISTER.SDR.FDRE |
    | grp_node_0_0_Pipeline_l_S_t_1_t_fu_256/hsub_16ns_16ns_16_3_no_dsp_1_U2/node_0_0_hsub_16ns_16ns_16_3_no_dsp_1_ip_u/U0/i_synth/ADDSUB_OP.ADDSUB/LOGIC_SPEED.OP/EXP/NUMB_CMP/NOT_FAST.CMP/C_CHAIN/CHAIN_GEN[0].C_MUX.CARRY_MUX_i_2__1                                   | CLB.LUT.LUT4      |
    | grp_node_0_0_Pipeline_l_S_t_1_t_fu_256/hsub_16ns_16ns_16_3_no_dsp_1_U2/node_0_0_hsub_16ns_16ns_16_3_no_dsp_1_ip_u/U0/i_synth/ADDSUB_OP.ADDSUB/LOGIC_SPEED.OP/EXP/NUMB_CMP/NOT_FAST.CMP/C_CHAIN/CHAIN_GEN[0].C_MUX.CARRY_MUX_CARRY4_CARRY8                            | CLB.CARRY.CARRY8  |
    | grp_node_0_0_Pipeline_l_S_t_1_t_fu_256/hsub_16ns_16ns_16_3_no_dsp_1_U2/node_0_0_hsub_16ns_16ns_16_3_no_dsp_1_ip_u/U0/i_synth/ADDSUB_OP.ADDSUB/LOGIC_SPEED.OP/EXP/NUMB_CMP/NOT_FAST.CMP/C_CHAIN/CHAIN_GEN[1].C_MUX.CARRY_MUX_i_2__2                                   | CLB.LUT.LUT6      |
    | grp_node_0_0_Pipeline_l_S_t_1_t_fu_256/hsub_16ns_16ns_16_3_no_dsp_1_U2/node_0_0_hsub_16ns_16ns_16_3_no_dsp_1_ip_u/U0/i_synth/ADDSUB_OP.ADDSUB/LOGIC_SPEED.OP/EXP/NUMB_CMP/NOT_FAST.CMP/C_CHAIN/CHAIN_GEN[1].C_MUX.CARRY_MUX_i_1__1                                   | CLB.LUT.LUT4      |
    | grp_node_0_0_Pipeline_l_S_t_1_t_fu_256/hsub_16ns_16ns_16_3_no_dsp_1_U2/node_0_0_hsub_16ns_16ns_16_3_no_dsp_1_ip_u/U0/i_synth/ADDSUB_OP.ADDSUB/LOGIC_SPEED.OP/ALIGN_BLK/ALIGN_SHIFT/ALIGN_Z_D/EQ_ZERO/CARRY_ZERO_DET/CHAIN_GEN[0].C_MUX.CARRY_MUX_CARRY4_CARRY8       | CLB.CARRY.CARRY8  |
    | grp_node_0_0_Pipeline_l_S_t_1_t_fu_256/hsub_16ns_16ns_16_3_no_dsp_1_U2/node_0_0_hsub_16ns_16ns_16_3_no_dsp_1_ip_u/U0/i_synth/ADDSUB_OP.ADDSUB/LOGIC_SPEED.OP/ALIGN_BLK/ALIGN_SHIFT/ALIGN_Z_D/EQ_ZERO/CARRY_ZERO_DET/STRUCT_ADD1.CARRY_MUX2_i_7                       | CLB.LUT.LUT5      |
    | grp_node_0_0_Pipeline_l_S_t_1_t_fu_256/hsub_16ns_16ns_16_3_no_dsp_1_U2/node_0_0_hsub_16ns_16ns_16_3_no_dsp_1_ip_u/U0/i_synth/ADDSUB_OP.ADDSUB/LOGIC_SPEED.OP/EXP/NUMB_CMP/NOT_FAST.CMP/C_CHAIN/STRUCT_ADD1.CARRY_MUX2_i_1                                            | CLB.LUT.LUT6      |
    | grp_node_0_0_Pipeline_l_S_t_1_t_fu_256/hsub_16ns_16ns_16_3_no_dsp_1_U2/node_0_0_hsub_16ns_16ns_16_3_no_dsp_1_ip_u/U0/i_synth/ADDSUB_OP.ADDSUB/LOGIC_SPEED.OP/ALIGN_BLK/FRAC_ADDSUB/LOGIC_ADD.FRAC_ADDSUB/STRUCT_ADD1.CARRY_MUX1_CARRY4_CARRY8                        | CLB.CARRY.CARRY8  |
    | grp_node_0_0_Pipeline_l_S_t_1_t_fu_256/hsub_16ns_16ns_16_3_no_dsp_1_U2/node_0_0_hsub_16ns_16ns_16_3_no_dsp_1_ip_u/U0/i_synth/ADDSUB_OP.ADDSUB/LOGIC_SPEED.OP/ALIGN_BLK/FRAC_ADDSUB/LOGIC_ADD.FRAC_ADDSUB/STRUCT_ADD2.ADD1/CHAIN_GEN[0].C_MUX.CARRY_MUX_CARRY4_CARRY8 | CLB.CARRY.CARRY8  |
    | grp_node_0_0_Pipeline_l_S_t_1_t_fu_256/hsub_16ns_16ns_16_3_no_dsp_1_U2/node_0_0_hsub_16ns_16ns_16_3_no_dsp_1_ip_u/U0/i_synth/ADDSUB_OP.ADDSUB/LOGIC_SPEED.OP/ALIGN_BLK/FRAC_ADDSUB/LOGIC_ADD.FRAC_ADDSUB/STRUCT_ADD2.ADD1/CHAIN_GEN[0].C_MUX.CARRY_MUX_i_1__5        | CLB.LUT.LUT4      |
    | grp_node_0_0_Pipeline_l_S_t_1_t_fu_256/hsub_16ns_16ns_16_3_no_dsp_1_U2/node_0_0_hsub_16ns_16ns_16_3_no_dsp_1_ip_u/U0/i_synth/ADDSUB_OP.ADDSUB/LOGIC_SPEED.OP/NORM/LZE/ZERO_DET_CC_1/CHAIN_GEN[0].C_MUX.CARRY_MUX_CARRY4_CARRY8                                       | CLB.CARRY.CARRY8  |
    | grp_node_0_0_Pipeline_l_S_t_1_t_fu_256/hsub_16ns_16ns_16_3_no_dsp_1_U2/node_0_0_hsub_16ns_16ns_16_3_no_dsp_1_ip_u/U0/i_synth/ADDSUB_OP.ADDSUB/LOGIC_SPEED.OP/ALIGN_BLK/FRAC_ADDSUB/LOGIC_ADD.FRAC_ADDSUB/STRUCT_ADD1.ADD1/CHAIN_GEN[1].C_MUX.CARRY_MUX_i_6           | CLB.LUT.LUT6      |
    | grp_node_0_0_Pipeline_l_S_t_1_t_fu_256/hsub_16ns_16ns_16_3_no_dsp_1_U2/node_0_0_hsub_16ns_16ns_16_3_no_dsp_1_ip_u/U0/i_synth/ADDSUB_OP.ADDSUB/LOGIC_SPEED.OP/ALIGN_BLK/FRAC_ADDSUB/LOGIC_ADD.FRAC_ADDSUB/STRUCT_ADD2.ADD1/CHAIN_GEN[1].C_MUX.CARRY_MUX_i_2__3        | CLB.LUT.LUT6      |
    | grp_node_0_0_Pipeline_l_S_t_1_t_fu_256/hsub_16ns_16ns_16_3_no_dsp_1_U2/node_0_0_hsub_16ns_16ns_16_3_no_dsp_1_ip_u/U0/i_synth/ADDSUB_OP.ADDSUB/LOGIC_SPEED.OP/ALIGN_BLK/FRAC_ADDSUB/LOGIC_ADD.FRAC_ADDSUB/STRUCT_ADD2.ADD1/CHAIN_GEN[0].C_MUX.CARRY_MUX_i_7__0        | CLB.LUT.LUT5      |
    | grp_node_0_0_Pipeline_l_S_t_1_t_fu_256/hsub_16ns_16ns_16_3_no_dsp_1_U2/node_0_0_hsub_16ns_16ns_16_3_no_dsp_1_ip_u/U0/i_synth/ADDSUB_OP.ADDSUB/LOGIC_SPEED.OP/ALIGN_BLK/FRAC_ADDSUB/LOGIC_ADD.FRAC_ADDSUB/STRUCT_ADD1.ADD1/CHAIN_GEN[0].C_MUX.CARRY_MUX_i_5__0        | CLB.LUT.LUT6      |
    | grp_node_0_0_Pipeline_l_S_t_1_t_fu_256/hsub_16ns_16ns_16_3_no_dsp_1_U2/node_0_0_hsub_16ns_16ns_16_3_no_dsp_1_ip_u/U0/i_synth/ADDSUB_OP.ADDSUB/LOGIC_SPEED.OP/ALIGN_BLK/FRAC_ADDSUB/LOGIC_ADD.FRAC_ADDSUB/STRUCT_ADD1.ADD1/CHAIN_GEN[0].C_MUX.CARRY_MUX_i_1__9        | CLB.LUT.LUT6      |
    | grp_node_0_0_Pipeline_l_S_t_1_t_fu_256/hsub_16ns_16ns_16_3_no_dsp_1_U2/node_0_0_hsub_16ns_16ns_16_3_no_dsp_1_ip_u/U0/i_synth/ADDSUB_OP.ADDSUB/LOGIC_SPEED.OP/NORM/ROUND/RND_BIT_GEN/NORM_2.RND_CHAIN/CHAIN_GEN[0].C_MUX.CARRY_MUX_CARRY4_CARRY8                      | CLB.CARRY.CARRY8  |
    | grp_node_0_0_Pipeline_l_S_t_1_t_fu_256/hsub_16ns_16ns_16_3_no_dsp_1_U2/node_0_0_hsub_16ns_16ns_16_3_no_dsp_1_ip_u/U0/i_synth/ADDSUB_OP.ADDSUB/LOGIC_SPEED.OP/NORM/ROUND/LOGIC.RND1/CHAIN_GEN[2].C_MUX.CARRY_MUX_CARRY4_CARRY8                                        | CLB.CARRY.CARRY8  |
    | grp_node_0_0_Pipeline_l_S_t_1_t_fu_256/hsub_16ns_16ns_16_3_no_dsp_1_U2/node_0_0_hsub_16ns_16ns_16_3_no_dsp_1_ip_u/U0/i_synth/ADDSUB_OP.ADDSUB/LOGIC_SPEED.OP/NORM/ROUND/LOGIC.RND2/CHAIN_GEN[5].Q_XOR.SUM_XOR_CARRY4_CARRY8                                          | CLB.CARRY.CARRY8  |
    | grp_node_0_0_Pipeline_l_S_t_1_t_fu_256/hsub_16ns_16ns_16_3_no_dsp_1_U2/node_0_0_hsub_16ns_16ns_16_3_no_dsp_1_ip_u/U0/i_synth/ADDSUB_OP.ADDSUB/LOGIC_SPEED.OP/EXP/EXP_OFF.STRUCT_ADD/RESULT_REG.NORMAL.exp_op[1]_i_2                                                  | CLB.LUT.LUT5      |
    | grp_node_0_0_Pipeline_l_S_t_1_t_fu_256/hsub_16ns_16ns_16_3_no_dsp_1_U2/node_0_0_hsub_16ns_16ns_16_3_no_dsp_1_ip_u/U0/i_synth/ADDSUB_OP.ADDSUB/LOGIC_SPEED.OP/EXP/EXP_OFF.STRUCT_ADD/RESULT_REG.NORMAL.exp_op[1]_i_1                                                  | CLB.LUT.LUT6      |
    | grp_node_0_0_Pipeline_l_S_t_1_t_fu_256/hsub_16ns_16ns_16_3_no_dsp_1_U2/node_0_0_hsub_16ns_16ns_16_3_no_dsp_1_ip_u/U0/i_synth/ADDSUB_OP.ADDSUB/LOGIC_SPEED.OP/OP/RESULT_REG.NORMAL.exp_op_reg[1]                                                                      | REGISTER.SDR.FDRE |
    | grp_node_0_0_Pipeline_l_S_t_1_t_fu_256/hadd_16ns_16ns_16_3_no_dsp_1_U1/din1_buf1_reg[0]                                                                                                                                                                              | REGISTER.SDR.FDRE |
    | grp_node_0_0_Pipeline_l_S_t_1_t_fu_256/hsub_16ns_16ns_16_3_no_dsp_1_U2/node_0_0_hsub_16ns_16ns_16_3_no_dsp_1_ip_u/U0/i_synth/ADDSUB_OP.ADDSUB/LOGIC_SPEED.OP/EXP/NUMB_CMP/NOT_FAST.CMP/C_CHAIN/CHAIN_GEN[0].C_MUX.CARRY_MUX_i_2__1                                   | CLB.LUT.LUT4      |
    | grp_node_0_0_Pipeline_l_S_t_1_t_fu_256/hsub_16ns_16ns_16_3_no_dsp_1_U2/node_0_0_hsub_16ns_16ns_16_3_no_dsp_1_ip_u/U0/i_synth/ADDSUB_OP.ADDSUB/LOGIC_SPEED.OP/EXP/NUMB_CMP/NOT_FAST.CMP/C_CHAIN/CHAIN_GEN[0].C_MUX.CARRY_MUX_CARRY4_CARRY8                            | CLB.CARRY.CARRY8  |
    | grp_node_0_0_Pipeline_l_S_t_1_t_fu_256/hsub_16ns_16ns_16_3_no_dsp_1_U2/node_0_0_hsub_16ns_16ns_16_3_no_dsp_1_ip_u/U0/i_synth/ADDSUB_OP.ADDSUB/LOGIC_SPEED.OP/EXP/NUMB_CMP/NOT_FAST.CMP/C_CHAIN/CHAIN_GEN[1].C_MUX.CARRY_MUX_i_2__2                                   | CLB.LUT.LUT6      |
    | grp_node_0_0_Pipeline_l_S_t_1_t_fu_256/hsub_16ns_16ns_16_3_no_dsp_1_U2/node_0_0_hsub_16ns_16ns_16_3_no_dsp_1_ip_u/U0/i_synth/ADDSUB_OP.ADDSUB/LOGIC_SPEED.OP/EXP/NUMB_CMP/NOT_FAST.CMP/C_CHAIN/CHAIN_GEN[1].C_MUX.CARRY_MUX_i_1__1                                   | CLB.LUT.LUT4      |
    | grp_node_0_0_Pipeline_l_S_t_1_t_fu_256/hsub_16ns_16ns_16_3_no_dsp_1_U2/node_0_0_hsub_16ns_16ns_16_3_no_dsp_1_ip_u/U0/i_synth/ADDSUB_OP.ADDSUB/LOGIC_SPEED.OP/ALIGN_BLK/ALIGN_SHIFT/ALIGN_Z_D/EQ_ZERO/CARRY_ZERO_DET/CHAIN_GEN[0].C_MUX.CARRY_MUX_CARRY4_CARRY8       | CLB.CARRY.CARRY8  |
    | grp_node_0_0_Pipeline_l_S_t_1_t_fu_256/hsub_16ns_16ns_16_3_no_dsp_1_U2/node_0_0_hsub_16ns_16ns_16_3_no_dsp_1_ip_u/U0/i_synth/ADDSUB_OP.ADDSUB/LOGIC_SPEED.OP/ALIGN_BLK/ALIGN_SHIFT/ALIGN_Z_D/EQ_ZERO/CARRY_ZERO_DET/STRUCT_ADD1.CARRY_MUX2_i_7                       | CLB.LUT.LUT5      |
    | grp_node_0_0_Pipeline_l_S_t_1_t_fu_256/hsub_16ns_16ns_16_3_no_dsp_1_U2/node_0_0_hsub_16ns_16ns_16_3_no_dsp_1_ip_u/U0/i_synth/ADDSUB_OP.ADDSUB/LOGIC_SPEED.OP/EXP/NUMB_CMP/NOT_FAST.CMP/C_CHAIN/STRUCT_ADD1.CARRY_MUX2_i_1                                            | CLB.LUT.LUT6      |
    | grp_node_0_0_Pipeline_l_S_t_1_t_fu_256/hsub_16ns_16ns_16_3_no_dsp_1_U2/node_0_0_hsub_16ns_16ns_16_3_no_dsp_1_ip_u/U0/i_synth/ADDSUB_OP.ADDSUB/LOGIC_SPEED.OP/ALIGN_BLK/FRAC_ADDSUB/LOGIC_ADD.FRAC_ADDSUB/STRUCT_ADD1.CARRY_MUX1_CARRY4_CARRY8                        | CLB.CARRY.CARRY8  |
    | grp_node_0_0_Pipeline_l_S_t_1_t_fu_256/hsub_16ns_16ns_16_3_no_dsp_1_U2/node_0_0_hsub_16ns_16ns_16_3_no_dsp_1_ip_u/U0/i_synth/ADDSUB_OP.ADDSUB/LOGIC_SPEED.OP/ALIGN_BLK/FRAC_ADDSUB/LOGIC_ADD.FRAC_ADDSUB/STRUCT_ADD2.ADD1/CHAIN_GEN[0].C_MUX.CARRY_MUX_CARRY4_CARRY8 | CLB.CARRY.CARRY8  |
    | grp_node_0_0_Pipeline_l_S_t_1_t_fu_256/hsub_16ns_16ns_16_3_no_dsp_1_U2/node_0_0_hsub_16ns_16ns_16_3_no_dsp_1_ip_u/U0/i_synth/ADDSUB_OP.ADDSUB/LOGIC_SPEED.OP/ALIGN_BLK/FRAC_ADDSUB/LOGIC_ADD.FRAC_ADDSUB/STRUCT_ADD2.ADD1/CHAIN_GEN[0].C_MUX.CARRY_MUX_i_1__5        | CLB.LUT.LUT4      |
    | grp_node_0_0_Pipeline_l_S_t_1_t_fu_256/hsub_16ns_16ns_16_3_no_dsp_1_U2/node_0_0_hsub_16ns_16ns_16_3_no_dsp_1_ip_u/U0/i_synth/ADDSUB_OP.ADDSUB/LOGIC_SPEED.OP/NORM/LZE/ZERO_DET_CC_1/CHAIN_GEN[0].C_MUX.CARRY_MUX_CARRY4_CARRY8                                       | CLB.CARRY.CARRY8  |
    | grp_node_0_0_Pipeline_l_S_t_1_t_fu_256/hsub_16ns_16ns_16_3_no_dsp_1_U2/node_0_0_hsub_16ns_16ns_16_3_no_dsp_1_ip_u/U0/i_synth/ADDSUB_OP.ADDSUB/LOGIC_SPEED.OP/ALIGN_BLK/FRAC_ADDSUB/LOGIC_ADD.FRAC_ADDSUB/STRUCT_ADD1.ADD1/CHAIN_GEN[1].C_MUX.CARRY_MUX_i_6           | CLB.LUT.LUT6      |
    | grp_node_0_0_Pipeline_l_S_t_1_t_fu_256/hsub_16ns_16ns_16_3_no_dsp_1_U2/node_0_0_hsub_16ns_16ns_16_3_no_dsp_1_ip_u/U0/i_synth/ADDSUB_OP.ADDSUB/LOGIC_SPEED.OP/ALIGN_BLK/FRAC_ADDSUB/LOGIC_ADD.FRAC_ADDSUB/STRUCT_ADD2.ADD1/CHAIN_GEN[1].C_MUX.CARRY_MUX_i_2__3        | CLB.LUT.LUT6      |
    | grp_node_0_0_Pipeline_l_S_t_1_t_fu_256/hsub_16ns_16ns_16_3_no_dsp_1_U2/node_0_0_hsub_16ns_16ns_16_3_no_dsp_1_ip_u/U0/i_synth/ADDSUB_OP.ADDSUB/LOGIC_SPEED.OP/ALIGN_BLK/FRAC_ADDSUB/LOGIC_ADD.FRAC_ADDSUB/STRUCT_ADD2.ADD1/CHAIN_GEN[0].C_MUX.CARRY_MUX_i_7__0        | CLB.LUT.LUT5      |
    | grp_node_0_0_Pipeline_l_S_t_1_t_fu_256/hsub_16ns_16ns_16_3_no_dsp_1_U2/node_0_0_hsub_16ns_16ns_16_3_no_dsp_1_ip_u/U0/i_synth/ADDSUB_OP.ADDSUB/LOGIC_SPEED.OP/ALIGN_BLK/FRAC_ADDSUB/LOGIC_ADD.FRAC_ADDSUB/STRUCT_ADD1.ADD1/CHAIN_GEN[0].C_MUX.CARRY_MUX_i_5__0        | CLB.LUT.LUT6      |
    | grp_node_0_0_Pipeline_l_S_t_1_t_fu_256/hsub_16ns_16ns_16_3_no_dsp_1_U2/node_0_0_hsub_16ns_16ns_16_3_no_dsp_1_ip_u/U0/i_synth/ADDSUB_OP.ADDSUB/LOGIC_SPEED.OP/ALIGN_BLK/FRAC_ADDSUB/LOGIC_ADD.FRAC_ADDSUB/STRUCT_ADD1.ADD1/CHAIN_GEN[0].C_MUX.CARRY_MUX_i_1__9        | CLB.LUT.LUT6      |
    | grp_node_0_0_Pipeline_l_S_t_1_t_fu_256/hsub_16ns_16ns_16_3_no_dsp_1_U2/node_0_0_hsub_16ns_16ns_16_3_no_dsp_1_ip_u/U0/i_synth/ADDSUB_OP.ADDSUB/LOGIC_SPEED.OP/NORM/ROUND/RND_BIT_GEN/NORM_2.RND_CHAIN/CHAIN_GEN[0].C_MUX.CARRY_MUX_CARRY4_CARRY8                      | CLB.CARRY.CARRY8  |
    | grp_node_0_0_Pipeline_l_S_t_1_t_fu_256/hsub_16ns_16ns_16_3_no_dsp_1_U2/node_0_0_hsub_16ns_16ns_16_3_no_dsp_1_ip_u/U0/i_synth/ADDSUB_OP.ADDSUB/LOGIC_SPEED.OP/NORM/ROUND/LOGIC.RND1/CHAIN_GEN[2].C_MUX.CARRY_MUX_CARRY4_CARRY8                                        | CLB.CARRY.CARRY8  |
    | grp_node_0_0_Pipeline_l_S_t_1_t_fu_256/hsub_16ns_16ns_16_3_no_dsp_1_U2/node_0_0_hsub_16ns_16ns_16_3_no_dsp_1_ip_u/U0/i_synth/ADDSUB_OP.ADDSUB/LOGIC_SPEED.OP/NORM/ROUND/LOGIC.RND2/CHAIN_GEN[5].Q_XOR.SUM_XOR_CARRY4_CARRY8                                          | CLB.CARRY.CARRY8  |
    | grp_node_0_0_Pipeline_l_S_t_1_t_fu_256/hsub_16ns_16ns_16_3_no_dsp_1_U2/node_0_0_hsub_16ns_16ns_16_3_no_dsp_1_ip_u/U0/i_synth/ADDSUB_OP.ADDSUB/LOGIC_SPEED.OP/ALIGN_BLK/FRAC_ADDSUB/LOGIC_ADD.FRAC_ADDSUB/STRUCT_ADD1.ADD1/RESULT_REG.NORMAL.exp_op[2]_i_2            | CLB.LUT.LUT6      |
    | grp_node_0_0_Pipeline_l_S_t_1_t_fu_256/hsub_16ns_16ns_16_3_no_dsp_1_U2/node_0_0_hsub_16ns_16ns_16_3_no_dsp_1_ip_u/U0/i_synth/ADDSUB_OP.ADDSUB/LOGIC_SPEED.OP/ALIGN_BLK/FRAC_ADDSUB/LOGIC_ADD.FRAC_ADDSUB/STRUCT_ADD1.ADD1/RESULT_REG.NORMAL.exp_op[2]_i_1            | CLB.LUT.LUT6      |
    | grp_node_0_0_Pipeline_l_S_t_1_t_fu_256/hsub_16ns_16ns_16_3_no_dsp_1_U2/node_0_0_hsub_16ns_16ns_16_3_no_dsp_1_ip_u/U0/i_synth/ADDSUB_OP.ADDSUB/LOGIC_SPEED.OP/OP/RESULT_REG.NORMAL.exp_op_reg[2]                                                                      | REGISTER.SDR.FDRE |
    | grp_node_0_0_Pipeline_l_S_t_1_t_fu_256/hadd_16ns_16ns_16_3_no_dsp_1_U1/din1_buf1_reg[0]                                                                                                                                                                              | REGISTER.SDR.FDRE |
    | grp_node_0_0_Pipeline_l_S_t_1_t_fu_256/hsub_16ns_16ns_16_3_no_dsp_1_U2/node_0_0_hsub_16ns_16ns_16_3_no_dsp_1_ip_u/U0/i_synth/ADDSUB_OP.ADDSUB/LOGIC_SPEED.OP/EXP/NUMB_CMP/NOT_FAST.CMP/C_CHAIN/CHAIN_GEN[0].C_MUX.CARRY_MUX_i_2__1                                   | CLB.LUT.LUT4      |
    | grp_node_0_0_Pipeline_l_S_t_1_t_fu_256/hsub_16ns_16ns_16_3_no_dsp_1_U2/node_0_0_hsub_16ns_16ns_16_3_no_dsp_1_ip_u/U0/i_synth/ADDSUB_OP.ADDSUB/LOGIC_SPEED.OP/EXP/NUMB_CMP/NOT_FAST.CMP/C_CHAIN/CHAIN_GEN[0].C_MUX.CARRY_MUX_CARRY4_CARRY8                            | CLB.CARRY.CARRY8  |
    | grp_node_0_0_Pipeline_l_S_t_1_t_fu_256/hsub_16ns_16ns_16_3_no_dsp_1_U2/node_0_0_hsub_16ns_16ns_16_3_no_dsp_1_ip_u/U0/i_synth/ADDSUB_OP.ADDSUB/LOGIC_SPEED.OP/EXP/NUMB_CMP/NOT_FAST.CMP/C_CHAIN/CHAIN_GEN[1].C_MUX.CARRY_MUX_i_2__2                                   | CLB.LUT.LUT6      |
    | grp_node_0_0_Pipeline_l_S_t_1_t_fu_256/hsub_16ns_16ns_16_3_no_dsp_1_U2/node_0_0_hsub_16ns_16ns_16_3_no_dsp_1_ip_u/U0/i_synth/ADDSUB_OP.ADDSUB/LOGIC_SPEED.OP/EXP/NUMB_CMP/NOT_FAST.CMP/C_CHAIN/CHAIN_GEN[1].C_MUX.CARRY_MUX_i_1__1                                   | CLB.LUT.LUT4      |
    | grp_node_0_0_Pipeline_l_S_t_1_t_fu_256/hsub_16ns_16ns_16_3_no_dsp_1_U2/node_0_0_hsub_16ns_16ns_16_3_no_dsp_1_ip_u/U0/i_synth/ADDSUB_OP.ADDSUB/LOGIC_SPEED.OP/ALIGN_BLK/ALIGN_SHIFT/ALIGN_Z_D/EQ_ZERO/CARRY_ZERO_DET/CHAIN_GEN[0].C_MUX.CARRY_MUX_CARRY4_CARRY8       | CLB.CARRY.CARRY8  |
    | grp_node_0_0_Pipeline_l_S_t_1_t_fu_256/hsub_16ns_16ns_16_3_no_dsp_1_U2/node_0_0_hsub_16ns_16ns_16_3_no_dsp_1_ip_u/U0/i_synth/ADDSUB_OP.ADDSUB/LOGIC_SPEED.OP/ALIGN_BLK/ALIGN_SHIFT/ALIGN_Z_D/EQ_ZERO/CARRY_ZERO_DET/STRUCT_ADD1.CARRY_MUX2_i_7                       | CLB.LUT.LUT5      |
    | grp_node_0_0_Pipeline_l_S_t_1_t_fu_256/hsub_16ns_16ns_16_3_no_dsp_1_U2/node_0_0_hsub_16ns_16ns_16_3_no_dsp_1_ip_u/U0/i_synth/ADDSUB_OP.ADDSUB/LOGIC_SPEED.OP/EXP/NUMB_CMP/NOT_FAST.CMP/C_CHAIN/STRUCT_ADD1.CARRY_MUX2_i_1                                            | CLB.LUT.LUT6      |
    | grp_node_0_0_Pipeline_l_S_t_1_t_fu_256/hsub_16ns_16ns_16_3_no_dsp_1_U2/node_0_0_hsub_16ns_16ns_16_3_no_dsp_1_ip_u/U0/i_synth/ADDSUB_OP.ADDSUB/LOGIC_SPEED.OP/ALIGN_BLK/FRAC_ADDSUB/LOGIC_ADD.FRAC_ADDSUB/STRUCT_ADD1.CARRY_MUX1_CARRY4_CARRY8                        | CLB.CARRY.CARRY8  |
    | grp_node_0_0_Pipeline_l_S_t_1_t_fu_256/hsub_16ns_16ns_16_3_no_dsp_1_U2/node_0_0_hsub_16ns_16ns_16_3_no_dsp_1_ip_u/U0/i_synth/ADDSUB_OP.ADDSUB/LOGIC_SPEED.OP/ALIGN_BLK/FRAC_ADDSUB/LOGIC_ADD.FRAC_ADDSUB/STRUCT_ADD2.ADD1/CHAIN_GEN[0].C_MUX.CARRY_MUX_CARRY4_CARRY8 | CLB.CARRY.CARRY8  |
    | grp_node_0_0_Pipeline_l_S_t_1_t_fu_256/hsub_16ns_16ns_16_3_no_dsp_1_U2/node_0_0_hsub_16ns_16ns_16_3_no_dsp_1_ip_u/U0/i_synth/ADDSUB_OP.ADDSUB/LOGIC_SPEED.OP/ALIGN_BLK/FRAC_ADDSUB/LOGIC_ADD.FRAC_ADDSUB/STRUCT_ADD2.ADD1/CHAIN_GEN[0].C_MUX.CARRY_MUX_i_1__5        | CLB.LUT.LUT4      |
    | grp_node_0_0_Pipeline_l_S_t_1_t_fu_256/hsub_16ns_16ns_16_3_no_dsp_1_U2/node_0_0_hsub_16ns_16ns_16_3_no_dsp_1_ip_u/U0/i_synth/ADDSUB_OP.ADDSUB/LOGIC_SPEED.OP/NORM/LZE/ZERO_DET_CC_1/CHAIN_GEN[0].C_MUX.CARRY_MUX_CARRY4_CARRY8                                       | CLB.CARRY.CARRY8  |
    | grp_node_0_0_Pipeline_l_S_t_1_t_fu_256/hsub_16ns_16ns_16_3_no_dsp_1_U2/node_0_0_hsub_16ns_16ns_16_3_no_dsp_1_ip_u/U0/i_synth/ADDSUB_OP.ADDSUB/LOGIC_SPEED.OP/ALIGN_BLK/FRAC_ADDSUB/LOGIC_ADD.FRAC_ADDSUB/STRUCT_ADD1.ADD1/CHAIN_GEN[1].C_MUX.CARRY_MUX_i_6           | CLB.LUT.LUT6      |
    | grp_node_0_0_Pipeline_l_S_t_1_t_fu_256/hsub_16ns_16ns_16_3_no_dsp_1_U2/node_0_0_hsub_16ns_16ns_16_3_no_dsp_1_ip_u/U0/i_synth/ADDSUB_OP.ADDSUB/LOGIC_SPEED.OP/ALIGN_BLK/FRAC_ADDSUB/LOGIC_ADD.FRAC_ADDSUB/STRUCT_ADD2.ADD1/CHAIN_GEN[1].C_MUX.CARRY_MUX_i_2__3        | CLB.LUT.LUT6      |
    | grp_node_0_0_Pipeline_l_S_t_1_t_fu_256/hsub_16ns_16ns_16_3_no_dsp_1_U2/node_0_0_hsub_16ns_16ns_16_3_no_dsp_1_ip_u/U0/i_synth/ADDSUB_OP.ADDSUB/LOGIC_SPEED.OP/ALIGN_BLK/FRAC_ADDSUB/LOGIC_ADD.FRAC_ADDSUB/STRUCT_ADD2.ADD1/CHAIN_GEN[0].C_MUX.CARRY_MUX_i_7__0        | CLB.LUT.LUT5      |
    | grp_node_0_0_Pipeline_l_S_t_1_t_fu_256/hsub_16ns_16ns_16_3_no_dsp_1_U2/node_0_0_hsub_16ns_16ns_16_3_no_dsp_1_ip_u/U0/i_synth/ADDSUB_OP.ADDSUB/LOGIC_SPEED.OP/ALIGN_BLK/FRAC_ADDSUB/LOGIC_ADD.FRAC_ADDSUB/STRUCT_ADD1.ADD1/CHAIN_GEN[0].C_MUX.CARRY_MUX_i_5__0        | CLB.LUT.LUT6      |
    | grp_node_0_0_Pipeline_l_S_t_1_t_fu_256/hsub_16ns_16ns_16_3_no_dsp_1_U2/node_0_0_hsub_16ns_16ns_16_3_no_dsp_1_ip_u/U0/i_synth/ADDSUB_OP.ADDSUB/LOGIC_SPEED.OP/ALIGN_BLK/FRAC_ADDSUB/LOGIC_ADD.FRAC_ADDSUB/STRUCT_ADD1.ADD1/CHAIN_GEN[0].C_MUX.CARRY_MUX_i_1__9        | CLB.LUT.LUT6      |
    | grp_node_0_0_Pipeline_l_S_t_1_t_fu_256/hsub_16ns_16ns_16_3_no_dsp_1_U2/node_0_0_hsub_16ns_16ns_16_3_no_dsp_1_ip_u/U0/i_synth/ADDSUB_OP.ADDSUB/LOGIC_SPEED.OP/NORM/ROUND/RND_BIT_GEN/NORM_2.RND_CHAIN/CHAIN_GEN[0].C_MUX.CARRY_MUX_CARRY4_CARRY8                      | CLB.CARRY.CARRY8  |
    | grp_node_0_0_Pipeline_l_S_t_1_t_fu_256/hsub_16ns_16ns_16_3_no_dsp_1_U2/node_0_0_hsub_16ns_16ns_16_3_no_dsp_1_ip_u/U0/i_synth/ADDSUB_OP.ADDSUB/LOGIC_SPEED.OP/NORM/ROUND/LOGIC.RND1/CHAIN_GEN[2].C_MUX.CARRY_MUX_CARRY4_CARRY8                                        | CLB.CARRY.CARRY8  |
    | grp_node_0_0_Pipeline_l_S_t_1_t_fu_256/hsub_16ns_16ns_16_3_no_dsp_1_U2/node_0_0_hsub_16ns_16ns_16_3_no_dsp_1_ip_u/U0/i_synth/ADDSUB_OP.ADDSUB/LOGIC_SPEED.OP/NORM/ROUND/LOGIC.RND2/CHAIN_GEN[5].Q_XOR.SUM_XOR_CARRY4_CARRY8                                          | CLB.CARRY.CARRY8  |
    | grp_node_0_0_Pipeline_l_S_t_1_t_fu_256/hsub_16ns_16ns_16_3_no_dsp_1_U2/node_0_0_hsub_16ns_16ns_16_3_no_dsp_1_ip_u/U0/i_synth/ADDSUB_OP.ADDSUB/LOGIC_SPEED.OP/NORM/LZE/ZERO_DET_CC_1/RESULT_REG.NORMAL.exp_op[4]_i_3                                                  | CLB.LUT.LUT6      |
    | grp_node_0_0_Pipeline_l_S_t_1_t_fu_256/hsub_16ns_16ns_16_3_no_dsp_1_U2/node_0_0_hsub_16ns_16ns_16_3_no_dsp_1_ip_u/U0/i_synth/ADDSUB_OP.ADDSUB/LOGIC_SPEED.OP/EXP/EXP_OFF.STRUCT_ADD/RESULT_REG.NORMAL.exp_op[3]_i_1                                                  | CLB.LUT.LUT6      |
    | grp_node_0_0_Pipeline_l_S_t_1_t_fu_256/hsub_16ns_16ns_16_3_no_dsp_1_U2/node_0_0_hsub_16ns_16ns_16_3_no_dsp_1_ip_u/U0/i_synth/ADDSUB_OP.ADDSUB/LOGIC_SPEED.OP/OP/RESULT_REG.NORMAL.exp_op_reg[3]                                                                      | REGISTER.SDR.FDRE |
    | grp_node_0_0_Pipeline_l_S_t_1_t_fu_256/hadd_16ns_16ns_16_3_no_dsp_1_U1/din1_buf1_reg[0]                                                                                                                                                                              | REGISTER.SDR.FDRE |
    | grp_node_0_0_Pipeline_l_S_t_1_t_fu_256/hsub_16ns_16ns_16_3_no_dsp_1_U2/node_0_0_hsub_16ns_16ns_16_3_no_dsp_1_ip_u/U0/i_synth/ADDSUB_OP.ADDSUB/LOGIC_SPEED.OP/EXP/NUMB_CMP/NOT_FAST.CMP/C_CHAIN/CHAIN_GEN[0].C_MUX.CARRY_MUX_i_2__1                                   | CLB.LUT.LUT4      |
    | grp_node_0_0_Pipeline_l_S_t_1_t_fu_256/hsub_16ns_16ns_16_3_no_dsp_1_U2/node_0_0_hsub_16ns_16ns_16_3_no_dsp_1_ip_u/U0/i_synth/ADDSUB_OP.ADDSUB/LOGIC_SPEED.OP/EXP/NUMB_CMP/NOT_FAST.CMP/C_CHAIN/CHAIN_GEN[0].C_MUX.CARRY_MUX_CARRY4_CARRY8                            | CLB.CARRY.CARRY8  |
    | grp_node_0_0_Pipeline_l_S_t_1_t_fu_256/hsub_16ns_16ns_16_3_no_dsp_1_U2/node_0_0_hsub_16ns_16ns_16_3_no_dsp_1_ip_u/U0/i_synth/ADDSUB_OP.ADDSUB/LOGIC_SPEED.OP/EXP/NUMB_CMP/NOT_FAST.CMP/C_CHAIN/CHAIN_GEN[1].C_MUX.CARRY_MUX_i_2__2                                   | CLB.LUT.LUT6      |
    | grp_node_0_0_Pipeline_l_S_t_1_t_fu_256/hsub_16ns_16ns_16_3_no_dsp_1_U2/node_0_0_hsub_16ns_16ns_16_3_no_dsp_1_ip_u/U0/i_synth/ADDSUB_OP.ADDSUB/LOGIC_SPEED.OP/EXP/NUMB_CMP/NOT_FAST.CMP/C_CHAIN/CHAIN_GEN[1].C_MUX.CARRY_MUX_i_1__1                                   | CLB.LUT.LUT4      |
    | grp_node_0_0_Pipeline_l_S_t_1_t_fu_256/hsub_16ns_16ns_16_3_no_dsp_1_U2/node_0_0_hsub_16ns_16ns_16_3_no_dsp_1_ip_u/U0/i_synth/ADDSUB_OP.ADDSUB/LOGIC_SPEED.OP/ALIGN_BLK/ALIGN_SHIFT/ALIGN_Z_D/EQ_ZERO/CARRY_ZERO_DET/CHAIN_GEN[0].C_MUX.CARRY_MUX_CARRY4_CARRY8       | CLB.CARRY.CARRY8  |
    | grp_node_0_0_Pipeline_l_S_t_1_t_fu_256/hsub_16ns_16ns_16_3_no_dsp_1_U2/node_0_0_hsub_16ns_16ns_16_3_no_dsp_1_ip_u/U0/i_synth/ADDSUB_OP.ADDSUB/LOGIC_SPEED.OP/ALIGN_BLK/ALIGN_SHIFT/ALIGN_Z_D/EQ_ZERO/CARRY_ZERO_DET/STRUCT_ADD1.CARRY_MUX2_i_7                       | CLB.LUT.LUT5      |
    | grp_node_0_0_Pipeline_l_S_t_1_t_fu_256/hsub_16ns_16ns_16_3_no_dsp_1_U2/node_0_0_hsub_16ns_16ns_16_3_no_dsp_1_ip_u/U0/i_synth/ADDSUB_OP.ADDSUB/LOGIC_SPEED.OP/EXP/NUMB_CMP/NOT_FAST.CMP/C_CHAIN/STRUCT_ADD1.CARRY_MUX2_i_1                                            | CLB.LUT.LUT6      |
    | grp_node_0_0_Pipeline_l_S_t_1_t_fu_256/hsub_16ns_16ns_16_3_no_dsp_1_U2/node_0_0_hsub_16ns_16ns_16_3_no_dsp_1_ip_u/U0/i_synth/ADDSUB_OP.ADDSUB/LOGIC_SPEED.OP/ALIGN_BLK/FRAC_ADDSUB/LOGIC_ADD.FRAC_ADDSUB/STRUCT_ADD1.CARRY_MUX1_CARRY4_CARRY8                        | CLB.CARRY.CARRY8  |
    | grp_node_0_0_Pipeline_l_S_t_1_t_fu_256/hsub_16ns_16ns_16_3_no_dsp_1_U2/node_0_0_hsub_16ns_16ns_16_3_no_dsp_1_ip_u/U0/i_synth/ADDSUB_OP.ADDSUB/LOGIC_SPEED.OP/ALIGN_BLK/FRAC_ADDSUB/LOGIC_ADD.FRAC_ADDSUB/STRUCT_ADD2.ADD1/CHAIN_GEN[0].C_MUX.CARRY_MUX_CARRY4_CARRY8 | CLB.CARRY.CARRY8  |
    | grp_node_0_0_Pipeline_l_S_t_1_t_fu_256/hsub_16ns_16ns_16_3_no_dsp_1_U2/node_0_0_hsub_16ns_16ns_16_3_no_dsp_1_ip_u/U0/i_synth/ADDSUB_OP.ADDSUB/LOGIC_SPEED.OP/ALIGN_BLK/FRAC_ADDSUB/LOGIC_ADD.FRAC_ADDSUB/STRUCT_ADD2.ADD1/CHAIN_GEN[0].C_MUX.CARRY_MUX_i_1__5        | CLB.LUT.LUT4      |
    | grp_node_0_0_Pipeline_l_S_t_1_t_fu_256/hsub_16ns_16ns_16_3_no_dsp_1_U2/node_0_0_hsub_16ns_16ns_16_3_no_dsp_1_ip_u/U0/i_synth/ADDSUB_OP.ADDSUB/LOGIC_SPEED.OP/NORM/LZE/ZERO_DET_CC_1/CHAIN_GEN[0].C_MUX.CARRY_MUX_CARRY4_CARRY8                                       | CLB.CARRY.CARRY8  |
    | grp_node_0_0_Pipeline_l_S_t_1_t_fu_256/hsub_16ns_16ns_16_3_no_dsp_1_U2/node_0_0_hsub_16ns_16ns_16_3_no_dsp_1_ip_u/U0/i_synth/ADDSUB_OP.ADDSUB/LOGIC_SPEED.OP/ALIGN_BLK/FRAC_ADDSUB/LOGIC_ADD.FRAC_ADDSUB/STRUCT_ADD1.ADD1/CHAIN_GEN[1].C_MUX.CARRY_MUX_i_6           | CLB.LUT.LUT6      |
    | grp_node_0_0_Pipeline_l_S_t_1_t_fu_256/hsub_16ns_16ns_16_3_no_dsp_1_U2/node_0_0_hsub_16ns_16ns_16_3_no_dsp_1_ip_u/U0/i_synth/ADDSUB_OP.ADDSUB/LOGIC_SPEED.OP/ALIGN_BLK/FRAC_ADDSUB/LOGIC_ADD.FRAC_ADDSUB/STRUCT_ADD2.ADD1/CHAIN_GEN[1].C_MUX.CARRY_MUX_i_2__3        | CLB.LUT.LUT6      |
    | grp_node_0_0_Pipeline_l_S_t_1_t_fu_256/hsub_16ns_16ns_16_3_no_dsp_1_U2/node_0_0_hsub_16ns_16ns_16_3_no_dsp_1_ip_u/U0/i_synth/ADDSUB_OP.ADDSUB/LOGIC_SPEED.OP/ALIGN_BLK/FRAC_ADDSUB/LOGIC_ADD.FRAC_ADDSUB/STRUCT_ADD2.ADD1/CHAIN_GEN[0].C_MUX.CARRY_MUX_i_7__0        | CLB.LUT.LUT5      |
    | grp_node_0_0_Pipeline_l_S_t_1_t_fu_256/hsub_16ns_16ns_16_3_no_dsp_1_U2/node_0_0_hsub_16ns_16ns_16_3_no_dsp_1_ip_u/U0/i_synth/ADDSUB_OP.ADDSUB/LOGIC_SPEED.OP/ALIGN_BLK/FRAC_ADDSUB/LOGIC_ADD.FRAC_ADDSUB/STRUCT_ADD1.ADD1/CHAIN_GEN[0].C_MUX.CARRY_MUX_i_5__0        | CLB.LUT.LUT6      |
    | grp_node_0_0_Pipeline_l_S_t_1_t_fu_256/hsub_16ns_16ns_16_3_no_dsp_1_U2/node_0_0_hsub_16ns_16ns_16_3_no_dsp_1_ip_u/U0/i_synth/ADDSUB_OP.ADDSUB/LOGIC_SPEED.OP/ALIGN_BLK/FRAC_ADDSUB/LOGIC_ADD.FRAC_ADDSUB/STRUCT_ADD1.ADD1/CHAIN_GEN[0].C_MUX.CARRY_MUX_i_1__9        | CLB.LUT.LUT6      |
    | grp_node_0_0_Pipeline_l_S_t_1_t_fu_256/hsub_16ns_16ns_16_3_no_dsp_1_U2/node_0_0_hsub_16ns_16ns_16_3_no_dsp_1_ip_u/U0/i_synth/ADDSUB_OP.ADDSUB/LOGIC_SPEED.OP/NORM/ROUND/RND_BIT_GEN/NORM_2.RND_CHAIN/CHAIN_GEN[0].C_MUX.CARRY_MUX_CARRY4_CARRY8                      | CLB.CARRY.CARRY8  |
    | grp_node_0_0_Pipeline_l_S_t_1_t_fu_256/hsub_16ns_16ns_16_3_no_dsp_1_U2/node_0_0_hsub_16ns_16ns_16_3_no_dsp_1_ip_u/U0/i_synth/ADDSUB_OP.ADDSUB/LOGIC_SPEED.OP/NORM/ROUND/LOGIC.RND1/CHAIN_GEN[2].C_MUX.CARRY_MUX_CARRY4_CARRY8                                        | CLB.CARRY.CARRY8  |
    | grp_node_0_0_Pipeline_l_S_t_1_t_fu_256/hsub_16ns_16ns_16_3_no_dsp_1_U2/node_0_0_hsub_16ns_16ns_16_3_no_dsp_1_ip_u/U0/i_synth/ADDSUB_OP.ADDSUB/LOGIC_SPEED.OP/NORM/ROUND/LOGIC.RND2/CHAIN_GEN[5].Q_XOR.SUM_XOR_CARRY4_CARRY8                                          | CLB.CARRY.CARRY8  |
    | grp_node_0_0_Pipeline_l_S_t_1_t_fu_256/hsub_16ns_16ns_16_3_no_dsp_1_U2/node_0_0_hsub_16ns_16ns_16_3_no_dsp_1_ip_u/U0/i_synth/ADDSUB_OP.ADDSUB/LOGIC_SPEED.OP/NORM/LZE/ZERO_DET_CC_1/RESULT_REG.NORMAL.exp_op[4]_i_3                                                  | CLB.LUT.LUT6      |
    | grp_node_0_0_Pipeline_l_S_t_1_t_fu_256/hsub_16ns_16ns_16_3_no_dsp_1_U2/node_0_0_hsub_16ns_16ns_16_3_no_dsp_1_ip_u/U0/i_synth/ADDSUB_OP.ADDSUB/LOGIC_SPEED.OP/EXP/EXP_OFF.STRUCT_ADD/RESULT_REG.NORMAL.exp_op[4]_i_1                                                  | CLB.LUT.LUT6      |
    | grp_node_0_0_Pipeline_l_S_t_1_t_fu_256/hsub_16ns_16ns_16_3_no_dsp_1_U2/node_0_0_hsub_16ns_16ns_16_3_no_dsp_1_ip_u/U0/i_synth/ADDSUB_OP.ADDSUB/LOGIC_SPEED.OP/OP/RESULT_REG.NORMAL.exp_op_reg[4]                                                                      | REGISTER.SDR.FDRE |
    | grp_node_0_0_Pipeline_l_S_t_1_t_fu_256/hadd_16ns_16ns_16_3_no_dsp_1_U1/din1_buf1_reg[0]                                                                                                                                                                              | REGISTER.SDR.FDRE |
    | grp_node_0_0_Pipeline_l_S_t_1_t_fu_256/hsub_16ns_16ns_16_3_no_dsp_1_U2/node_0_0_hsub_16ns_16ns_16_3_no_dsp_1_ip_u/U0/i_synth/ADDSUB_OP.ADDSUB/LOGIC_SPEED.OP/EXP/NUMB_CMP/NOT_FAST.CMP/C_CHAIN/CHAIN_GEN[0].C_MUX.CARRY_MUX_i_2__1                                   | CLB.LUT.LUT4      |
    | grp_node_0_0_Pipeline_l_S_t_1_t_fu_256/hsub_16ns_16ns_16_3_no_dsp_1_U2/node_0_0_hsub_16ns_16ns_16_3_no_dsp_1_ip_u/U0/i_synth/ADDSUB_OP.ADDSUB/LOGIC_SPEED.OP/EXP/NUMB_CMP/NOT_FAST.CMP/C_CHAIN/CHAIN_GEN[0].C_MUX.CARRY_MUX_CARRY4_CARRY8                            | CLB.CARRY.CARRY8  |
    | grp_node_0_0_Pipeline_l_S_t_1_t_fu_256/hsub_16ns_16ns_16_3_no_dsp_1_U2/node_0_0_hsub_16ns_16ns_16_3_no_dsp_1_ip_u/U0/i_synth/ADDSUB_OP.ADDSUB/LOGIC_SPEED.OP/EXP/NUMB_CMP/NOT_FAST.CMP/C_CHAIN/CHAIN_GEN[1].C_MUX.CARRY_MUX_i_2__2                                   | CLB.LUT.LUT6      |
    | grp_node_0_0_Pipeline_l_S_t_1_t_fu_256/hsub_16ns_16ns_16_3_no_dsp_1_U2/node_0_0_hsub_16ns_16ns_16_3_no_dsp_1_ip_u/U0/i_synth/ADDSUB_OP.ADDSUB/LOGIC_SPEED.OP/EXP/NUMB_CMP/NOT_FAST.CMP/C_CHAIN/CHAIN_GEN[1].C_MUX.CARRY_MUX_i_1__1                                   | CLB.LUT.LUT4      |
    | grp_node_0_0_Pipeline_l_S_t_1_t_fu_256/hsub_16ns_16ns_16_3_no_dsp_1_U2/node_0_0_hsub_16ns_16ns_16_3_no_dsp_1_ip_u/U0/i_synth/ADDSUB_OP.ADDSUB/LOGIC_SPEED.OP/ALIGN_BLK/ALIGN_SHIFT/ALIGN_Z_D/EQ_ZERO/CARRY_ZERO_DET/CHAIN_GEN[0].C_MUX.CARRY_MUX_CARRY4_CARRY8       | CLB.CARRY.CARRY8  |
    | grp_node_0_0_Pipeline_l_S_t_1_t_fu_256/hsub_16ns_16ns_16_3_no_dsp_1_U2/node_0_0_hsub_16ns_16ns_16_3_no_dsp_1_ip_u/U0/i_synth/ADDSUB_OP.ADDSUB/LOGIC_SPEED.OP/ALIGN_BLK/ALIGN_SHIFT/ALIGN_Z_D/EQ_ZERO/CARRY_ZERO_DET/STRUCT_ADD1.CARRY_MUX2_i_7                       | CLB.LUT.LUT5      |
    | grp_node_0_0_Pipeline_l_S_t_1_t_fu_256/hsub_16ns_16ns_16_3_no_dsp_1_U2/node_0_0_hsub_16ns_16ns_16_3_no_dsp_1_ip_u/U0/i_synth/ADDSUB_OP.ADDSUB/LOGIC_SPEED.OP/EXP/NUMB_CMP/NOT_FAST.CMP/C_CHAIN/STRUCT_ADD1.CARRY_MUX2_i_1                                            | CLB.LUT.LUT6      |
    | grp_node_0_0_Pipeline_l_S_t_1_t_fu_256/hsub_16ns_16ns_16_3_no_dsp_1_U2/node_0_0_hsub_16ns_16ns_16_3_no_dsp_1_ip_u/U0/i_synth/ADDSUB_OP.ADDSUB/LOGIC_SPEED.OP/ALIGN_BLK/FRAC_ADDSUB/LOGIC_ADD.FRAC_ADDSUB/STRUCT_ADD1.CARRY_MUX1_CARRY4_CARRY8                        | CLB.CARRY.CARRY8  |
    | grp_node_0_0_Pipeline_l_S_t_1_t_fu_256/hsub_16ns_16ns_16_3_no_dsp_1_U2/node_0_0_hsub_16ns_16ns_16_3_no_dsp_1_ip_u/U0/i_synth/ADDSUB_OP.ADDSUB/LOGIC_SPEED.OP/ALIGN_BLK/FRAC_ADDSUB/LOGIC_ADD.FRAC_ADDSUB/STRUCT_ADD2.ADD1/CHAIN_GEN[0].C_MUX.CARRY_MUX_CARRY4_CARRY8 | CLB.CARRY.CARRY8  |
    | grp_node_0_0_Pipeline_l_S_t_1_t_fu_256/hsub_16ns_16ns_16_3_no_dsp_1_U2/node_0_0_hsub_16ns_16ns_16_3_no_dsp_1_ip_u/U0/i_synth/ADDSUB_OP.ADDSUB/LOGIC_SPEED.OP/ALIGN_BLK/FRAC_ADDSUB/LOGIC_ADD.FRAC_ADDSUB/STRUCT_ADD2.ADD1/CHAIN_GEN[0].C_MUX.CARRY_MUX_i_1__5        | CLB.LUT.LUT4      |
    | grp_node_0_0_Pipeline_l_S_t_1_t_fu_256/hsub_16ns_16ns_16_3_no_dsp_1_U2/node_0_0_hsub_16ns_16ns_16_3_no_dsp_1_ip_u/U0/i_synth/ADDSUB_OP.ADDSUB/LOGIC_SPEED.OP/NORM/LZE/ZERO_DET_CC_1/CHAIN_GEN[0].C_MUX.CARRY_MUX_CARRY4_CARRY8                                       | CLB.CARRY.CARRY8  |
    | grp_node_0_0_Pipeline_l_S_t_1_t_fu_256/hsub_16ns_16ns_16_3_no_dsp_1_U2/node_0_0_hsub_16ns_16ns_16_3_no_dsp_1_ip_u/U0/i_synth/ADDSUB_OP.ADDSUB/LOGIC_SPEED.OP/ALIGN_BLK/FRAC_ADDSUB/LOGIC_ADD.FRAC_ADDSUB/STRUCT_ADD1.ADD1/CHAIN_GEN[1].C_MUX.CARRY_MUX_i_6           | CLB.LUT.LUT6      |
    | grp_node_0_0_Pipeline_l_S_t_1_t_fu_256/hsub_16ns_16ns_16_3_no_dsp_1_U2/node_0_0_hsub_16ns_16ns_16_3_no_dsp_1_ip_u/U0/i_synth/ADDSUB_OP.ADDSUB/LOGIC_SPEED.OP/ALIGN_BLK/FRAC_ADDSUB/LOGIC_ADD.FRAC_ADDSUB/STRUCT_ADD2.ADD1/CHAIN_GEN[1].C_MUX.CARRY_MUX_i_2__3        | CLB.LUT.LUT6      |
    | grp_node_0_0_Pipeline_l_S_t_1_t_fu_256/hsub_16ns_16ns_16_3_no_dsp_1_U2/node_0_0_hsub_16ns_16ns_16_3_no_dsp_1_ip_u/U0/i_synth/ADDSUB_OP.ADDSUB/LOGIC_SPEED.OP/ALIGN_BLK/FRAC_ADDSUB/LOGIC_ADD.FRAC_ADDSUB/STRUCT_ADD2.ADD1/CHAIN_GEN[0].C_MUX.CARRY_MUX_i_7__0        | CLB.LUT.LUT5      |
    | grp_node_0_0_Pipeline_l_S_t_1_t_fu_256/hsub_16ns_16ns_16_3_no_dsp_1_U2/node_0_0_hsub_16ns_16ns_16_3_no_dsp_1_ip_u/U0/i_synth/ADDSUB_OP.ADDSUB/LOGIC_SPEED.OP/ALIGN_BLK/FRAC_ADDSUB/LOGIC_ADD.FRAC_ADDSUB/STRUCT_ADD1.ADD1/CHAIN_GEN[0].C_MUX.CARRY_MUX_i_5__0        | CLB.LUT.LUT6      |
    | grp_node_0_0_Pipeline_l_S_t_1_t_fu_256/hsub_16ns_16ns_16_3_no_dsp_1_U2/node_0_0_hsub_16ns_16ns_16_3_no_dsp_1_ip_u/U0/i_synth/ADDSUB_OP.ADDSUB/LOGIC_SPEED.OP/ALIGN_BLK/FRAC_ADDSUB/LOGIC_ADD.FRAC_ADDSUB/STRUCT_ADD1.ADD1/CHAIN_GEN[0].C_MUX.CARRY_MUX_i_1__9        | CLB.LUT.LUT6      |
    | grp_node_0_0_Pipeline_l_S_t_1_t_fu_256/hsub_16ns_16ns_16_3_no_dsp_1_U2/node_0_0_hsub_16ns_16ns_16_3_no_dsp_1_ip_u/U0/i_synth/ADDSUB_OP.ADDSUB/LOGIC_SPEED.OP/NORM/ROUND/RND_BIT_GEN/NORM_2.RND_CHAIN/CHAIN_GEN[0].C_MUX.CARRY_MUX_CARRY4_CARRY8                      | CLB.CARRY.CARRY8  |
    | grp_node_0_0_Pipeline_l_S_t_1_t_fu_256/hsub_16ns_16ns_16_3_no_dsp_1_U2/node_0_0_hsub_16ns_16ns_16_3_no_dsp_1_ip_u/U0/i_synth/ADDSUB_OP.ADDSUB/LOGIC_SPEED.OP/NORM/ROUND/LOGIC.RND1/CHAIN_GEN[2].C_MUX.CARRY_MUX_CARRY4_CARRY8                                        | CLB.CARRY.CARRY8  |
    | grp_node_0_0_Pipeline_l_S_t_1_t_fu_256/hsub_16ns_16ns_16_3_no_dsp_1_U2/node_0_0_hsub_16ns_16ns_16_3_no_dsp_1_ip_u/U0/i_synth/ADDSUB_OP.ADDSUB/LOGIC_SPEED.OP/NORM/ROUND/LOGIC.RND2/RESULT_REG.NORMAL.mant_op[9]_i_2                                                  | CLB.LUT.LUT3      |
    | grp_node_0_0_Pipeline_l_S_t_1_t_fu_256/hsub_16ns_16ns_16_3_no_dsp_1_U2/node_0_0_hsub_16ns_16ns_16_3_no_dsp_1_ip_u/U0/i_synth/ADDSUB_OP.ADDSUB/LOGIC_SPEED.OP/EXP/EXP_OFF.STRUCT_ADD/RESULT_REG.NORMAL.mant_op[9]_i_1                                                 | CLB.LUT.LUT6      |
    | grp_node_0_0_Pipeline_l_S_t_1_t_fu_256/hsub_16ns_16ns_16_3_no_dsp_1_U2/node_0_0_hsub_16ns_16ns_16_3_no_dsp_1_ip_u/U0/i_synth/ADDSUB_OP.ADDSUB/LOGIC_SPEED.OP/OP/RESULT_REG.NORMAL.mant_op_reg[9]                                                                     | REGISTER.SDR.FDRE |
    | grp_node_0_0_Pipeline_l_S_t_1_t_fu_256/hadd_16ns_16ns_16_3_no_dsp_1_U1/din1_buf1_reg[0]                                                                                                                                                                              | REGISTER.SDR.FDRE |
    | grp_node_0_0_Pipeline_l_S_t_1_t_fu_256/hadd_16ns_16ns_16_3_no_dsp_1_U1/node_0_0_hadd_16ns_16ns_16_3_no_dsp_1_ip_u/U0/i_synth/ADDSUB_OP.ADDSUB/LOGIC_SPEED.OP/EXP/NUMB_CMP/NOT_FAST.CMP/C_CHAIN/CHAIN_GEN[0].C_MUX.CARRY_MUX_i_2__1                                   | CLB.LUT.LUT4      |
    | grp_node_0_0_Pipeline_l_S_t_1_t_fu_256/hadd_16ns_16ns_16_3_no_dsp_1_U1/node_0_0_hadd_16ns_16ns_16_3_no_dsp_1_ip_u/U0/i_synth/ADDSUB_OP.ADDSUB/LOGIC_SPEED.OP/EXP/NUMB_CMP/NOT_FAST.CMP/C_CHAIN/CHAIN_GEN[0].C_MUX.CARRY_MUX_CARRY4_CARRY8                            | CLB.CARRY.CARRY8  |
    | grp_node_0_0_Pipeline_l_S_t_1_t_fu_256/hadd_16ns_16ns_16_3_no_dsp_1_U1/node_0_0_hadd_16ns_16ns_16_3_no_dsp_1_ip_u/U0/i_synth/ADDSUB_OP.ADDSUB/LOGIC_SPEED.OP/EXP/NUMB_CMP/NOT_FAST.CMP/C_CHAIN/CHAIN_GEN[1].C_MUX.CARRY_MUX_i_2__3                                   | CLB.LUT.LUT6      |
    | grp_node_0_0_Pipeline_l_S_t_1_t_fu_256/hadd_16ns_16ns_16_3_no_dsp_1_U1/node_0_0_hadd_16ns_16ns_16_3_no_dsp_1_ip_u/U0/i_synth/ADDSUB_OP.ADDSUB/LOGIC_SPEED.OP/EXP/NUMB_CMP/NOT_FAST.CMP/C_CHAIN/CHAIN_GEN[1].C_MUX.CARRY_MUX_i_1__5                                   | CLB.LUT.LUT4      |
    | grp_node_0_0_Pipeline_l_S_t_1_t_fu_256/hadd_16ns_16ns_16_3_no_dsp_1_U1/node_0_0_hadd_16ns_16ns_16_3_no_dsp_1_ip_u/U0/i_synth/ADDSUB_OP.ADDSUB/LOGIC_SPEED.OP/ALIGN_BLK/ALIGN_SHIFT/ALIGN_Z_D/EQ_ZERO/CARRY_ZERO_DET/CHAIN_GEN[0].C_MUX.CARRY_MUX_CARRY4_CARRY8       | CLB.CARRY.CARRY8  |
    | grp_node_0_0_Pipeline_l_S_t_1_t_fu_256/hadd_16ns_16ns_16_3_no_dsp_1_U1/node_0_0_hadd_16ns_16ns_16_3_no_dsp_1_ip_u/U0/i_synth/ADDSUB_OP.ADDSUB/LOGIC_SPEED.OP/EXP/NUMB_CMP/NOT_FAST.CMP/C_CHAIN/STRUCT_ADD1.CARRY_MUX2_i_7                                            | CLB.LUT.LUT5      |
    | grp_node_0_0_Pipeline_l_S_t_1_t_fu_256/hadd_16ns_16ns_16_3_no_dsp_1_U1/node_0_0_hadd_16ns_16ns_16_3_no_dsp_1_ip_u/U0/i_synth/ADDSUB_OP.ADDSUB/LOGIC_SPEED.OP/EXP/NUMB_CMP/NOT_FAST.CMP/C_CHAIN/STRUCT_ADD1.CARRY_MUX2_i_2                                            | CLB.LUT.LUT6      |
    | grp_node_0_0_Pipeline_l_S_t_1_t_fu_256/hadd_16ns_16ns_16_3_no_dsp_1_U1/node_0_0_hadd_16ns_16ns_16_3_no_dsp_1_ip_u/U0/i_synth/ADDSUB_OP.ADDSUB/LOGIC_SPEED.OP/EXP/NUMB_CMP/NOT_FAST.CMP/C_CHAIN/STRUCT_ADD1.CARRY_MUX2_i_1                                            | CLB.LUT.LUT6      |
    | grp_node_0_0_Pipeline_l_S_t_1_t_fu_256/hadd_16ns_16ns_16_3_no_dsp_1_U1/node_0_0_hadd_16ns_16ns_16_3_no_dsp_1_ip_u/U0/i_synth/ADDSUB_OP.ADDSUB/LOGIC_SPEED.OP/ALIGN_BLK/FRAC_ADDSUB/LOGIC_ADD.FRAC_ADDSUB/STRUCT_ADD1.CARRY_MUX1_CARRY4_CARRY8                        | CLB.CARRY.CARRY8  |
    | grp_node_0_0_Pipeline_l_S_t_1_t_fu_256/hadd_16ns_16ns_16_3_no_dsp_1_U1/node_0_0_hadd_16ns_16ns_16_3_no_dsp_1_ip_u/U0/i_synth/ADDSUB_OP.ADDSUB/LOGIC_SPEED.OP/ALIGN_BLK/FRAC_ADDSUB/LOGIC_ADD.FRAC_ADDSUB/STRUCT_ADD2.ADD1/CHAIN_GEN[0].C_MUX.CARRY_MUX_CARRY4_CARRY8 | CLB.CARRY.CARRY8  |
    | grp_node_0_0_Pipeline_l_S_t_1_t_fu_256/hadd_16ns_16ns_16_3_no_dsp_1_U1/node_0_0_hadd_16ns_16ns_16_3_no_dsp_1_ip_u/U0/i_synth/ADDSUB_OP.ADDSUB/LOGIC_SPEED.OP/ALIGN_BLK/FRAC_ADDSUB/LOGIC_ADD.FRAC_ADDSUB/STRUCT_ADD2.ADD1/CHAIN_GEN[0].C_MUX.CARRY_MUX_i_1__2        | CLB.LUT.LUT4      |
    | grp_node_0_0_Pipeline_l_S_t_1_t_fu_256/hadd_16ns_16ns_16_3_no_dsp_1_U1/node_0_0_hadd_16ns_16ns_16_3_no_dsp_1_ip_u/U0/i_synth/ADDSUB_OP.ADDSUB/LOGIC_SPEED.OP/NORM/LZE/ZERO_DET_CC_1/CHAIN_GEN[0].C_MUX.CARRY_MUX_CARRY4_CARRY8                                       | CLB.CARRY.CARRY8  |
    | grp_node_0_0_Pipeline_l_S_t_1_t_fu_256/hadd_16ns_16ns_16_3_no_dsp_1_U1/node_0_0_hadd_16ns_16ns_16_3_no_dsp_1_ip_u/U0/i_synth/ADDSUB_OP.ADDSUB/LOGIC_SPEED.OP/ALIGN_BLK/FRAC_ADDSUB/LOGIC_ADD.FRAC_ADDSUB/STRUCT_ADD2.ADD1/RESULT_REG.NORMAL.exp_op[2]_i_8            | CLB.LUT.LUT5      |
    | grp_node_0_0_Pipeline_l_S_t_1_t_fu_256/hadd_16ns_16ns_16_3_no_dsp_1_U1/node_0_0_hadd_16ns_16ns_16_3_no_dsp_1_ip_u/U0/i_synth/ADDSUB_OP.ADDSUB/LOGIC_SPEED.OP/ALIGN_BLK/FRAC_ADDSUB/LOGIC_ADD.FRAC_ADDSUB/STRUCT_ADD1.ADD1/RESULT_REG.NORMAL.exp_op[1]_i_3            | CLB.LUT.LUT5      |
    | grp_node_0_0_Pipeline_l_S_t_1_t_fu_256/hadd_16ns_16ns_16_3_no_dsp_1_U1/node_0_0_hadd_16ns_16ns_16_3_no_dsp_1_ip_u/U0/i_synth/ADDSUB_OP.ADDSUB/LOGIC_SPEED.OP/ALIGN_BLK/FRAC_ADDSUB/LOGIC_ADD.FRAC_ADDSUB/STRUCT_ADD1.ADD1/CHAIN_GEN[0].C_MUX.CARRY_MUX_i_6__0        | CLB.LUT.LUT5      |
    | grp_node_0_0_Pipeline_l_S_t_1_t_fu_256/hadd_16ns_16ns_16_3_no_dsp_1_U1/node_0_0_hadd_16ns_16ns_16_3_no_dsp_1_ip_u/U0/i_synth/ADDSUB_OP.ADDSUB/LOGIC_SPEED.OP/ALIGN_BLK/FRAC_ADDSUB/LOGIC_ADD.FRAC_ADDSUB/STRUCT_ADD1.ADD1/CHAIN_GEN[0].C_MUX.CARRY_MUX_i_3__0        | CLB.LUT.LUT6      |
    | grp_node_0_0_Pipeline_l_S_t_1_t_fu_256/hadd_16ns_16ns_16_3_no_dsp_1_U1/node_0_0_hadd_16ns_16ns_16_3_no_dsp_1_ip_u/U0/i_synth/ADDSUB_OP.ADDSUB/LOGIC_SPEED.OP/ALIGN_BLK/FRAC_ADDSUB/LOGIC_ADD.FRAC_ADDSUB/STRUCT_ADD1.ADD1/CHAIN_GEN[0].C_MUX.CARRY_MUX_i_1__10       | CLB.LUT.LUT5      |
    | grp_node_0_0_Pipeline_l_S_t_1_t_fu_256/hadd_16ns_16ns_16_3_no_dsp_1_U1/node_0_0_hadd_16ns_16ns_16_3_no_dsp_1_ip_u/U0/i_synth/ADDSUB_OP.ADDSUB/LOGIC_SPEED.OP/NORM/ROUND/RND_BIT_GEN/NORM_2.RND_CHAIN/CHAIN_GEN[0].C_MUX.CARRY_MUX_CARRY4_CARRY8                      | CLB.CARRY.CARRY8  |
    | grp_node_0_0_Pipeline_l_S_t_1_t_fu_256/hadd_16ns_16ns_16_3_no_dsp_1_U1/node_0_0_hadd_16ns_16ns_16_3_no_dsp_1_ip_u/U0/i_synth/ADDSUB_OP.ADDSUB/LOGIC_SPEED.OP/NORM/ROUND/LOGIC.RND1/CHAIN_GEN[2].C_MUX.CARRY_MUX_CARRY4_CARRY8                                        | CLB.CARRY.CARRY8  |
    | grp_node_0_0_Pipeline_l_S_t_1_t_fu_256/hadd_16ns_16ns_16_3_no_dsp_1_U1/node_0_0_hadd_16ns_16ns_16_3_no_dsp_1_ip_u/U0/i_synth/ADDSUB_OP.ADDSUB/LOGIC_SPEED.OP/NORM/ROUND/LOGIC.RND2/CHAIN_GEN[5].Q_XOR.SUM_XOR_CARRY4_CARRY8                                          | CLB.CARRY.CARRY8  |
    | grp_node_0_0_Pipeline_l_S_t_1_t_fu_256/hadd_16ns_16ns_16_3_no_dsp_1_U1/node_0_0_hadd_16ns_16ns_16_3_no_dsp_1_ip_u/U0/i_synth/ADDSUB_OP.ADDSUB/LOGIC_SPEED.OP/EXP/EXP_OFF.STRUCT_ADD/RESULT_REG.NORMAL.exp_op[0]_i_1                                                  | CLB.LUT.LUT5      |
    | grp_node_0_0_Pipeline_l_S_t_1_t_fu_256/hadd_16ns_16ns_16_3_no_dsp_1_U1/node_0_0_hadd_16ns_16ns_16_3_no_dsp_1_ip_u/U0/i_synth/ADDSUB_OP.ADDSUB/LOGIC_SPEED.OP/OP/RESULT_REG.NORMAL.exp_op_reg[0]                                                                      | REGISTER.SDR.FDRE |
    | grp_node_0_0_Pipeline_l_S_t_1_t_fu_256/hadd_16ns_16ns_16_3_no_dsp_1_U1/din1_buf1_reg[0]                                                                                                                                                                              | REGISTER.SDR.FDRE |
    | grp_node_0_0_Pipeline_l_S_t_1_t_fu_256/hadd_16ns_16ns_16_3_no_dsp_1_U1/node_0_0_hadd_16ns_16ns_16_3_no_dsp_1_ip_u/U0/i_synth/ADDSUB_OP.ADDSUB/LOGIC_SPEED.OP/EXP/NUMB_CMP/NOT_FAST.CMP/C_CHAIN/CHAIN_GEN[0].C_MUX.CARRY_MUX_i_2__1                                   | CLB.LUT.LUT4      |
    | grp_node_0_0_Pipeline_l_S_t_1_t_fu_256/hadd_16ns_16ns_16_3_no_dsp_1_U1/node_0_0_hadd_16ns_16ns_16_3_no_dsp_1_ip_u/U0/i_synth/ADDSUB_OP.ADDSUB/LOGIC_SPEED.OP/EXP/NUMB_CMP/NOT_FAST.CMP/C_CHAIN/CHAIN_GEN[0].C_MUX.CARRY_MUX_CARRY4_CARRY8                            | CLB.CARRY.CARRY8  |
    | grp_node_0_0_Pipeline_l_S_t_1_t_fu_256/hadd_16ns_16ns_16_3_no_dsp_1_U1/node_0_0_hadd_16ns_16ns_16_3_no_dsp_1_ip_u/U0/i_synth/ADDSUB_OP.ADDSUB/LOGIC_SPEED.OP/EXP/NUMB_CMP/NOT_FAST.CMP/C_CHAIN/CHAIN_GEN[1].C_MUX.CARRY_MUX_i_2__3                                   | CLB.LUT.LUT6      |
    | grp_node_0_0_Pipeline_l_S_t_1_t_fu_256/hadd_16ns_16ns_16_3_no_dsp_1_U1/node_0_0_hadd_16ns_16ns_16_3_no_dsp_1_ip_u/U0/i_synth/ADDSUB_OP.ADDSUB/LOGIC_SPEED.OP/EXP/NUMB_CMP/NOT_FAST.CMP/C_CHAIN/CHAIN_GEN[1].C_MUX.CARRY_MUX_i_1__5                                   | CLB.LUT.LUT4      |
    | grp_node_0_0_Pipeline_l_S_t_1_t_fu_256/hadd_16ns_16ns_16_3_no_dsp_1_U1/node_0_0_hadd_16ns_16ns_16_3_no_dsp_1_ip_u/U0/i_synth/ADDSUB_OP.ADDSUB/LOGIC_SPEED.OP/ALIGN_BLK/ALIGN_SHIFT/ALIGN_Z_D/EQ_ZERO/CARRY_ZERO_DET/CHAIN_GEN[0].C_MUX.CARRY_MUX_CARRY4_CARRY8       | CLB.CARRY.CARRY8  |
    | grp_node_0_0_Pipeline_l_S_t_1_t_fu_256/hadd_16ns_16ns_16_3_no_dsp_1_U1/node_0_0_hadd_16ns_16ns_16_3_no_dsp_1_ip_u/U0/i_synth/ADDSUB_OP.ADDSUB/LOGIC_SPEED.OP/EXP/NUMB_CMP/NOT_FAST.CMP/C_CHAIN/STRUCT_ADD1.CARRY_MUX2_i_7                                            | CLB.LUT.LUT5      |
    | grp_node_0_0_Pipeline_l_S_t_1_t_fu_256/hadd_16ns_16ns_16_3_no_dsp_1_U1/node_0_0_hadd_16ns_16ns_16_3_no_dsp_1_ip_u/U0/i_synth/ADDSUB_OP.ADDSUB/LOGIC_SPEED.OP/EXP/NUMB_CMP/NOT_FAST.CMP/C_CHAIN/STRUCT_ADD1.CARRY_MUX2_i_2                                            | CLB.LUT.LUT6      |
    | grp_node_0_0_Pipeline_l_S_t_1_t_fu_256/hadd_16ns_16ns_16_3_no_dsp_1_U1/node_0_0_hadd_16ns_16ns_16_3_no_dsp_1_ip_u/U0/i_synth/ADDSUB_OP.ADDSUB/LOGIC_SPEED.OP/EXP/NUMB_CMP/NOT_FAST.CMP/C_CHAIN/STRUCT_ADD1.CARRY_MUX2_i_1                                            | CLB.LUT.LUT6      |
    | grp_node_0_0_Pipeline_l_S_t_1_t_fu_256/hadd_16ns_16ns_16_3_no_dsp_1_U1/node_0_0_hadd_16ns_16ns_16_3_no_dsp_1_ip_u/U0/i_synth/ADDSUB_OP.ADDSUB/LOGIC_SPEED.OP/ALIGN_BLK/FRAC_ADDSUB/LOGIC_ADD.FRAC_ADDSUB/STRUCT_ADD1.CARRY_MUX1_CARRY4_CARRY8                        | CLB.CARRY.CARRY8  |
    | grp_node_0_0_Pipeline_l_S_t_1_t_fu_256/hadd_16ns_16ns_16_3_no_dsp_1_U1/node_0_0_hadd_16ns_16ns_16_3_no_dsp_1_ip_u/U0/i_synth/ADDSUB_OP.ADDSUB/LOGIC_SPEED.OP/ALIGN_BLK/FRAC_ADDSUB/LOGIC_ADD.FRAC_ADDSUB/STRUCT_ADD2.ADD1/CHAIN_GEN[0].C_MUX.CARRY_MUX_CARRY4_CARRY8 | CLB.CARRY.CARRY8  |
    | grp_node_0_0_Pipeline_l_S_t_1_t_fu_256/hadd_16ns_16ns_16_3_no_dsp_1_U1/node_0_0_hadd_16ns_16ns_16_3_no_dsp_1_ip_u/U0/i_synth/ADDSUB_OP.ADDSUB/LOGIC_SPEED.OP/ALIGN_BLK/FRAC_ADDSUB/LOGIC_ADD.FRAC_ADDSUB/STRUCT_ADD2.ADD1/CHAIN_GEN[0].C_MUX.CARRY_MUX_i_1__2        | CLB.LUT.LUT4      |
    | grp_node_0_0_Pipeline_l_S_t_1_t_fu_256/hadd_16ns_16ns_16_3_no_dsp_1_U1/node_0_0_hadd_16ns_16ns_16_3_no_dsp_1_ip_u/U0/i_synth/ADDSUB_OP.ADDSUB/LOGIC_SPEED.OP/NORM/LZE/ZERO_DET_CC_1/CHAIN_GEN[0].C_MUX.CARRY_MUX_CARRY4_CARRY8                                       | CLB.CARRY.CARRY8  |
    | grp_node_0_0_Pipeline_l_S_t_1_t_fu_256/hadd_16ns_16ns_16_3_no_dsp_1_U1/node_0_0_hadd_16ns_16ns_16_3_no_dsp_1_ip_u/U0/i_synth/ADDSUB_OP.ADDSUB/LOGIC_SPEED.OP/ALIGN_BLK/FRAC_ADDSUB/LOGIC_ADD.FRAC_ADDSUB/STRUCT_ADD2.ADD1/RESULT_REG.NORMAL.exp_op[2]_i_8            | CLB.LUT.LUT5      |
    | grp_node_0_0_Pipeline_l_S_t_1_t_fu_256/hadd_16ns_16ns_16_3_no_dsp_1_U1/node_0_0_hadd_16ns_16ns_16_3_no_dsp_1_ip_u/U0/i_synth/ADDSUB_OP.ADDSUB/LOGIC_SPEED.OP/ALIGN_BLK/FRAC_ADDSUB/LOGIC_ADD.FRAC_ADDSUB/STRUCT_ADD1.ADD1/RESULT_REG.NORMAL.exp_op[1]_i_3            | CLB.LUT.LUT5      |
    | grp_node_0_0_Pipeline_l_S_t_1_t_fu_256/hadd_16ns_16ns_16_3_no_dsp_1_U1/node_0_0_hadd_16ns_16ns_16_3_no_dsp_1_ip_u/U0/i_synth/ADDSUB_OP.ADDSUB/LOGIC_SPEED.OP/ALIGN_BLK/FRAC_ADDSUB/LOGIC_ADD.FRAC_ADDSUB/STRUCT_ADD1.ADD1/CHAIN_GEN[0].C_MUX.CARRY_MUX_i_6__0        | CLB.LUT.LUT5      |
    | grp_node_0_0_Pipeline_l_S_t_1_t_fu_256/hadd_16ns_16ns_16_3_no_dsp_1_U1/node_0_0_hadd_16ns_16ns_16_3_no_dsp_1_ip_u/U0/i_synth/ADDSUB_OP.ADDSUB/LOGIC_SPEED.OP/ALIGN_BLK/FRAC_ADDSUB/LOGIC_ADD.FRAC_ADDSUB/STRUCT_ADD1.ADD1/CHAIN_GEN[0].C_MUX.CARRY_MUX_i_3__0        | CLB.LUT.LUT6      |
    | grp_node_0_0_Pipeline_l_S_t_1_t_fu_256/hadd_16ns_16ns_16_3_no_dsp_1_U1/node_0_0_hadd_16ns_16ns_16_3_no_dsp_1_ip_u/U0/i_synth/ADDSUB_OP.ADDSUB/LOGIC_SPEED.OP/ALIGN_BLK/FRAC_ADDSUB/LOGIC_ADD.FRAC_ADDSUB/STRUCT_ADD1.ADD1/CHAIN_GEN[0].C_MUX.CARRY_MUX_i_1__10       | CLB.LUT.LUT5      |
    | grp_node_0_0_Pipeline_l_S_t_1_t_fu_256/hadd_16ns_16ns_16_3_no_dsp_1_U1/node_0_0_hadd_16ns_16ns_16_3_no_dsp_1_ip_u/U0/i_synth/ADDSUB_OP.ADDSUB/LOGIC_SPEED.OP/NORM/ROUND/RND_BIT_GEN/NORM_2.RND_CHAIN/CHAIN_GEN[0].C_MUX.CARRY_MUX_CARRY4_CARRY8                      | CLB.CARRY.CARRY8  |
    | grp_node_0_0_Pipeline_l_S_t_1_t_fu_256/hadd_16ns_16ns_16_3_no_dsp_1_U1/node_0_0_hadd_16ns_16ns_16_3_no_dsp_1_ip_u/U0/i_synth/ADDSUB_OP.ADDSUB/LOGIC_SPEED.OP/NORM/ROUND/LOGIC.RND1/CHAIN_GEN[2].C_MUX.CARRY_MUX_CARRY4_CARRY8                                        | CLB.CARRY.CARRY8  |
    | grp_node_0_0_Pipeline_l_S_t_1_t_fu_256/hadd_16ns_16ns_16_3_no_dsp_1_U1/node_0_0_hadd_16ns_16ns_16_3_no_dsp_1_ip_u/U0/i_synth/ADDSUB_OP.ADDSUB/LOGIC_SPEED.OP/NORM/ROUND/LOGIC.RND2/CHAIN_GEN[5].Q_XOR.SUM_XOR_CARRY4_CARRY8                                          | CLB.CARRY.CARRY8  |
    | grp_node_0_0_Pipeline_l_S_t_1_t_fu_256/hadd_16ns_16ns_16_3_no_dsp_1_U1/node_0_0_hadd_16ns_16ns_16_3_no_dsp_1_ip_u/U0/i_synth/ADDSUB_OP.ADDSUB/LOGIC_SPEED.OP/NORM/ROUND/LOGIC.RND2/RESULT_REG.NORMAL.exp_op[1]_i_1                                                   | CLB.LUT.LUT6      |
    | grp_node_0_0_Pipeline_l_S_t_1_t_fu_256/hadd_16ns_16ns_16_3_no_dsp_1_U1/node_0_0_hadd_16ns_16ns_16_3_no_dsp_1_ip_u/U0/i_synth/ADDSUB_OP.ADDSUB/LOGIC_SPEED.OP/OP/RESULT_REG.NORMAL.exp_op_reg[1]                                                                      | REGISTER.SDR.FDRE |
    +----------------------------------------------------------------------------------------------------------------------------------------------------------------------------------------------------------------------------------------------------------------------+-------------------+

    +----------------------------------------------------------------------------------------------------------------------------------------------------------------------------------------------------------------------------------------------------------------------+-------------------+
    | Path4 Cells                                                                                                                                                                                                                                                          | Primitive Type    |
    +----------------------------------------------------------------------------------------------------------------------------------------------------------------------------------------------------------------------------------------------------------------------+-------------------+
    | grp_node_0_0_Pipeline_l_S_t_1_t_fu_256/hadd_16ns_16ns_16_3_no_dsp_1_U1/din1_buf1_reg[0]                                                                                                                                                                              | REGISTER.SDR.FDRE |
    | grp_node_0_0_Pipeline_l_S_t_1_t_fu_256/hadd_16ns_16ns_16_3_no_dsp_1_U1/node_0_0_hadd_16ns_16ns_16_3_no_dsp_1_ip_u/U0/i_synth/ADDSUB_OP.ADDSUB/LOGIC_SPEED.OP/EXP/NUMB_CMP/NOT_FAST.CMP/C_CHAIN/CHAIN_GEN[0].C_MUX.CARRY_MUX_i_2__1                                   | CLB.LUT.LUT4      |
    | grp_node_0_0_Pipeline_l_S_t_1_t_fu_256/hadd_16ns_16ns_16_3_no_dsp_1_U1/node_0_0_hadd_16ns_16ns_16_3_no_dsp_1_ip_u/U0/i_synth/ADDSUB_OP.ADDSUB/LOGIC_SPEED.OP/EXP/NUMB_CMP/NOT_FAST.CMP/C_CHAIN/CHAIN_GEN[0].C_MUX.CARRY_MUX_CARRY4_CARRY8                            | CLB.CARRY.CARRY8  |
    | grp_node_0_0_Pipeline_l_S_t_1_t_fu_256/hadd_16ns_16ns_16_3_no_dsp_1_U1/node_0_0_hadd_16ns_16ns_16_3_no_dsp_1_ip_u/U0/i_synth/ADDSUB_OP.ADDSUB/LOGIC_SPEED.OP/EXP/NUMB_CMP/NOT_FAST.CMP/C_CHAIN/CHAIN_GEN[1].C_MUX.CARRY_MUX_i_2__3                                   | CLB.LUT.LUT6      |
    | grp_node_0_0_Pipeline_l_S_t_1_t_fu_256/hadd_16ns_16ns_16_3_no_dsp_1_U1/node_0_0_hadd_16ns_16ns_16_3_no_dsp_1_ip_u/U0/i_synth/ADDSUB_OP.ADDSUB/LOGIC_SPEED.OP/EXP/NUMB_CMP/NOT_FAST.CMP/C_CHAIN/CHAIN_GEN[1].C_MUX.CARRY_MUX_i_1__5                                   | CLB.LUT.LUT4      |
    | grp_node_0_0_Pipeline_l_S_t_1_t_fu_256/hadd_16ns_16ns_16_3_no_dsp_1_U1/node_0_0_hadd_16ns_16ns_16_3_no_dsp_1_ip_u/U0/i_synth/ADDSUB_OP.ADDSUB/LOGIC_SPEED.OP/ALIGN_BLK/ALIGN_SHIFT/ALIGN_Z_D/EQ_ZERO/CARRY_ZERO_DET/CHAIN_GEN[0].C_MUX.CARRY_MUX_CARRY4_CARRY8       | CLB.CARRY.CARRY8  |
    | grp_node_0_0_Pipeline_l_S_t_1_t_fu_256/hadd_16ns_16ns_16_3_no_dsp_1_U1/node_0_0_hadd_16ns_16ns_16_3_no_dsp_1_ip_u/U0/i_synth/ADDSUB_OP.ADDSUB/LOGIC_SPEED.OP/EXP/NUMB_CMP/NOT_FAST.CMP/C_CHAIN/STRUCT_ADD1.CARRY_MUX2_i_7                                            | CLB.LUT.LUT5      |
    | grp_node_0_0_Pipeline_l_S_t_1_t_fu_256/hadd_16ns_16ns_16_3_no_dsp_1_U1/node_0_0_hadd_16ns_16ns_16_3_no_dsp_1_ip_u/U0/i_synth/ADDSUB_OP.ADDSUB/LOGIC_SPEED.OP/EXP/NUMB_CMP/NOT_FAST.CMP/C_CHAIN/STRUCT_ADD1.CARRY_MUX2_i_2                                            | CLB.LUT.LUT6      |
    | grp_node_0_0_Pipeline_l_S_t_1_t_fu_256/hadd_16ns_16ns_16_3_no_dsp_1_U1/node_0_0_hadd_16ns_16ns_16_3_no_dsp_1_ip_u/U0/i_synth/ADDSUB_OP.ADDSUB/LOGIC_SPEED.OP/EXP/NUMB_CMP/NOT_FAST.CMP/C_CHAIN/STRUCT_ADD1.CARRY_MUX2_i_1                                            | CLB.LUT.LUT6      |
    | grp_node_0_0_Pipeline_l_S_t_1_t_fu_256/hadd_16ns_16ns_16_3_no_dsp_1_U1/node_0_0_hadd_16ns_16ns_16_3_no_dsp_1_ip_u/U0/i_synth/ADDSUB_OP.ADDSUB/LOGIC_SPEED.OP/ALIGN_BLK/FRAC_ADDSUB/LOGIC_ADD.FRAC_ADDSUB/STRUCT_ADD1.CARRY_MUX1_CARRY4_CARRY8                        | CLB.CARRY.CARRY8  |
    | grp_node_0_0_Pipeline_l_S_t_1_t_fu_256/hadd_16ns_16ns_16_3_no_dsp_1_U1/node_0_0_hadd_16ns_16ns_16_3_no_dsp_1_ip_u/U0/i_synth/ADDSUB_OP.ADDSUB/LOGIC_SPEED.OP/ALIGN_BLK/FRAC_ADDSUB/LOGIC_ADD.FRAC_ADDSUB/STRUCT_ADD2.ADD1/CHAIN_GEN[0].C_MUX.CARRY_MUX_CARRY4_CARRY8 | CLB.CARRY.CARRY8  |
    | grp_node_0_0_Pipeline_l_S_t_1_t_fu_256/hadd_16ns_16ns_16_3_no_dsp_1_U1/node_0_0_hadd_16ns_16ns_16_3_no_dsp_1_ip_u/U0/i_synth/ADDSUB_OP.ADDSUB/LOGIC_SPEED.OP/ALIGN_BLK/FRAC_ADDSUB/LOGIC_ADD.FRAC_ADDSUB/STRUCT_ADD2.ADD1/CHAIN_GEN[0].C_MUX.CARRY_MUX_i_1__2        | CLB.LUT.LUT4      |
    | grp_node_0_0_Pipeline_l_S_t_1_t_fu_256/hadd_16ns_16ns_16_3_no_dsp_1_U1/node_0_0_hadd_16ns_16ns_16_3_no_dsp_1_ip_u/U0/i_synth/ADDSUB_OP.ADDSUB/LOGIC_SPEED.OP/NORM/LZE/ZERO_DET_CC_1/CHAIN_GEN[0].C_MUX.CARRY_MUX_CARRY4_CARRY8                                       | CLB.CARRY.CARRY8  |
    | grp_node_0_0_Pipeline_l_S_t_1_t_fu_256/hadd_16ns_16ns_16_3_no_dsp_1_U1/node_0_0_hadd_16ns_16ns_16_3_no_dsp_1_ip_u/U0/i_synth/ADDSUB_OP.ADDSUB/LOGIC_SPEED.OP/ALIGN_BLK/FRAC_ADDSUB/LOGIC_ADD.FRAC_ADDSUB/STRUCT_ADD2.ADD1/RESULT_REG.NORMAL.exp_op[2]_i_8            | CLB.LUT.LUT5      |
    | grp_node_0_0_Pipeline_l_S_t_1_t_fu_256/hadd_16ns_16ns_16_3_no_dsp_1_U1/node_0_0_hadd_16ns_16ns_16_3_no_dsp_1_ip_u/U0/i_synth/ADDSUB_OP.ADDSUB/LOGIC_SPEED.OP/ALIGN_BLK/FRAC_ADDSUB/LOGIC_ADD.FRAC_ADDSUB/STRUCT_ADD1.ADD1/RESULT_REG.NORMAL.exp_op[1]_i_3            | CLB.LUT.LUT5      |
    | grp_node_0_0_Pipeline_l_S_t_1_t_fu_256/hadd_16ns_16ns_16_3_no_dsp_1_U1/node_0_0_hadd_16ns_16ns_16_3_no_dsp_1_ip_u/U0/i_synth/ADDSUB_OP.ADDSUB/LOGIC_SPEED.OP/ALIGN_BLK/FRAC_ADDSUB/LOGIC_ADD.FRAC_ADDSUB/STRUCT_ADD1.ADD1/CHAIN_GEN[0].C_MUX.CARRY_MUX_i_6__0        | CLB.LUT.LUT5      |
    | grp_node_0_0_Pipeline_l_S_t_1_t_fu_256/hadd_16ns_16ns_16_3_no_dsp_1_U1/node_0_0_hadd_16ns_16ns_16_3_no_dsp_1_ip_u/U0/i_synth/ADDSUB_OP.ADDSUB/LOGIC_SPEED.OP/ALIGN_BLK/FRAC_ADDSUB/LOGIC_ADD.FRAC_ADDSUB/STRUCT_ADD1.ADD1/CHAIN_GEN[0].C_MUX.CARRY_MUX_i_3__0        | CLB.LUT.LUT6      |
    | grp_node_0_0_Pipeline_l_S_t_1_t_fu_256/hadd_16ns_16ns_16_3_no_dsp_1_U1/node_0_0_hadd_16ns_16ns_16_3_no_dsp_1_ip_u/U0/i_synth/ADDSUB_OP.ADDSUB/LOGIC_SPEED.OP/ALIGN_BLK/FRAC_ADDSUB/LOGIC_ADD.FRAC_ADDSUB/STRUCT_ADD1.ADD1/CHAIN_GEN[0].C_MUX.CARRY_MUX_i_1__10       | CLB.LUT.LUT5      |
    | grp_node_0_0_Pipeline_l_S_t_1_t_fu_256/hadd_16ns_16ns_16_3_no_dsp_1_U1/node_0_0_hadd_16ns_16ns_16_3_no_dsp_1_ip_u/U0/i_synth/ADDSUB_OP.ADDSUB/LOGIC_SPEED.OP/NORM/ROUND/RND_BIT_GEN/NORM_2.RND_CHAIN/CHAIN_GEN[0].C_MUX.CARRY_MUX_CARRY4_CARRY8                      | CLB.CARRY.CARRY8  |
    | grp_node_0_0_Pipeline_l_S_t_1_t_fu_256/hadd_16ns_16ns_16_3_no_dsp_1_U1/node_0_0_hadd_16ns_16ns_16_3_no_dsp_1_ip_u/U0/i_synth/ADDSUB_OP.ADDSUB/LOGIC_SPEED.OP/NORM/ROUND/LOGIC.RND1/CHAIN_GEN[2].C_MUX.CARRY_MUX_CARRY4_CARRY8                                        | CLB.CARRY.CARRY8  |
    | grp_node_0_0_Pipeline_l_S_t_1_t_fu_256/hadd_16ns_16ns_16_3_no_dsp_1_U1/node_0_0_hadd_16ns_16ns_16_3_no_dsp_1_ip_u/U0/i_synth/ADDSUB_OP.ADDSUB/LOGIC_SPEED.OP/NORM/ROUND/LOGIC.RND2/CHAIN_GEN[5].Q_XOR.SUM_XOR_CARRY4_CARRY8                                          | CLB.CARRY.CARRY8  |
    | grp_node_0_0_Pipeline_l_S_t_1_t_fu_256/hadd_16ns_16ns_16_3_no_dsp_1_U1/node_0_0_hadd_16ns_16ns_16_3_no_dsp_1_ip_u/U0/i_synth/ADDSUB_OP.ADDSUB/LOGIC_SPEED.OP/NORM/LZE/ZERO_DET_CC_1/RESULT_REG.NORMAL.exp_op[4]_i_3                                                  | CLB.LUT.LUT6      |
    | grp_node_0_0_Pipeline_l_S_t_1_t_fu_256/hadd_16ns_16ns_16_3_no_dsp_1_U1/node_0_0_hadd_16ns_16ns_16_3_no_dsp_1_ip_u/U0/i_synth/ADDSUB_OP.ADDSUB/LOGIC_SPEED.OP/NORM/LZE/ZERO_DET_CC_1/RESULT_REG.NORMAL.exp_op[3]_i_1                                                  | CLB.LUT.LUT6      |
    | grp_node_0_0_Pipeline_l_S_t_1_t_fu_256/hadd_16ns_16ns_16_3_no_dsp_1_U1/node_0_0_hadd_16ns_16ns_16_3_no_dsp_1_ip_u/U0/i_synth/ADDSUB_OP.ADDSUB/LOGIC_SPEED.OP/OP/RESULT_REG.NORMAL.exp_op_reg[3]                                                                      | REGISTER.SDR.FDRE |
    | grp_node_0_0_Pipeline_l_S_t_1_t_fu_256/hadd_16ns_16ns_16_3_no_dsp_1_U1/din1_buf1_reg[0]                                                                                                                                                                              | REGISTER.SDR.FDRE |
    | grp_node_0_0_Pipeline_l_S_t_1_t_fu_256/hadd_16ns_16ns_16_3_no_dsp_1_U1/node_0_0_hadd_16ns_16ns_16_3_no_dsp_1_ip_u/U0/i_synth/ADDSUB_OP.ADDSUB/LOGIC_SPEED.OP/EXP/NUMB_CMP/NOT_FAST.CMP/C_CHAIN/CHAIN_GEN[0].C_MUX.CARRY_MUX_i_2__1                                   | CLB.LUT.LUT4      |
    | grp_node_0_0_Pipeline_l_S_t_1_t_fu_256/hadd_16ns_16ns_16_3_no_dsp_1_U1/node_0_0_hadd_16ns_16ns_16_3_no_dsp_1_ip_u/U0/i_synth/ADDSUB_OP.ADDSUB/LOGIC_SPEED.OP/EXP/NUMB_CMP/NOT_FAST.CMP/C_CHAIN/CHAIN_GEN[0].C_MUX.CARRY_MUX_CARRY4_CARRY8                            | CLB.CARRY.CARRY8  |
    | grp_node_0_0_Pipeline_l_S_t_1_t_fu_256/hadd_16ns_16ns_16_3_no_dsp_1_U1/node_0_0_hadd_16ns_16ns_16_3_no_dsp_1_ip_u/U0/i_synth/ADDSUB_OP.ADDSUB/LOGIC_SPEED.OP/EXP/NUMB_CMP/NOT_FAST.CMP/C_CHAIN/CHAIN_GEN[1].C_MUX.CARRY_MUX_i_2__3                                   | CLB.LUT.LUT6      |
    | grp_node_0_0_Pipeline_l_S_t_1_t_fu_256/hadd_16ns_16ns_16_3_no_dsp_1_U1/node_0_0_hadd_16ns_16ns_16_3_no_dsp_1_ip_u/U0/i_synth/ADDSUB_OP.ADDSUB/LOGIC_SPEED.OP/EXP/NUMB_CMP/NOT_FAST.CMP/C_CHAIN/CHAIN_GEN[1].C_MUX.CARRY_MUX_i_1__5                                   | CLB.LUT.LUT4      |
    | grp_node_0_0_Pipeline_l_S_t_1_t_fu_256/hadd_16ns_16ns_16_3_no_dsp_1_U1/node_0_0_hadd_16ns_16ns_16_3_no_dsp_1_ip_u/U0/i_synth/ADDSUB_OP.ADDSUB/LOGIC_SPEED.OP/ALIGN_BLK/ALIGN_SHIFT/ALIGN_Z_D/EQ_ZERO/CARRY_ZERO_DET/CHAIN_GEN[0].C_MUX.CARRY_MUX_CARRY4_CARRY8       | CLB.CARRY.CARRY8  |
    | grp_node_0_0_Pipeline_l_S_t_1_t_fu_256/hadd_16ns_16ns_16_3_no_dsp_1_U1/node_0_0_hadd_16ns_16ns_16_3_no_dsp_1_ip_u/U0/i_synth/ADDSUB_OP.ADDSUB/LOGIC_SPEED.OP/EXP/NUMB_CMP/NOT_FAST.CMP/C_CHAIN/STRUCT_ADD1.CARRY_MUX2_i_7                                            | CLB.LUT.LUT5      |
    | grp_node_0_0_Pipeline_l_S_t_1_t_fu_256/hadd_16ns_16ns_16_3_no_dsp_1_U1/node_0_0_hadd_16ns_16ns_16_3_no_dsp_1_ip_u/U0/i_synth/ADDSUB_OP.ADDSUB/LOGIC_SPEED.OP/EXP/NUMB_CMP/NOT_FAST.CMP/C_CHAIN/STRUCT_ADD1.CARRY_MUX2_i_2                                            | CLB.LUT.LUT6      |
    | grp_node_0_0_Pipeline_l_S_t_1_t_fu_256/hadd_16ns_16ns_16_3_no_dsp_1_U1/node_0_0_hadd_16ns_16ns_16_3_no_dsp_1_ip_u/U0/i_synth/ADDSUB_OP.ADDSUB/LOGIC_SPEED.OP/EXP/NUMB_CMP/NOT_FAST.CMP/C_CHAIN/STRUCT_ADD1.CARRY_MUX2_i_1                                            | CLB.LUT.LUT6      |
    | grp_node_0_0_Pipeline_l_S_t_1_t_fu_256/hadd_16ns_16ns_16_3_no_dsp_1_U1/node_0_0_hadd_16ns_16ns_16_3_no_dsp_1_ip_u/U0/i_synth/ADDSUB_OP.ADDSUB/LOGIC_SPEED.OP/ALIGN_BLK/FRAC_ADDSUB/LOGIC_ADD.FRAC_ADDSUB/STRUCT_ADD1.CARRY_MUX1_CARRY4_CARRY8                        | CLB.CARRY.CARRY8  |
    | grp_node_0_0_Pipeline_l_S_t_1_t_fu_256/hadd_16ns_16ns_16_3_no_dsp_1_U1/node_0_0_hadd_16ns_16ns_16_3_no_dsp_1_ip_u/U0/i_synth/ADDSUB_OP.ADDSUB/LOGIC_SPEED.OP/ALIGN_BLK/FRAC_ADDSUB/LOGIC_ADD.FRAC_ADDSUB/STRUCT_ADD2.ADD1/CHAIN_GEN[0].C_MUX.CARRY_MUX_CARRY4_CARRY8 | CLB.CARRY.CARRY8  |
    | grp_node_0_0_Pipeline_l_S_t_1_t_fu_256/hadd_16ns_16ns_16_3_no_dsp_1_U1/node_0_0_hadd_16ns_16ns_16_3_no_dsp_1_ip_u/U0/i_synth/ADDSUB_OP.ADDSUB/LOGIC_SPEED.OP/ALIGN_BLK/FRAC_ADDSUB/LOGIC_ADD.FRAC_ADDSUB/STRUCT_ADD2.ADD1/CHAIN_GEN[0].C_MUX.CARRY_MUX_i_1__2        | CLB.LUT.LUT4      |
    | grp_node_0_0_Pipeline_l_S_t_1_t_fu_256/hadd_16ns_16ns_16_3_no_dsp_1_U1/node_0_0_hadd_16ns_16ns_16_3_no_dsp_1_ip_u/U0/i_synth/ADDSUB_OP.ADDSUB/LOGIC_SPEED.OP/NORM/LZE/ZERO_DET_CC_1/CHAIN_GEN[0].C_MUX.CARRY_MUX_CARRY4_CARRY8                                       | CLB.CARRY.CARRY8  |
    | grp_node_0_0_Pipeline_l_S_t_1_t_fu_256/hadd_16ns_16ns_16_3_no_dsp_1_U1/node_0_0_hadd_16ns_16ns_16_3_no_dsp_1_ip_u/U0/i_synth/ADDSUB_OP.ADDSUB/LOGIC_SPEED.OP/ALIGN_BLK/FRAC_ADDSUB/LOGIC_ADD.FRAC_ADDSUB/STRUCT_ADD2.ADD1/RESULT_REG.NORMAL.exp_op[2]_i_8            | CLB.LUT.LUT5      |
    | grp_node_0_0_Pipeline_l_S_t_1_t_fu_256/hadd_16ns_16ns_16_3_no_dsp_1_U1/node_0_0_hadd_16ns_16ns_16_3_no_dsp_1_ip_u/U0/i_synth/ADDSUB_OP.ADDSUB/LOGIC_SPEED.OP/ALIGN_BLK/FRAC_ADDSUB/LOGIC_ADD.FRAC_ADDSUB/STRUCT_ADD1.ADD1/RESULT_REG.NORMAL.exp_op[1]_i_3            | CLB.LUT.LUT5      |
    | grp_node_0_0_Pipeline_l_S_t_1_t_fu_256/hadd_16ns_16ns_16_3_no_dsp_1_U1/node_0_0_hadd_16ns_16ns_16_3_no_dsp_1_ip_u/U0/i_synth/ADDSUB_OP.ADDSUB/LOGIC_SPEED.OP/ALIGN_BLK/FRAC_ADDSUB/LOGIC_ADD.FRAC_ADDSUB/STRUCT_ADD1.ADD1/CHAIN_GEN[0].C_MUX.CARRY_MUX_i_6__0        | CLB.LUT.LUT5      |
    | grp_node_0_0_Pipeline_l_S_t_1_t_fu_256/hadd_16ns_16ns_16_3_no_dsp_1_U1/node_0_0_hadd_16ns_16ns_16_3_no_dsp_1_ip_u/U0/i_synth/ADDSUB_OP.ADDSUB/LOGIC_SPEED.OP/ALIGN_BLK/FRAC_ADDSUB/LOGIC_ADD.FRAC_ADDSUB/STRUCT_ADD1.ADD1/CHAIN_GEN[0].C_MUX.CARRY_MUX_i_3__0        | CLB.LUT.LUT6      |
    | grp_node_0_0_Pipeline_l_S_t_1_t_fu_256/hadd_16ns_16ns_16_3_no_dsp_1_U1/node_0_0_hadd_16ns_16ns_16_3_no_dsp_1_ip_u/U0/i_synth/ADDSUB_OP.ADDSUB/LOGIC_SPEED.OP/ALIGN_BLK/FRAC_ADDSUB/LOGIC_ADD.FRAC_ADDSUB/STRUCT_ADD1.ADD1/CHAIN_GEN[0].C_MUX.CARRY_MUX_i_1__10       | CLB.LUT.LUT5      |
    | grp_node_0_0_Pipeline_l_S_t_1_t_fu_256/hadd_16ns_16ns_16_3_no_dsp_1_U1/node_0_0_hadd_16ns_16ns_16_3_no_dsp_1_ip_u/U0/i_synth/ADDSUB_OP.ADDSUB/LOGIC_SPEED.OP/NORM/ROUND/RND_BIT_GEN/NORM_2.RND_CHAIN/CHAIN_GEN[0].C_MUX.CARRY_MUX_CARRY4_CARRY8                      | CLB.CARRY.CARRY8  |
    | grp_node_0_0_Pipeline_l_S_t_1_t_fu_256/hadd_16ns_16ns_16_3_no_dsp_1_U1/node_0_0_hadd_16ns_16ns_16_3_no_dsp_1_ip_u/U0/i_synth/ADDSUB_OP.ADDSUB/LOGIC_SPEED.OP/NORM/ROUND/LOGIC.RND1/CHAIN_GEN[2].C_MUX.CARRY_MUX_CARRY4_CARRY8                                        | CLB.CARRY.CARRY8  |
    | grp_node_0_0_Pipeline_l_S_t_1_t_fu_256/hadd_16ns_16ns_16_3_no_dsp_1_U1/node_0_0_hadd_16ns_16ns_16_3_no_dsp_1_ip_u/U0/i_synth/ADDSUB_OP.ADDSUB/LOGIC_SPEED.OP/NORM/ROUND/LOGIC.RND2/CHAIN_GEN[5].Q_XOR.SUM_XOR_CARRY4_CARRY8                                          | CLB.CARRY.CARRY8  |
    | grp_node_0_0_Pipeline_l_S_t_1_t_fu_256/hadd_16ns_16ns_16_3_no_dsp_1_U1/node_0_0_hadd_16ns_16ns_16_3_no_dsp_1_ip_u/U0/i_synth/ADDSUB_OP.ADDSUB/LOGIC_SPEED.OP/NORM/LZE/ZERO_DET_CC_1/RESULT_REG.NORMAL.exp_op[4]_i_3                                                  | CLB.LUT.LUT6      |
    | grp_node_0_0_Pipeline_l_S_t_1_t_fu_256/hadd_16ns_16ns_16_3_no_dsp_1_U1/node_0_0_hadd_16ns_16ns_16_3_no_dsp_1_ip_u/U0/i_synth/ADDSUB_OP.ADDSUB/LOGIC_SPEED.OP/NORM/LZE/ZERO_DET_CC_1/RESULT_REG.NORMAL.exp_op[4]_i_1                                                  | CLB.LUT.LUT6      |
    | grp_node_0_0_Pipeline_l_S_t_1_t_fu_256/hadd_16ns_16ns_16_3_no_dsp_1_U1/node_0_0_hadd_16ns_16ns_16_3_no_dsp_1_ip_u/U0/i_synth/ADDSUB_OP.ADDSUB/LOGIC_SPEED.OP/OP/RESULT_REG.NORMAL.exp_op_reg[4]                                                                      | REGISTER.SDR.FDRE |
    | grp_node_0_0_Pipeline_l_S_t_1_t_fu_256/hadd_16ns_16ns_16_3_no_dsp_1_U1/din1_buf1_reg[0]                                                                                                                                                                              | REGISTER.SDR.FDRE |
    | grp_node_0_0_Pipeline_l_S_t_1_t_fu_256/hsub_16ns_16ns_16_3_no_dsp_1_U2/node_0_0_hsub_16ns_16ns_16_3_no_dsp_1_ip_u/U0/i_synth/ADDSUB_OP.ADDSUB/LOGIC_SPEED.OP/EXP/NUMB_CMP/NOT_FAST.CMP/C_CHAIN/CHAIN_GEN[0].C_MUX.CARRY_MUX_i_2__1                                   | CLB.LUT.LUT4      |
    | grp_node_0_0_Pipeline_l_S_t_1_t_fu_256/hsub_16ns_16ns_16_3_no_dsp_1_U2/node_0_0_hsub_16ns_16ns_16_3_no_dsp_1_ip_u/U0/i_synth/ADDSUB_OP.ADDSUB/LOGIC_SPEED.OP/EXP/NUMB_CMP/NOT_FAST.CMP/C_CHAIN/CHAIN_GEN[0].C_MUX.CARRY_MUX_CARRY4_CARRY8                            | CLB.CARRY.CARRY8  |
    | grp_node_0_0_Pipeline_l_S_t_1_t_fu_256/hsub_16ns_16ns_16_3_no_dsp_1_U2/node_0_0_hsub_16ns_16ns_16_3_no_dsp_1_ip_u/U0/i_synth/ADDSUB_OP.ADDSUB/LOGIC_SPEED.OP/EXP/NUMB_CMP/NOT_FAST.CMP/C_CHAIN/CHAIN_GEN[1].C_MUX.CARRY_MUX_i_2__2                                   | CLB.LUT.LUT6      |
    | grp_node_0_0_Pipeline_l_S_t_1_t_fu_256/hsub_16ns_16ns_16_3_no_dsp_1_U2/node_0_0_hsub_16ns_16ns_16_3_no_dsp_1_ip_u/U0/i_synth/ADDSUB_OP.ADDSUB/LOGIC_SPEED.OP/EXP/NUMB_CMP/NOT_FAST.CMP/C_CHAIN/CHAIN_GEN[1].C_MUX.CARRY_MUX_i_1__1                                   | CLB.LUT.LUT4      |
    | grp_node_0_0_Pipeline_l_S_t_1_t_fu_256/hsub_16ns_16ns_16_3_no_dsp_1_U2/node_0_0_hsub_16ns_16ns_16_3_no_dsp_1_ip_u/U0/i_synth/ADDSUB_OP.ADDSUB/LOGIC_SPEED.OP/ALIGN_BLK/ALIGN_SHIFT/ALIGN_Z_D/EQ_ZERO/CARRY_ZERO_DET/CHAIN_GEN[0].C_MUX.CARRY_MUX_CARRY4_CARRY8       | CLB.CARRY.CARRY8  |
    | grp_node_0_0_Pipeline_l_S_t_1_t_fu_256/hsub_16ns_16ns_16_3_no_dsp_1_U2/node_0_0_hsub_16ns_16ns_16_3_no_dsp_1_ip_u/U0/i_synth/ADDSUB_OP.ADDSUB/LOGIC_SPEED.OP/ALIGN_BLK/ALIGN_SHIFT/ALIGN_Z_D/EQ_ZERO/CARRY_ZERO_DET/STRUCT_ADD1.CARRY_MUX2_i_7                       | CLB.LUT.LUT5      |
    | grp_node_0_0_Pipeline_l_S_t_1_t_fu_256/hsub_16ns_16ns_16_3_no_dsp_1_U2/node_0_0_hsub_16ns_16ns_16_3_no_dsp_1_ip_u/U0/i_synth/ADDSUB_OP.ADDSUB/LOGIC_SPEED.OP/EXP/NUMB_CMP/NOT_FAST.CMP/C_CHAIN/STRUCT_ADD1.CARRY_MUX2_i_1                                            | CLB.LUT.LUT6      |
    | grp_node_0_0_Pipeline_l_S_t_1_t_fu_256/hsub_16ns_16ns_16_3_no_dsp_1_U2/node_0_0_hsub_16ns_16ns_16_3_no_dsp_1_ip_u/U0/i_synth/ADDSUB_OP.ADDSUB/LOGIC_SPEED.OP/ALIGN_BLK/FRAC_ADDSUB/LOGIC_ADD.FRAC_ADDSUB/STRUCT_ADD1.CARRY_MUX1_CARRY4_CARRY8                        | CLB.CARRY.CARRY8  |
    | grp_node_0_0_Pipeline_l_S_t_1_t_fu_256/hsub_16ns_16ns_16_3_no_dsp_1_U2/node_0_0_hsub_16ns_16ns_16_3_no_dsp_1_ip_u/U0/i_synth/ADDSUB_OP.ADDSUB/LOGIC_SPEED.OP/ALIGN_BLK/FRAC_ADDSUB/LOGIC_ADD.FRAC_ADDSUB/STRUCT_ADD2.ADD1/CHAIN_GEN[0].C_MUX.CARRY_MUX_CARRY4_CARRY8 | CLB.CARRY.CARRY8  |
    | grp_node_0_0_Pipeline_l_S_t_1_t_fu_256/hsub_16ns_16ns_16_3_no_dsp_1_U2/node_0_0_hsub_16ns_16ns_16_3_no_dsp_1_ip_u/U0/i_synth/ADDSUB_OP.ADDSUB/LOGIC_SPEED.OP/ALIGN_BLK/FRAC_ADDSUB/LOGIC_ADD.FRAC_ADDSUB/STRUCT_ADD2.ADD1/CHAIN_GEN[0].C_MUX.CARRY_MUX_i_1__5        | CLB.LUT.LUT4      |
    | grp_node_0_0_Pipeline_l_S_t_1_t_fu_256/hsub_16ns_16ns_16_3_no_dsp_1_U2/node_0_0_hsub_16ns_16ns_16_3_no_dsp_1_ip_u/U0/i_synth/ADDSUB_OP.ADDSUB/LOGIC_SPEED.OP/NORM/LZE/ZERO_DET_CC_1/CHAIN_GEN[0].C_MUX.CARRY_MUX_CARRY4_CARRY8                                       | CLB.CARRY.CARRY8  |
    | grp_node_0_0_Pipeline_l_S_t_1_t_fu_256/hsub_16ns_16ns_16_3_no_dsp_1_U2/node_0_0_hsub_16ns_16ns_16_3_no_dsp_1_ip_u/U0/i_synth/ADDSUB_OP.ADDSUB/LOGIC_SPEED.OP/ALIGN_BLK/FRAC_ADDSUB/LOGIC_ADD.FRAC_ADDSUB/STRUCT_ADD1.ADD1/CHAIN_GEN[1].C_MUX.CARRY_MUX_i_6           | CLB.LUT.LUT6      |
    | grp_node_0_0_Pipeline_l_S_t_1_t_fu_256/hsub_16ns_16ns_16_3_no_dsp_1_U2/node_0_0_hsub_16ns_16ns_16_3_no_dsp_1_ip_u/U0/i_synth/ADDSUB_OP.ADDSUB/LOGIC_SPEED.OP/ALIGN_BLK/FRAC_ADDSUB/LOGIC_ADD.FRAC_ADDSUB/STRUCT_ADD2.ADD1/CHAIN_GEN[1].C_MUX.CARRY_MUX_i_2__3        | CLB.LUT.LUT6      |
    | grp_node_0_0_Pipeline_l_S_t_1_t_fu_256/hsub_16ns_16ns_16_3_no_dsp_1_U2/node_0_0_hsub_16ns_16ns_16_3_no_dsp_1_ip_u/U0/i_synth/ADDSUB_OP.ADDSUB/LOGIC_SPEED.OP/ALIGN_BLK/FRAC_ADDSUB/LOGIC_ADD.FRAC_ADDSUB/STRUCT_ADD2.ADD1/CHAIN_GEN[0].C_MUX.CARRY_MUX_i_7__0        | CLB.LUT.LUT5      |
    | grp_node_0_0_Pipeline_l_S_t_1_t_fu_256/hsub_16ns_16ns_16_3_no_dsp_1_U2/node_0_0_hsub_16ns_16ns_16_3_no_dsp_1_ip_u/U0/i_synth/ADDSUB_OP.ADDSUB/LOGIC_SPEED.OP/ALIGN_BLK/FRAC_ADDSUB/LOGIC_ADD.FRAC_ADDSUB/STRUCT_ADD1.ADD1/CHAIN_GEN[0].C_MUX.CARRY_MUX_i_5__0        | CLB.LUT.LUT6      |
    | grp_node_0_0_Pipeline_l_S_t_1_t_fu_256/hsub_16ns_16ns_16_3_no_dsp_1_U2/node_0_0_hsub_16ns_16ns_16_3_no_dsp_1_ip_u/U0/i_synth/ADDSUB_OP.ADDSUB/LOGIC_SPEED.OP/ALIGN_BLK/FRAC_ADDSUB/LOGIC_ADD.FRAC_ADDSUB/STRUCT_ADD1.ADD1/CHAIN_GEN[0].C_MUX.CARRY_MUX_i_1__9        | CLB.LUT.LUT6      |
    | grp_node_0_0_Pipeline_l_S_t_1_t_fu_256/hsub_16ns_16ns_16_3_no_dsp_1_U2/node_0_0_hsub_16ns_16ns_16_3_no_dsp_1_ip_u/U0/i_synth/ADDSUB_OP.ADDSUB/LOGIC_SPEED.OP/NORM/ROUND/RND_BIT_GEN/NORM_2.RND_CHAIN/CHAIN_GEN[0].C_MUX.CARRY_MUX_CARRY4_CARRY8                      | CLB.CARRY.CARRY8  |
    | grp_node_0_0_Pipeline_l_S_t_1_t_fu_256/hsub_16ns_16ns_16_3_no_dsp_1_U2/node_0_0_hsub_16ns_16ns_16_3_no_dsp_1_ip_u/U0/i_synth/ADDSUB_OP.ADDSUB/LOGIC_SPEED.OP/NORM/ROUND/LOGIC.RND1/CHAIN_GEN[2].C_MUX.CARRY_MUX_CARRY4_CARRY8                                        | CLB.CARRY.CARRY8  |
    | grp_node_0_0_Pipeline_l_S_t_1_t_fu_256/hsub_16ns_16ns_16_3_no_dsp_1_U2/node_0_0_hsub_16ns_16ns_16_3_no_dsp_1_ip_u/U0/i_synth/ADDSUB_OP.ADDSUB/LOGIC_SPEED.OP/NORM/ROUND/LOGIC.RND2/CHAIN_GEN[5].Q_XOR.SUM_XOR_CARRY4_CARRY8                                          | CLB.CARRY.CARRY8  |
    | grp_node_0_0_Pipeline_l_S_t_1_t_fu_256/hsub_16ns_16ns_16_3_no_dsp_1_U2/node_0_0_hsub_16ns_16ns_16_3_no_dsp_1_ip_u/U0/i_synth/ADDSUB_OP.ADDSUB/LOGIC_SPEED.OP/ALIGN_BLK/FRAC_ADDSUB/LOGIC_ADD.FRAC_ADDSUB/STRUCT_ADD1.ADD1/RESULT_REG.NORMAL.exp_op[0]_i_2            | CLB.LUT.LUT6      |
    | grp_node_0_0_Pipeline_l_S_t_1_t_fu_256/hsub_16ns_16ns_16_3_no_dsp_1_U2/node_0_0_hsub_16ns_16ns_16_3_no_dsp_1_ip_u/U0/i_synth/ADDSUB_OP.ADDSUB/LOGIC_SPEED.OP/EXP/EXP_OFF.STRUCT_ADD/RESULT_REG.NORMAL.exp_op[0]_i_1                                                  | CLB.LUT.LUT6      |
    | grp_node_0_0_Pipeline_l_S_t_1_t_fu_256/hsub_16ns_16ns_16_3_no_dsp_1_U2/node_0_0_hsub_16ns_16ns_16_3_no_dsp_1_ip_u/U0/i_synth/ADDSUB_OP.ADDSUB/LOGIC_SPEED.OP/OP/RESULT_REG.NORMAL.exp_op_reg[0]                                                                      | REGISTER.SDR.FDRE |
    | grp_node_0_0_Pipeline_l_S_t_1_t_fu_256/hadd_16ns_16ns_16_3_no_dsp_1_U1/din1_buf1_reg[0]                                                                                                                                                                              | REGISTER.SDR.FDRE |
    | grp_node_0_0_Pipeline_l_S_t_1_t_fu_256/hsub_16ns_16ns_16_3_no_dsp_1_U2/node_0_0_hsub_16ns_16ns_16_3_no_dsp_1_ip_u/U0/i_synth/ADDSUB_OP.ADDSUB/LOGIC_SPEED.OP/EXP/NUMB_CMP/NOT_FAST.CMP/C_CHAIN/CHAIN_GEN[0].C_MUX.CARRY_MUX_i_2__1                                   | CLB.LUT.LUT4      |
    | grp_node_0_0_Pipeline_l_S_t_1_t_fu_256/hsub_16ns_16ns_16_3_no_dsp_1_U2/node_0_0_hsub_16ns_16ns_16_3_no_dsp_1_ip_u/U0/i_synth/ADDSUB_OP.ADDSUB/LOGIC_SPEED.OP/EXP/NUMB_CMP/NOT_FAST.CMP/C_CHAIN/CHAIN_GEN[0].C_MUX.CARRY_MUX_CARRY4_CARRY8                            | CLB.CARRY.CARRY8  |
    | grp_node_0_0_Pipeline_l_S_t_1_t_fu_256/hsub_16ns_16ns_16_3_no_dsp_1_U2/node_0_0_hsub_16ns_16ns_16_3_no_dsp_1_ip_u/U0/i_synth/ADDSUB_OP.ADDSUB/LOGIC_SPEED.OP/EXP/NUMB_CMP/NOT_FAST.CMP/C_CHAIN/CHAIN_GEN[1].C_MUX.CARRY_MUX_i_2__2                                   | CLB.LUT.LUT6      |
    | grp_node_0_0_Pipeline_l_S_t_1_t_fu_256/hsub_16ns_16ns_16_3_no_dsp_1_U2/node_0_0_hsub_16ns_16ns_16_3_no_dsp_1_ip_u/U0/i_synth/ADDSUB_OP.ADDSUB/LOGIC_SPEED.OP/EXP/NUMB_CMP/NOT_FAST.CMP/C_CHAIN/CHAIN_GEN[1].C_MUX.CARRY_MUX_i_1__1                                   | CLB.LUT.LUT4      |
    | grp_node_0_0_Pipeline_l_S_t_1_t_fu_256/hsub_16ns_16ns_16_3_no_dsp_1_U2/node_0_0_hsub_16ns_16ns_16_3_no_dsp_1_ip_u/U0/i_synth/ADDSUB_OP.ADDSUB/LOGIC_SPEED.OP/ALIGN_BLK/ALIGN_SHIFT/ALIGN_Z_D/EQ_ZERO/CARRY_ZERO_DET/CHAIN_GEN[0].C_MUX.CARRY_MUX_CARRY4_CARRY8       | CLB.CARRY.CARRY8  |
    | grp_node_0_0_Pipeline_l_S_t_1_t_fu_256/hsub_16ns_16ns_16_3_no_dsp_1_U2/node_0_0_hsub_16ns_16ns_16_3_no_dsp_1_ip_u/U0/i_synth/ADDSUB_OP.ADDSUB/LOGIC_SPEED.OP/ALIGN_BLK/ALIGN_SHIFT/ALIGN_Z_D/EQ_ZERO/CARRY_ZERO_DET/STRUCT_ADD1.CARRY_MUX2_i_7                       | CLB.LUT.LUT5      |
    | grp_node_0_0_Pipeline_l_S_t_1_t_fu_256/hsub_16ns_16ns_16_3_no_dsp_1_U2/node_0_0_hsub_16ns_16ns_16_3_no_dsp_1_ip_u/U0/i_synth/ADDSUB_OP.ADDSUB/LOGIC_SPEED.OP/EXP/NUMB_CMP/NOT_FAST.CMP/C_CHAIN/STRUCT_ADD1.CARRY_MUX2_i_1                                            | CLB.LUT.LUT6      |
    | grp_node_0_0_Pipeline_l_S_t_1_t_fu_256/hsub_16ns_16ns_16_3_no_dsp_1_U2/node_0_0_hsub_16ns_16ns_16_3_no_dsp_1_ip_u/U0/i_synth/ADDSUB_OP.ADDSUB/LOGIC_SPEED.OP/ALIGN_BLK/FRAC_ADDSUB/LOGIC_ADD.FRAC_ADDSUB/STRUCT_ADD1.CARRY_MUX1_CARRY4_CARRY8                        | CLB.CARRY.CARRY8  |
    | grp_node_0_0_Pipeline_l_S_t_1_t_fu_256/hsub_16ns_16ns_16_3_no_dsp_1_U2/node_0_0_hsub_16ns_16ns_16_3_no_dsp_1_ip_u/U0/i_synth/ADDSUB_OP.ADDSUB/LOGIC_SPEED.OP/ALIGN_BLK/FRAC_ADDSUB/LOGIC_ADD.FRAC_ADDSUB/STRUCT_ADD2.ADD1/CHAIN_GEN[0].C_MUX.CARRY_MUX_CARRY4_CARRY8 | CLB.CARRY.CARRY8  |
    | grp_node_0_0_Pipeline_l_S_t_1_t_fu_256/hsub_16ns_16ns_16_3_no_dsp_1_U2/node_0_0_hsub_16ns_16ns_16_3_no_dsp_1_ip_u/U0/i_synth/ADDSUB_OP.ADDSUB/LOGIC_SPEED.OP/ALIGN_BLK/FRAC_ADDSUB/LOGIC_ADD.FRAC_ADDSUB/STRUCT_ADD2.ADD1/CHAIN_GEN[0].C_MUX.CARRY_MUX_i_1__5        | CLB.LUT.LUT4      |
    | grp_node_0_0_Pipeline_l_S_t_1_t_fu_256/hsub_16ns_16ns_16_3_no_dsp_1_U2/node_0_0_hsub_16ns_16ns_16_3_no_dsp_1_ip_u/U0/i_synth/ADDSUB_OP.ADDSUB/LOGIC_SPEED.OP/NORM/LZE/ZERO_DET_CC_1/CHAIN_GEN[0].C_MUX.CARRY_MUX_CARRY4_CARRY8                                       | CLB.CARRY.CARRY8  |
    | grp_node_0_0_Pipeline_l_S_t_1_t_fu_256/hsub_16ns_16ns_16_3_no_dsp_1_U2/node_0_0_hsub_16ns_16ns_16_3_no_dsp_1_ip_u/U0/i_synth/ADDSUB_OP.ADDSUB/LOGIC_SPEED.OP/ALIGN_BLK/FRAC_ADDSUB/LOGIC_ADD.FRAC_ADDSUB/STRUCT_ADD1.ADD1/CHAIN_GEN[1].C_MUX.CARRY_MUX_i_6           | CLB.LUT.LUT6      |
    | grp_node_0_0_Pipeline_l_S_t_1_t_fu_256/hsub_16ns_16ns_16_3_no_dsp_1_U2/node_0_0_hsub_16ns_16ns_16_3_no_dsp_1_ip_u/U0/i_synth/ADDSUB_OP.ADDSUB/LOGIC_SPEED.OP/ALIGN_BLK/FRAC_ADDSUB/LOGIC_ADD.FRAC_ADDSUB/STRUCT_ADD2.ADD1/CHAIN_GEN[1].C_MUX.CARRY_MUX_i_2__3        | CLB.LUT.LUT6      |
    | grp_node_0_0_Pipeline_l_S_t_1_t_fu_256/hsub_16ns_16ns_16_3_no_dsp_1_U2/node_0_0_hsub_16ns_16ns_16_3_no_dsp_1_ip_u/U0/i_synth/ADDSUB_OP.ADDSUB/LOGIC_SPEED.OP/ALIGN_BLK/FRAC_ADDSUB/LOGIC_ADD.FRAC_ADDSUB/STRUCT_ADD2.ADD1/CHAIN_GEN[0].C_MUX.CARRY_MUX_i_7__0        | CLB.LUT.LUT5      |
    | grp_node_0_0_Pipeline_l_S_t_1_t_fu_256/hsub_16ns_16ns_16_3_no_dsp_1_U2/node_0_0_hsub_16ns_16ns_16_3_no_dsp_1_ip_u/U0/i_synth/ADDSUB_OP.ADDSUB/LOGIC_SPEED.OP/ALIGN_BLK/FRAC_ADDSUB/LOGIC_ADD.FRAC_ADDSUB/STRUCT_ADD1.ADD1/CHAIN_GEN[0].C_MUX.CARRY_MUX_i_5__0        | CLB.LUT.LUT6      |
    | grp_node_0_0_Pipeline_l_S_t_1_t_fu_256/hsub_16ns_16ns_16_3_no_dsp_1_U2/node_0_0_hsub_16ns_16ns_16_3_no_dsp_1_ip_u/U0/i_synth/ADDSUB_OP.ADDSUB/LOGIC_SPEED.OP/ALIGN_BLK/FRAC_ADDSUB/LOGIC_ADD.FRAC_ADDSUB/STRUCT_ADD1.ADD1/CHAIN_GEN[0].C_MUX.CARRY_MUX_i_1__9        | CLB.LUT.LUT6      |
    | grp_node_0_0_Pipeline_l_S_t_1_t_fu_256/hsub_16ns_16ns_16_3_no_dsp_1_U2/node_0_0_hsub_16ns_16ns_16_3_no_dsp_1_ip_u/U0/i_synth/ADDSUB_OP.ADDSUB/LOGIC_SPEED.OP/NORM/ROUND/RND_BIT_GEN/NORM_2.RND_CHAIN/CHAIN_GEN[0].C_MUX.CARRY_MUX_CARRY4_CARRY8                      | CLB.CARRY.CARRY8  |
    | grp_node_0_0_Pipeline_l_S_t_1_t_fu_256/hsub_16ns_16ns_16_3_no_dsp_1_U2/node_0_0_hsub_16ns_16ns_16_3_no_dsp_1_ip_u/U0/i_synth/ADDSUB_OP.ADDSUB/LOGIC_SPEED.OP/NORM/ROUND/LOGIC.RND1/CHAIN_GEN[2].C_MUX.CARRY_MUX_CARRY4_CARRY8                                        | CLB.CARRY.CARRY8  |
    | grp_node_0_0_Pipeline_l_S_t_1_t_fu_256/hsub_16ns_16ns_16_3_no_dsp_1_U2/node_0_0_hsub_16ns_16ns_16_3_no_dsp_1_ip_u/U0/i_synth/ADDSUB_OP.ADDSUB/LOGIC_SPEED.OP/NORM/ROUND/LOGIC.RND2/CHAIN_GEN[5].Q_XOR.SUM_XOR_CARRY4_CARRY8                                          | CLB.CARRY.CARRY8  |
    | grp_node_0_0_Pipeline_l_S_t_1_t_fu_256/hsub_16ns_16ns_16_3_no_dsp_1_U2/node_0_0_hsub_16ns_16ns_16_3_no_dsp_1_ip_u/U0/i_synth/ADDSUB_OP.ADDSUB/LOGIC_SPEED.OP/EXP/EXP_OFF.STRUCT_ADD/RESULT_REG.NORMAL.exp_op[1]_i_2                                                  | CLB.LUT.LUT5      |
    | grp_node_0_0_Pipeline_l_S_t_1_t_fu_256/hsub_16ns_16ns_16_3_no_dsp_1_U2/node_0_0_hsub_16ns_16ns_16_3_no_dsp_1_ip_u/U0/i_synth/ADDSUB_OP.ADDSUB/LOGIC_SPEED.OP/EXP/EXP_OFF.STRUCT_ADD/RESULT_REG.NORMAL.exp_op[1]_i_1                                                  | CLB.LUT.LUT6      |
    | grp_node_0_0_Pipeline_l_S_t_1_t_fu_256/hsub_16ns_16ns_16_3_no_dsp_1_U2/node_0_0_hsub_16ns_16ns_16_3_no_dsp_1_ip_u/U0/i_synth/ADDSUB_OP.ADDSUB/LOGIC_SPEED.OP/OP/RESULT_REG.NORMAL.exp_op_reg[1]                                                                      | REGISTER.SDR.FDRE |
    | grp_node_0_0_Pipeline_l_S_t_1_t_fu_256/hadd_16ns_16ns_16_3_no_dsp_1_U1/din1_buf1_reg[0]                                                                                                                                                                              | REGISTER.SDR.FDRE |
    | grp_node_0_0_Pipeline_l_S_t_1_t_fu_256/hsub_16ns_16ns_16_3_no_dsp_1_U2/node_0_0_hsub_16ns_16ns_16_3_no_dsp_1_ip_u/U0/i_synth/ADDSUB_OP.ADDSUB/LOGIC_SPEED.OP/EXP/NUMB_CMP/NOT_FAST.CMP/C_CHAIN/CHAIN_GEN[0].C_MUX.CARRY_MUX_i_2__1                                   | CLB.LUT.LUT4      |
    | grp_node_0_0_Pipeline_l_S_t_1_t_fu_256/hsub_16ns_16ns_16_3_no_dsp_1_U2/node_0_0_hsub_16ns_16ns_16_3_no_dsp_1_ip_u/U0/i_synth/ADDSUB_OP.ADDSUB/LOGIC_SPEED.OP/EXP/NUMB_CMP/NOT_FAST.CMP/C_CHAIN/CHAIN_GEN[0].C_MUX.CARRY_MUX_CARRY4_CARRY8                            | CLB.CARRY.CARRY8  |
    | grp_node_0_0_Pipeline_l_S_t_1_t_fu_256/hsub_16ns_16ns_16_3_no_dsp_1_U2/node_0_0_hsub_16ns_16ns_16_3_no_dsp_1_ip_u/U0/i_synth/ADDSUB_OP.ADDSUB/LOGIC_SPEED.OP/EXP/NUMB_CMP/NOT_FAST.CMP/C_CHAIN/CHAIN_GEN[1].C_MUX.CARRY_MUX_i_2__2                                   | CLB.LUT.LUT6      |
    | grp_node_0_0_Pipeline_l_S_t_1_t_fu_256/hsub_16ns_16ns_16_3_no_dsp_1_U2/node_0_0_hsub_16ns_16ns_16_3_no_dsp_1_ip_u/U0/i_synth/ADDSUB_OP.ADDSUB/LOGIC_SPEED.OP/EXP/NUMB_CMP/NOT_FAST.CMP/C_CHAIN/CHAIN_GEN[1].C_MUX.CARRY_MUX_i_1__1                                   | CLB.LUT.LUT4      |
    | grp_node_0_0_Pipeline_l_S_t_1_t_fu_256/hsub_16ns_16ns_16_3_no_dsp_1_U2/node_0_0_hsub_16ns_16ns_16_3_no_dsp_1_ip_u/U0/i_synth/ADDSUB_OP.ADDSUB/LOGIC_SPEED.OP/ALIGN_BLK/ALIGN_SHIFT/ALIGN_Z_D/EQ_ZERO/CARRY_ZERO_DET/CHAIN_GEN[0].C_MUX.CARRY_MUX_CARRY4_CARRY8       | CLB.CARRY.CARRY8  |
    | grp_node_0_0_Pipeline_l_S_t_1_t_fu_256/hsub_16ns_16ns_16_3_no_dsp_1_U2/node_0_0_hsub_16ns_16ns_16_3_no_dsp_1_ip_u/U0/i_synth/ADDSUB_OP.ADDSUB/LOGIC_SPEED.OP/ALIGN_BLK/ALIGN_SHIFT/ALIGN_Z_D/EQ_ZERO/CARRY_ZERO_DET/STRUCT_ADD1.CARRY_MUX2_i_7                       | CLB.LUT.LUT5      |
    | grp_node_0_0_Pipeline_l_S_t_1_t_fu_256/hsub_16ns_16ns_16_3_no_dsp_1_U2/node_0_0_hsub_16ns_16ns_16_3_no_dsp_1_ip_u/U0/i_synth/ADDSUB_OP.ADDSUB/LOGIC_SPEED.OP/EXP/NUMB_CMP/NOT_FAST.CMP/C_CHAIN/STRUCT_ADD1.CARRY_MUX2_i_1                                            | CLB.LUT.LUT6      |
    | grp_node_0_0_Pipeline_l_S_t_1_t_fu_256/hsub_16ns_16ns_16_3_no_dsp_1_U2/node_0_0_hsub_16ns_16ns_16_3_no_dsp_1_ip_u/U0/i_synth/ADDSUB_OP.ADDSUB/LOGIC_SPEED.OP/ALIGN_BLK/FRAC_ADDSUB/LOGIC_ADD.FRAC_ADDSUB/STRUCT_ADD1.CARRY_MUX1_CARRY4_CARRY8                        | CLB.CARRY.CARRY8  |
    | grp_node_0_0_Pipeline_l_S_t_1_t_fu_256/hsub_16ns_16ns_16_3_no_dsp_1_U2/node_0_0_hsub_16ns_16ns_16_3_no_dsp_1_ip_u/U0/i_synth/ADDSUB_OP.ADDSUB/LOGIC_SPEED.OP/ALIGN_BLK/FRAC_ADDSUB/LOGIC_ADD.FRAC_ADDSUB/STRUCT_ADD2.ADD1/CHAIN_GEN[0].C_MUX.CARRY_MUX_CARRY4_CARRY8 | CLB.CARRY.CARRY8  |
    | grp_node_0_0_Pipeline_l_S_t_1_t_fu_256/hsub_16ns_16ns_16_3_no_dsp_1_U2/node_0_0_hsub_16ns_16ns_16_3_no_dsp_1_ip_u/U0/i_synth/ADDSUB_OP.ADDSUB/LOGIC_SPEED.OP/ALIGN_BLK/FRAC_ADDSUB/LOGIC_ADD.FRAC_ADDSUB/STRUCT_ADD2.ADD1/CHAIN_GEN[0].C_MUX.CARRY_MUX_i_1__5        | CLB.LUT.LUT4      |
    | grp_node_0_0_Pipeline_l_S_t_1_t_fu_256/hsub_16ns_16ns_16_3_no_dsp_1_U2/node_0_0_hsub_16ns_16ns_16_3_no_dsp_1_ip_u/U0/i_synth/ADDSUB_OP.ADDSUB/LOGIC_SPEED.OP/NORM/LZE/ZERO_DET_CC_1/CHAIN_GEN[0].C_MUX.CARRY_MUX_CARRY4_CARRY8                                       | CLB.CARRY.CARRY8  |
    | grp_node_0_0_Pipeline_l_S_t_1_t_fu_256/hsub_16ns_16ns_16_3_no_dsp_1_U2/node_0_0_hsub_16ns_16ns_16_3_no_dsp_1_ip_u/U0/i_synth/ADDSUB_OP.ADDSUB/LOGIC_SPEED.OP/ALIGN_BLK/FRAC_ADDSUB/LOGIC_ADD.FRAC_ADDSUB/STRUCT_ADD1.ADD1/CHAIN_GEN[1].C_MUX.CARRY_MUX_i_6           | CLB.LUT.LUT6      |
    | grp_node_0_0_Pipeline_l_S_t_1_t_fu_256/hsub_16ns_16ns_16_3_no_dsp_1_U2/node_0_0_hsub_16ns_16ns_16_3_no_dsp_1_ip_u/U0/i_synth/ADDSUB_OP.ADDSUB/LOGIC_SPEED.OP/ALIGN_BLK/FRAC_ADDSUB/LOGIC_ADD.FRAC_ADDSUB/STRUCT_ADD2.ADD1/CHAIN_GEN[1].C_MUX.CARRY_MUX_i_2__3        | CLB.LUT.LUT6      |
    | grp_node_0_0_Pipeline_l_S_t_1_t_fu_256/hsub_16ns_16ns_16_3_no_dsp_1_U2/node_0_0_hsub_16ns_16ns_16_3_no_dsp_1_ip_u/U0/i_synth/ADDSUB_OP.ADDSUB/LOGIC_SPEED.OP/ALIGN_BLK/FRAC_ADDSUB/LOGIC_ADD.FRAC_ADDSUB/STRUCT_ADD2.ADD1/CHAIN_GEN[0].C_MUX.CARRY_MUX_i_7__0        | CLB.LUT.LUT5      |
    | grp_node_0_0_Pipeline_l_S_t_1_t_fu_256/hsub_16ns_16ns_16_3_no_dsp_1_U2/node_0_0_hsub_16ns_16ns_16_3_no_dsp_1_ip_u/U0/i_synth/ADDSUB_OP.ADDSUB/LOGIC_SPEED.OP/ALIGN_BLK/FRAC_ADDSUB/LOGIC_ADD.FRAC_ADDSUB/STRUCT_ADD1.ADD1/CHAIN_GEN[0].C_MUX.CARRY_MUX_i_5__0        | CLB.LUT.LUT6      |
    | grp_node_0_0_Pipeline_l_S_t_1_t_fu_256/hsub_16ns_16ns_16_3_no_dsp_1_U2/node_0_0_hsub_16ns_16ns_16_3_no_dsp_1_ip_u/U0/i_synth/ADDSUB_OP.ADDSUB/LOGIC_SPEED.OP/ALIGN_BLK/FRAC_ADDSUB/LOGIC_ADD.FRAC_ADDSUB/STRUCT_ADD1.ADD1/CHAIN_GEN[0].C_MUX.CARRY_MUX_i_1__9        | CLB.LUT.LUT6      |
    | grp_node_0_0_Pipeline_l_S_t_1_t_fu_256/hsub_16ns_16ns_16_3_no_dsp_1_U2/node_0_0_hsub_16ns_16ns_16_3_no_dsp_1_ip_u/U0/i_synth/ADDSUB_OP.ADDSUB/LOGIC_SPEED.OP/NORM/ROUND/RND_BIT_GEN/NORM_2.RND_CHAIN/CHAIN_GEN[0].C_MUX.CARRY_MUX_CARRY4_CARRY8                      | CLB.CARRY.CARRY8  |
    | grp_node_0_0_Pipeline_l_S_t_1_t_fu_256/hsub_16ns_16ns_16_3_no_dsp_1_U2/node_0_0_hsub_16ns_16ns_16_3_no_dsp_1_ip_u/U0/i_synth/ADDSUB_OP.ADDSUB/LOGIC_SPEED.OP/NORM/ROUND/LOGIC.RND1/CHAIN_GEN[2].C_MUX.CARRY_MUX_CARRY4_CARRY8                                        | CLB.CARRY.CARRY8  |
    | grp_node_0_0_Pipeline_l_S_t_1_t_fu_256/hsub_16ns_16ns_16_3_no_dsp_1_U2/node_0_0_hsub_16ns_16ns_16_3_no_dsp_1_ip_u/U0/i_synth/ADDSUB_OP.ADDSUB/LOGIC_SPEED.OP/NORM/ROUND/LOGIC.RND2/CHAIN_GEN[5].Q_XOR.SUM_XOR_CARRY4_CARRY8                                          | CLB.CARRY.CARRY8  |
    | grp_node_0_0_Pipeline_l_S_t_1_t_fu_256/hsub_16ns_16ns_16_3_no_dsp_1_U2/node_0_0_hsub_16ns_16ns_16_3_no_dsp_1_ip_u/U0/i_synth/ADDSUB_OP.ADDSUB/LOGIC_SPEED.OP/ALIGN_BLK/FRAC_ADDSUB/LOGIC_ADD.FRAC_ADDSUB/STRUCT_ADD1.ADD1/RESULT_REG.NORMAL.exp_op[2]_i_2            | CLB.LUT.LUT6      |
    | grp_node_0_0_Pipeline_l_S_t_1_t_fu_256/hsub_16ns_16ns_16_3_no_dsp_1_U2/node_0_0_hsub_16ns_16ns_16_3_no_dsp_1_ip_u/U0/i_synth/ADDSUB_OP.ADDSUB/LOGIC_SPEED.OP/ALIGN_BLK/FRAC_ADDSUB/LOGIC_ADD.FRAC_ADDSUB/STRUCT_ADD1.ADD1/RESULT_REG.NORMAL.exp_op[2]_i_1            | CLB.LUT.LUT6      |
    | grp_node_0_0_Pipeline_l_S_t_1_t_fu_256/hsub_16ns_16ns_16_3_no_dsp_1_U2/node_0_0_hsub_16ns_16ns_16_3_no_dsp_1_ip_u/U0/i_synth/ADDSUB_OP.ADDSUB/LOGIC_SPEED.OP/OP/RESULT_REG.NORMAL.exp_op_reg[2]                                                                      | REGISTER.SDR.FDRE |
    | grp_node_0_0_Pipeline_l_S_t_1_t_fu_256/hadd_16ns_16ns_16_3_no_dsp_1_U1/din1_buf1_reg[0]                                                                                                                                                                              | REGISTER.SDR.FDRE |
    | grp_node_0_0_Pipeline_l_S_t_1_t_fu_256/hsub_16ns_16ns_16_3_no_dsp_1_U2/node_0_0_hsub_16ns_16ns_16_3_no_dsp_1_ip_u/U0/i_synth/ADDSUB_OP.ADDSUB/LOGIC_SPEED.OP/EXP/NUMB_CMP/NOT_FAST.CMP/C_CHAIN/CHAIN_GEN[0].C_MUX.CARRY_MUX_i_2__1                                   | CLB.LUT.LUT4      |
    | grp_node_0_0_Pipeline_l_S_t_1_t_fu_256/hsub_16ns_16ns_16_3_no_dsp_1_U2/node_0_0_hsub_16ns_16ns_16_3_no_dsp_1_ip_u/U0/i_synth/ADDSUB_OP.ADDSUB/LOGIC_SPEED.OP/EXP/NUMB_CMP/NOT_FAST.CMP/C_CHAIN/CHAIN_GEN[0].C_MUX.CARRY_MUX_CARRY4_CARRY8                            | CLB.CARRY.CARRY8  |
    | grp_node_0_0_Pipeline_l_S_t_1_t_fu_256/hsub_16ns_16ns_16_3_no_dsp_1_U2/node_0_0_hsub_16ns_16ns_16_3_no_dsp_1_ip_u/U0/i_synth/ADDSUB_OP.ADDSUB/LOGIC_SPEED.OP/EXP/NUMB_CMP/NOT_FAST.CMP/C_CHAIN/CHAIN_GEN[1].C_MUX.CARRY_MUX_i_2__2                                   | CLB.LUT.LUT6      |
    | grp_node_0_0_Pipeline_l_S_t_1_t_fu_256/hsub_16ns_16ns_16_3_no_dsp_1_U2/node_0_0_hsub_16ns_16ns_16_3_no_dsp_1_ip_u/U0/i_synth/ADDSUB_OP.ADDSUB/LOGIC_SPEED.OP/EXP/NUMB_CMP/NOT_FAST.CMP/C_CHAIN/CHAIN_GEN[1].C_MUX.CARRY_MUX_i_1__1                                   | CLB.LUT.LUT4      |
    | grp_node_0_0_Pipeline_l_S_t_1_t_fu_256/hsub_16ns_16ns_16_3_no_dsp_1_U2/node_0_0_hsub_16ns_16ns_16_3_no_dsp_1_ip_u/U0/i_synth/ADDSUB_OP.ADDSUB/LOGIC_SPEED.OP/ALIGN_BLK/ALIGN_SHIFT/ALIGN_Z_D/EQ_ZERO/CARRY_ZERO_DET/CHAIN_GEN[0].C_MUX.CARRY_MUX_CARRY4_CARRY8       | CLB.CARRY.CARRY8  |
    | grp_node_0_0_Pipeline_l_S_t_1_t_fu_256/hsub_16ns_16ns_16_3_no_dsp_1_U2/node_0_0_hsub_16ns_16ns_16_3_no_dsp_1_ip_u/U0/i_synth/ADDSUB_OP.ADDSUB/LOGIC_SPEED.OP/ALIGN_BLK/ALIGN_SHIFT/ALIGN_Z_D/EQ_ZERO/CARRY_ZERO_DET/STRUCT_ADD1.CARRY_MUX2_i_7                       | CLB.LUT.LUT5      |
    | grp_node_0_0_Pipeline_l_S_t_1_t_fu_256/hsub_16ns_16ns_16_3_no_dsp_1_U2/node_0_0_hsub_16ns_16ns_16_3_no_dsp_1_ip_u/U0/i_synth/ADDSUB_OP.ADDSUB/LOGIC_SPEED.OP/EXP/NUMB_CMP/NOT_FAST.CMP/C_CHAIN/STRUCT_ADD1.CARRY_MUX2_i_1                                            | CLB.LUT.LUT6      |
    | grp_node_0_0_Pipeline_l_S_t_1_t_fu_256/hsub_16ns_16ns_16_3_no_dsp_1_U2/node_0_0_hsub_16ns_16ns_16_3_no_dsp_1_ip_u/U0/i_synth/ADDSUB_OP.ADDSUB/LOGIC_SPEED.OP/ALIGN_BLK/FRAC_ADDSUB/LOGIC_ADD.FRAC_ADDSUB/STRUCT_ADD1.CARRY_MUX1_CARRY4_CARRY8                        | CLB.CARRY.CARRY8  |
    | grp_node_0_0_Pipeline_l_S_t_1_t_fu_256/hsub_16ns_16ns_16_3_no_dsp_1_U2/node_0_0_hsub_16ns_16ns_16_3_no_dsp_1_ip_u/U0/i_synth/ADDSUB_OP.ADDSUB/LOGIC_SPEED.OP/ALIGN_BLK/FRAC_ADDSUB/LOGIC_ADD.FRAC_ADDSUB/STRUCT_ADD2.ADD1/CHAIN_GEN[0].C_MUX.CARRY_MUX_CARRY4_CARRY8 | CLB.CARRY.CARRY8  |
    | grp_node_0_0_Pipeline_l_S_t_1_t_fu_256/hsub_16ns_16ns_16_3_no_dsp_1_U2/node_0_0_hsub_16ns_16ns_16_3_no_dsp_1_ip_u/U0/i_synth/ADDSUB_OP.ADDSUB/LOGIC_SPEED.OP/ALIGN_BLK/FRAC_ADDSUB/LOGIC_ADD.FRAC_ADDSUB/STRUCT_ADD2.ADD1/CHAIN_GEN[0].C_MUX.CARRY_MUX_i_1__5        | CLB.LUT.LUT4      |
    | grp_node_0_0_Pipeline_l_S_t_1_t_fu_256/hsub_16ns_16ns_16_3_no_dsp_1_U2/node_0_0_hsub_16ns_16ns_16_3_no_dsp_1_ip_u/U0/i_synth/ADDSUB_OP.ADDSUB/LOGIC_SPEED.OP/NORM/LZE/ZERO_DET_CC_1/CHAIN_GEN[0].C_MUX.CARRY_MUX_CARRY4_CARRY8                                       | CLB.CARRY.CARRY8  |
    | grp_node_0_0_Pipeline_l_S_t_1_t_fu_256/hsub_16ns_16ns_16_3_no_dsp_1_U2/node_0_0_hsub_16ns_16ns_16_3_no_dsp_1_ip_u/U0/i_synth/ADDSUB_OP.ADDSUB/LOGIC_SPEED.OP/ALIGN_BLK/FRAC_ADDSUB/LOGIC_ADD.FRAC_ADDSUB/STRUCT_ADD1.ADD1/CHAIN_GEN[1].C_MUX.CARRY_MUX_i_6           | CLB.LUT.LUT6      |
    | grp_node_0_0_Pipeline_l_S_t_1_t_fu_256/hsub_16ns_16ns_16_3_no_dsp_1_U2/node_0_0_hsub_16ns_16ns_16_3_no_dsp_1_ip_u/U0/i_synth/ADDSUB_OP.ADDSUB/LOGIC_SPEED.OP/ALIGN_BLK/FRAC_ADDSUB/LOGIC_ADD.FRAC_ADDSUB/STRUCT_ADD2.ADD1/CHAIN_GEN[1].C_MUX.CARRY_MUX_i_2__3        | CLB.LUT.LUT6      |
    | grp_node_0_0_Pipeline_l_S_t_1_t_fu_256/hsub_16ns_16ns_16_3_no_dsp_1_U2/node_0_0_hsub_16ns_16ns_16_3_no_dsp_1_ip_u/U0/i_synth/ADDSUB_OP.ADDSUB/LOGIC_SPEED.OP/ALIGN_BLK/FRAC_ADDSUB/LOGIC_ADD.FRAC_ADDSUB/STRUCT_ADD2.ADD1/CHAIN_GEN[0].C_MUX.CARRY_MUX_i_7__0        | CLB.LUT.LUT5      |
    | grp_node_0_0_Pipeline_l_S_t_1_t_fu_256/hsub_16ns_16ns_16_3_no_dsp_1_U2/node_0_0_hsub_16ns_16ns_16_3_no_dsp_1_ip_u/U0/i_synth/ADDSUB_OP.ADDSUB/LOGIC_SPEED.OP/ALIGN_BLK/FRAC_ADDSUB/LOGIC_ADD.FRAC_ADDSUB/STRUCT_ADD1.ADD1/CHAIN_GEN[0].C_MUX.CARRY_MUX_i_5__0        | CLB.LUT.LUT6      |
    | grp_node_0_0_Pipeline_l_S_t_1_t_fu_256/hsub_16ns_16ns_16_3_no_dsp_1_U2/node_0_0_hsub_16ns_16ns_16_3_no_dsp_1_ip_u/U0/i_synth/ADDSUB_OP.ADDSUB/LOGIC_SPEED.OP/ALIGN_BLK/FRAC_ADDSUB/LOGIC_ADD.FRAC_ADDSUB/STRUCT_ADD1.ADD1/CHAIN_GEN[0].C_MUX.CARRY_MUX_i_1__9        | CLB.LUT.LUT6      |
    | grp_node_0_0_Pipeline_l_S_t_1_t_fu_256/hsub_16ns_16ns_16_3_no_dsp_1_U2/node_0_0_hsub_16ns_16ns_16_3_no_dsp_1_ip_u/U0/i_synth/ADDSUB_OP.ADDSUB/LOGIC_SPEED.OP/NORM/ROUND/RND_BIT_GEN/NORM_2.RND_CHAIN/CHAIN_GEN[0].C_MUX.CARRY_MUX_CARRY4_CARRY8                      | CLB.CARRY.CARRY8  |
    | grp_node_0_0_Pipeline_l_S_t_1_t_fu_256/hsub_16ns_16ns_16_3_no_dsp_1_U2/node_0_0_hsub_16ns_16ns_16_3_no_dsp_1_ip_u/U0/i_synth/ADDSUB_OP.ADDSUB/LOGIC_SPEED.OP/NORM/ROUND/LOGIC.RND1/CHAIN_GEN[2].C_MUX.CARRY_MUX_CARRY4_CARRY8                                        | CLB.CARRY.CARRY8  |
    | grp_node_0_0_Pipeline_l_S_t_1_t_fu_256/hsub_16ns_16ns_16_3_no_dsp_1_U2/node_0_0_hsub_16ns_16ns_16_3_no_dsp_1_ip_u/U0/i_synth/ADDSUB_OP.ADDSUB/LOGIC_SPEED.OP/NORM/ROUND/LOGIC.RND2/CHAIN_GEN[5].Q_XOR.SUM_XOR_CARRY4_CARRY8                                          | CLB.CARRY.CARRY8  |
    | grp_node_0_0_Pipeline_l_S_t_1_t_fu_256/hsub_16ns_16ns_16_3_no_dsp_1_U2/node_0_0_hsub_16ns_16ns_16_3_no_dsp_1_ip_u/U0/i_synth/ADDSUB_OP.ADDSUB/LOGIC_SPEED.OP/NORM/LZE/ZERO_DET_CC_1/RESULT_REG.NORMAL.exp_op[4]_i_3                                                  | CLB.LUT.LUT6      |
    | grp_node_0_0_Pipeline_l_S_t_1_t_fu_256/hsub_16ns_16ns_16_3_no_dsp_1_U2/node_0_0_hsub_16ns_16ns_16_3_no_dsp_1_ip_u/U0/i_synth/ADDSUB_OP.ADDSUB/LOGIC_SPEED.OP/EXP/EXP_OFF.STRUCT_ADD/RESULT_REG.NORMAL.exp_op[3]_i_1                                                  | CLB.LUT.LUT6      |
    | grp_node_0_0_Pipeline_l_S_t_1_t_fu_256/hsub_16ns_16ns_16_3_no_dsp_1_U2/node_0_0_hsub_16ns_16ns_16_3_no_dsp_1_ip_u/U0/i_synth/ADDSUB_OP.ADDSUB/LOGIC_SPEED.OP/OP/RESULT_REG.NORMAL.exp_op_reg[3]                                                                      | REGISTER.SDR.FDRE |
    | grp_node_0_0_Pipeline_l_S_t_1_t_fu_256/hadd_16ns_16ns_16_3_no_dsp_1_U1/din1_buf1_reg[0]                                                                                                                                                                              | REGISTER.SDR.FDRE |
    | grp_node_0_0_Pipeline_l_S_t_1_t_fu_256/hsub_16ns_16ns_16_3_no_dsp_1_U2/node_0_0_hsub_16ns_16ns_16_3_no_dsp_1_ip_u/U0/i_synth/ADDSUB_OP.ADDSUB/LOGIC_SPEED.OP/EXP/NUMB_CMP/NOT_FAST.CMP/C_CHAIN/CHAIN_GEN[0].C_MUX.CARRY_MUX_i_2__1                                   | CLB.LUT.LUT4      |
    | grp_node_0_0_Pipeline_l_S_t_1_t_fu_256/hsub_16ns_16ns_16_3_no_dsp_1_U2/node_0_0_hsub_16ns_16ns_16_3_no_dsp_1_ip_u/U0/i_synth/ADDSUB_OP.ADDSUB/LOGIC_SPEED.OP/EXP/NUMB_CMP/NOT_FAST.CMP/C_CHAIN/CHAIN_GEN[0].C_MUX.CARRY_MUX_CARRY4_CARRY8                            | CLB.CARRY.CARRY8  |
    | grp_node_0_0_Pipeline_l_S_t_1_t_fu_256/hsub_16ns_16ns_16_3_no_dsp_1_U2/node_0_0_hsub_16ns_16ns_16_3_no_dsp_1_ip_u/U0/i_synth/ADDSUB_OP.ADDSUB/LOGIC_SPEED.OP/EXP/NUMB_CMP/NOT_FAST.CMP/C_CHAIN/CHAIN_GEN[1].C_MUX.CARRY_MUX_i_2__2                                   | CLB.LUT.LUT6      |
    | grp_node_0_0_Pipeline_l_S_t_1_t_fu_256/hsub_16ns_16ns_16_3_no_dsp_1_U2/node_0_0_hsub_16ns_16ns_16_3_no_dsp_1_ip_u/U0/i_synth/ADDSUB_OP.ADDSUB/LOGIC_SPEED.OP/EXP/NUMB_CMP/NOT_FAST.CMP/C_CHAIN/CHAIN_GEN[1].C_MUX.CARRY_MUX_i_1__1                                   | CLB.LUT.LUT4      |
    | grp_node_0_0_Pipeline_l_S_t_1_t_fu_256/hsub_16ns_16ns_16_3_no_dsp_1_U2/node_0_0_hsub_16ns_16ns_16_3_no_dsp_1_ip_u/U0/i_synth/ADDSUB_OP.ADDSUB/LOGIC_SPEED.OP/ALIGN_BLK/ALIGN_SHIFT/ALIGN_Z_D/EQ_ZERO/CARRY_ZERO_DET/CHAIN_GEN[0].C_MUX.CARRY_MUX_CARRY4_CARRY8       | CLB.CARRY.CARRY8  |
    | grp_node_0_0_Pipeline_l_S_t_1_t_fu_256/hsub_16ns_16ns_16_3_no_dsp_1_U2/node_0_0_hsub_16ns_16ns_16_3_no_dsp_1_ip_u/U0/i_synth/ADDSUB_OP.ADDSUB/LOGIC_SPEED.OP/ALIGN_BLK/ALIGN_SHIFT/ALIGN_Z_D/EQ_ZERO/CARRY_ZERO_DET/STRUCT_ADD1.CARRY_MUX2_i_7                       | CLB.LUT.LUT5      |
    | grp_node_0_0_Pipeline_l_S_t_1_t_fu_256/hsub_16ns_16ns_16_3_no_dsp_1_U2/node_0_0_hsub_16ns_16ns_16_3_no_dsp_1_ip_u/U0/i_synth/ADDSUB_OP.ADDSUB/LOGIC_SPEED.OP/EXP/NUMB_CMP/NOT_FAST.CMP/C_CHAIN/STRUCT_ADD1.CARRY_MUX2_i_1                                            | CLB.LUT.LUT6      |
    | grp_node_0_0_Pipeline_l_S_t_1_t_fu_256/hsub_16ns_16ns_16_3_no_dsp_1_U2/node_0_0_hsub_16ns_16ns_16_3_no_dsp_1_ip_u/U0/i_synth/ADDSUB_OP.ADDSUB/LOGIC_SPEED.OP/ALIGN_BLK/FRAC_ADDSUB/LOGIC_ADD.FRAC_ADDSUB/STRUCT_ADD1.CARRY_MUX1_CARRY4_CARRY8                        | CLB.CARRY.CARRY8  |
    | grp_node_0_0_Pipeline_l_S_t_1_t_fu_256/hsub_16ns_16ns_16_3_no_dsp_1_U2/node_0_0_hsub_16ns_16ns_16_3_no_dsp_1_ip_u/U0/i_synth/ADDSUB_OP.ADDSUB/LOGIC_SPEED.OP/ALIGN_BLK/FRAC_ADDSUB/LOGIC_ADD.FRAC_ADDSUB/STRUCT_ADD2.ADD1/CHAIN_GEN[0].C_MUX.CARRY_MUX_CARRY4_CARRY8 | CLB.CARRY.CARRY8  |
    | grp_node_0_0_Pipeline_l_S_t_1_t_fu_256/hsub_16ns_16ns_16_3_no_dsp_1_U2/node_0_0_hsub_16ns_16ns_16_3_no_dsp_1_ip_u/U0/i_synth/ADDSUB_OP.ADDSUB/LOGIC_SPEED.OP/ALIGN_BLK/FRAC_ADDSUB/LOGIC_ADD.FRAC_ADDSUB/STRUCT_ADD2.ADD1/CHAIN_GEN[0].C_MUX.CARRY_MUX_i_1__5        | CLB.LUT.LUT4      |
    | grp_node_0_0_Pipeline_l_S_t_1_t_fu_256/hsub_16ns_16ns_16_3_no_dsp_1_U2/node_0_0_hsub_16ns_16ns_16_3_no_dsp_1_ip_u/U0/i_synth/ADDSUB_OP.ADDSUB/LOGIC_SPEED.OP/NORM/LZE/ZERO_DET_CC_1/CHAIN_GEN[0].C_MUX.CARRY_MUX_CARRY4_CARRY8                                       | CLB.CARRY.CARRY8  |
    | grp_node_0_0_Pipeline_l_S_t_1_t_fu_256/hsub_16ns_16ns_16_3_no_dsp_1_U2/node_0_0_hsub_16ns_16ns_16_3_no_dsp_1_ip_u/U0/i_synth/ADDSUB_OP.ADDSUB/LOGIC_SPEED.OP/ALIGN_BLK/FRAC_ADDSUB/LOGIC_ADD.FRAC_ADDSUB/STRUCT_ADD1.ADD1/CHAIN_GEN[1].C_MUX.CARRY_MUX_i_6           | CLB.LUT.LUT6      |
    | grp_node_0_0_Pipeline_l_S_t_1_t_fu_256/hsub_16ns_16ns_16_3_no_dsp_1_U2/node_0_0_hsub_16ns_16ns_16_3_no_dsp_1_ip_u/U0/i_synth/ADDSUB_OP.ADDSUB/LOGIC_SPEED.OP/ALIGN_BLK/FRAC_ADDSUB/LOGIC_ADD.FRAC_ADDSUB/STRUCT_ADD2.ADD1/CHAIN_GEN[1].C_MUX.CARRY_MUX_i_2__3        | CLB.LUT.LUT6      |
    | grp_node_0_0_Pipeline_l_S_t_1_t_fu_256/hsub_16ns_16ns_16_3_no_dsp_1_U2/node_0_0_hsub_16ns_16ns_16_3_no_dsp_1_ip_u/U0/i_synth/ADDSUB_OP.ADDSUB/LOGIC_SPEED.OP/ALIGN_BLK/FRAC_ADDSUB/LOGIC_ADD.FRAC_ADDSUB/STRUCT_ADD2.ADD1/CHAIN_GEN[0].C_MUX.CARRY_MUX_i_7__0        | CLB.LUT.LUT5      |
    | grp_node_0_0_Pipeline_l_S_t_1_t_fu_256/hsub_16ns_16ns_16_3_no_dsp_1_U2/node_0_0_hsub_16ns_16ns_16_3_no_dsp_1_ip_u/U0/i_synth/ADDSUB_OP.ADDSUB/LOGIC_SPEED.OP/ALIGN_BLK/FRAC_ADDSUB/LOGIC_ADD.FRAC_ADDSUB/STRUCT_ADD1.ADD1/CHAIN_GEN[0].C_MUX.CARRY_MUX_i_5__0        | CLB.LUT.LUT6      |
    | grp_node_0_0_Pipeline_l_S_t_1_t_fu_256/hsub_16ns_16ns_16_3_no_dsp_1_U2/node_0_0_hsub_16ns_16ns_16_3_no_dsp_1_ip_u/U0/i_synth/ADDSUB_OP.ADDSUB/LOGIC_SPEED.OP/ALIGN_BLK/FRAC_ADDSUB/LOGIC_ADD.FRAC_ADDSUB/STRUCT_ADD1.ADD1/CHAIN_GEN[0].C_MUX.CARRY_MUX_i_1__9        | CLB.LUT.LUT6      |
    | grp_node_0_0_Pipeline_l_S_t_1_t_fu_256/hsub_16ns_16ns_16_3_no_dsp_1_U2/node_0_0_hsub_16ns_16ns_16_3_no_dsp_1_ip_u/U0/i_synth/ADDSUB_OP.ADDSUB/LOGIC_SPEED.OP/NORM/ROUND/RND_BIT_GEN/NORM_2.RND_CHAIN/CHAIN_GEN[0].C_MUX.CARRY_MUX_CARRY4_CARRY8                      | CLB.CARRY.CARRY8  |
    | grp_node_0_0_Pipeline_l_S_t_1_t_fu_256/hsub_16ns_16ns_16_3_no_dsp_1_U2/node_0_0_hsub_16ns_16ns_16_3_no_dsp_1_ip_u/U0/i_synth/ADDSUB_OP.ADDSUB/LOGIC_SPEED.OP/NORM/ROUND/LOGIC.RND1/CHAIN_GEN[2].C_MUX.CARRY_MUX_CARRY4_CARRY8                                        | CLB.CARRY.CARRY8  |
    | grp_node_0_0_Pipeline_l_S_t_1_t_fu_256/hsub_16ns_16ns_16_3_no_dsp_1_U2/node_0_0_hsub_16ns_16ns_16_3_no_dsp_1_ip_u/U0/i_synth/ADDSUB_OP.ADDSUB/LOGIC_SPEED.OP/NORM/ROUND/LOGIC.RND2/CHAIN_GEN[5].Q_XOR.SUM_XOR_CARRY4_CARRY8                                          | CLB.CARRY.CARRY8  |
    | grp_node_0_0_Pipeline_l_S_t_1_t_fu_256/hsub_16ns_16ns_16_3_no_dsp_1_U2/node_0_0_hsub_16ns_16ns_16_3_no_dsp_1_ip_u/U0/i_synth/ADDSUB_OP.ADDSUB/LOGIC_SPEED.OP/NORM/LZE/ZERO_DET_CC_1/RESULT_REG.NORMAL.exp_op[4]_i_3                                                  | CLB.LUT.LUT6      |
    | grp_node_0_0_Pipeline_l_S_t_1_t_fu_256/hsub_16ns_16ns_16_3_no_dsp_1_U2/node_0_0_hsub_16ns_16ns_16_3_no_dsp_1_ip_u/U0/i_synth/ADDSUB_OP.ADDSUB/LOGIC_SPEED.OP/EXP/EXP_OFF.STRUCT_ADD/RESULT_REG.NORMAL.exp_op[4]_i_1                                                  | CLB.LUT.LUT6      |
    | grp_node_0_0_Pipeline_l_S_t_1_t_fu_256/hsub_16ns_16ns_16_3_no_dsp_1_U2/node_0_0_hsub_16ns_16ns_16_3_no_dsp_1_ip_u/U0/i_synth/ADDSUB_OP.ADDSUB/LOGIC_SPEED.OP/OP/RESULT_REG.NORMAL.exp_op_reg[4]                                                                      | REGISTER.SDR.FDRE |
    | grp_node_0_0_Pipeline_l_S_t_1_t_fu_256/hadd_16ns_16ns_16_3_no_dsp_1_U1/din1_buf1_reg[0]                                                                                                                                                                              | REGISTER.SDR.FDRE |
    | grp_node_0_0_Pipeline_l_S_t_1_t_fu_256/hsub_16ns_16ns_16_3_no_dsp_1_U2/node_0_0_hsub_16ns_16ns_16_3_no_dsp_1_ip_u/U0/i_synth/ADDSUB_OP.ADDSUB/LOGIC_SPEED.OP/EXP/NUMB_CMP/NOT_FAST.CMP/C_CHAIN/CHAIN_GEN[0].C_MUX.CARRY_MUX_i_2__1                                   | CLB.LUT.LUT4      |
    | grp_node_0_0_Pipeline_l_S_t_1_t_fu_256/hsub_16ns_16ns_16_3_no_dsp_1_U2/node_0_0_hsub_16ns_16ns_16_3_no_dsp_1_ip_u/U0/i_synth/ADDSUB_OP.ADDSUB/LOGIC_SPEED.OP/EXP/NUMB_CMP/NOT_FAST.CMP/C_CHAIN/CHAIN_GEN[0].C_MUX.CARRY_MUX_CARRY4_CARRY8                            | CLB.CARRY.CARRY8  |
    | grp_node_0_0_Pipeline_l_S_t_1_t_fu_256/hsub_16ns_16ns_16_3_no_dsp_1_U2/node_0_0_hsub_16ns_16ns_16_3_no_dsp_1_ip_u/U0/i_synth/ADDSUB_OP.ADDSUB/LOGIC_SPEED.OP/EXP/NUMB_CMP/NOT_FAST.CMP/C_CHAIN/CHAIN_GEN[1].C_MUX.CARRY_MUX_i_2__2                                   | CLB.LUT.LUT6      |
    | grp_node_0_0_Pipeline_l_S_t_1_t_fu_256/hsub_16ns_16ns_16_3_no_dsp_1_U2/node_0_0_hsub_16ns_16ns_16_3_no_dsp_1_ip_u/U0/i_synth/ADDSUB_OP.ADDSUB/LOGIC_SPEED.OP/EXP/NUMB_CMP/NOT_FAST.CMP/C_CHAIN/CHAIN_GEN[1].C_MUX.CARRY_MUX_i_1__1                                   | CLB.LUT.LUT4      |
    | grp_node_0_0_Pipeline_l_S_t_1_t_fu_256/hsub_16ns_16ns_16_3_no_dsp_1_U2/node_0_0_hsub_16ns_16ns_16_3_no_dsp_1_ip_u/U0/i_synth/ADDSUB_OP.ADDSUB/LOGIC_SPEED.OP/ALIGN_BLK/ALIGN_SHIFT/ALIGN_Z_D/EQ_ZERO/CARRY_ZERO_DET/CHAIN_GEN[0].C_MUX.CARRY_MUX_CARRY4_CARRY8       | CLB.CARRY.CARRY8  |
    | grp_node_0_0_Pipeline_l_S_t_1_t_fu_256/hsub_16ns_16ns_16_3_no_dsp_1_U2/node_0_0_hsub_16ns_16ns_16_3_no_dsp_1_ip_u/U0/i_synth/ADDSUB_OP.ADDSUB/LOGIC_SPEED.OP/ALIGN_BLK/ALIGN_SHIFT/ALIGN_Z_D/EQ_ZERO/CARRY_ZERO_DET/STRUCT_ADD1.CARRY_MUX2_i_7                       | CLB.LUT.LUT5      |
    | grp_node_0_0_Pipeline_l_S_t_1_t_fu_256/hsub_16ns_16ns_16_3_no_dsp_1_U2/node_0_0_hsub_16ns_16ns_16_3_no_dsp_1_ip_u/U0/i_synth/ADDSUB_OP.ADDSUB/LOGIC_SPEED.OP/EXP/NUMB_CMP/NOT_FAST.CMP/C_CHAIN/STRUCT_ADD1.CARRY_MUX2_i_1                                            | CLB.LUT.LUT6      |
    | grp_node_0_0_Pipeline_l_S_t_1_t_fu_256/hsub_16ns_16ns_16_3_no_dsp_1_U2/node_0_0_hsub_16ns_16ns_16_3_no_dsp_1_ip_u/U0/i_synth/ADDSUB_OP.ADDSUB/LOGIC_SPEED.OP/ALIGN_BLK/FRAC_ADDSUB/LOGIC_ADD.FRAC_ADDSUB/STRUCT_ADD1.CARRY_MUX1_CARRY4_CARRY8                        | CLB.CARRY.CARRY8  |
    | grp_node_0_0_Pipeline_l_S_t_1_t_fu_256/hsub_16ns_16ns_16_3_no_dsp_1_U2/node_0_0_hsub_16ns_16ns_16_3_no_dsp_1_ip_u/U0/i_synth/ADDSUB_OP.ADDSUB/LOGIC_SPEED.OP/ALIGN_BLK/FRAC_ADDSUB/LOGIC_ADD.FRAC_ADDSUB/STRUCT_ADD2.ADD1/CHAIN_GEN[0].C_MUX.CARRY_MUX_CARRY4_CARRY8 | CLB.CARRY.CARRY8  |
    | grp_node_0_0_Pipeline_l_S_t_1_t_fu_256/hsub_16ns_16ns_16_3_no_dsp_1_U2/node_0_0_hsub_16ns_16ns_16_3_no_dsp_1_ip_u/U0/i_synth/ADDSUB_OP.ADDSUB/LOGIC_SPEED.OP/ALIGN_BLK/FRAC_ADDSUB/LOGIC_ADD.FRAC_ADDSUB/STRUCT_ADD2.ADD1/CHAIN_GEN[0].C_MUX.CARRY_MUX_i_1__5        | CLB.LUT.LUT4      |
    | grp_node_0_0_Pipeline_l_S_t_1_t_fu_256/hsub_16ns_16ns_16_3_no_dsp_1_U2/node_0_0_hsub_16ns_16ns_16_3_no_dsp_1_ip_u/U0/i_synth/ADDSUB_OP.ADDSUB/LOGIC_SPEED.OP/NORM/LZE/ZERO_DET_CC_1/CHAIN_GEN[0].C_MUX.CARRY_MUX_CARRY4_CARRY8                                       | CLB.CARRY.CARRY8  |
    | grp_node_0_0_Pipeline_l_S_t_1_t_fu_256/hsub_16ns_16ns_16_3_no_dsp_1_U2/node_0_0_hsub_16ns_16ns_16_3_no_dsp_1_ip_u/U0/i_synth/ADDSUB_OP.ADDSUB/LOGIC_SPEED.OP/ALIGN_BLK/FRAC_ADDSUB/LOGIC_ADD.FRAC_ADDSUB/STRUCT_ADD1.ADD1/CHAIN_GEN[1].C_MUX.CARRY_MUX_i_6           | CLB.LUT.LUT6      |
    | grp_node_0_0_Pipeline_l_S_t_1_t_fu_256/hsub_16ns_16ns_16_3_no_dsp_1_U2/node_0_0_hsub_16ns_16ns_16_3_no_dsp_1_ip_u/U0/i_synth/ADDSUB_OP.ADDSUB/LOGIC_SPEED.OP/ALIGN_BLK/FRAC_ADDSUB/LOGIC_ADD.FRAC_ADDSUB/STRUCT_ADD2.ADD1/CHAIN_GEN[1].C_MUX.CARRY_MUX_i_2__3        | CLB.LUT.LUT6      |
    | grp_node_0_0_Pipeline_l_S_t_1_t_fu_256/hsub_16ns_16ns_16_3_no_dsp_1_U2/node_0_0_hsub_16ns_16ns_16_3_no_dsp_1_ip_u/U0/i_synth/ADDSUB_OP.ADDSUB/LOGIC_SPEED.OP/ALIGN_BLK/FRAC_ADDSUB/LOGIC_ADD.FRAC_ADDSUB/STRUCT_ADD2.ADD1/CHAIN_GEN[0].C_MUX.CARRY_MUX_i_7__0        | CLB.LUT.LUT5      |
    | grp_node_0_0_Pipeline_l_S_t_1_t_fu_256/hsub_16ns_16ns_16_3_no_dsp_1_U2/node_0_0_hsub_16ns_16ns_16_3_no_dsp_1_ip_u/U0/i_synth/ADDSUB_OP.ADDSUB/LOGIC_SPEED.OP/ALIGN_BLK/FRAC_ADDSUB/LOGIC_ADD.FRAC_ADDSUB/STRUCT_ADD1.ADD1/CHAIN_GEN[0].C_MUX.CARRY_MUX_i_5__0        | CLB.LUT.LUT6      |
    | grp_node_0_0_Pipeline_l_S_t_1_t_fu_256/hsub_16ns_16ns_16_3_no_dsp_1_U2/node_0_0_hsub_16ns_16ns_16_3_no_dsp_1_ip_u/U0/i_synth/ADDSUB_OP.ADDSUB/LOGIC_SPEED.OP/ALIGN_BLK/FRAC_ADDSUB/LOGIC_ADD.FRAC_ADDSUB/STRUCT_ADD1.ADD1/CHAIN_GEN[0].C_MUX.CARRY_MUX_i_1__9        | CLB.LUT.LUT6      |
    | grp_node_0_0_Pipeline_l_S_t_1_t_fu_256/hsub_16ns_16ns_16_3_no_dsp_1_U2/node_0_0_hsub_16ns_16ns_16_3_no_dsp_1_ip_u/U0/i_synth/ADDSUB_OP.ADDSUB/LOGIC_SPEED.OP/NORM/ROUND/RND_BIT_GEN/NORM_2.RND_CHAIN/CHAIN_GEN[0].C_MUX.CARRY_MUX_CARRY4_CARRY8                      | CLB.CARRY.CARRY8  |
    | grp_node_0_0_Pipeline_l_S_t_1_t_fu_256/hsub_16ns_16ns_16_3_no_dsp_1_U2/node_0_0_hsub_16ns_16ns_16_3_no_dsp_1_ip_u/U0/i_synth/ADDSUB_OP.ADDSUB/LOGIC_SPEED.OP/NORM/ROUND/LOGIC.RND1/CHAIN_GEN[2].C_MUX.CARRY_MUX_CARRY4_CARRY8                                        | CLB.CARRY.CARRY8  |
    | grp_node_0_0_Pipeline_l_S_t_1_t_fu_256/hsub_16ns_16ns_16_3_no_dsp_1_U2/node_0_0_hsub_16ns_16ns_16_3_no_dsp_1_ip_u/U0/i_synth/ADDSUB_OP.ADDSUB/LOGIC_SPEED.OP/NORM/ROUND/LOGIC.RND2/RESULT_REG.NORMAL.mant_op[9]_i_2                                                  | CLB.LUT.LUT3      |
    | grp_node_0_0_Pipeline_l_S_t_1_t_fu_256/hsub_16ns_16ns_16_3_no_dsp_1_U2/node_0_0_hsub_16ns_16ns_16_3_no_dsp_1_ip_u/U0/i_synth/ADDSUB_OP.ADDSUB/LOGIC_SPEED.OP/EXP/EXP_OFF.STRUCT_ADD/RESULT_REG.NORMAL.mant_op[9]_i_1                                                 | CLB.LUT.LUT6      |
    | grp_node_0_0_Pipeline_l_S_t_1_t_fu_256/hsub_16ns_16ns_16_3_no_dsp_1_U2/node_0_0_hsub_16ns_16ns_16_3_no_dsp_1_ip_u/U0/i_synth/ADDSUB_OP.ADDSUB/LOGIC_SPEED.OP/OP/RESULT_REG.NORMAL.mant_op_reg[9]                                                                     | REGISTER.SDR.FDRE |
    | grp_node_0_0_Pipeline_l_S_t_1_t_fu_256/hadd_16ns_16ns_16_3_no_dsp_1_U1/din1_buf1_reg[0]                                                                                                                                                                              | REGISTER.SDR.FDRE |
    | grp_node_0_0_Pipeline_l_S_t_1_t_fu_256/hadd_16ns_16ns_16_3_no_dsp_1_U1/node_0_0_hadd_16ns_16ns_16_3_no_dsp_1_ip_u/U0/i_synth/ADDSUB_OP.ADDSUB/LOGIC_SPEED.OP/EXP/NUMB_CMP/NOT_FAST.CMP/C_CHAIN/CHAIN_GEN[0].C_MUX.CARRY_MUX_i_2__1                                   | CLB.LUT.LUT4      |
    | grp_node_0_0_Pipeline_l_S_t_1_t_fu_256/hadd_16ns_16ns_16_3_no_dsp_1_U1/node_0_0_hadd_16ns_16ns_16_3_no_dsp_1_ip_u/U0/i_synth/ADDSUB_OP.ADDSUB/LOGIC_SPEED.OP/EXP/NUMB_CMP/NOT_FAST.CMP/C_CHAIN/CHAIN_GEN[0].C_MUX.CARRY_MUX_CARRY4_CARRY8                            | CLB.CARRY.CARRY8  |
    | grp_node_0_0_Pipeline_l_S_t_1_t_fu_256/hadd_16ns_16ns_16_3_no_dsp_1_U1/node_0_0_hadd_16ns_16ns_16_3_no_dsp_1_ip_u/U0/i_synth/ADDSUB_OP.ADDSUB/LOGIC_SPEED.OP/EXP/NUMB_CMP/NOT_FAST.CMP/C_CHAIN/CHAIN_GEN[1].C_MUX.CARRY_MUX_i_2__3                                   | CLB.LUT.LUT6      |
    | grp_node_0_0_Pipeline_l_S_t_1_t_fu_256/hadd_16ns_16ns_16_3_no_dsp_1_U1/node_0_0_hadd_16ns_16ns_16_3_no_dsp_1_ip_u/U0/i_synth/ADDSUB_OP.ADDSUB/LOGIC_SPEED.OP/EXP/NUMB_CMP/NOT_FAST.CMP/C_CHAIN/CHAIN_GEN[1].C_MUX.CARRY_MUX_i_1__5                                   | CLB.LUT.LUT4      |
    | grp_node_0_0_Pipeline_l_S_t_1_t_fu_256/hadd_16ns_16ns_16_3_no_dsp_1_U1/node_0_0_hadd_16ns_16ns_16_3_no_dsp_1_ip_u/U0/i_synth/ADDSUB_OP.ADDSUB/LOGIC_SPEED.OP/ALIGN_BLK/ALIGN_SHIFT/ALIGN_Z_D/EQ_ZERO/CARRY_ZERO_DET/CHAIN_GEN[0].C_MUX.CARRY_MUX_CARRY4_CARRY8       | CLB.CARRY.CARRY8  |
    | grp_node_0_0_Pipeline_l_S_t_1_t_fu_256/hadd_16ns_16ns_16_3_no_dsp_1_U1/node_0_0_hadd_16ns_16ns_16_3_no_dsp_1_ip_u/U0/i_synth/ADDSUB_OP.ADDSUB/LOGIC_SPEED.OP/EXP/NUMB_CMP/NOT_FAST.CMP/C_CHAIN/STRUCT_ADD1.CARRY_MUX2_i_7                                            | CLB.LUT.LUT5      |
    | grp_node_0_0_Pipeline_l_S_t_1_t_fu_256/hadd_16ns_16ns_16_3_no_dsp_1_U1/node_0_0_hadd_16ns_16ns_16_3_no_dsp_1_ip_u/U0/i_synth/ADDSUB_OP.ADDSUB/LOGIC_SPEED.OP/EXP/NUMB_CMP/NOT_FAST.CMP/C_CHAIN/STRUCT_ADD1.CARRY_MUX2_i_2                                            | CLB.LUT.LUT6      |
    | grp_node_0_0_Pipeline_l_S_t_1_t_fu_256/hadd_16ns_16ns_16_3_no_dsp_1_U1/node_0_0_hadd_16ns_16ns_16_3_no_dsp_1_ip_u/U0/i_synth/ADDSUB_OP.ADDSUB/LOGIC_SPEED.OP/EXP/NUMB_CMP/NOT_FAST.CMP/C_CHAIN/STRUCT_ADD1.CARRY_MUX2_i_1                                            | CLB.LUT.LUT6      |
    | grp_node_0_0_Pipeline_l_S_t_1_t_fu_256/hadd_16ns_16ns_16_3_no_dsp_1_U1/node_0_0_hadd_16ns_16ns_16_3_no_dsp_1_ip_u/U0/i_synth/ADDSUB_OP.ADDSUB/LOGIC_SPEED.OP/ALIGN_BLK/FRAC_ADDSUB/LOGIC_ADD.FRAC_ADDSUB/STRUCT_ADD1.CARRY_MUX1_CARRY4_CARRY8                        | CLB.CARRY.CARRY8  |
    | grp_node_0_0_Pipeline_l_S_t_1_t_fu_256/hadd_16ns_16ns_16_3_no_dsp_1_U1/node_0_0_hadd_16ns_16ns_16_3_no_dsp_1_ip_u/U0/i_synth/ADDSUB_OP.ADDSUB/LOGIC_SPEED.OP/ALIGN_BLK/FRAC_ADDSUB/LOGIC_ADD.FRAC_ADDSUB/STRUCT_ADD2.ADD1/CHAIN_GEN[0].C_MUX.CARRY_MUX_CARRY4_CARRY8 | CLB.CARRY.CARRY8  |
    | grp_node_0_0_Pipeline_l_S_t_1_t_fu_256/hadd_16ns_16ns_16_3_no_dsp_1_U1/node_0_0_hadd_16ns_16ns_16_3_no_dsp_1_ip_u/U0/i_synth/ADDSUB_OP.ADDSUB/LOGIC_SPEED.OP/ALIGN_BLK/FRAC_ADDSUB/LOGIC_ADD.FRAC_ADDSUB/STRUCT_ADD2.ADD1/CHAIN_GEN[0].C_MUX.CARRY_MUX_i_1__2        | CLB.LUT.LUT4      |
    | grp_node_0_0_Pipeline_l_S_t_1_t_fu_256/hadd_16ns_16ns_16_3_no_dsp_1_U1/node_0_0_hadd_16ns_16ns_16_3_no_dsp_1_ip_u/U0/i_synth/ADDSUB_OP.ADDSUB/LOGIC_SPEED.OP/NORM/LZE/ZERO_DET_CC_1/CHAIN_GEN[0].C_MUX.CARRY_MUX_CARRY4_CARRY8                                       | CLB.CARRY.CARRY8  |
    | grp_node_0_0_Pipeline_l_S_t_1_t_fu_256/hadd_16ns_16ns_16_3_no_dsp_1_U1/node_0_0_hadd_16ns_16ns_16_3_no_dsp_1_ip_u/U0/i_synth/ADDSUB_OP.ADDSUB/LOGIC_SPEED.OP/ALIGN_BLK/FRAC_ADDSUB/LOGIC_ADD.FRAC_ADDSUB/STRUCT_ADD2.ADD1/RESULT_REG.NORMAL.exp_op[2]_i_8            | CLB.LUT.LUT5      |
    | grp_node_0_0_Pipeline_l_S_t_1_t_fu_256/hadd_16ns_16ns_16_3_no_dsp_1_U1/node_0_0_hadd_16ns_16ns_16_3_no_dsp_1_ip_u/U0/i_synth/ADDSUB_OP.ADDSUB/LOGIC_SPEED.OP/ALIGN_BLK/FRAC_ADDSUB/LOGIC_ADD.FRAC_ADDSUB/STRUCT_ADD1.ADD1/RESULT_REG.NORMAL.exp_op[1]_i_3            | CLB.LUT.LUT5      |
    | grp_node_0_0_Pipeline_l_S_t_1_t_fu_256/hadd_16ns_16ns_16_3_no_dsp_1_U1/node_0_0_hadd_16ns_16ns_16_3_no_dsp_1_ip_u/U0/i_synth/ADDSUB_OP.ADDSUB/LOGIC_SPEED.OP/ALIGN_BLK/FRAC_ADDSUB/LOGIC_ADD.FRAC_ADDSUB/STRUCT_ADD1.ADD1/CHAIN_GEN[0].C_MUX.CARRY_MUX_i_6__0        | CLB.LUT.LUT5      |
    | grp_node_0_0_Pipeline_l_S_t_1_t_fu_256/hadd_16ns_16ns_16_3_no_dsp_1_U1/node_0_0_hadd_16ns_16ns_16_3_no_dsp_1_ip_u/U0/i_synth/ADDSUB_OP.ADDSUB/LOGIC_SPEED.OP/ALIGN_BLK/FRAC_ADDSUB/LOGIC_ADD.FRAC_ADDSUB/STRUCT_ADD1.ADD1/CHAIN_GEN[0].C_MUX.CARRY_MUX_i_3__0        | CLB.LUT.LUT6      |
    | grp_node_0_0_Pipeline_l_S_t_1_t_fu_256/hadd_16ns_16ns_16_3_no_dsp_1_U1/node_0_0_hadd_16ns_16ns_16_3_no_dsp_1_ip_u/U0/i_synth/ADDSUB_OP.ADDSUB/LOGIC_SPEED.OP/ALIGN_BLK/FRAC_ADDSUB/LOGIC_ADD.FRAC_ADDSUB/STRUCT_ADD1.ADD1/CHAIN_GEN[0].C_MUX.CARRY_MUX_i_1__10       | CLB.LUT.LUT5      |
    | grp_node_0_0_Pipeline_l_S_t_1_t_fu_256/hadd_16ns_16ns_16_3_no_dsp_1_U1/node_0_0_hadd_16ns_16ns_16_3_no_dsp_1_ip_u/U0/i_synth/ADDSUB_OP.ADDSUB/LOGIC_SPEED.OP/NORM/ROUND/RND_BIT_GEN/NORM_2.RND_CHAIN/CHAIN_GEN[0].C_MUX.CARRY_MUX_CARRY4_CARRY8                      | CLB.CARRY.CARRY8  |
    | grp_node_0_0_Pipeline_l_S_t_1_t_fu_256/hadd_16ns_16ns_16_3_no_dsp_1_U1/node_0_0_hadd_16ns_16ns_16_3_no_dsp_1_ip_u/U0/i_synth/ADDSUB_OP.ADDSUB/LOGIC_SPEED.OP/NORM/ROUND/LOGIC.RND1/CHAIN_GEN[2].C_MUX.CARRY_MUX_CARRY4_CARRY8                                        | CLB.CARRY.CARRY8  |
    | grp_node_0_0_Pipeline_l_S_t_1_t_fu_256/hadd_16ns_16ns_16_3_no_dsp_1_U1/node_0_0_hadd_16ns_16ns_16_3_no_dsp_1_ip_u/U0/i_synth/ADDSUB_OP.ADDSUB/LOGIC_SPEED.OP/NORM/ROUND/LOGIC.RND2/CHAIN_GEN[5].Q_XOR.SUM_XOR_CARRY4_CARRY8                                          | CLB.CARRY.CARRY8  |
    | grp_node_0_0_Pipeline_l_S_t_1_t_fu_256/hadd_16ns_16ns_16_3_no_dsp_1_U1/node_0_0_hadd_16ns_16ns_16_3_no_dsp_1_ip_u/U0/i_synth/ADDSUB_OP.ADDSUB/LOGIC_SPEED.OP/EXP/EXP_OFF.STRUCT_ADD/RESULT_REG.NORMAL.exp_op[0]_i_1                                                  | CLB.LUT.LUT5      |
    | grp_node_0_0_Pipeline_l_S_t_1_t_fu_256/hadd_16ns_16ns_16_3_no_dsp_1_U1/node_0_0_hadd_16ns_16ns_16_3_no_dsp_1_ip_u/U0/i_synth/ADDSUB_OP.ADDSUB/LOGIC_SPEED.OP/OP/RESULT_REG.NORMAL.exp_op_reg[0]                                                                      | REGISTER.SDR.FDRE |
    | grp_node_0_0_Pipeline_l_S_t_1_t_fu_256/hadd_16ns_16ns_16_3_no_dsp_1_U1/din1_buf1_reg[0]                                                                                                                                                                              | REGISTER.SDR.FDRE |
    | grp_node_0_0_Pipeline_l_S_t_1_t_fu_256/hadd_16ns_16ns_16_3_no_dsp_1_U1/node_0_0_hadd_16ns_16ns_16_3_no_dsp_1_ip_u/U0/i_synth/ADDSUB_OP.ADDSUB/LOGIC_SPEED.OP/EXP/NUMB_CMP/NOT_FAST.CMP/C_CHAIN/CHAIN_GEN[0].C_MUX.CARRY_MUX_i_2__1                                   | CLB.LUT.LUT4      |
    | grp_node_0_0_Pipeline_l_S_t_1_t_fu_256/hadd_16ns_16ns_16_3_no_dsp_1_U1/node_0_0_hadd_16ns_16ns_16_3_no_dsp_1_ip_u/U0/i_synth/ADDSUB_OP.ADDSUB/LOGIC_SPEED.OP/EXP/NUMB_CMP/NOT_FAST.CMP/C_CHAIN/CHAIN_GEN[0].C_MUX.CARRY_MUX_CARRY4_CARRY8                            | CLB.CARRY.CARRY8  |
    | grp_node_0_0_Pipeline_l_S_t_1_t_fu_256/hadd_16ns_16ns_16_3_no_dsp_1_U1/node_0_0_hadd_16ns_16ns_16_3_no_dsp_1_ip_u/U0/i_synth/ADDSUB_OP.ADDSUB/LOGIC_SPEED.OP/EXP/NUMB_CMP/NOT_FAST.CMP/C_CHAIN/CHAIN_GEN[1].C_MUX.CARRY_MUX_i_2__3                                   | CLB.LUT.LUT6      |
    | grp_node_0_0_Pipeline_l_S_t_1_t_fu_256/hadd_16ns_16ns_16_3_no_dsp_1_U1/node_0_0_hadd_16ns_16ns_16_3_no_dsp_1_ip_u/U0/i_synth/ADDSUB_OP.ADDSUB/LOGIC_SPEED.OP/EXP/NUMB_CMP/NOT_FAST.CMP/C_CHAIN/CHAIN_GEN[1].C_MUX.CARRY_MUX_i_1__5                                   | CLB.LUT.LUT4      |
    | grp_node_0_0_Pipeline_l_S_t_1_t_fu_256/hadd_16ns_16ns_16_3_no_dsp_1_U1/node_0_0_hadd_16ns_16ns_16_3_no_dsp_1_ip_u/U0/i_synth/ADDSUB_OP.ADDSUB/LOGIC_SPEED.OP/ALIGN_BLK/ALIGN_SHIFT/ALIGN_Z_D/EQ_ZERO/CARRY_ZERO_DET/CHAIN_GEN[0].C_MUX.CARRY_MUX_CARRY4_CARRY8       | CLB.CARRY.CARRY8  |
    | grp_node_0_0_Pipeline_l_S_t_1_t_fu_256/hadd_16ns_16ns_16_3_no_dsp_1_U1/node_0_0_hadd_16ns_16ns_16_3_no_dsp_1_ip_u/U0/i_synth/ADDSUB_OP.ADDSUB/LOGIC_SPEED.OP/EXP/NUMB_CMP/NOT_FAST.CMP/C_CHAIN/STRUCT_ADD1.CARRY_MUX2_i_7                                            | CLB.LUT.LUT5      |
    | grp_node_0_0_Pipeline_l_S_t_1_t_fu_256/hadd_16ns_16ns_16_3_no_dsp_1_U1/node_0_0_hadd_16ns_16ns_16_3_no_dsp_1_ip_u/U0/i_synth/ADDSUB_OP.ADDSUB/LOGIC_SPEED.OP/EXP/NUMB_CMP/NOT_FAST.CMP/C_CHAIN/STRUCT_ADD1.CARRY_MUX2_i_2                                            | CLB.LUT.LUT6      |
    | grp_node_0_0_Pipeline_l_S_t_1_t_fu_256/hadd_16ns_16ns_16_3_no_dsp_1_U1/node_0_0_hadd_16ns_16ns_16_3_no_dsp_1_ip_u/U0/i_synth/ADDSUB_OP.ADDSUB/LOGIC_SPEED.OP/EXP/NUMB_CMP/NOT_FAST.CMP/C_CHAIN/STRUCT_ADD1.CARRY_MUX2_i_1                                            | CLB.LUT.LUT6      |
    | grp_node_0_0_Pipeline_l_S_t_1_t_fu_256/hadd_16ns_16ns_16_3_no_dsp_1_U1/node_0_0_hadd_16ns_16ns_16_3_no_dsp_1_ip_u/U0/i_synth/ADDSUB_OP.ADDSUB/LOGIC_SPEED.OP/ALIGN_BLK/FRAC_ADDSUB/LOGIC_ADD.FRAC_ADDSUB/STRUCT_ADD1.CARRY_MUX1_CARRY4_CARRY8                        | CLB.CARRY.CARRY8  |
    | grp_node_0_0_Pipeline_l_S_t_1_t_fu_256/hadd_16ns_16ns_16_3_no_dsp_1_U1/node_0_0_hadd_16ns_16ns_16_3_no_dsp_1_ip_u/U0/i_synth/ADDSUB_OP.ADDSUB/LOGIC_SPEED.OP/ALIGN_BLK/FRAC_ADDSUB/LOGIC_ADD.FRAC_ADDSUB/STRUCT_ADD2.ADD1/CHAIN_GEN[0].C_MUX.CARRY_MUX_CARRY4_CARRY8 | CLB.CARRY.CARRY8  |
    | grp_node_0_0_Pipeline_l_S_t_1_t_fu_256/hadd_16ns_16ns_16_3_no_dsp_1_U1/node_0_0_hadd_16ns_16ns_16_3_no_dsp_1_ip_u/U0/i_synth/ADDSUB_OP.ADDSUB/LOGIC_SPEED.OP/ALIGN_BLK/FRAC_ADDSUB/LOGIC_ADD.FRAC_ADDSUB/STRUCT_ADD2.ADD1/CHAIN_GEN[0].C_MUX.CARRY_MUX_i_1__2        | CLB.LUT.LUT4      |
    | grp_node_0_0_Pipeline_l_S_t_1_t_fu_256/hadd_16ns_16ns_16_3_no_dsp_1_U1/node_0_0_hadd_16ns_16ns_16_3_no_dsp_1_ip_u/U0/i_synth/ADDSUB_OP.ADDSUB/LOGIC_SPEED.OP/NORM/LZE/ZERO_DET_CC_1/CHAIN_GEN[0].C_MUX.CARRY_MUX_CARRY4_CARRY8                                       | CLB.CARRY.CARRY8  |
    | grp_node_0_0_Pipeline_l_S_t_1_t_fu_256/hadd_16ns_16ns_16_3_no_dsp_1_U1/node_0_0_hadd_16ns_16ns_16_3_no_dsp_1_ip_u/U0/i_synth/ADDSUB_OP.ADDSUB/LOGIC_SPEED.OP/ALIGN_BLK/FRAC_ADDSUB/LOGIC_ADD.FRAC_ADDSUB/STRUCT_ADD2.ADD1/RESULT_REG.NORMAL.exp_op[2]_i_8            | CLB.LUT.LUT5      |
    | grp_node_0_0_Pipeline_l_S_t_1_t_fu_256/hadd_16ns_16ns_16_3_no_dsp_1_U1/node_0_0_hadd_16ns_16ns_16_3_no_dsp_1_ip_u/U0/i_synth/ADDSUB_OP.ADDSUB/LOGIC_SPEED.OP/ALIGN_BLK/FRAC_ADDSUB/LOGIC_ADD.FRAC_ADDSUB/STRUCT_ADD1.ADD1/RESULT_REG.NORMAL.exp_op[1]_i_3            | CLB.LUT.LUT5      |
    | grp_node_0_0_Pipeline_l_S_t_1_t_fu_256/hadd_16ns_16ns_16_3_no_dsp_1_U1/node_0_0_hadd_16ns_16ns_16_3_no_dsp_1_ip_u/U0/i_synth/ADDSUB_OP.ADDSUB/LOGIC_SPEED.OP/ALIGN_BLK/FRAC_ADDSUB/LOGIC_ADD.FRAC_ADDSUB/STRUCT_ADD1.ADD1/CHAIN_GEN[0].C_MUX.CARRY_MUX_i_6__0        | CLB.LUT.LUT5      |
    | grp_node_0_0_Pipeline_l_S_t_1_t_fu_256/hadd_16ns_16ns_16_3_no_dsp_1_U1/node_0_0_hadd_16ns_16ns_16_3_no_dsp_1_ip_u/U0/i_synth/ADDSUB_OP.ADDSUB/LOGIC_SPEED.OP/ALIGN_BLK/FRAC_ADDSUB/LOGIC_ADD.FRAC_ADDSUB/STRUCT_ADD1.ADD1/CHAIN_GEN[0].C_MUX.CARRY_MUX_i_3__0        | CLB.LUT.LUT6      |
    | grp_node_0_0_Pipeline_l_S_t_1_t_fu_256/hadd_16ns_16ns_16_3_no_dsp_1_U1/node_0_0_hadd_16ns_16ns_16_3_no_dsp_1_ip_u/U0/i_synth/ADDSUB_OP.ADDSUB/LOGIC_SPEED.OP/ALIGN_BLK/FRAC_ADDSUB/LOGIC_ADD.FRAC_ADDSUB/STRUCT_ADD1.ADD1/CHAIN_GEN[0].C_MUX.CARRY_MUX_i_1__10       | CLB.LUT.LUT5      |
    | grp_node_0_0_Pipeline_l_S_t_1_t_fu_256/hadd_16ns_16ns_16_3_no_dsp_1_U1/node_0_0_hadd_16ns_16ns_16_3_no_dsp_1_ip_u/U0/i_synth/ADDSUB_OP.ADDSUB/LOGIC_SPEED.OP/NORM/ROUND/RND_BIT_GEN/NORM_2.RND_CHAIN/CHAIN_GEN[0].C_MUX.CARRY_MUX_CARRY4_CARRY8                      | CLB.CARRY.CARRY8  |
    | grp_node_0_0_Pipeline_l_S_t_1_t_fu_256/hadd_16ns_16ns_16_3_no_dsp_1_U1/node_0_0_hadd_16ns_16ns_16_3_no_dsp_1_ip_u/U0/i_synth/ADDSUB_OP.ADDSUB/LOGIC_SPEED.OP/NORM/ROUND/LOGIC.RND1/CHAIN_GEN[2].C_MUX.CARRY_MUX_CARRY4_CARRY8                                        | CLB.CARRY.CARRY8  |
    | grp_node_0_0_Pipeline_l_S_t_1_t_fu_256/hadd_16ns_16ns_16_3_no_dsp_1_U1/node_0_0_hadd_16ns_16ns_16_3_no_dsp_1_ip_u/U0/i_synth/ADDSUB_OP.ADDSUB/LOGIC_SPEED.OP/NORM/ROUND/LOGIC.RND2/CHAIN_GEN[5].Q_XOR.SUM_XOR_CARRY4_CARRY8                                          | CLB.CARRY.CARRY8  |
    | grp_node_0_0_Pipeline_l_S_t_1_t_fu_256/hadd_16ns_16ns_16_3_no_dsp_1_U1/node_0_0_hadd_16ns_16ns_16_3_no_dsp_1_ip_u/U0/i_synth/ADDSUB_OP.ADDSUB/LOGIC_SPEED.OP/NORM/ROUND/LOGIC.RND2/RESULT_REG.NORMAL.exp_op[1]_i_1                                                   | CLB.LUT.LUT6      |
    | grp_node_0_0_Pipeline_l_S_t_1_t_fu_256/hadd_16ns_16ns_16_3_no_dsp_1_U1/node_0_0_hadd_16ns_16ns_16_3_no_dsp_1_ip_u/U0/i_synth/ADDSUB_OP.ADDSUB/LOGIC_SPEED.OP/OP/RESULT_REG.NORMAL.exp_op_reg[1]                                                                      | REGISTER.SDR.FDRE |
    +----------------------------------------------------------------------------------------------------------------------------------------------------------------------------------------------------------------------------------------------------------------------+-------------------+

    +----------------------------------------------------------------------------------------------------------------------------------------------------------------------------------------------------------------------------------------------------------------------+-------------------+
    | Path5 Cells                                                                                                                                                                                                                                                          | Primitive Type    |
    +----------------------------------------------------------------------------------------------------------------------------------------------------------------------------------------------------------------------------------------------------------------------+-------------------+
    | grp_node_0_0_Pipeline_l_S_t_1_t_fu_256/hadd_16ns_16ns_16_3_no_dsp_1_U1/din1_buf1_reg[0]                                                                                                                                                                              | REGISTER.SDR.FDRE |
    | grp_node_0_0_Pipeline_l_S_t_1_t_fu_256/hadd_16ns_16ns_16_3_no_dsp_1_U1/node_0_0_hadd_16ns_16ns_16_3_no_dsp_1_ip_u/U0/i_synth/ADDSUB_OP.ADDSUB/LOGIC_SPEED.OP/EXP/NUMB_CMP/NOT_FAST.CMP/C_CHAIN/CHAIN_GEN[0].C_MUX.CARRY_MUX_i_2__1                                   | CLB.LUT.LUT4      |
    | grp_node_0_0_Pipeline_l_S_t_1_t_fu_256/hadd_16ns_16ns_16_3_no_dsp_1_U1/node_0_0_hadd_16ns_16ns_16_3_no_dsp_1_ip_u/U0/i_synth/ADDSUB_OP.ADDSUB/LOGIC_SPEED.OP/EXP/NUMB_CMP/NOT_FAST.CMP/C_CHAIN/CHAIN_GEN[0].C_MUX.CARRY_MUX_CARRY4_CARRY8                            | CLB.CARRY.CARRY8  |
    | grp_node_0_0_Pipeline_l_S_t_1_t_fu_256/hadd_16ns_16ns_16_3_no_dsp_1_U1/node_0_0_hadd_16ns_16ns_16_3_no_dsp_1_ip_u/U0/i_synth/ADDSUB_OP.ADDSUB/LOGIC_SPEED.OP/EXP/NUMB_CMP/NOT_FAST.CMP/C_CHAIN/CHAIN_GEN[1].C_MUX.CARRY_MUX_i_2__3                                   | CLB.LUT.LUT6      |
    | grp_node_0_0_Pipeline_l_S_t_1_t_fu_256/hadd_16ns_16ns_16_3_no_dsp_1_U1/node_0_0_hadd_16ns_16ns_16_3_no_dsp_1_ip_u/U0/i_synth/ADDSUB_OP.ADDSUB/LOGIC_SPEED.OP/EXP/NUMB_CMP/NOT_FAST.CMP/C_CHAIN/CHAIN_GEN[1].C_MUX.CARRY_MUX_i_1__5                                   | CLB.LUT.LUT4      |
    | grp_node_0_0_Pipeline_l_S_t_1_t_fu_256/hadd_16ns_16ns_16_3_no_dsp_1_U1/node_0_0_hadd_16ns_16ns_16_3_no_dsp_1_ip_u/U0/i_synth/ADDSUB_OP.ADDSUB/LOGIC_SPEED.OP/ALIGN_BLK/ALIGN_SHIFT/ALIGN_Z_D/EQ_ZERO/CARRY_ZERO_DET/CHAIN_GEN[0].C_MUX.CARRY_MUX_CARRY4_CARRY8       | CLB.CARRY.CARRY8  |
    | grp_node_0_0_Pipeline_l_S_t_1_t_fu_256/hadd_16ns_16ns_16_3_no_dsp_1_U1/node_0_0_hadd_16ns_16ns_16_3_no_dsp_1_ip_u/U0/i_synth/ADDSUB_OP.ADDSUB/LOGIC_SPEED.OP/EXP/NUMB_CMP/NOT_FAST.CMP/C_CHAIN/STRUCT_ADD1.CARRY_MUX2_i_7                                            | CLB.LUT.LUT5      |
    | grp_node_0_0_Pipeline_l_S_t_1_t_fu_256/hadd_16ns_16ns_16_3_no_dsp_1_U1/node_0_0_hadd_16ns_16ns_16_3_no_dsp_1_ip_u/U0/i_synth/ADDSUB_OP.ADDSUB/LOGIC_SPEED.OP/EXP/NUMB_CMP/NOT_FAST.CMP/C_CHAIN/STRUCT_ADD1.CARRY_MUX2_i_2                                            | CLB.LUT.LUT6      |
    | grp_node_0_0_Pipeline_l_S_t_1_t_fu_256/hadd_16ns_16ns_16_3_no_dsp_1_U1/node_0_0_hadd_16ns_16ns_16_3_no_dsp_1_ip_u/U0/i_synth/ADDSUB_OP.ADDSUB/LOGIC_SPEED.OP/EXP/NUMB_CMP/NOT_FAST.CMP/C_CHAIN/STRUCT_ADD1.CARRY_MUX2_i_1                                            | CLB.LUT.LUT6      |
    | grp_node_0_0_Pipeline_l_S_t_1_t_fu_256/hadd_16ns_16ns_16_3_no_dsp_1_U1/node_0_0_hadd_16ns_16ns_16_3_no_dsp_1_ip_u/U0/i_synth/ADDSUB_OP.ADDSUB/LOGIC_SPEED.OP/ALIGN_BLK/FRAC_ADDSUB/LOGIC_ADD.FRAC_ADDSUB/STRUCT_ADD1.CARRY_MUX1_CARRY4_CARRY8                        | CLB.CARRY.CARRY8  |
    | grp_node_0_0_Pipeline_l_S_t_1_t_fu_256/hadd_16ns_16ns_16_3_no_dsp_1_U1/node_0_0_hadd_16ns_16ns_16_3_no_dsp_1_ip_u/U0/i_synth/ADDSUB_OP.ADDSUB/LOGIC_SPEED.OP/ALIGN_BLK/FRAC_ADDSUB/LOGIC_ADD.FRAC_ADDSUB/STRUCT_ADD2.ADD1/CHAIN_GEN[0].C_MUX.CARRY_MUX_CARRY4_CARRY8 | CLB.CARRY.CARRY8  |
    | grp_node_0_0_Pipeline_l_S_t_1_t_fu_256/hadd_16ns_16ns_16_3_no_dsp_1_U1/node_0_0_hadd_16ns_16ns_16_3_no_dsp_1_ip_u/U0/i_synth/ADDSUB_OP.ADDSUB/LOGIC_SPEED.OP/ALIGN_BLK/FRAC_ADDSUB/LOGIC_ADD.FRAC_ADDSUB/STRUCT_ADD2.ADD1/CHAIN_GEN[0].C_MUX.CARRY_MUX_i_1__2        | CLB.LUT.LUT4      |
    | grp_node_0_0_Pipeline_l_S_t_1_t_fu_256/hadd_16ns_16ns_16_3_no_dsp_1_U1/node_0_0_hadd_16ns_16ns_16_3_no_dsp_1_ip_u/U0/i_synth/ADDSUB_OP.ADDSUB/LOGIC_SPEED.OP/NORM/LZE/ZERO_DET_CC_1/CHAIN_GEN[0].C_MUX.CARRY_MUX_CARRY4_CARRY8                                       | CLB.CARRY.CARRY8  |
    | grp_node_0_0_Pipeline_l_S_t_1_t_fu_256/hadd_16ns_16ns_16_3_no_dsp_1_U1/node_0_0_hadd_16ns_16ns_16_3_no_dsp_1_ip_u/U0/i_synth/ADDSUB_OP.ADDSUB/LOGIC_SPEED.OP/ALIGN_BLK/FRAC_ADDSUB/LOGIC_ADD.FRAC_ADDSUB/STRUCT_ADD2.ADD1/RESULT_REG.NORMAL.exp_op[2]_i_8            | CLB.LUT.LUT5      |
    | grp_node_0_0_Pipeline_l_S_t_1_t_fu_256/hadd_16ns_16ns_16_3_no_dsp_1_U1/node_0_0_hadd_16ns_16ns_16_3_no_dsp_1_ip_u/U0/i_synth/ADDSUB_OP.ADDSUB/LOGIC_SPEED.OP/ALIGN_BLK/FRAC_ADDSUB/LOGIC_ADD.FRAC_ADDSUB/STRUCT_ADD1.ADD1/RESULT_REG.NORMAL.exp_op[1]_i_3            | CLB.LUT.LUT5      |
    | grp_node_0_0_Pipeline_l_S_t_1_t_fu_256/hadd_16ns_16ns_16_3_no_dsp_1_U1/node_0_0_hadd_16ns_16ns_16_3_no_dsp_1_ip_u/U0/i_synth/ADDSUB_OP.ADDSUB/LOGIC_SPEED.OP/ALIGN_BLK/FRAC_ADDSUB/LOGIC_ADD.FRAC_ADDSUB/STRUCT_ADD1.ADD1/CHAIN_GEN[0].C_MUX.CARRY_MUX_i_6__0        | CLB.LUT.LUT5      |
    | grp_node_0_0_Pipeline_l_S_t_1_t_fu_256/hadd_16ns_16ns_16_3_no_dsp_1_U1/node_0_0_hadd_16ns_16ns_16_3_no_dsp_1_ip_u/U0/i_synth/ADDSUB_OP.ADDSUB/LOGIC_SPEED.OP/ALIGN_BLK/FRAC_ADDSUB/LOGIC_ADD.FRAC_ADDSUB/STRUCT_ADD1.ADD1/CHAIN_GEN[0].C_MUX.CARRY_MUX_i_3__0        | CLB.LUT.LUT6      |
    | grp_node_0_0_Pipeline_l_S_t_1_t_fu_256/hadd_16ns_16ns_16_3_no_dsp_1_U1/node_0_0_hadd_16ns_16ns_16_3_no_dsp_1_ip_u/U0/i_synth/ADDSUB_OP.ADDSUB/LOGIC_SPEED.OP/ALIGN_BLK/FRAC_ADDSUB/LOGIC_ADD.FRAC_ADDSUB/STRUCT_ADD1.ADD1/CHAIN_GEN[0].C_MUX.CARRY_MUX_i_1__10       | CLB.LUT.LUT5      |
    | grp_node_0_0_Pipeline_l_S_t_1_t_fu_256/hadd_16ns_16ns_16_3_no_dsp_1_U1/node_0_0_hadd_16ns_16ns_16_3_no_dsp_1_ip_u/U0/i_synth/ADDSUB_OP.ADDSUB/LOGIC_SPEED.OP/NORM/ROUND/RND_BIT_GEN/NORM_2.RND_CHAIN/CHAIN_GEN[0].C_MUX.CARRY_MUX_CARRY4_CARRY8                      | CLB.CARRY.CARRY8  |
    | grp_node_0_0_Pipeline_l_S_t_1_t_fu_256/hadd_16ns_16ns_16_3_no_dsp_1_U1/node_0_0_hadd_16ns_16ns_16_3_no_dsp_1_ip_u/U0/i_synth/ADDSUB_OP.ADDSUB/LOGIC_SPEED.OP/NORM/ROUND/LOGIC.RND1/CHAIN_GEN[2].C_MUX.CARRY_MUX_CARRY4_CARRY8                                        | CLB.CARRY.CARRY8  |
    | grp_node_0_0_Pipeline_l_S_t_1_t_fu_256/hadd_16ns_16ns_16_3_no_dsp_1_U1/node_0_0_hadd_16ns_16ns_16_3_no_dsp_1_ip_u/U0/i_synth/ADDSUB_OP.ADDSUB/LOGIC_SPEED.OP/NORM/ROUND/LOGIC.RND2/CHAIN_GEN[5].Q_XOR.SUM_XOR_CARRY4_CARRY8                                          | CLB.CARRY.CARRY8  |
    | grp_node_0_0_Pipeline_l_S_t_1_t_fu_256/hadd_16ns_16ns_16_3_no_dsp_1_U1/node_0_0_hadd_16ns_16ns_16_3_no_dsp_1_ip_u/U0/i_synth/ADDSUB_OP.ADDSUB/LOGIC_SPEED.OP/NORM/LZE/ZERO_DET_CC_1/RESULT_REG.NORMAL.exp_op[4]_i_3                                                  | CLB.LUT.LUT6      |
    | grp_node_0_0_Pipeline_l_S_t_1_t_fu_256/hadd_16ns_16ns_16_3_no_dsp_1_U1/node_0_0_hadd_16ns_16ns_16_3_no_dsp_1_ip_u/U0/i_synth/ADDSUB_OP.ADDSUB/LOGIC_SPEED.OP/NORM/LZE/ZERO_DET_CC_1/RESULT_REG.NORMAL.exp_op[3]_i_1                                                  | CLB.LUT.LUT6      |
    | grp_node_0_0_Pipeline_l_S_t_1_t_fu_256/hadd_16ns_16ns_16_3_no_dsp_1_U1/node_0_0_hadd_16ns_16ns_16_3_no_dsp_1_ip_u/U0/i_synth/ADDSUB_OP.ADDSUB/LOGIC_SPEED.OP/OP/RESULT_REG.NORMAL.exp_op_reg[3]                                                                      | REGISTER.SDR.FDRE |
    | grp_node_0_0_Pipeline_l_S_t_1_t_fu_256/hadd_16ns_16ns_16_3_no_dsp_1_U1/din1_buf1_reg[0]                                                                                                                                                                              | REGISTER.SDR.FDRE |
    | grp_node_0_0_Pipeline_l_S_t_1_t_fu_256/hadd_16ns_16ns_16_3_no_dsp_1_U1/node_0_0_hadd_16ns_16ns_16_3_no_dsp_1_ip_u/U0/i_synth/ADDSUB_OP.ADDSUB/LOGIC_SPEED.OP/EXP/NUMB_CMP/NOT_FAST.CMP/C_CHAIN/CHAIN_GEN[0].C_MUX.CARRY_MUX_i_2__1                                   | CLB.LUT.LUT4      |
    | grp_node_0_0_Pipeline_l_S_t_1_t_fu_256/hadd_16ns_16ns_16_3_no_dsp_1_U1/node_0_0_hadd_16ns_16ns_16_3_no_dsp_1_ip_u/U0/i_synth/ADDSUB_OP.ADDSUB/LOGIC_SPEED.OP/EXP/NUMB_CMP/NOT_FAST.CMP/C_CHAIN/CHAIN_GEN[0].C_MUX.CARRY_MUX_CARRY4_CARRY8                            | CLB.CARRY.CARRY8  |
    | grp_node_0_0_Pipeline_l_S_t_1_t_fu_256/hadd_16ns_16ns_16_3_no_dsp_1_U1/node_0_0_hadd_16ns_16ns_16_3_no_dsp_1_ip_u/U0/i_synth/ADDSUB_OP.ADDSUB/LOGIC_SPEED.OP/EXP/NUMB_CMP/NOT_FAST.CMP/C_CHAIN/CHAIN_GEN[1].C_MUX.CARRY_MUX_i_2__3                                   | CLB.LUT.LUT6      |
    | grp_node_0_0_Pipeline_l_S_t_1_t_fu_256/hadd_16ns_16ns_16_3_no_dsp_1_U1/node_0_0_hadd_16ns_16ns_16_3_no_dsp_1_ip_u/U0/i_synth/ADDSUB_OP.ADDSUB/LOGIC_SPEED.OP/EXP/NUMB_CMP/NOT_FAST.CMP/C_CHAIN/CHAIN_GEN[1].C_MUX.CARRY_MUX_i_1__5                                   | CLB.LUT.LUT4      |
    | grp_node_0_0_Pipeline_l_S_t_1_t_fu_256/hadd_16ns_16ns_16_3_no_dsp_1_U1/node_0_0_hadd_16ns_16ns_16_3_no_dsp_1_ip_u/U0/i_synth/ADDSUB_OP.ADDSUB/LOGIC_SPEED.OP/ALIGN_BLK/ALIGN_SHIFT/ALIGN_Z_D/EQ_ZERO/CARRY_ZERO_DET/CHAIN_GEN[0].C_MUX.CARRY_MUX_CARRY4_CARRY8       | CLB.CARRY.CARRY8  |
    | grp_node_0_0_Pipeline_l_S_t_1_t_fu_256/hadd_16ns_16ns_16_3_no_dsp_1_U1/node_0_0_hadd_16ns_16ns_16_3_no_dsp_1_ip_u/U0/i_synth/ADDSUB_OP.ADDSUB/LOGIC_SPEED.OP/EXP/NUMB_CMP/NOT_FAST.CMP/C_CHAIN/STRUCT_ADD1.CARRY_MUX2_i_7                                            | CLB.LUT.LUT5      |
    | grp_node_0_0_Pipeline_l_S_t_1_t_fu_256/hadd_16ns_16ns_16_3_no_dsp_1_U1/node_0_0_hadd_16ns_16ns_16_3_no_dsp_1_ip_u/U0/i_synth/ADDSUB_OP.ADDSUB/LOGIC_SPEED.OP/EXP/NUMB_CMP/NOT_FAST.CMP/C_CHAIN/STRUCT_ADD1.CARRY_MUX2_i_2                                            | CLB.LUT.LUT6      |
    | grp_node_0_0_Pipeline_l_S_t_1_t_fu_256/hadd_16ns_16ns_16_3_no_dsp_1_U1/node_0_0_hadd_16ns_16ns_16_3_no_dsp_1_ip_u/U0/i_synth/ADDSUB_OP.ADDSUB/LOGIC_SPEED.OP/EXP/NUMB_CMP/NOT_FAST.CMP/C_CHAIN/STRUCT_ADD1.CARRY_MUX2_i_1                                            | CLB.LUT.LUT6      |
    | grp_node_0_0_Pipeline_l_S_t_1_t_fu_256/hadd_16ns_16ns_16_3_no_dsp_1_U1/node_0_0_hadd_16ns_16ns_16_3_no_dsp_1_ip_u/U0/i_synth/ADDSUB_OP.ADDSUB/LOGIC_SPEED.OP/ALIGN_BLK/FRAC_ADDSUB/LOGIC_ADD.FRAC_ADDSUB/STRUCT_ADD1.CARRY_MUX1_CARRY4_CARRY8                        | CLB.CARRY.CARRY8  |
    | grp_node_0_0_Pipeline_l_S_t_1_t_fu_256/hadd_16ns_16ns_16_3_no_dsp_1_U1/node_0_0_hadd_16ns_16ns_16_3_no_dsp_1_ip_u/U0/i_synth/ADDSUB_OP.ADDSUB/LOGIC_SPEED.OP/ALIGN_BLK/FRAC_ADDSUB/LOGIC_ADD.FRAC_ADDSUB/STRUCT_ADD2.ADD1/CHAIN_GEN[0].C_MUX.CARRY_MUX_CARRY4_CARRY8 | CLB.CARRY.CARRY8  |
    | grp_node_0_0_Pipeline_l_S_t_1_t_fu_256/hadd_16ns_16ns_16_3_no_dsp_1_U1/node_0_0_hadd_16ns_16ns_16_3_no_dsp_1_ip_u/U0/i_synth/ADDSUB_OP.ADDSUB/LOGIC_SPEED.OP/ALIGN_BLK/FRAC_ADDSUB/LOGIC_ADD.FRAC_ADDSUB/STRUCT_ADD2.ADD1/CHAIN_GEN[0].C_MUX.CARRY_MUX_i_1__2        | CLB.LUT.LUT4      |
    | grp_node_0_0_Pipeline_l_S_t_1_t_fu_256/hadd_16ns_16ns_16_3_no_dsp_1_U1/node_0_0_hadd_16ns_16ns_16_3_no_dsp_1_ip_u/U0/i_synth/ADDSUB_OP.ADDSUB/LOGIC_SPEED.OP/NORM/LZE/ZERO_DET_CC_1/CHAIN_GEN[0].C_MUX.CARRY_MUX_CARRY4_CARRY8                                       | CLB.CARRY.CARRY8  |
    | grp_node_0_0_Pipeline_l_S_t_1_t_fu_256/hadd_16ns_16ns_16_3_no_dsp_1_U1/node_0_0_hadd_16ns_16ns_16_3_no_dsp_1_ip_u/U0/i_synth/ADDSUB_OP.ADDSUB/LOGIC_SPEED.OP/ALIGN_BLK/FRAC_ADDSUB/LOGIC_ADD.FRAC_ADDSUB/STRUCT_ADD2.ADD1/RESULT_REG.NORMAL.exp_op[2]_i_8            | CLB.LUT.LUT5      |
    | grp_node_0_0_Pipeline_l_S_t_1_t_fu_256/hadd_16ns_16ns_16_3_no_dsp_1_U1/node_0_0_hadd_16ns_16ns_16_3_no_dsp_1_ip_u/U0/i_synth/ADDSUB_OP.ADDSUB/LOGIC_SPEED.OP/ALIGN_BLK/FRAC_ADDSUB/LOGIC_ADD.FRAC_ADDSUB/STRUCT_ADD1.ADD1/RESULT_REG.NORMAL.exp_op[1]_i_3            | CLB.LUT.LUT5      |
    | grp_node_0_0_Pipeline_l_S_t_1_t_fu_256/hadd_16ns_16ns_16_3_no_dsp_1_U1/node_0_0_hadd_16ns_16ns_16_3_no_dsp_1_ip_u/U0/i_synth/ADDSUB_OP.ADDSUB/LOGIC_SPEED.OP/ALIGN_BLK/FRAC_ADDSUB/LOGIC_ADD.FRAC_ADDSUB/STRUCT_ADD1.ADD1/CHAIN_GEN[0].C_MUX.CARRY_MUX_i_6__0        | CLB.LUT.LUT5      |
    | grp_node_0_0_Pipeline_l_S_t_1_t_fu_256/hadd_16ns_16ns_16_3_no_dsp_1_U1/node_0_0_hadd_16ns_16ns_16_3_no_dsp_1_ip_u/U0/i_synth/ADDSUB_OP.ADDSUB/LOGIC_SPEED.OP/ALIGN_BLK/FRAC_ADDSUB/LOGIC_ADD.FRAC_ADDSUB/STRUCT_ADD1.ADD1/CHAIN_GEN[0].C_MUX.CARRY_MUX_i_3__0        | CLB.LUT.LUT6      |
    | grp_node_0_0_Pipeline_l_S_t_1_t_fu_256/hadd_16ns_16ns_16_3_no_dsp_1_U1/node_0_0_hadd_16ns_16ns_16_3_no_dsp_1_ip_u/U0/i_synth/ADDSUB_OP.ADDSUB/LOGIC_SPEED.OP/ALIGN_BLK/FRAC_ADDSUB/LOGIC_ADD.FRAC_ADDSUB/STRUCT_ADD1.ADD1/CHAIN_GEN[0].C_MUX.CARRY_MUX_i_1__10       | CLB.LUT.LUT5      |
    | grp_node_0_0_Pipeline_l_S_t_1_t_fu_256/hadd_16ns_16ns_16_3_no_dsp_1_U1/node_0_0_hadd_16ns_16ns_16_3_no_dsp_1_ip_u/U0/i_synth/ADDSUB_OP.ADDSUB/LOGIC_SPEED.OP/NORM/ROUND/RND_BIT_GEN/NORM_2.RND_CHAIN/CHAIN_GEN[0].C_MUX.CARRY_MUX_CARRY4_CARRY8                      | CLB.CARRY.CARRY8  |
    | grp_node_0_0_Pipeline_l_S_t_1_t_fu_256/hadd_16ns_16ns_16_3_no_dsp_1_U1/node_0_0_hadd_16ns_16ns_16_3_no_dsp_1_ip_u/U0/i_synth/ADDSUB_OP.ADDSUB/LOGIC_SPEED.OP/NORM/ROUND/LOGIC.RND1/CHAIN_GEN[2].C_MUX.CARRY_MUX_CARRY4_CARRY8                                        | CLB.CARRY.CARRY8  |
    | grp_node_0_0_Pipeline_l_S_t_1_t_fu_256/hadd_16ns_16ns_16_3_no_dsp_1_U1/node_0_0_hadd_16ns_16ns_16_3_no_dsp_1_ip_u/U0/i_synth/ADDSUB_OP.ADDSUB/LOGIC_SPEED.OP/NORM/ROUND/LOGIC.RND2/CHAIN_GEN[5].Q_XOR.SUM_XOR_CARRY4_CARRY8                                          | CLB.CARRY.CARRY8  |
    | grp_node_0_0_Pipeline_l_S_t_1_t_fu_256/hadd_16ns_16ns_16_3_no_dsp_1_U1/node_0_0_hadd_16ns_16ns_16_3_no_dsp_1_ip_u/U0/i_synth/ADDSUB_OP.ADDSUB/LOGIC_SPEED.OP/NORM/LZE/ZERO_DET_CC_1/RESULT_REG.NORMAL.exp_op[4]_i_3                                                  | CLB.LUT.LUT6      |
    | grp_node_0_0_Pipeline_l_S_t_1_t_fu_256/hadd_16ns_16ns_16_3_no_dsp_1_U1/node_0_0_hadd_16ns_16ns_16_3_no_dsp_1_ip_u/U0/i_synth/ADDSUB_OP.ADDSUB/LOGIC_SPEED.OP/NORM/LZE/ZERO_DET_CC_1/RESULT_REG.NORMAL.exp_op[4]_i_1                                                  | CLB.LUT.LUT6      |
    | grp_node_0_0_Pipeline_l_S_t_1_t_fu_256/hadd_16ns_16ns_16_3_no_dsp_1_U1/node_0_0_hadd_16ns_16ns_16_3_no_dsp_1_ip_u/U0/i_synth/ADDSUB_OP.ADDSUB/LOGIC_SPEED.OP/OP/RESULT_REG.NORMAL.exp_op_reg[4]                                                                      | REGISTER.SDR.FDRE |
    | grp_node_0_0_Pipeline_l_S_t_1_t_fu_256/hadd_16ns_16ns_16_3_no_dsp_1_U1/din1_buf1_reg[0]                                                                                                                                                                              | REGISTER.SDR.FDRE |
    | grp_node_0_0_Pipeline_l_S_t_1_t_fu_256/hsub_16ns_16ns_16_3_no_dsp_1_U2/node_0_0_hsub_16ns_16ns_16_3_no_dsp_1_ip_u/U0/i_synth/ADDSUB_OP.ADDSUB/LOGIC_SPEED.OP/EXP/NUMB_CMP/NOT_FAST.CMP/C_CHAIN/CHAIN_GEN[0].C_MUX.CARRY_MUX_i_2__1                                   | CLB.LUT.LUT4      |
    | grp_node_0_0_Pipeline_l_S_t_1_t_fu_256/hsub_16ns_16ns_16_3_no_dsp_1_U2/node_0_0_hsub_16ns_16ns_16_3_no_dsp_1_ip_u/U0/i_synth/ADDSUB_OP.ADDSUB/LOGIC_SPEED.OP/EXP/NUMB_CMP/NOT_FAST.CMP/C_CHAIN/CHAIN_GEN[0].C_MUX.CARRY_MUX_CARRY4_CARRY8                            | CLB.CARRY.CARRY8  |
    | grp_node_0_0_Pipeline_l_S_t_1_t_fu_256/hsub_16ns_16ns_16_3_no_dsp_1_U2/node_0_0_hsub_16ns_16ns_16_3_no_dsp_1_ip_u/U0/i_synth/ADDSUB_OP.ADDSUB/LOGIC_SPEED.OP/EXP/NUMB_CMP/NOT_FAST.CMP/C_CHAIN/CHAIN_GEN[1].C_MUX.CARRY_MUX_i_2__2                                   | CLB.LUT.LUT6      |
    | grp_node_0_0_Pipeline_l_S_t_1_t_fu_256/hsub_16ns_16ns_16_3_no_dsp_1_U2/node_0_0_hsub_16ns_16ns_16_3_no_dsp_1_ip_u/U0/i_synth/ADDSUB_OP.ADDSUB/LOGIC_SPEED.OP/EXP/NUMB_CMP/NOT_FAST.CMP/C_CHAIN/CHAIN_GEN[1].C_MUX.CARRY_MUX_i_1__1                                   | CLB.LUT.LUT4      |
    | grp_node_0_0_Pipeline_l_S_t_1_t_fu_256/hsub_16ns_16ns_16_3_no_dsp_1_U2/node_0_0_hsub_16ns_16ns_16_3_no_dsp_1_ip_u/U0/i_synth/ADDSUB_OP.ADDSUB/LOGIC_SPEED.OP/ALIGN_BLK/ALIGN_SHIFT/ALIGN_Z_D/EQ_ZERO/CARRY_ZERO_DET/CHAIN_GEN[0].C_MUX.CARRY_MUX_CARRY4_CARRY8       | CLB.CARRY.CARRY8  |
    | grp_node_0_0_Pipeline_l_S_t_1_t_fu_256/hsub_16ns_16ns_16_3_no_dsp_1_U2/node_0_0_hsub_16ns_16ns_16_3_no_dsp_1_ip_u/U0/i_synth/ADDSUB_OP.ADDSUB/LOGIC_SPEED.OP/ALIGN_BLK/ALIGN_SHIFT/ALIGN_Z_D/EQ_ZERO/CARRY_ZERO_DET/STRUCT_ADD1.CARRY_MUX2_i_7                       | CLB.LUT.LUT5      |
    | grp_node_0_0_Pipeline_l_S_t_1_t_fu_256/hsub_16ns_16ns_16_3_no_dsp_1_U2/node_0_0_hsub_16ns_16ns_16_3_no_dsp_1_ip_u/U0/i_synth/ADDSUB_OP.ADDSUB/LOGIC_SPEED.OP/EXP/NUMB_CMP/NOT_FAST.CMP/C_CHAIN/STRUCT_ADD1.CARRY_MUX2_i_1                                            | CLB.LUT.LUT6      |
    | grp_node_0_0_Pipeline_l_S_t_1_t_fu_256/hsub_16ns_16ns_16_3_no_dsp_1_U2/node_0_0_hsub_16ns_16ns_16_3_no_dsp_1_ip_u/U0/i_synth/ADDSUB_OP.ADDSUB/LOGIC_SPEED.OP/ALIGN_BLK/FRAC_ADDSUB/LOGIC_ADD.FRAC_ADDSUB/STRUCT_ADD1.CARRY_MUX1_CARRY4_CARRY8                        | CLB.CARRY.CARRY8  |
    | grp_node_0_0_Pipeline_l_S_t_1_t_fu_256/hsub_16ns_16ns_16_3_no_dsp_1_U2/node_0_0_hsub_16ns_16ns_16_3_no_dsp_1_ip_u/U0/i_synth/ADDSUB_OP.ADDSUB/LOGIC_SPEED.OP/ALIGN_BLK/FRAC_ADDSUB/LOGIC_ADD.FRAC_ADDSUB/STRUCT_ADD2.ADD1/CHAIN_GEN[0].C_MUX.CARRY_MUX_CARRY4_CARRY8 | CLB.CARRY.CARRY8  |
    | grp_node_0_0_Pipeline_l_S_t_1_t_fu_256/hsub_16ns_16ns_16_3_no_dsp_1_U2/node_0_0_hsub_16ns_16ns_16_3_no_dsp_1_ip_u/U0/i_synth/ADDSUB_OP.ADDSUB/LOGIC_SPEED.OP/ALIGN_BLK/FRAC_ADDSUB/LOGIC_ADD.FRAC_ADDSUB/STRUCT_ADD2.ADD1/CHAIN_GEN[0].C_MUX.CARRY_MUX_i_1__5        | CLB.LUT.LUT4      |
    | grp_node_0_0_Pipeline_l_S_t_1_t_fu_256/hsub_16ns_16ns_16_3_no_dsp_1_U2/node_0_0_hsub_16ns_16ns_16_3_no_dsp_1_ip_u/U0/i_synth/ADDSUB_OP.ADDSUB/LOGIC_SPEED.OP/NORM/LZE/ZERO_DET_CC_1/CHAIN_GEN[0].C_MUX.CARRY_MUX_CARRY4_CARRY8                                       | CLB.CARRY.CARRY8  |
    | grp_node_0_0_Pipeline_l_S_t_1_t_fu_256/hsub_16ns_16ns_16_3_no_dsp_1_U2/node_0_0_hsub_16ns_16ns_16_3_no_dsp_1_ip_u/U0/i_synth/ADDSUB_OP.ADDSUB/LOGIC_SPEED.OP/ALIGN_BLK/FRAC_ADDSUB/LOGIC_ADD.FRAC_ADDSUB/STRUCT_ADD1.ADD1/CHAIN_GEN[1].C_MUX.CARRY_MUX_i_6           | CLB.LUT.LUT6      |
    | grp_node_0_0_Pipeline_l_S_t_1_t_fu_256/hsub_16ns_16ns_16_3_no_dsp_1_U2/node_0_0_hsub_16ns_16ns_16_3_no_dsp_1_ip_u/U0/i_synth/ADDSUB_OP.ADDSUB/LOGIC_SPEED.OP/ALIGN_BLK/FRAC_ADDSUB/LOGIC_ADD.FRAC_ADDSUB/STRUCT_ADD2.ADD1/CHAIN_GEN[1].C_MUX.CARRY_MUX_i_2__3        | CLB.LUT.LUT6      |
    | grp_node_0_0_Pipeline_l_S_t_1_t_fu_256/hsub_16ns_16ns_16_3_no_dsp_1_U2/node_0_0_hsub_16ns_16ns_16_3_no_dsp_1_ip_u/U0/i_synth/ADDSUB_OP.ADDSUB/LOGIC_SPEED.OP/ALIGN_BLK/FRAC_ADDSUB/LOGIC_ADD.FRAC_ADDSUB/STRUCT_ADD2.ADD1/CHAIN_GEN[0].C_MUX.CARRY_MUX_i_7__0        | CLB.LUT.LUT5      |
    | grp_node_0_0_Pipeline_l_S_t_1_t_fu_256/hsub_16ns_16ns_16_3_no_dsp_1_U2/node_0_0_hsub_16ns_16ns_16_3_no_dsp_1_ip_u/U0/i_synth/ADDSUB_OP.ADDSUB/LOGIC_SPEED.OP/ALIGN_BLK/FRAC_ADDSUB/LOGIC_ADD.FRAC_ADDSUB/STRUCT_ADD1.ADD1/CHAIN_GEN[0].C_MUX.CARRY_MUX_i_5__0        | CLB.LUT.LUT6      |
    | grp_node_0_0_Pipeline_l_S_t_1_t_fu_256/hsub_16ns_16ns_16_3_no_dsp_1_U2/node_0_0_hsub_16ns_16ns_16_3_no_dsp_1_ip_u/U0/i_synth/ADDSUB_OP.ADDSUB/LOGIC_SPEED.OP/ALIGN_BLK/FRAC_ADDSUB/LOGIC_ADD.FRAC_ADDSUB/STRUCT_ADD1.ADD1/CHAIN_GEN[0].C_MUX.CARRY_MUX_i_1__9        | CLB.LUT.LUT6      |
    | grp_node_0_0_Pipeline_l_S_t_1_t_fu_256/hsub_16ns_16ns_16_3_no_dsp_1_U2/node_0_0_hsub_16ns_16ns_16_3_no_dsp_1_ip_u/U0/i_synth/ADDSUB_OP.ADDSUB/LOGIC_SPEED.OP/NORM/ROUND/RND_BIT_GEN/NORM_2.RND_CHAIN/CHAIN_GEN[0].C_MUX.CARRY_MUX_CARRY4_CARRY8                      | CLB.CARRY.CARRY8  |
    | grp_node_0_0_Pipeline_l_S_t_1_t_fu_256/hsub_16ns_16ns_16_3_no_dsp_1_U2/node_0_0_hsub_16ns_16ns_16_3_no_dsp_1_ip_u/U0/i_synth/ADDSUB_OP.ADDSUB/LOGIC_SPEED.OP/NORM/ROUND/LOGIC.RND1/CHAIN_GEN[2].C_MUX.CARRY_MUX_CARRY4_CARRY8                                        | CLB.CARRY.CARRY8  |
    | grp_node_0_0_Pipeline_l_S_t_1_t_fu_256/hsub_16ns_16ns_16_3_no_dsp_1_U2/node_0_0_hsub_16ns_16ns_16_3_no_dsp_1_ip_u/U0/i_synth/ADDSUB_OP.ADDSUB/LOGIC_SPEED.OP/NORM/ROUND/LOGIC.RND2/CHAIN_GEN[5].Q_XOR.SUM_XOR_CARRY4_CARRY8                                          | CLB.CARRY.CARRY8  |
    | grp_node_0_0_Pipeline_l_S_t_1_t_fu_256/hsub_16ns_16ns_16_3_no_dsp_1_U2/node_0_0_hsub_16ns_16ns_16_3_no_dsp_1_ip_u/U0/i_synth/ADDSUB_OP.ADDSUB/LOGIC_SPEED.OP/ALIGN_BLK/FRAC_ADDSUB/LOGIC_ADD.FRAC_ADDSUB/STRUCT_ADD1.ADD1/RESULT_REG.NORMAL.exp_op[0]_i_2            | CLB.LUT.LUT6      |
    | grp_node_0_0_Pipeline_l_S_t_1_t_fu_256/hsub_16ns_16ns_16_3_no_dsp_1_U2/node_0_0_hsub_16ns_16ns_16_3_no_dsp_1_ip_u/U0/i_synth/ADDSUB_OP.ADDSUB/LOGIC_SPEED.OP/EXP/EXP_OFF.STRUCT_ADD/RESULT_REG.NORMAL.exp_op[0]_i_1                                                  | CLB.LUT.LUT6      |
    | grp_node_0_0_Pipeline_l_S_t_1_t_fu_256/hsub_16ns_16ns_16_3_no_dsp_1_U2/node_0_0_hsub_16ns_16ns_16_3_no_dsp_1_ip_u/U0/i_synth/ADDSUB_OP.ADDSUB/LOGIC_SPEED.OP/OP/RESULT_REG.NORMAL.exp_op_reg[0]                                                                      | REGISTER.SDR.FDRE |
    | grp_node_0_0_Pipeline_l_S_t_1_t_fu_256/hadd_16ns_16ns_16_3_no_dsp_1_U1/din1_buf1_reg[0]                                                                                                                                                                              | REGISTER.SDR.FDRE |
    | grp_node_0_0_Pipeline_l_S_t_1_t_fu_256/hsub_16ns_16ns_16_3_no_dsp_1_U2/node_0_0_hsub_16ns_16ns_16_3_no_dsp_1_ip_u/U0/i_synth/ADDSUB_OP.ADDSUB/LOGIC_SPEED.OP/EXP/NUMB_CMP/NOT_FAST.CMP/C_CHAIN/CHAIN_GEN[0].C_MUX.CARRY_MUX_i_2__1                                   | CLB.LUT.LUT4      |
    | grp_node_0_0_Pipeline_l_S_t_1_t_fu_256/hsub_16ns_16ns_16_3_no_dsp_1_U2/node_0_0_hsub_16ns_16ns_16_3_no_dsp_1_ip_u/U0/i_synth/ADDSUB_OP.ADDSUB/LOGIC_SPEED.OP/EXP/NUMB_CMP/NOT_FAST.CMP/C_CHAIN/CHAIN_GEN[0].C_MUX.CARRY_MUX_CARRY4_CARRY8                            | CLB.CARRY.CARRY8  |
    | grp_node_0_0_Pipeline_l_S_t_1_t_fu_256/hsub_16ns_16ns_16_3_no_dsp_1_U2/node_0_0_hsub_16ns_16ns_16_3_no_dsp_1_ip_u/U0/i_synth/ADDSUB_OP.ADDSUB/LOGIC_SPEED.OP/EXP/NUMB_CMP/NOT_FAST.CMP/C_CHAIN/CHAIN_GEN[1].C_MUX.CARRY_MUX_i_2__2                                   | CLB.LUT.LUT6      |
    | grp_node_0_0_Pipeline_l_S_t_1_t_fu_256/hsub_16ns_16ns_16_3_no_dsp_1_U2/node_0_0_hsub_16ns_16ns_16_3_no_dsp_1_ip_u/U0/i_synth/ADDSUB_OP.ADDSUB/LOGIC_SPEED.OP/EXP/NUMB_CMP/NOT_FAST.CMP/C_CHAIN/CHAIN_GEN[1].C_MUX.CARRY_MUX_i_1__1                                   | CLB.LUT.LUT4      |
    | grp_node_0_0_Pipeline_l_S_t_1_t_fu_256/hsub_16ns_16ns_16_3_no_dsp_1_U2/node_0_0_hsub_16ns_16ns_16_3_no_dsp_1_ip_u/U0/i_synth/ADDSUB_OP.ADDSUB/LOGIC_SPEED.OP/ALIGN_BLK/ALIGN_SHIFT/ALIGN_Z_D/EQ_ZERO/CARRY_ZERO_DET/CHAIN_GEN[0].C_MUX.CARRY_MUX_CARRY4_CARRY8       | CLB.CARRY.CARRY8  |
    | grp_node_0_0_Pipeline_l_S_t_1_t_fu_256/hsub_16ns_16ns_16_3_no_dsp_1_U2/node_0_0_hsub_16ns_16ns_16_3_no_dsp_1_ip_u/U0/i_synth/ADDSUB_OP.ADDSUB/LOGIC_SPEED.OP/ALIGN_BLK/ALIGN_SHIFT/ALIGN_Z_D/EQ_ZERO/CARRY_ZERO_DET/STRUCT_ADD1.CARRY_MUX2_i_7                       | CLB.LUT.LUT5      |
    | grp_node_0_0_Pipeline_l_S_t_1_t_fu_256/hsub_16ns_16ns_16_3_no_dsp_1_U2/node_0_0_hsub_16ns_16ns_16_3_no_dsp_1_ip_u/U0/i_synth/ADDSUB_OP.ADDSUB/LOGIC_SPEED.OP/EXP/NUMB_CMP/NOT_FAST.CMP/C_CHAIN/STRUCT_ADD1.CARRY_MUX2_i_1                                            | CLB.LUT.LUT6      |
    | grp_node_0_0_Pipeline_l_S_t_1_t_fu_256/hsub_16ns_16ns_16_3_no_dsp_1_U2/node_0_0_hsub_16ns_16ns_16_3_no_dsp_1_ip_u/U0/i_synth/ADDSUB_OP.ADDSUB/LOGIC_SPEED.OP/ALIGN_BLK/FRAC_ADDSUB/LOGIC_ADD.FRAC_ADDSUB/STRUCT_ADD1.CARRY_MUX1_CARRY4_CARRY8                        | CLB.CARRY.CARRY8  |
    | grp_node_0_0_Pipeline_l_S_t_1_t_fu_256/hsub_16ns_16ns_16_3_no_dsp_1_U2/node_0_0_hsub_16ns_16ns_16_3_no_dsp_1_ip_u/U0/i_synth/ADDSUB_OP.ADDSUB/LOGIC_SPEED.OP/ALIGN_BLK/FRAC_ADDSUB/LOGIC_ADD.FRAC_ADDSUB/STRUCT_ADD2.ADD1/CHAIN_GEN[0].C_MUX.CARRY_MUX_CARRY4_CARRY8 | CLB.CARRY.CARRY8  |
    | grp_node_0_0_Pipeline_l_S_t_1_t_fu_256/hsub_16ns_16ns_16_3_no_dsp_1_U2/node_0_0_hsub_16ns_16ns_16_3_no_dsp_1_ip_u/U0/i_synth/ADDSUB_OP.ADDSUB/LOGIC_SPEED.OP/ALIGN_BLK/FRAC_ADDSUB/LOGIC_ADD.FRAC_ADDSUB/STRUCT_ADD2.ADD1/CHAIN_GEN[0].C_MUX.CARRY_MUX_i_1__5        | CLB.LUT.LUT4      |
    | grp_node_0_0_Pipeline_l_S_t_1_t_fu_256/hsub_16ns_16ns_16_3_no_dsp_1_U2/node_0_0_hsub_16ns_16ns_16_3_no_dsp_1_ip_u/U0/i_synth/ADDSUB_OP.ADDSUB/LOGIC_SPEED.OP/NORM/LZE/ZERO_DET_CC_1/CHAIN_GEN[0].C_MUX.CARRY_MUX_CARRY4_CARRY8                                       | CLB.CARRY.CARRY8  |
    | grp_node_0_0_Pipeline_l_S_t_1_t_fu_256/hsub_16ns_16ns_16_3_no_dsp_1_U2/node_0_0_hsub_16ns_16ns_16_3_no_dsp_1_ip_u/U0/i_synth/ADDSUB_OP.ADDSUB/LOGIC_SPEED.OP/ALIGN_BLK/FRAC_ADDSUB/LOGIC_ADD.FRAC_ADDSUB/STRUCT_ADD1.ADD1/CHAIN_GEN[1].C_MUX.CARRY_MUX_i_6           | CLB.LUT.LUT6      |
    | grp_node_0_0_Pipeline_l_S_t_1_t_fu_256/hsub_16ns_16ns_16_3_no_dsp_1_U2/node_0_0_hsub_16ns_16ns_16_3_no_dsp_1_ip_u/U0/i_synth/ADDSUB_OP.ADDSUB/LOGIC_SPEED.OP/ALIGN_BLK/FRAC_ADDSUB/LOGIC_ADD.FRAC_ADDSUB/STRUCT_ADD2.ADD1/CHAIN_GEN[1].C_MUX.CARRY_MUX_i_2__3        | CLB.LUT.LUT6      |
    | grp_node_0_0_Pipeline_l_S_t_1_t_fu_256/hsub_16ns_16ns_16_3_no_dsp_1_U2/node_0_0_hsub_16ns_16ns_16_3_no_dsp_1_ip_u/U0/i_synth/ADDSUB_OP.ADDSUB/LOGIC_SPEED.OP/ALIGN_BLK/FRAC_ADDSUB/LOGIC_ADD.FRAC_ADDSUB/STRUCT_ADD2.ADD1/CHAIN_GEN[0].C_MUX.CARRY_MUX_i_7__0        | CLB.LUT.LUT5      |
    | grp_node_0_0_Pipeline_l_S_t_1_t_fu_256/hsub_16ns_16ns_16_3_no_dsp_1_U2/node_0_0_hsub_16ns_16ns_16_3_no_dsp_1_ip_u/U0/i_synth/ADDSUB_OP.ADDSUB/LOGIC_SPEED.OP/ALIGN_BLK/FRAC_ADDSUB/LOGIC_ADD.FRAC_ADDSUB/STRUCT_ADD1.ADD1/CHAIN_GEN[0].C_MUX.CARRY_MUX_i_5__0        | CLB.LUT.LUT6      |
    | grp_node_0_0_Pipeline_l_S_t_1_t_fu_256/hsub_16ns_16ns_16_3_no_dsp_1_U2/node_0_0_hsub_16ns_16ns_16_3_no_dsp_1_ip_u/U0/i_synth/ADDSUB_OP.ADDSUB/LOGIC_SPEED.OP/ALIGN_BLK/FRAC_ADDSUB/LOGIC_ADD.FRAC_ADDSUB/STRUCT_ADD1.ADD1/CHAIN_GEN[0].C_MUX.CARRY_MUX_i_1__9        | CLB.LUT.LUT6      |
    | grp_node_0_0_Pipeline_l_S_t_1_t_fu_256/hsub_16ns_16ns_16_3_no_dsp_1_U2/node_0_0_hsub_16ns_16ns_16_3_no_dsp_1_ip_u/U0/i_synth/ADDSUB_OP.ADDSUB/LOGIC_SPEED.OP/NORM/ROUND/RND_BIT_GEN/NORM_2.RND_CHAIN/CHAIN_GEN[0].C_MUX.CARRY_MUX_CARRY4_CARRY8                      | CLB.CARRY.CARRY8  |
    | grp_node_0_0_Pipeline_l_S_t_1_t_fu_256/hsub_16ns_16ns_16_3_no_dsp_1_U2/node_0_0_hsub_16ns_16ns_16_3_no_dsp_1_ip_u/U0/i_synth/ADDSUB_OP.ADDSUB/LOGIC_SPEED.OP/NORM/ROUND/LOGIC.RND1/CHAIN_GEN[2].C_MUX.CARRY_MUX_CARRY4_CARRY8                                        | CLB.CARRY.CARRY8  |
    | grp_node_0_0_Pipeline_l_S_t_1_t_fu_256/hsub_16ns_16ns_16_3_no_dsp_1_U2/node_0_0_hsub_16ns_16ns_16_3_no_dsp_1_ip_u/U0/i_synth/ADDSUB_OP.ADDSUB/LOGIC_SPEED.OP/NORM/ROUND/LOGIC.RND2/CHAIN_GEN[5].Q_XOR.SUM_XOR_CARRY4_CARRY8                                          | CLB.CARRY.CARRY8  |
    | grp_node_0_0_Pipeline_l_S_t_1_t_fu_256/hsub_16ns_16ns_16_3_no_dsp_1_U2/node_0_0_hsub_16ns_16ns_16_3_no_dsp_1_ip_u/U0/i_synth/ADDSUB_OP.ADDSUB/LOGIC_SPEED.OP/EXP/EXP_OFF.STRUCT_ADD/RESULT_REG.NORMAL.exp_op[1]_i_2                                                  | CLB.LUT.LUT5      |
    | grp_node_0_0_Pipeline_l_S_t_1_t_fu_256/hsub_16ns_16ns_16_3_no_dsp_1_U2/node_0_0_hsub_16ns_16ns_16_3_no_dsp_1_ip_u/U0/i_synth/ADDSUB_OP.ADDSUB/LOGIC_SPEED.OP/EXP/EXP_OFF.STRUCT_ADD/RESULT_REG.NORMAL.exp_op[1]_i_1                                                  | CLB.LUT.LUT6      |
    | grp_node_0_0_Pipeline_l_S_t_1_t_fu_256/hsub_16ns_16ns_16_3_no_dsp_1_U2/node_0_0_hsub_16ns_16ns_16_3_no_dsp_1_ip_u/U0/i_synth/ADDSUB_OP.ADDSUB/LOGIC_SPEED.OP/OP/RESULT_REG.NORMAL.exp_op_reg[1]                                                                      | REGISTER.SDR.FDRE |
    | grp_node_0_0_Pipeline_l_S_t_1_t_fu_256/hadd_16ns_16ns_16_3_no_dsp_1_U1/din1_buf1_reg[0]                                                                                                                                                                              | REGISTER.SDR.FDRE |
    | grp_node_0_0_Pipeline_l_S_t_1_t_fu_256/hsub_16ns_16ns_16_3_no_dsp_1_U2/node_0_0_hsub_16ns_16ns_16_3_no_dsp_1_ip_u/U0/i_synth/ADDSUB_OP.ADDSUB/LOGIC_SPEED.OP/EXP/NUMB_CMP/NOT_FAST.CMP/C_CHAIN/CHAIN_GEN[0].C_MUX.CARRY_MUX_i_2__1                                   | CLB.LUT.LUT4      |
    | grp_node_0_0_Pipeline_l_S_t_1_t_fu_256/hsub_16ns_16ns_16_3_no_dsp_1_U2/node_0_0_hsub_16ns_16ns_16_3_no_dsp_1_ip_u/U0/i_synth/ADDSUB_OP.ADDSUB/LOGIC_SPEED.OP/EXP/NUMB_CMP/NOT_FAST.CMP/C_CHAIN/CHAIN_GEN[0].C_MUX.CARRY_MUX_CARRY4_CARRY8                            | CLB.CARRY.CARRY8  |
    | grp_node_0_0_Pipeline_l_S_t_1_t_fu_256/hsub_16ns_16ns_16_3_no_dsp_1_U2/node_0_0_hsub_16ns_16ns_16_3_no_dsp_1_ip_u/U0/i_synth/ADDSUB_OP.ADDSUB/LOGIC_SPEED.OP/EXP/NUMB_CMP/NOT_FAST.CMP/C_CHAIN/CHAIN_GEN[1].C_MUX.CARRY_MUX_i_2__2                                   | CLB.LUT.LUT6      |
    | grp_node_0_0_Pipeline_l_S_t_1_t_fu_256/hsub_16ns_16ns_16_3_no_dsp_1_U2/node_0_0_hsub_16ns_16ns_16_3_no_dsp_1_ip_u/U0/i_synth/ADDSUB_OP.ADDSUB/LOGIC_SPEED.OP/EXP/NUMB_CMP/NOT_FAST.CMP/C_CHAIN/CHAIN_GEN[1].C_MUX.CARRY_MUX_i_1__1                                   | CLB.LUT.LUT4      |
    | grp_node_0_0_Pipeline_l_S_t_1_t_fu_256/hsub_16ns_16ns_16_3_no_dsp_1_U2/node_0_0_hsub_16ns_16ns_16_3_no_dsp_1_ip_u/U0/i_synth/ADDSUB_OP.ADDSUB/LOGIC_SPEED.OP/ALIGN_BLK/ALIGN_SHIFT/ALIGN_Z_D/EQ_ZERO/CARRY_ZERO_DET/CHAIN_GEN[0].C_MUX.CARRY_MUX_CARRY4_CARRY8       | CLB.CARRY.CARRY8  |
    | grp_node_0_0_Pipeline_l_S_t_1_t_fu_256/hsub_16ns_16ns_16_3_no_dsp_1_U2/node_0_0_hsub_16ns_16ns_16_3_no_dsp_1_ip_u/U0/i_synth/ADDSUB_OP.ADDSUB/LOGIC_SPEED.OP/ALIGN_BLK/ALIGN_SHIFT/ALIGN_Z_D/EQ_ZERO/CARRY_ZERO_DET/STRUCT_ADD1.CARRY_MUX2_i_7                       | CLB.LUT.LUT5      |
    | grp_node_0_0_Pipeline_l_S_t_1_t_fu_256/hsub_16ns_16ns_16_3_no_dsp_1_U2/node_0_0_hsub_16ns_16ns_16_3_no_dsp_1_ip_u/U0/i_synth/ADDSUB_OP.ADDSUB/LOGIC_SPEED.OP/EXP/NUMB_CMP/NOT_FAST.CMP/C_CHAIN/STRUCT_ADD1.CARRY_MUX2_i_1                                            | CLB.LUT.LUT6      |
    | grp_node_0_0_Pipeline_l_S_t_1_t_fu_256/hsub_16ns_16ns_16_3_no_dsp_1_U2/node_0_0_hsub_16ns_16ns_16_3_no_dsp_1_ip_u/U0/i_synth/ADDSUB_OP.ADDSUB/LOGIC_SPEED.OP/ALIGN_BLK/FRAC_ADDSUB/LOGIC_ADD.FRAC_ADDSUB/STRUCT_ADD1.CARRY_MUX1_CARRY4_CARRY8                        | CLB.CARRY.CARRY8  |
    | grp_node_0_0_Pipeline_l_S_t_1_t_fu_256/hsub_16ns_16ns_16_3_no_dsp_1_U2/node_0_0_hsub_16ns_16ns_16_3_no_dsp_1_ip_u/U0/i_synth/ADDSUB_OP.ADDSUB/LOGIC_SPEED.OP/ALIGN_BLK/FRAC_ADDSUB/LOGIC_ADD.FRAC_ADDSUB/STRUCT_ADD2.ADD1/CHAIN_GEN[0].C_MUX.CARRY_MUX_CARRY4_CARRY8 | CLB.CARRY.CARRY8  |
    | grp_node_0_0_Pipeline_l_S_t_1_t_fu_256/hsub_16ns_16ns_16_3_no_dsp_1_U2/node_0_0_hsub_16ns_16ns_16_3_no_dsp_1_ip_u/U0/i_synth/ADDSUB_OP.ADDSUB/LOGIC_SPEED.OP/ALIGN_BLK/FRAC_ADDSUB/LOGIC_ADD.FRAC_ADDSUB/STRUCT_ADD2.ADD1/CHAIN_GEN[0].C_MUX.CARRY_MUX_i_1__5        | CLB.LUT.LUT4      |
    | grp_node_0_0_Pipeline_l_S_t_1_t_fu_256/hsub_16ns_16ns_16_3_no_dsp_1_U2/node_0_0_hsub_16ns_16ns_16_3_no_dsp_1_ip_u/U0/i_synth/ADDSUB_OP.ADDSUB/LOGIC_SPEED.OP/NORM/LZE/ZERO_DET_CC_1/CHAIN_GEN[0].C_MUX.CARRY_MUX_CARRY4_CARRY8                                       | CLB.CARRY.CARRY8  |
    | grp_node_0_0_Pipeline_l_S_t_1_t_fu_256/hsub_16ns_16ns_16_3_no_dsp_1_U2/node_0_0_hsub_16ns_16ns_16_3_no_dsp_1_ip_u/U0/i_synth/ADDSUB_OP.ADDSUB/LOGIC_SPEED.OP/ALIGN_BLK/FRAC_ADDSUB/LOGIC_ADD.FRAC_ADDSUB/STRUCT_ADD1.ADD1/CHAIN_GEN[1].C_MUX.CARRY_MUX_i_6           | CLB.LUT.LUT6      |
    | grp_node_0_0_Pipeline_l_S_t_1_t_fu_256/hsub_16ns_16ns_16_3_no_dsp_1_U2/node_0_0_hsub_16ns_16ns_16_3_no_dsp_1_ip_u/U0/i_synth/ADDSUB_OP.ADDSUB/LOGIC_SPEED.OP/ALIGN_BLK/FRAC_ADDSUB/LOGIC_ADD.FRAC_ADDSUB/STRUCT_ADD2.ADD1/CHAIN_GEN[1].C_MUX.CARRY_MUX_i_2__3        | CLB.LUT.LUT6      |
    | grp_node_0_0_Pipeline_l_S_t_1_t_fu_256/hsub_16ns_16ns_16_3_no_dsp_1_U2/node_0_0_hsub_16ns_16ns_16_3_no_dsp_1_ip_u/U0/i_synth/ADDSUB_OP.ADDSUB/LOGIC_SPEED.OP/ALIGN_BLK/FRAC_ADDSUB/LOGIC_ADD.FRAC_ADDSUB/STRUCT_ADD2.ADD1/CHAIN_GEN[0].C_MUX.CARRY_MUX_i_7__0        | CLB.LUT.LUT5      |
    | grp_node_0_0_Pipeline_l_S_t_1_t_fu_256/hsub_16ns_16ns_16_3_no_dsp_1_U2/node_0_0_hsub_16ns_16ns_16_3_no_dsp_1_ip_u/U0/i_synth/ADDSUB_OP.ADDSUB/LOGIC_SPEED.OP/ALIGN_BLK/FRAC_ADDSUB/LOGIC_ADD.FRAC_ADDSUB/STRUCT_ADD1.ADD1/CHAIN_GEN[0].C_MUX.CARRY_MUX_i_5__0        | CLB.LUT.LUT6      |
    | grp_node_0_0_Pipeline_l_S_t_1_t_fu_256/hsub_16ns_16ns_16_3_no_dsp_1_U2/node_0_0_hsub_16ns_16ns_16_3_no_dsp_1_ip_u/U0/i_synth/ADDSUB_OP.ADDSUB/LOGIC_SPEED.OP/ALIGN_BLK/FRAC_ADDSUB/LOGIC_ADD.FRAC_ADDSUB/STRUCT_ADD1.ADD1/CHAIN_GEN[0].C_MUX.CARRY_MUX_i_1__9        | CLB.LUT.LUT6      |
    | grp_node_0_0_Pipeline_l_S_t_1_t_fu_256/hsub_16ns_16ns_16_3_no_dsp_1_U2/node_0_0_hsub_16ns_16ns_16_3_no_dsp_1_ip_u/U0/i_synth/ADDSUB_OP.ADDSUB/LOGIC_SPEED.OP/NORM/ROUND/RND_BIT_GEN/NORM_2.RND_CHAIN/CHAIN_GEN[0].C_MUX.CARRY_MUX_CARRY4_CARRY8                      | CLB.CARRY.CARRY8  |
    | grp_node_0_0_Pipeline_l_S_t_1_t_fu_256/hsub_16ns_16ns_16_3_no_dsp_1_U2/node_0_0_hsub_16ns_16ns_16_3_no_dsp_1_ip_u/U0/i_synth/ADDSUB_OP.ADDSUB/LOGIC_SPEED.OP/NORM/ROUND/LOGIC.RND1/CHAIN_GEN[2].C_MUX.CARRY_MUX_CARRY4_CARRY8                                        | CLB.CARRY.CARRY8  |
    | grp_node_0_0_Pipeline_l_S_t_1_t_fu_256/hsub_16ns_16ns_16_3_no_dsp_1_U2/node_0_0_hsub_16ns_16ns_16_3_no_dsp_1_ip_u/U0/i_synth/ADDSUB_OP.ADDSUB/LOGIC_SPEED.OP/NORM/ROUND/LOGIC.RND2/CHAIN_GEN[5].Q_XOR.SUM_XOR_CARRY4_CARRY8                                          | CLB.CARRY.CARRY8  |
    | grp_node_0_0_Pipeline_l_S_t_1_t_fu_256/hsub_16ns_16ns_16_3_no_dsp_1_U2/node_0_0_hsub_16ns_16ns_16_3_no_dsp_1_ip_u/U0/i_synth/ADDSUB_OP.ADDSUB/LOGIC_SPEED.OP/ALIGN_BLK/FRAC_ADDSUB/LOGIC_ADD.FRAC_ADDSUB/STRUCT_ADD1.ADD1/RESULT_REG.NORMAL.exp_op[2]_i_2            | CLB.LUT.LUT6      |
    | grp_node_0_0_Pipeline_l_S_t_1_t_fu_256/hsub_16ns_16ns_16_3_no_dsp_1_U2/node_0_0_hsub_16ns_16ns_16_3_no_dsp_1_ip_u/U0/i_synth/ADDSUB_OP.ADDSUB/LOGIC_SPEED.OP/ALIGN_BLK/FRAC_ADDSUB/LOGIC_ADD.FRAC_ADDSUB/STRUCT_ADD1.ADD1/RESULT_REG.NORMAL.exp_op[2]_i_1            | CLB.LUT.LUT6      |
    | grp_node_0_0_Pipeline_l_S_t_1_t_fu_256/hsub_16ns_16ns_16_3_no_dsp_1_U2/node_0_0_hsub_16ns_16ns_16_3_no_dsp_1_ip_u/U0/i_synth/ADDSUB_OP.ADDSUB/LOGIC_SPEED.OP/OP/RESULT_REG.NORMAL.exp_op_reg[2]                                                                      | REGISTER.SDR.FDRE |
    | grp_node_0_0_Pipeline_l_S_t_1_t_fu_256/hadd_16ns_16ns_16_3_no_dsp_1_U1/din1_buf1_reg[0]                                                                                                                                                                              | REGISTER.SDR.FDRE |
    | grp_node_0_0_Pipeline_l_S_t_1_t_fu_256/hsub_16ns_16ns_16_3_no_dsp_1_U2/node_0_0_hsub_16ns_16ns_16_3_no_dsp_1_ip_u/U0/i_synth/ADDSUB_OP.ADDSUB/LOGIC_SPEED.OP/EXP/NUMB_CMP/NOT_FAST.CMP/C_CHAIN/CHAIN_GEN[0].C_MUX.CARRY_MUX_i_2__1                                   | CLB.LUT.LUT4      |
    | grp_node_0_0_Pipeline_l_S_t_1_t_fu_256/hsub_16ns_16ns_16_3_no_dsp_1_U2/node_0_0_hsub_16ns_16ns_16_3_no_dsp_1_ip_u/U0/i_synth/ADDSUB_OP.ADDSUB/LOGIC_SPEED.OP/EXP/NUMB_CMP/NOT_FAST.CMP/C_CHAIN/CHAIN_GEN[0].C_MUX.CARRY_MUX_CARRY4_CARRY8                            | CLB.CARRY.CARRY8  |
    | grp_node_0_0_Pipeline_l_S_t_1_t_fu_256/hsub_16ns_16ns_16_3_no_dsp_1_U2/node_0_0_hsub_16ns_16ns_16_3_no_dsp_1_ip_u/U0/i_synth/ADDSUB_OP.ADDSUB/LOGIC_SPEED.OP/EXP/NUMB_CMP/NOT_FAST.CMP/C_CHAIN/CHAIN_GEN[1].C_MUX.CARRY_MUX_i_2__2                                   | CLB.LUT.LUT6      |
    | grp_node_0_0_Pipeline_l_S_t_1_t_fu_256/hsub_16ns_16ns_16_3_no_dsp_1_U2/node_0_0_hsub_16ns_16ns_16_3_no_dsp_1_ip_u/U0/i_synth/ADDSUB_OP.ADDSUB/LOGIC_SPEED.OP/EXP/NUMB_CMP/NOT_FAST.CMP/C_CHAIN/CHAIN_GEN[1].C_MUX.CARRY_MUX_i_1__1                                   | CLB.LUT.LUT4      |
    | grp_node_0_0_Pipeline_l_S_t_1_t_fu_256/hsub_16ns_16ns_16_3_no_dsp_1_U2/node_0_0_hsub_16ns_16ns_16_3_no_dsp_1_ip_u/U0/i_synth/ADDSUB_OP.ADDSUB/LOGIC_SPEED.OP/ALIGN_BLK/ALIGN_SHIFT/ALIGN_Z_D/EQ_ZERO/CARRY_ZERO_DET/CHAIN_GEN[0].C_MUX.CARRY_MUX_CARRY4_CARRY8       | CLB.CARRY.CARRY8  |
    | grp_node_0_0_Pipeline_l_S_t_1_t_fu_256/hsub_16ns_16ns_16_3_no_dsp_1_U2/node_0_0_hsub_16ns_16ns_16_3_no_dsp_1_ip_u/U0/i_synth/ADDSUB_OP.ADDSUB/LOGIC_SPEED.OP/ALIGN_BLK/ALIGN_SHIFT/ALIGN_Z_D/EQ_ZERO/CARRY_ZERO_DET/STRUCT_ADD1.CARRY_MUX2_i_7                       | CLB.LUT.LUT5      |
    | grp_node_0_0_Pipeline_l_S_t_1_t_fu_256/hsub_16ns_16ns_16_3_no_dsp_1_U2/node_0_0_hsub_16ns_16ns_16_3_no_dsp_1_ip_u/U0/i_synth/ADDSUB_OP.ADDSUB/LOGIC_SPEED.OP/EXP/NUMB_CMP/NOT_FAST.CMP/C_CHAIN/STRUCT_ADD1.CARRY_MUX2_i_1                                            | CLB.LUT.LUT6      |
    | grp_node_0_0_Pipeline_l_S_t_1_t_fu_256/hsub_16ns_16ns_16_3_no_dsp_1_U2/node_0_0_hsub_16ns_16ns_16_3_no_dsp_1_ip_u/U0/i_synth/ADDSUB_OP.ADDSUB/LOGIC_SPEED.OP/ALIGN_BLK/FRAC_ADDSUB/LOGIC_ADD.FRAC_ADDSUB/STRUCT_ADD1.CARRY_MUX1_CARRY4_CARRY8                        | CLB.CARRY.CARRY8  |
    | grp_node_0_0_Pipeline_l_S_t_1_t_fu_256/hsub_16ns_16ns_16_3_no_dsp_1_U2/node_0_0_hsub_16ns_16ns_16_3_no_dsp_1_ip_u/U0/i_synth/ADDSUB_OP.ADDSUB/LOGIC_SPEED.OP/ALIGN_BLK/FRAC_ADDSUB/LOGIC_ADD.FRAC_ADDSUB/STRUCT_ADD2.ADD1/CHAIN_GEN[0].C_MUX.CARRY_MUX_CARRY4_CARRY8 | CLB.CARRY.CARRY8  |
    | grp_node_0_0_Pipeline_l_S_t_1_t_fu_256/hsub_16ns_16ns_16_3_no_dsp_1_U2/node_0_0_hsub_16ns_16ns_16_3_no_dsp_1_ip_u/U0/i_synth/ADDSUB_OP.ADDSUB/LOGIC_SPEED.OP/ALIGN_BLK/FRAC_ADDSUB/LOGIC_ADD.FRAC_ADDSUB/STRUCT_ADD2.ADD1/CHAIN_GEN[0].C_MUX.CARRY_MUX_i_1__5        | CLB.LUT.LUT4      |
    | grp_node_0_0_Pipeline_l_S_t_1_t_fu_256/hsub_16ns_16ns_16_3_no_dsp_1_U2/node_0_0_hsub_16ns_16ns_16_3_no_dsp_1_ip_u/U0/i_synth/ADDSUB_OP.ADDSUB/LOGIC_SPEED.OP/NORM/LZE/ZERO_DET_CC_1/CHAIN_GEN[0].C_MUX.CARRY_MUX_CARRY4_CARRY8                                       | CLB.CARRY.CARRY8  |
    | grp_node_0_0_Pipeline_l_S_t_1_t_fu_256/hsub_16ns_16ns_16_3_no_dsp_1_U2/node_0_0_hsub_16ns_16ns_16_3_no_dsp_1_ip_u/U0/i_synth/ADDSUB_OP.ADDSUB/LOGIC_SPEED.OP/ALIGN_BLK/FRAC_ADDSUB/LOGIC_ADD.FRAC_ADDSUB/STRUCT_ADD1.ADD1/CHAIN_GEN[1].C_MUX.CARRY_MUX_i_6           | CLB.LUT.LUT6      |
    | grp_node_0_0_Pipeline_l_S_t_1_t_fu_256/hsub_16ns_16ns_16_3_no_dsp_1_U2/node_0_0_hsub_16ns_16ns_16_3_no_dsp_1_ip_u/U0/i_synth/ADDSUB_OP.ADDSUB/LOGIC_SPEED.OP/ALIGN_BLK/FRAC_ADDSUB/LOGIC_ADD.FRAC_ADDSUB/STRUCT_ADD2.ADD1/CHAIN_GEN[1].C_MUX.CARRY_MUX_i_2__3        | CLB.LUT.LUT6      |
    | grp_node_0_0_Pipeline_l_S_t_1_t_fu_256/hsub_16ns_16ns_16_3_no_dsp_1_U2/node_0_0_hsub_16ns_16ns_16_3_no_dsp_1_ip_u/U0/i_synth/ADDSUB_OP.ADDSUB/LOGIC_SPEED.OP/ALIGN_BLK/FRAC_ADDSUB/LOGIC_ADD.FRAC_ADDSUB/STRUCT_ADD2.ADD1/CHAIN_GEN[0].C_MUX.CARRY_MUX_i_7__0        | CLB.LUT.LUT5      |
    | grp_node_0_0_Pipeline_l_S_t_1_t_fu_256/hsub_16ns_16ns_16_3_no_dsp_1_U2/node_0_0_hsub_16ns_16ns_16_3_no_dsp_1_ip_u/U0/i_synth/ADDSUB_OP.ADDSUB/LOGIC_SPEED.OP/ALIGN_BLK/FRAC_ADDSUB/LOGIC_ADD.FRAC_ADDSUB/STRUCT_ADD1.ADD1/CHAIN_GEN[0].C_MUX.CARRY_MUX_i_5__0        | CLB.LUT.LUT6      |
    | grp_node_0_0_Pipeline_l_S_t_1_t_fu_256/hsub_16ns_16ns_16_3_no_dsp_1_U2/node_0_0_hsub_16ns_16ns_16_3_no_dsp_1_ip_u/U0/i_synth/ADDSUB_OP.ADDSUB/LOGIC_SPEED.OP/ALIGN_BLK/FRAC_ADDSUB/LOGIC_ADD.FRAC_ADDSUB/STRUCT_ADD1.ADD1/CHAIN_GEN[0].C_MUX.CARRY_MUX_i_1__9        | CLB.LUT.LUT6      |
    | grp_node_0_0_Pipeline_l_S_t_1_t_fu_256/hsub_16ns_16ns_16_3_no_dsp_1_U2/node_0_0_hsub_16ns_16ns_16_3_no_dsp_1_ip_u/U0/i_synth/ADDSUB_OP.ADDSUB/LOGIC_SPEED.OP/NORM/ROUND/RND_BIT_GEN/NORM_2.RND_CHAIN/CHAIN_GEN[0].C_MUX.CARRY_MUX_CARRY4_CARRY8                      | CLB.CARRY.CARRY8  |
    | grp_node_0_0_Pipeline_l_S_t_1_t_fu_256/hsub_16ns_16ns_16_3_no_dsp_1_U2/node_0_0_hsub_16ns_16ns_16_3_no_dsp_1_ip_u/U0/i_synth/ADDSUB_OP.ADDSUB/LOGIC_SPEED.OP/NORM/ROUND/LOGIC.RND1/CHAIN_GEN[2].C_MUX.CARRY_MUX_CARRY4_CARRY8                                        | CLB.CARRY.CARRY8  |
    | grp_node_0_0_Pipeline_l_S_t_1_t_fu_256/hsub_16ns_16ns_16_3_no_dsp_1_U2/node_0_0_hsub_16ns_16ns_16_3_no_dsp_1_ip_u/U0/i_synth/ADDSUB_OP.ADDSUB/LOGIC_SPEED.OP/NORM/ROUND/LOGIC.RND2/CHAIN_GEN[5].Q_XOR.SUM_XOR_CARRY4_CARRY8                                          | CLB.CARRY.CARRY8  |
    | grp_node_0_0_Pipeline_l_S_t_1_t_fu_256/hsub_16ns_16ns_16_3_no_dsp_1_U2/node_0_0_hsub_16ns_16ns_16_3_no_dsp_1_ip_u/U0/i_synth/ADDSUB_OP.ADDSUB/LOGIC_SPEED.OP/NORM/LZE/ZERO_DET_CC_1/RESULT_REG.NORMAL.exp_op[4]_i_3                                                  | CLB.LUT.LUT6      |
    | grp_node_0_0_Pipeline_l_S_t_1_t_fu_256/hsub_16ns_16ns_16_3_no_dsp_1_U2/node_0_0_hsub_16ns_16ns_16_3_no_dsp_1_ip_u/U0/i_synth/ADDSUB_OP.ADDSUB/LOGIC_SPEED.OP/EXP/EXP_OFF.STRUCT_ADD/RESULT_REG.NORMAL.exp_op[3]_i_1                                                  | CLB.LUT.LUT6      |
    | grp_node_0_0_Pipeline_l_S_t_1_t_fu_256/hsub_16ns_16ns_16_3_no_dsp_1_U2/node_0_0_hsub_16ns_16ns_16_3_no_dsp_1_ip_u/U0/i_synth/ADDSUB_OP.ADDSUB/LOGIC_SPEED.OP/OP/RESULT_REG.NORMAL.exp_op_reg[3]                                                                      | REGISTER.SDR.FDRE |
    | grp_node_0_0_Pipeline_l_S_t_1_t_fu_256/hadd_16ns_16ns_16_3_no_dsp_1_U1/din1_buf1_reg[0]                                                                                                                                                                              | REGISTER.SDR.FDRE |
    | grp_node_0_0_Pipeline_l_S_t_1_t_fu_256/hsub_16ns_16ns_16_3_no_dsp_1_U2/node_0_0_hsub_16ns_16ns_16_3_no_dsp_1_ip_u/U0/i_synth/ADDSUB_OP.ADDSUB/LOGIC_SPEED.OP/EXP/NUMB_CMP/NOT_FAST.CMP/C_CHAIN/CHAIN_GEN[0].C_MUX.CARRY_MUX_i_2__1                                   | CLB.LUT.LUT4      |
    | grp_node_0_0_Pipeline_l_S_t_1_t_fu_256/hsub_16ns_16ns_16_3_no_dsp_1_U2/node_0_0_hsub_16ns_16ns_16_3_no_dsp_1_ip_u/U0/i_synth/ADDSUB_OP.ADDSUB/LOGIC_SPEED.OP/EXP/NUMB_CMP/NOT_FAST.CMP/C_CHAIN/CHAIN_GEN[0].C_MUX.CARRY_MUX_CARRY4_CARRY8                            | CLB.CARRY.CARRY8  |
    | grp_node_0_0_Pipeline_l_S_t_1_t_fu_256/hsub_16ns_16ns_16_3_no_dsp_1_U2/node_0_0_hsub_16ns_16ns_16_3_no_dsp_1_ip_u/U0/i_synth/ADDSUB_OP.ADDSUB/LOGIC_SPEED.OP/EXP/NUMB_CMP/NOT_FAST.CMP/C_CHAIN/CHAIN_GEN[1].C_MUX.CARRY_MUX_i_2__2                                   | CLB.LUT.LUT6      |
    | grp_node_0_0_Pipeline_l_S_t_1_t_fu_256/hsub_16ns_16ns_16_3_no_dsp_1_U2/node_0_0_hsub_16ns_16ns_16_3_no_dsp_1_ip_u/U0/i_synth/ADDSUB_OP.ADDSUB/LOGIC_SPEED.OP/EXP/NUMB_CMP/NOT_FAST.CMP/C_CHAIN/CHAIN_GEN[1].C_MUX.CARRY_MUX_i_1__1                                   | CLB.LUT.LUT4      |
    | grp_node_0_0_Pipeline_l_S_t_1_t_fu_256/hsub_16ns_16ns_16_3_no_dsp_1_U2/node_0_0_hsub_16ns_16ns_16_3_no_dsp_1_ip_u/U0/i_synth/ADDSUB_OP.ADDSUB/LOGIC_SPEED.OP/ALIGN_BLK/ALIGN_SHIFT/ALIGN_Z_D/EQ_ZERO/CARRY_ZERO_DET/CHAIN_GEN[0].C_MUX.CARRY_MUX_CARRY4_CARRY8       | CLB.CARRY.CARRY8  |
    | grp_node_0_0_Pipeline_l_S_t_1_t_fu_256/hsub_16ns_16ns_16_3_no_dsp_1_U2/node_0_0_hsub_16ns_16ns_16_3_no_dsp_1_ip_u/U0/i_synth/ADDSUB_OP.ADDSUB/LOGIC_SPEED.OP/ALIGN_BLK/ALIGN_SHIFT/ALIGN_Z_D/EQ_ZERO/CARRY_ZERO_DET/STRUCT_ADD1.CARRY_MUX2_i_7                       | CLB.LUT.LUT5      |
    | grp_node_0_0_Pipeline_l_S_t_1_t_fu_256/hsub_16ns_16ns_16_3_no_dsp_1_U2/node_0_0_hsub_16ns_16ns_16_3_no_dsp_1_ip_u/U0/i_synth/ADDSUB_OP.ADDSUB/LOGIC_SPEED.OP/EXP/NUMB_CMP/NOT_FAST.CMP/C_CHAIN/STRUCT_ADD1.CARRY_MUX2_i_1                                            | CLB.LUT.LUT6      |
    | grp_node_0_0_Pipeline_l_S_t_1_t_fu_256/hsub_16ns_16ns_16_3_no_dsp_1_U2/node_0_0_hsub_16ns_16ns_16_3_no_dsp_1_ip_u/U0/i_synth/ADDSUB_OP.ADDSUB/LOGIC_SPEED.OP/ALIGN_BLK/FRAC_ADDSUB/LOGIC_ADD.FRAC_ADDSUB/STRUCT_ADD1.CARRY_MUX1_CARRY4_CARRY8                        | CLB.CARRY.CARRY8  |
    | grp_node_0_0_Pipeline_l_S_t_1_t_fu_256/hsub_16ns_16ns_16_3_no_dsp_1_U2/node_0_0_hsub_16ns_16ns_16_3_no_dsp_1_ip_u/U0/i_synth/ADDSUB_OP.ADDSUB/LOGIC_SPEED.OP/ALIGN_BLK/FRAC_ADDSUB/LOGIC_ADD.FRAC_ADDSUB/STRUCT_ADD2.ADD1/CHAIN_GEN[0].C_MUX.CARRY_MUX_CARRY4_CARRY8 | CLB.CARRY.CARRY8  |
    | grp_node_0_0_Pipeline_l_S_t_1_t_fu_256/hsub_16ns_16ns_16_3_no_dsp_1_U2/node_0_0_hsub_16ns_16ns_16_3_no_dsp_1_ip_u/U0/i_synth/ADDSUB_OP.ADDSUB/LOGIC_SPEED.OP/ALIGN_BLK/FRAC_ADDSUB/LOGIC_ADD.FRAC_ADDSUB/STRUCT_ADD2.ADD1/CHAIN_GEN[0].C_MUX.CARRY_MUX_i_1__5        | CLB.LUT.LUT4      |
    | grp_node_0_0_Pipeline_l_S_t_1_t_fu_256/hsub_16ns_16ns_16_3_no_dsp_1_U2/node_0_0_hsub_16ns_16ns_16_3_no_dsp_1_ip_u/U0/i_synth/ADDSUB_OP.ADDSUB/LOGIC_SPEED.OP/NORM/LZE/ZERO_DET_CC_1/CHAIN_GEN[0].C_MUX.CARRY_MUX_CARRY4_CARRY8                                       | CLB.CARRY.CARRY8  |
    | grp_node_0_0_Pipeline_l_S_t_1_t_fu_256/hsub_16ns_16ns_16_3_no_dsp_1_U2/node_0_0_hsub_16ns_16ns_16_3_no_dsp_1_ip_u/U0/i_synth/ADDSUB_OP.ADDSUB/LOGIC_SPEED.OP/ALIGN_BLK/FRAC_ADDSUB/LOGIC_ADD.FRAC_ADDSUB/STRUCT_ADD1.ADD1/CHAIN_GEN[1].C_MUX.CARRY_MUX_i_6           | CLB.LUT.LUT6      |
    | grp_node_0_0_Pipeline_l_S_t_1_t_fu_256/hsub_16ns_16ns_16_3_no_dsp_1_U2/node_0_0_hsub_16ns_16ns_16_3_no_dsp_1_ip_u/U0/i_synth/ADDSUB_OP.ADDSUB/LOGIC_SPEED.OP/ALIGN_BLK/FRAC_ADDSUB/LOGIC_ADD.FRAC_ADDSUB/STRUCT_ADD2.ADD1/CHAIN_GEN[1].C_MUX.CARRY_MUX_i_2__3        | CLB.LUT.LUT6      |
    | grp_node_0_0_Pipeline_l_S_t_1_t_fu_256/hsub_16ns_16ns_16_3_no_dsp_1_U2/node_0_0_hsub_16ns_16ns_16_3_no_dsp_1_ip_u/U0/i_synth/ADDSUB_OP.ADDSUB/LOGIC_SPEED.OP/ALIGN_BLK/FRAC_ADDSUB/LOGIC_ADD.FRAC_ADDSUB/STRUCT_ADD2.ADD1/CHAIN_GEN[0].C_MUX.CARRY_MUX_i_7__0        | CLB.LUT.LUT5      |
    | grp_node_0_0_Pipeline_l_S_t_1_t_fu_256/hsub_16ns_16ns_16_3_no_dsp_1_U2/node_0_0_hsub_16ns_16ns_16_3_no_dsp_1_ip_u/U0/i_synth/ADDSUB_OP.ADDSUB/LOGIC_SPEED.OP/ALIGN_BLK/FRAC_ADDSUB/LOGIC_ADD.FRAC_ADDSUB/STRUCT_ADD1.ADD1/CHAIN_GEN[0].C_MUX.CARRY_MUX_i_5__0        | CLB.LUT.LUT6      |
    | grp_node_0_0_Pipeline_l_S_t_1_t_fu_256/hsub_16ns_16ns_16_3_no_dsp_1_U2/node_0_0_hsub_16ns_16ns_16_3_no_dsp_1_ip_u/U0/i_synth/ADDSUB_OP.ADDSUB/LOGIC_SPEED.OP/ALIGN_BLK/FRAC_ADDSUB/LOGIC_ADD.FRAC_ADDSUB/STRUCT_ADD1.ADD1/CHAIN_GEN[0].C_MUX.CARRY_MUX_i_1__9        | CLB.LUT.LUT6      |
    | grp_node_0_0_Pipeline_l_S_t_1_t_fu_256/hsub_16ns_16ns_16_3_no_dsp_1_U2/node_0_0_hsub_16ns_16ns_16_3_no_dsp_1_ip_u/U0/i_synth/ADDSUB_OP.ADDSUB/LOGIC_SPEED.OP/NORM/ROUND/RND_BIT_GEN/NORM_2.RND_CHAIN/CHAIN_GEN[0].C_MUX.CARRY_MUX_CARRY4_CARRY8                      | CLB.CARRY.CARRY8  |
    | grp_node_0_0_Pipeline_l_S_t_1_t_fu_256/hsub_16ns_16ns_16_3_no_dsp_1_U2/node_0_0_hsub_16ns_16ns_16_3_no_dsp_1_ip_u/U0/i_synth/ADDSUB_OP.ADDSUB/LOGIC_SPEED.OP/NORM/ROUND/LOGIC.RND1/CHAIN_GEN[2].C_MUX.CARRY_MUX_CARRY4_CARRY8                                        | CLB.CARRY.CARRY8  |
    | grp_node_0_0_Pipeline_l_S_t_1_t_fu_256/hsub_16ns_16ns_16_3_no_dsp_1_U2/node_0_0_hsub_16ns_16ns_16_3_no_dsp_1_ip_u/U0/i_synth/ADDSUB_OP.ADDSUB/LOGIC_SPEED.OP/NORM/ROUND/LOGIC.RND2/CHAIN_GEN[5].Q_XOR.SUM_XOR_CARRY4_CARRY8                                          | CLB.CARRY.CARRY8  |
    | grp_node_0_0_Pipeline_l_S_t_1_t_fu_256/hsub_16ns_16ns_16_3_no_dsp_1_U2/node_0_0_hsub_16ns_16ns_16_3_no_dsp_1_ip_u/U0/i_synth/ADDSUB_OP.ADDSUB/LOGIC_SPEED.OP/NORM/LZE/ZERO_DET_CC_1/RESULT_REG.NORMAL.exp_op[4]_i_3                                                  | CLB.LUT.LUT6      |
    | grp_node_0_0_Pipeline_l_S_t_1_t_fu_256/hsub_16ns_16ns_16_3_no_dsp_1_U2/node_0_0_hsub_16ns_16ns_16_3_no_dsp_1_ip_u/U0/i_synth/ADDSUB_OP.ADDSUB/LOGIC_SPEED.OP/EXP/EXP_OFF.STRUCT_ADD/RESULT_REG.NORMAL.exp_op[4]_i_1                                                  | CLB.LUT.LUT6      |
    | grp_node_0_0_Pipeline_l_S_t_1_t_fu_256/hsub_16ns_16ns_16_3_no_dsp_1_U2/node_0_0_hsub_16ns_16ns_16_3_no_dsp_1_ip_u/U0/i_synth/ADDSUB_OP.ADDSUB/LOGIC_SPEED.OP/OP/RESULT_REG.NORMAL.exp_op_reg[4]                                                                      | REGISTER.SDR.FDRE |
    | grp_node_0_0_Pipeline_l_S_t_1_t_fu_256/hadd_16ns_16ns_16_3_no_dsp_1_U1/din1_buf1_reg[0]                                                                                                                                                                              | REGISTER.SDR.FDRE |
    | grp_node_0_0_Pipeline_l_S_t_1_t_fu_256/hsub_16ns_16ns_16_3_no_dsp_1_U2/node_0_0_hsub_16ns_16ns_16_3_no_dsp_1_ip_u/U0/i_synth/ADDSUB_OP.ADDSUB/LOGIC_SPEED.OP/EXP/NUMB_CMP/NOT_FAST.CMP/C_CHAIN/CHAIN_GEN[0].C_MUX.CARRY_MUX_i_2__1                                   | CLB.LUT.LUT4      |
    | grp_node_0_0_Pipeline_l_S_t_1_t_fu_256/hsub_16ns_16ns_16_3_no_dsp_1_U2/node_0_0_hsub_16ns_16ns_16_3_no_dsp_1_ip_u/U0/i_synth/ADDSUB_OP.ADDSUB/LOGIC_SPEED.OP/EXP/NUMB_CMP/NOT_FAST.CMP/C_CHAIN/CHAIN_GEN[0].C_MUX.CARRY_MUX_CARRY4_CARRY8                            | CLB.CARRY.CARRY8  |
    | grp_node_0_0_Pipeline_l_S_t_1_t_fu_256/hsub_16ns_16ns_16_3_no_dsp_1_U2/node_0_0_hsub_16ns_16ns_16_3_no_dsp_1_ip_u/U0/i_synth/ADDSUB_OP.ADDSUB/LOGIC_SPEED.OP/EXP/NUMB_CMP/NOT_FAST.CMP/C_CHAIN/CHAIN_GEN[1].C_MUX.CARRY_MUX_i_2__2                                   | CLB.LUT.LUT6      |
    | grp_node_0_0_Pipeline_l_S_t_1_t_fu_256/hsub_16ns_16ns_16_3_no_dsp_1_U2/node_0_0_hsub_16ns_16ns_16_3_no_dsp_1_ip_u/U0/i_synth/ADDSUB_OP.ADDSUB/LOGIC_SPEED.OP/EXP/NUMB_CMP/NOT_FAST.CMP/C_CHAIN/CHAIN_GEN[1].C_MUX.CARRY_MUX_i_1__1                                   | CLB.LUT.LUT4      |
    | grp_node_0_0_Pipeline_l_S_t_1_t_fu_256/hsub_16ns_16ns_16_3_no_dsp_1_U2/node_0_0_hsub_16ns_16ns_16_3_no_dsp_1_ip_u/U0/i_synth/ADDSUB_OP.ADDSUB/LOGIC_SPEED.OP/ALIGN_BLK/ALIGN_SHIFT/ALIGN_Z_D/EQ_ZERO/CARRY_ZERO_DET/CHAIN_GEN[0].C_MUX.CARRY_MUX_CARRY4_CARRY8       | CLB.CARRY.CARRY8  |
    | grp_node_0_0_Pipeline_l_S_t_1_t_fu_256/hsub_16ns_16ns_16_3_no_dsp_1_U2/node_0_0_hsub_16ns_16ns_16_3_no_dsp_1_ip_u/U0/i_synth/ADDSUB_OP.ADDSUB/LOGIC_SPEED.OP/ALIGN_BLK/ALIGN_SHIFT/ALIGN_Z_D/EQ_ZERO/CARRY_ZERO_DET/STRUCT_ADD1.CARRY_MUX2_i_7                       | CLB.LUT.LUT5      |
    | grp_node_0_0_Pipeline_l_S_t_1_t_fu_256/hsub_16ns_16ns_16_3_no_dsp_1_U2/node_0_0_hsub_16ns_16ns_16_3_no_dsp_1_ip_u/U0/i_synth/ADDSUB_OP.ADDSUB/LOGIC_SPEED.OP/EXP/NUMB_CMP/NOT_FAST.CMP/C_CHAIN/STRUCT_ADD1.CARRY_MUX2_i_1                                            | CLB.LUT.LUT6      |
    | grp_node_0_0_Pipeline_l_S_t_1_t_fu_256/hsub_16ns_16ns_16_3_no_dsp_1_U2/node_0_0_hsub_16ns_16ns_16_3_no_dsp_1_ip_u/U0/i_synth/ADDSUB_OP.ADDSUB/LOGIC_SPEED.OP/ALIGN_BLK/FRAC_ADDSUB/LOGIC_ADD.FRAC_ADDSUB/STRUCT_ADD1.CARRY_MUX1_CARRY4_CARRY8                        | CLB.CARRY.CARRY8  |
    | grp_node_0_0_Pipeline_l_S_t_1_t_fu_256/hsub_16ns_16ns_16_3_no_dsp_1_U2/node_0_0_hsub_16ns_16ns_16_3_no_dsp_1_ip_u/U0/i_synth/ADDSUB_OP.ADDSUB/LOGIC_SPEED.OP/ALIGN_BLK/FRAC_ADDSUB/LOGIC_ADD.FRAC_ADDSUB/STRUCT_ADD2.ADD1/CHAIN_GEN[0].C_MUX.CARRY_MUX_CARRY4_CARRY8 | CLB.CARRY.CARRY8  |
    | grp_node_0_0_Pipeline_l_S_t_1_t_fu_256/hsub_16ns_16ns_16_3_no_dsp_1_U2/node_0_0_hsub_16ns_16ns_16_3_no_dsp_1_ip_u/U0/i_synth/ADDSUB_OP.ADDSUB/LOGIC_SPEED.OP/ALIGN_BLK/FRAC_ADDSUB/LOGIC_ADD.FRAC_ADDSUB/STRUCT_ADD2.ADD1/CHAIN_GEN[0].C_MUX.CARRY_MUX_i_1__5        | CLB.LUT.LUT4      |
    | grp_node_0_0_Pipeline_l_S_t_1_t_fu_256/hsub_16ns_16ns_16_3_no_dsp_1_U2/node_0_0_hsub_16ns_16ns_16_3_no_dsp_1_ip_u/U0/i_synth/ADDSUB_OP.ADDSUB/LOGIC_SPEED.OP/NORM/LZE/ZERO_DET_CC_1/CHAIN_GEN[0].C_MUX.CARRY_MUX_CARRY4_CARRY8                                       | CLB.CARRY.CARRY8  |
    | grp_node_0_0_Pipeline_l_S_t_1_t_fu_256/hsub_16ns_16ns_16_3_no_dsp_1_U2/node_0_0_hsub_16ns_16ns_16_3_no_dsp_1_ip_u/U0/i_synth/ADDSUB_OP.ADDSUB/LOGIC_SPEED.OP/ALIGN_BLK/FRAC_ADDSUB/LOGIC_ADD.FRAC_ADDSUB/STRUCT_ADD1.ADD1/CHAIN_GEN[1].C_MUX.CARRY_MUX_i_6           | CLB.LUT.LUT6      |
    | grp_node_0_0_Pipeline_l_S_t_1_t_fu_256/hsub_16ns_16ns_16_3_no_dsp_1_U2/node_0_0_hsub_16ns_16ns_16_3_no_dsp_1_ip_u/U0/i_synth/ADDSUB_OP.ADDSUB/LOGIC_SPEED.OP/ALIGN_BLK/FRAC_ADDSUB/LOGIC_ADD.FRAC_ADDSUB/STRUCT_ADD2.ADD1/CHAIN_GEN[1].C_MUX.CARRY_MUX_i_2__3        | CLB.LUT.LUT6      |
    | grp_node_0_0_Pipeline_l_S_t_1_t_fu_256/hsub_16ns_16ns_16_3_no_dsp_1_U2/node_0_0_hsub_16ns_16ns_16_3_no_dsp_1_ip_u/U0/i_synth/ADDSUB_OP.ADDSUB/LOGIC_SPEED.OP/ALIGN_BLK/FRAC_ADDSUB/LOGIC_ADD.FRAC_ADDSUB/STRUCT_ADD2.ADD1/CHAIN_GEN[0].C_MUX.CARRY_MUX_i_7__0        | CLB.LUT.LUT5      |
    | grp_node_0_0_Pipeline_l_S_t_1_t_fu_256/hsub_16ns_16ns_16_3_no_dsp_1_U2/node_0_0_hsub_16ns_16ns_16_3_no_dsp_1_ip_u/U0/i_synth/ADDSUB_OP.ADDSUB/LOGIC_SPEED.OP/ALIGN_BLK/FRAC_ADDSUB/LOGIC_ADD.FRAC_ADDSUB/STRUCT_ADD1.ADD1/CHAIN_GEN[0].C_MUX.CARRY_MUX_i_5__0        | CLB.LUT.LUT6      |
    | grp_node_0_0_Pipeline_l_S_t_1_t_fu_256/hsub_16ns_16ns_16_3_no_dsp_1_U2/node_0_0_hsub_16ns_16ns_16_3_no_dsp_1_ip_u/U0/i_synth/ADDSUB_OP.ADDSUB/LOGIC_SPEED.OP/ALIGN_BLK/FRAC_ADDSUB/LOGIC_ADD.FRAC_ADDSUB/STRUCT_ADD1.ADD1/CHAIN_GEN[0].C_MUX.CARRY_MUX_i_1__9        | CLB.LUT.LUT6      |
    | grp_node_0_0_Pipeline_l_S_t_1_t_fu_256/hsub_16ns_16ns_16_3_no_dsp_1_U2/node_0_0_hsub_16ns_16ns_16_3_no_dsp_1_ip_u/U0/i_synth/ADDSUB_OP.ADDSUB/LOGIC_SPEED.OP/NORM/ROUND/RND_BIT_GEN/NORM_2.RND_CHAIN/CHAIN_GEN[0].C_MUX.CARRY_MUX_CARRY4_CARRY8                      | CLB.CARRY.CARRY8  |
    | grp_node_0_0_Pipeline_l_S_t_1_t_fu_256/hsub_16ns_16ns_16_3_no_dsp_1_U2/node_0_0_hsub_16ns_16ns_16_3_no_dsp_1_ip_u/U0/i_synth/ADDSUB_OP.ADDSUB/LOGIC_SPEED.OP/NORM/ROUND/LOGIC.RND1/CHAIN_GEN[2].C_MUX.CARRY_MUX_CARRY4_CARRY8                                        | CLB.CARRY.CARRY8  |
    | grp_node_0_0_Pipeline_l_S_t_1_t_fu_256/hsub_16ns_16ns_16_3_no_dsp_1_U2/node_0_0_hsub_16ns_16ns_16_3_no_dsp_1_ip_u/U0/i_synth/ADDSUB_OP.ADDSUB/LOGIC_SPEED.OP/NORM/ROUND/LOGIC.RND2/RESULT_REG.NORMAL.mant_op[9]_i_2                                                  | CLB.LUT.LUT3      |
    | grp_node_0_0_Pipeline_l_S_t_1_t_fu_256/hsub_16ns_16ns_16_3_no_dsp_1_U2/node_0_0_hsub_16ns_16ns_16_3_no_dsp_1_ip_u/U0/i_synth/ADDSUB_OP.ADDSUB/LOGIC_SPEED.OP/EXP/EXP_OFF.STRUCT_ADD/RESULT_REG.NORMAL.mant_op[9]_i_1                                                 | CLB.LUT.LUT6      |
    | grp_node_0_0_Pipeline_l_S_t_1_t_fu_256/hsub_16ns_16ns_16_3_no_dsp_1_U2/node_0_0_hsub_16ns_16ns_16_3_no_dsp_1_ip_u/U0/i_synth/ADDSUB_OP.ADDSUB/LOGIC_SPEED.OP/OP/RESULT_REG.NORMAL.mant_op_reg[9]                                                                     | REGISTER.SDR.FDRE |
    | grp_node_0_0_Pipeline_l_S_t_1_t_fu_256/hadd_16ns_16ns_16_3_no_dsp_1_U1/din1_buf1_reg[0]                                                                                                                                                                              | REGISTER.SDR.FDRE |
    | grp_node_0_0_Pipeline_l_S_t_1_t_fu_256/hadd_16ns_16ns_16_3_no_dsp_1_U1/node_0_0_hadd_16ns_16ns_16_3_no_dsp_1_ip_u/U0/i_synth/ADDSUB_OP.ADDSUB/LOGIC_SPEED.OP/EXP/NUMB_CMP/NOT_FAST.CMP/C_CHAIN/CHAIN_GEN[0].C_MUX.CARRY_MUX_i_2__1                                   | CLB.LUT.LUT4      |
    | grp_node_0_0_Pipeline_l_S_t_1_t_fu_256/hadd_16ns_16ns_16_3_no_dsp_1_U1/node_0_0_hadd_16ns_16ns_16_3_no_dsp_1_ip_u/U0/i_synth/ADDSUB_OP.ADDSUB/LOGIC_SPEED.OP/EXP/NUMB_CMP/NOT_FAST.CMP/C_CHAIN/CHAIN_GEN[0].C_MUX.CARRY_MUX_CARRY4_CARRY8                            | CLB.CARRY.CARRY8  |
    | grp_node_0_0_Pipeline_l_S_t_1_t_fu_256/hadd_16ns_16ns_16_3_no_dsp_1_U1/node_0_0_hadd_16ns_16ns_16_3_no_dsp_1_ip_u/U0/i_synth/ADDSUB_OP.ADDSUB/LOGIC_SPEED.OP/EXP/NUMB_CMP/NOT_FAST.CMP/C_CHAIN/CHAIN_GEN[1].C_MUX.CARRY_MUX_i_2__3                                   | CLB.LUT.LUT6      |
    | grp_node_0_0_Pipeline_l_S_t_1_t_fu_256/hadd_16ns_16ns_16_3_no_dsp_1_U1/node_0_0_hadd_16ns_16ns_16_3_no_dsp_1_ip_u/U0/i_synth/ADDSUB_OP.ADDSUB/LOGIC_SPEED.OP/EXP/NUMB_CMP/NOT_FAST.CMP/C_CHAIN/CHAIN_GEN[1].C_MUX.CARRY_MUX_i_1__5                                   | CLB.LUT.LUT4      |
    | grp_node_0_0_Pipeline_l_S_t_1_t_fu_256/hadd_16ns_16ns_16_3_no_dsp_1_U1/node_0_0_hadd_16ns_16ns_16_3_no_dsp_1_ip_u/U0/i_synth/ADDSUB_OP.ADDSUB/LOGIC_SPEED.OP/ALIGN_BLK/ALIGN_SHIFT/ALIGN_Z_D/EQ_ZERO/CARRY_ZERO_DET/CHAIN_GEN[0].C_MUX.CARRY_MUX_CARRY4_CARRY8       | CLB.CARRY.CARRY8  |
    | grp_node_0_0_Pipeline_l_S_t_1_t_fu_256/hadd_16ns_16ns_16_3_no_dsp_1_U1/node_0_0_hadd_16ns_16ns_16_3_no_dsp_1_ip_u/U0/i_synth/ADDSUB_OP.ADDSUB/LOGIC_SPEED.OP/EXP/NUMB_CMP/NOT_FAST.CMP/C_CHAIN/STRUCT_ADD1.CARRY_MUX2_i_7                                            | CLB.LUT.LUT5      |
    | grp_node_0_0_Pipeline_l_S_t_1_t_fu_256/hadd_16ns_16ns_16_3_no_dsp_1_U1/node_0_0_hadd_16ns_16ns_16_3_no_dsp_1_ip_u/U0/i_synth/ADDSUB_OP.ADDSUB/LOGIC_SPEED.OP/EXP/NUMB_CMP/NOT_FAST.CMP/C_CHAIN/STRUCT_ADD1.CARRY_MUX2_i_2                                            | CLB.LUT.LUT6      |
    | grp_node_0_0_Pipeline_l_S_t_1_t_fu_256/hadd_16ns_16ns_16_3_no_dsp_1_U1/node_0_0_hadd_16ns_16ns_16_3_no_dsp_1_ip_u/U0/i_synth/ADDSUB_OP.ADDSUB/LOGIC_SPEED.OP/EXP/NUMB_CMP/NOT_FAST.CMP/C_CHAIN/STRUCT_ADD1.CARRY_MUX2_i_1                                            | CLB.LUT.LUT6      |
    | grp_node_0_0_Pipeline_l_S_t_1_t_fu_256/hadd_16ns_16ns_16_3_no_dsp_1_U1/node_0_0_hadd_16ns_16ns_16_3_no_dsp_1_ip_u/U0/i_synth/ADDSUB_OP.ADDSUB/LOGIC_SPEED.OP/ALIGN_BLK/FRAC_ADDSUB/LOGIC_ADD.FRAC_ADDSUB/STRUCT_ADD1.CARRY_MUX1_CARRY4_CARRY8                        | CLB.CARRY.CARRY8  |
    | grp_node_0_0_Pipeline_l_S_t_1_t_fu_256/hadd_16ns_16ns_16_3_no_dsp_1_U1/node_0_0_hadd_16ns_16ns_16_3_no_dsp_1_ip_u/U0/i_synth/ADDSUB_OP.ADDSUB/LOGIC_SPEED.OP/ALIGN_BLK/FRAC_ADDSUB/LOGIC_ADD.FRAC_ADDSUB/STRUCT_ADD2.ADD1/CHAIN_GEN[0].C_MUX.CARRY_MUX_CARRY4_CARRY8 | CLB.CARRY.CARRY8  |
    | grp_node_0_0_Pipeline_l_S_t_1_t_fu_256/hadd_16ns_16ns_16_3_no_dsp_1_U1/node_0_0_hadd_16ns_16ns_16_3_no_dsp_1_ip_u/U0/i_synth/ADDSUB_OP.ADDSUB/LOGIC_SPEED.OP/ALIGN_BLK/FRAC_ADDSUB/LOGIC_ADD.FRAC_ADDSUB/STRUCT_ADD2.ADD1/CHAIN_GEN[0].C_MUX.CARRY_MUX_i_1__2        | CLB.LUT.LUT4      |
    | grp_node_0_0_Pipeline_l_S_t_1_t_fu_256/hadd_16ns_16ns_16_3_no_dsp_1_U1/node_0_0_hadd_16ns_16ns_16_3_no_dsp_1_ip_u/U0/i_synth/ADDSUB_OP.ADDSUB/LOGIC_SPEED.OP/NORM/LZE/ZERO_DET_CC_1/CHAIN_GEN[0].C_MUX.CARRY_MUX_CARRY4_CARRY8                                       | CLB.CARRY.CARRY8  |
    | grp_node_0_0_Pipeline_l_S_t_1_t_fu_256/hadd_16ns_16ns_16_3_no_dsp_1_U1/node_0_0_hadd_16ns_16ns_16_3_no_dsp_1_ip_u/U0/i_synth/ADDSUB_OP.ADDSUB/LOGIC_SPEED.OP/ALIGN_BLK/FRAC_ADDSUB/LOGIC_ADD.FRAC_ADDSUB/STRUCT_ADD2.ADD1/RESULT_REG.NORMAL.exp_op[2]_i_8            | CLB.LUT.LUT5      |
    | grp_node_0_0_Pipeline_l_S_t_1_t_fu_256/hadd_16ns_16ns_16_3_no_dsp_1_U1/node_0_0_hadd_16ns_16ns_16_3_no_dsp_1_ip_u/U0/i_synth/ADDSUB_OP.ADDSUB/LOGIC_SPEED.OP/ALIGN_BLK/FRAC_ADDSUB/LOGIC_ADD.FRAC_ADDSUB/STRUCT_ADD1.ADD1/RESULT_REG.NORMAL.exp_op[1]_i_3            | CLB.LUT.LUT5      |
    | grp_node_0_0_Pipeline_l_S_t_1_t_fu_256/hadd_16ns_16ns_16_3_no_dsp_1_U1/node_0_0_hadd_16ns_16ns_16_3_no_dsp_1_ip_u/U0/i_synth/ADDSUB_OP.ADDSUB/LOGIC_SPEED.OP/ALIGN_BLK/FRAC_ADDSUB/LOGIC_ADD.FRAC_ADDSUB/STRUCT_ADD1.ADD1/CHAIN_GEN[0].C_MUX.CARRY_MUX_i_6__0        | CLB.LUT.LUT5      |
    | grp_node_0_0_Pipeline_l_S_t_1_t_fu_256/hadd_16ns_16ns_16_3_no_dsp_1_U1/node_0_0_hadd_16ns_16ns_16_3_no_dsp_1_ip_u/U0/i_synth/ADDSUB_OP.ADDSUB/LOGIC_SPEED.OP/ALIGN_BLK/FRAC_ADDSUB/LOGIC_ADD.FRAC_ADDSUB/STRUCT_ADD1.ADD1/CHAIN_GEN[0].C_MUX.CARRY_MUX_i_3__0        | CLB.LUT.LUT6      |
    | grp_node_0_0_Pipeline_l_S_t_1_t_fu_256/hadd_16ns_16ns_16_3_no_dsp_1_U1/node_0_0_hadd_16ns_16ns_16_3_no_dsp_1_ip_u/U0/i_synth/ADDSUB_OP.ADDSUB/LOGIC_SPEED.OP/ALIGN_BLK/FRAC_ADDSUB/LOGIC_ADD.FRAC_ADDSUB/STRUCT_ADD1.ADD1/CHAIN_GEN[0].C_MUX.CARRY_MUX_i_1__10       | CLB.LUT.LUT5      |
    | grp_node_0_0_Pipeline_l_S_t_1_t_fu_256/hadd_16ns_16ns_16_3_no_dsp_1_U1/node_0_0_hadd_16ns_16ns_16_3_no_dsp_1_ip_u/U0/i_synth/ADDSUB_OP.ADDSUB/LOGIC_SPEED.OP/NORM/ROUND/RND_BIT_GEN/NORM_2.RND_CHAIN/CHAIN_GEN[0].C_MUX.CARRY_MUX_CARRY4_CARRY8                      | CLB.CARRY.CARRY8  |
    | grp_node_0_0_Pipeline_l_S_t_1_t_fu_256/hadd_16ns_16ns_16_3_no_dsp_1_U1/node_0_0_hadd_16ns_16ns_16_3_no_dsp_1_ip_u/U0/i_synth/ADDSUB_OP.ADDSUB/LOGIC_SPEED.OP/NORM/ROUND/LOGIC.RND1/CHAIN_GEN[2].C_MUX.CARRY_MUX_CARRY4_CARRY8                                        | CLB.CARRY.CARRY8  |
    | grp_node_0_0_Pipeline_l_S_t_1_t_fu_256/hadd_16ns_16ns_16_3_no_dsp_1_U1/node_0_0_hadd_16ns_16ns_16_3_no_dsp_1_ip_u/U0/i_synth/ADDSUB_OP.ADDSUB/LOGIC_SPEED.OP/NORM/ROUND/LOGIC.RND2/CHAIN_GEN[5].Q_XOR.SUM_XOR_CARRY4_CARRY8                                          | CLB.CARRY.CARRY8  |
    | grp_node_0_0_Pipeline_l_S_t_1_t_fu_256/hadd_16ns_16ns_16_3_no_dsp_1_U1/node_0_0_hadd_16ns_16ns_16_3_no_dsp_1_ip_u/U0/i_synth/ADDSUB_OP.ADDSUB/LOGIC_SPEED.OP/EXP/EXP_OFF.STRUCT_ADD/RESULT_REG.NORMAL.exp_op[0]_i_1                                                  | CLB.LUT.LUT5      |
    | grp_node_0_0_Pipeline_l_S_t_1_t_fu_256/hadd_16ns_16ns_16_3_no_dsp_1_U1/node_0_0_hadd_16ns_16ns_16_3_no_dsp_1_ip_u/U0/i_synth/ADDSUB_OP.ADDSUB/LOGIC_SPEED.OP/OP/RESULT_REG.NORMAL.exp_op_reg[0]                                                                      | REGISTER.SDR.FDRE |
    | grp_node_0_0_Pipeline_l_S_t_1_t_fu_256/hadd_16ns_16ns_16_3_no_dsp_1_U1/din1_buf1_reg[0]                                                                                                                                                                              | REGISTER.SDR.FDRE |
    | grp_node_0_0_Pipeline_l_S_t_1_t_fu_256/hadd_16ns_16ns_16_3_no_dsp_1_U1/node_0_0_hadd_16ns_16ns_16_3_no_dsp_1_ip_u/U0/i_synth/ADDSUB_OP.ADDSUB/LOGIC_SPEED.OP/EXP/NUMB_CMP/NOT_FAST.CMP/C_CHAIN/CHAIN_GEN[0].C_MUX.CARRY_MUX_i_2__1                                   | CLB.LUT.LUT4      |
    | grp_node_0_0_Pipeline_l_S_t_1_t_fu_256/hadd_16ns_16ns_16_3_no_dsp_1_U1/node_0_0_hadd_16ns_16ns_16_3_no_dsp_1_ip_u/U0/i_synth/ADDSUB_OP.ADDSUB/LOGIC_SPEED.OP/EXP/NUMB_CMP/NOT_FAST.CMP/C_CHAIN/CHAIN_GEN[0].C_MUX.CARRY_MUX_CARRY4_CARRY8                            | CLB.CARRY.CARRY8  |
    | grp_node_0_0_Pipeline_l_S_t_1_t_fu_256/hadd_16ns_16ns_16_3_no_dsp_1_U1/node_0_0_hadd_16ns_16ns_16_3_no_dsp_1_ip_u/U0/i_synth/ADDSUB_OP.ADDSUB/LOGIC_SPEED.OP/EXP/NUMB_CMP/NOT_FAST.CMP/C_CHAIN/CHAIN_GEN[1].C_MUX.CARRY_MUX_i_2__3                                   | CLB.LUT.LUT6      |
    | grp_node_0_0_Pipeline_l_S_t_1_t_fu_256/hadd_16ns_16ns_16_3_no_dsp_1_U1/node_0_0_hadd_16ns_16ns_16_3_no_dsp_1_ip_u/U0/i_synth/ADDSUB_OP.ADDSUB/LOGIC_SPEED.OP/EXP/NUMB_CMP/NOT_FAST.CMP/C_CHAIN/CHAIN_GEN[1].C_MUX.CARRY_MUX_i_1__5                                   | CLB.LUT.LUT4      |
    | grp_node_0_0_Pipeline_l_S_t_1_t_fu_256/hadd_16ns_16ns_16_3_no_dsp_1_U1/node_0_0_hadd_16ns_16ns_16_3_no_dsp_1_ip_u/U0/i_synth/ADDSUB_OP.ADDSUB/LOGIC_SPEED.OP/ALIGN_BLK/ALIGN_SHIFT/ALIGN_Z_D/EQ_ZERO/CARRY_ZERO_DET/CHAIN_GEN[0].C_MUX.CARRY_MUX_CARRY4_CARRY8       | CLB.CARRY.CARRY8  |
    | grp_node_0_0_Pipeline_l_S_t_1_t_fu_256/hadd_16ns_16ns_16_3_no_dsp_1_U1/node_0_0_hadd_16ns_16ns_16_3_no_dsp_1_ip_u/U0/i_synth/ADDSUB_OP.ADDSUB/LOGIC_SPEED.OP/EXP/NUMB_CMP/NOT_FAST.CMP/C_CHAIN/STRUCT_ADD1.CARRY_MUX2_i_7                                            | CLB.LUT.LUT5      |
    | grp_node_0_0_Pipeline_l_S_t_1_t_fu_256/hadd_16ns_16ns_16_3_no_dsp_1_U1/node_0_0_hadd_16ns_16ns_16_3_no_dsp_1_ip_u/U0/i_synth/ADDSUB_OP.ADDSUB/LOGIC_SPEED.OP/EXP/NUMB_CMP/NOT_FAST.CMP/C_CHAIN/STRUCT_ADD1.CARRY_MUX2_i_2                                            | CLB.LUT.LUT6      |
    | grp_node_0_0_Pipeline_l_S_t_1_t_fu_256/hadd_16ns_16ns_16_3_no_dsp_1_U1/node_0_0_hadd_16ns_16ns_16_3_no_dsp_1_ip_u/U0/i_synth/ADDSUB_OP.ADDSUB/LOGIC_SPEED.OP/EXP/NUMB_CMP/NOT_FAST.CMP/C_CHAIN/STRUCT_ADD1.CARRY_MUX2_i_1                                            | CLB.LUT.LUT6      |
    | grp_node_0_0_Pipeline_l_S_t_1_t_fu_256/hadd_16ns_16ns_16_3_no_dsp_1_U1/node_0_0_hadd_16ns_16ns_16_3_no_dsp_1_ip_u/U0/i_synth/ADDSUB_OP.ADDSUB/LOGIC_SPEED.OP/ALIGN_BLK/FRAC_ADDSUB/LOGIC_ADD.FRAC_ADDSUB/STRUCT_ADD1.CARRY_MUX1_CARRY4_CARRY8                        | CLB.CARRY.CARRY8  |
    | grp_node_0_0_Pipeline_l_S_t_1_t_fu_256/hadd_16ns_16ns_16_3_no_dsp_1_U1/node_0_0_hadd_16ns_16ns_16_3_no_dsp_1_ip_u/U0/i_synth/ADDSUB_OP.ADDSUB/LOGIC_SPEED.OP/ALIGN_BLK/FRAC_ADDSUB/LOGIC_ADD.FRAC_ADDSUB/STRUCT_ADD2.ADD1/CHAIN_GEN[0].C_MUX.CARRY_MUX_CARRY4_CARRY8 | CLB.CARRY.CARRY8  |
    | grp_node_0_0_Pipeline_l_S_t_1_t_fu_256/hadd_16ns_16ns_16_3_no_dsp_1_U1/node_0_0_hadd_16ns_16ns_16_3_no_dsp_1_ip_u/U0/i_synth/ADDSUB_OP.ADDSUB/LOGIC_SPEED.OP/ALIGN_BLK/FRAC_ADDSUB/LOGIC_ADD.FRAC_ADDSUB/STRUCT_ADD2.ADD1/CHAIN_GEN[0].C_MUX.CARRY_MUX_i_1__2        | CLB.LUT.LUT4      |
    | grp_node_0_0_Pipeline_l_S_t_1_t_fu_256/hadd_16ns_16ns_16_3_no_dsp_1_U1/node_0_0_hadd_16ns_16ns_16_3_no_dsp_1_ip_u/U0/i_synth/ADDSUB_OP.ADDSUB/LOGIC_SPEED.OP/NORM/LZE/ZERO_DET_CC_1/CHAIN_GEN[0].C_MUX.CARRY_MUX_CARRY4_CARRY8                                       | CLB.CARRY.CARRY8  |
    | grp_node_0_0_Pipeline_l_S_t_1_t_fu_256/hadd_16ns_16ns_16_3_no_dsp_1_U1/node_0_0_hadd_16ns_16ns_16_3_no_dsp_1_ip_u/U0/i_synth/ADDSUB_OP.ADDSUB/LOGIC_SPEED.OP/ALIGN_BLK/FRAC_ADDSUB/LOGIC_ADD.FRAC_ADDSUB/STRUCT_ADD2.ADD1/RESULT_REG.NORMAL.exp_op[2]_i_8            | CLB.LUT.LUT5      |
    | grp_node_0_0_Pipeline_l_S_t_1_t_fu_256/hadd_16ns_16ns_16_3_no_dsp_1_U1/node_0_0_hadd_16ns_16ns_16_3_no_dsp_1_ip_u/U0/i_synth/ADDSUB_OP.ADDSUB/LOGIC_SPEED.OP/ALIGN_BLK/FRAC_ADDSUB/LOGIC_ADD.FRAC_ADDSUB/STRUCT_ADD1.ADD1/RESULT_REG.NORMAL.exp_op[1]_i_3            | CLB.LUT.LUT5      |
    | grp_node_0_0_Pipeline_l_S_t_1_t_fu_256/hadd_16ns_16ns_16_3_no_dsp_1_U1/node_0_0_hadd_16ns_16ns_16_3_no_dsp_1_ip_u/U0/i_synth/ADDSUB_OP.ADDSUB/LOGIC_SPEED.OP/ALIGN_BLK/FRAC_ADDSUB/LOGIC_ADD.FRAC_ADDSUB/STRUCT_ADD1.ADD1/CHAIN_GEN[0].C_MUX.CARRY_MUX_i_6__0        | CLB.LUT.LUT5      |
    | grp_node_0_0_Pipeline_l_S_t_1_t_fu_256/hadd_16ns_16ns_16_3_no_dsp_1_U1/node_0_0_hadd_16ns_16ns_16_3_no_dsp_1_ip_u/U0/i_synth/ADDSUB_OP.ADDSUB/LOGIC_SPEED.OP/ALIGN_BLK/FRAC_ADDSUB/LOGIC_ADD.FRAC_ADDSUB/STRUCT_ADD1.ADD1/CHAIN_GEN[0].C_MUX.CARRY_MUX_i_3__0        | CLB.LUT.LUT6      |
    | grp_node_0_0_Pipeline_l_S_t_1_t_fu_256/hadd_16ns_16ns_16_3_no_dsp_1_U1/node_0_0_hadd_16ns_16ns_16_3_no_dsp_1_ip_u/U0/i_synth/ADDSUB_OP.ADDSUB/LOGIC_SPEED.OP/ALIGN_BLK/FRAC_ADDSUB/LOGIC_ADD.FRAC_ADDSUB/STRUCT_ADD1.ADD1/CHAIN_GEN[0].C_MUX.CARRY_MUX_i_1__10       | CLB.LUT.LUT5      |
    | grp_node_0_0_Pipeline_l_S_t_1_t_fu_256/hadd_16ns_16ns_16_3_no_dsp_1_U1/node_0_0_hadd_16ns_16ns_16_3_no_dsp_1_ip_u/U0/i_synth/ADDSUB_OP.ADDSUB/LOGIC_SPEED.OP/NORM/ROUND/RND_BIT_GEN/NORM_2.RND_CHAIN/CHAIN_GEN[0].C_MUX.CARRY_MUX_CARRY4_CARRY8                      | CLB.CARRY.CARRY8  |
    | grp_node_0_0_Pipeline_l_S_t_1_t_fu_256/hadd_16ns_16ns_16_3_no_dsp_1_U1/node_0_0_hadd_16ns_16ns_16_3_no_dsp_1_ip_u/U0/i_synth/ADDSUB_OP.ADDSUB/LOGIC_SPEED.OP/NORM/ROUND/LOGIC.RND1/CHAIN_GEN[2].C_MUX.CARRY_MUX_CARRY4_CARRY8                                        | CLB.CARRY.CARRY8  |
    | grp_node_0_0_Pipeline_l_S_t_1_t_fu_256/hadd_16ns_16ns_16_3_no_dsp_1_U1/node_0_0_hadd_16ns_16ns_16_3_no_dsp_1_ip_u/U0/i_synth/ADDSUB_OP.ADDSUB/LOGIC_SPEED.OP/NORM/ROUND/LOGIC.RND2/CHAIN_GEN[5].Q_XOR.SUM_XOR_CARRY4_CARRY8                                          | CLB.CARRY.CARRY8  |
    | grp_node_0_0_Pipeline_l_S_t_1_t_fu_256/hadd_16ns_16ns_16_3_no_dsp_1_U1/node_0_0_hadd_16ns_16ns_16_3_no_dsp_1_ip_u/U0/i_synth/ADDSUB_OP.ADDSUB/LOGIC_SPEED.OP/NORM/ROUND/LOGIC.RND2/RESULT_REG.NORMAL.exp_op[1]_i_1                                                   | CLB.LUT.LUT6      |
    | grp_node_0_0_Pipeline_l_S_t_1_t_fu_256/hadd_16ns_16ns_16_3_no_dsp_1_U1/node_0_0_hadd_16ns_16ns_16_3_no_dsp_1_ip_u/U0/i_synth/ADDSUB_OP.ADDSUB/LOGIC_SPEED.OP/OP/RESULT_REG.NORMAL.exp_op_reg[1]                                                                      | REGISTER.SDR.FDRE |
    +----------------------------------------------------------------------------------------------------------------------------------------------------------------------------------------------------------------------------------------------------------------------+-------------------+

    +----------------------------------------------------------------------------------------------------------------------------------------------------------------------------------------------------------------------------------------------------------------------+-------------------+
    | Path6 Cells                                                                                                                                                                                                                                                          | Primitive Type    |
    +----------------------------------------------------------------------------------------------------------------------------------------------------------------------------------------------------------------------------------------------------------------------+-------------------+
    | grp_node_0_0_Pipeline_l_S_t_1_t_fu_256/hadd_16ns_16ns_16_3_no_dsp_1_U1/din1_buf1_reg[0]                                                                                                                                                                              | REGISTER.SDR.FDRE |
    | grp_node_0_0_Pipeline_l_S_t_1_t_fu_256/hadd_16ns_16ns_16_3_no_dsp_1_U1/node_0_0_hadd_16ns_16ns_16_3_no_dsp_1_ip_u/U0/i_synth/ADDSUB_OP.ADDSUB/LOGIC_SPEED.OP/EXP/NUMB_CMP/NOT_FAST.CMP/C_CHAIN/CHAIN_GEN[0].C_MUX.CARRY_MUX_i_2__1                                   | CLB.LUT.LUT4      |
    | grp_node_0_0_Pipeline_l_S_t_1_t_fu_256/hadd_16ns_16ns_16_3_no_dsp_1_U1/node_0_0_hadd_16ns_16ns_16_3_no_dsp_1_ip_u/U0/i_synth/ADDSUB_OP.ADDSUB/LOGIC_SPEED.OP/EXP/NUMB_CMP/NOT_FAST.CMP/C_CHAIN/CHAIN_GEN[0].C_MUX.CARRY_MUX_CARRY4_CARRY8                            | CLB.CARRY.CARRY8  |
    | grp_node_0_0_Pipeline_l_S_t_1_t_fu_256/hadd_16ns_16ns_16_3_no_dsp_1_U1/node_0_0_hadd_16ns_16ns_16_3_no_dsp_1_ip_u/U0/i_synth/ADDSUB_OP.ADDSUB/LOGIC_SPEED.OP/EXP/NUMB_CMP/NOT_FAST.CMP/C_CHAIN/CHAIN_GEN[1].C_MUX.CARRY_MUX_i_2__3                                   | CLB.LUT.LUT6      |
    | grp_node_0_0_Pipeline_l_S_t_1_t_fu_256/hadd_16ns_16ns_16_3_no_dsp_1_U1/node_0_0_hadd_16ns_16ns_16_3_no_dsp_1_ip_u/U0/i_synth/ADDSUB_OP.ADDSUB/LOGIC_SPEED.OP/EXP/NUMB_CMP/NOT_FAST.CMP/C_CHAIN/CHAIN_GEN[1].C_MUX.CARRY_MUX_i_1__5                                   | CLB.LUT.LUT4      |
    | grp_node_0_0_Pipeline_l_S_t_1_t_fu_256/hadd_16ns_16ns_16_3_no_dsp_1_U1/node_0_0_hadd_16ns_16ns_16_3_no_dsp_1_ip_u/U0/i_synth/ADDSUB_OP.ADDSUB/LOGIC_SPEED.OP/ALIGN_BLK/ALIGN_SHIFT/ALIGN_Z_D/EQ_ZERO/CARRY_ZERO_DET/CHAIN_GEN[0].C_MUX.CARRY_MUX_CARRY4_CARRY8       | CLB.CARRY.CARRY8  |
    | grp_node_0_0_Pipeline_l_S_t_1_t_fu_256/hadd_16ns_16ns_16_3_no_dsp_1_U1/node_0_0_hadd_16ns_16ns_16_3_no_dsp_1_ip_u/U0/i_synth/ADDSUB_OP.ADDSUB/LOGIC_SPEED.OP/EXP/NUMB_CMP/NOT_FAST.CMP/C_CHAIN/STRUCT_ADD1.CARRY_MUX2_i_7                                            | CLB.LUT.LUT5      |
    | grp_node_0_0_Pipeline_l_S_t_1_t_fu_256/hadd_16ns_16ns_16_3_no_dsp_1_U1/node_0_0_hadd_16ns_16ns_16_3_no_dsp_1_ip_u/U0/i_synth/ADDSUB_OP.ADDSUB/LOGIC_SPEED.OP/EXP/NUMB_CMP/NOT_FAST.CMP/C_CHAIN/STRUCT_ADD1.CARRY_MUX2_i_2                                            | CLB.LUT.LUT6      |
    | grp_node_0_0_Pipeline_l_S_t_1_t_fu_256/hadd_16ns_16ns_16_3_no_dsp_1_U1/node_0_0_hadd_16ns_16ns_16_3_no_dsp_1_ip_u/U0/i_synth/ADDSUB_OP.ADDSUB/LOGIC_SPEED.OP/EXP/NUMB_CMP/NOT_FAST.CMP/C_CHAIN/STRUCT_ADD1.CARRY_MUX2_i_1                                            | CLB.LUT.LUT6      |
    | grp_node_0_0_Pipeline_l_S_t_1_t_fu_256/hadd_16ns_16ns_16_3_no_dsp_1_U1/node_0_0_hadd_16ns_16ns_16_3_no_dsp_1_ip_u/U0/i_synth/ADDSUB_OP.ADDSUB/LOGIC_SPEED.OP/ALIGN_BLK/FRAC_ADDSUB/LOGIC_ADD.FRAC_ADDSUB/STRUCT_ADD1.CARRY_MUX1_CARRY4_CARRY8                        | CLB.CARRY.CARRY8  |
    | grp_node_0_0_Pipeline_l_S_t_1_t_fu_256/hadd_16ns_16ns_16_3_no_dsp_1_U1/node_0_0_hadd_16ns_16ns_16_3_no_dsp_1_ip_u/U0/i_synth/ADDSUB_OP.ADDSUB/LOGIC_SPEED.OP/ALIGN_BLK/FRAC_ADDSUB/LOGIC_ADD.FRAC_ADDSUB/STRUCT_ADD2.ADD1/CHAIN_GEN[0].C_MUX.CARRY_MUX_CARRY4_CARRY8 | CLB.CARRY.CARRY8  |
    | grp_node_0_0_Pipeline_l_S_t_1_t_fu_256/hadd_16ns_16ns_16_3_no_dsp_1_U1/node_0_0_hadd_16ns_16ns_16_3_no_dsp_1_ip_u/U0/i_synth/ADDSUB_OP.ADDSUB/LOGIC_SPEED.OP/ALIGN_BLK/FRAC_ADDSUB/LOGIC_ADD.FRAC_ADDSUB/STRUCT_ADD2.ADD1/CHAIN_GEN[0].C_MUX.CARRY_MUX_i_1__2        | CLB.LUT.LUT4      |
    | grp_node_0_0_Pipeline_l_S_t_1_t_fu_256/hadd_16ns_16ns_16_3_no_dsp_1_U1/node_0_0_hadd_16ns_16ns_16_3_no_dsp_1_ip_u/U0/i_synth/ADDSUB_OP.ADDSUB/LOGIC_SPEED.OP/NORM/LZE/ZERO_DET_CC_1/CHAIN_GEN[0].C_MUX.CARRY_MUX_CARRY4_CARRY8                                       | CLB.CARRY.CARRY8  |
    | grp_node_0_0_Pipeline_l_S_t_1_t_fu_256/hadd_16ns_16ns_16_3_no_dsp_1_U1/node_0_0_hadd_16ns_16ns_16_3_no_dsp_1_ip_u/U0/i_synth/ADDSUB_OP.ADDSUB/LOGIC_SPEED.OP/ALIGN_BLK/FRAC_ADDSUB/LOGIC_ADD.FRAC_ADDSUB/STRUCT_ADD2.ADD1/RESULT_REG.NORMAL.exp_op[2]_i_8            | CLB.LUT.LUT5      |
    | grp_node_0_0_Pipeline_l_S_t_1_t_fu_256/hadd_16ns_16ns_16_3_no_dsp_1_U1/node_0_0_hadd_16ns_16ns_16_3_no_dsp_1_ip_u/U0/i_synth/ADDSUB_OP.ADDSUB/LOGIC_SPEED.OP/ALIGN_BLK/FRAC_ADDSUB/LOGIC_ADD.FRAC_ADDSUB/STRUCT_ADD1.ADD1/RESULT_REG.NORMAL.exp_op[1]_i_3            | CLB.LUT.LUT5      |
    | grp_node_0_0_Pipeline_l_S_t_1_t_fu_256/hadd_16ns_16ns_16_3_no_dsp_1_U1/node_0_0_hadd_16ns_16ns_16_3_no_dsp_1_ip_u/U0/i_synth/ADDSUB_OP.ADDSUB/LOGIC_SPEED.OP/ALIGN_BLK/FRAC_ADDSUB/LOGIC_ADD.FRAC_ADDSUB/STRUCT_ADD1.ADD1/CHAIN_GEN[0].C_MUX.CARRY_MUX_i_6__0        | CLB.LUT.LUT5      |
    | grp_node_0_0_Pipeline_l_S_t_1_t_fu_256/hadd_16ns_16ns_16_3_no_dsp_1_U1/node_0_0_hadd_16ns_16ns_16_3_no_dsp_1_ip_u/U0/i_synth/ADDSUB_OP.ADDSUB/LOGIC_SPEED.OP/ALIGN_BLK/FRAC_ADDSUB/LOGIC_ADD.FRAC_ADDSUB/STRUCT_ADD1.ADD1/CHAIN_GEN[0].C_MUX.CARRY_MUX_i_3__0        | CLB.LUT.LUT6      |
    | grp_node_0_0_Pipeline_l_S_t_1_t_fu_256/hadd_16ns_16ns_16_3_no_dsp_1_U1/node_0_0_hadd_16ns_16ns_16_3_no_dsp_1_ip_u/U0/i_synth/ADDSUB_OP.ADDSUB/LOGIC_SPEED.OP/ALIGN_BLK/FRAC_ADDSUB/LOGIC_ADD.FRAC_ADDSUB/STRUCT_ADD1.ADD1/CHAIN_GEN[0].C_MUX.CARRY_MUX_i_1__10       | CLB.LUT.LUT5      |
    | grp_node_0_0_Pipeline_l_S_t_1_t_fu_256/hadd_16ns_16ns_16_3_no_dsp_1_U1/node_0_0_hadd_16ns_16ns_16_3_no_dsp_1_ip_u/U0/i_synth/ADDSUB_OP.ADDSUB/LOGIC_SPEED.OP/NORM/ROUND/RND_BIT_GEN/NORM_2.RND_CHAIN/CHAIN_GEN[0].C_MUX.CARRY_MUX_CARRY4_CARRY8                      | CLB.CARRY.CARRY8  |
    | grp_node_0_0_Pipeline_l_S_t_1_t_fu_256/hadd_16ns_16ns_16_3_no_dsp_1_U1/node_0_0_hadd_16ns_16ns_16_3_no_dsp_1_ip_u/U0/i_synth/ADDSUB_OP.ADDSUB/LOGIC_SPEED.OP/NORM/ROUND/LOGIC.RND1/CHAIN_GEN[2].C_MUX.CARRY_MUX_CARRY4_CARRY8                                        | CLB.CARRY.CARRY8  |
    | grp_node_0_0_Pipeline_l_S_t_1_t_fu_256/hadd_16ns_16ns_16_3_no_dsp_1_U1/node_0_0_hadd_16ns_16ns_16_3_no_dsp_1_ip_u/U0/i_synth/ADDSUB_OP.ADDSUB/LOGIC_SPEED.OP/NORM/ROUND/LOGIC.RND2/CHAIN_GEN[5].Q_XOR.SUM_XOR_CARRY4_CARRY8                                          | CLB.CARRY.CARRY8  |
    | grp_node_0_0_Pipeline_l_S_t_1_t_fu_256/hadd_16ns_16ns_16_3_no_dsp_1_U1/node_0_0_hadd_16ns_16ns_16_3_no_dsp_1_ip_u/U0/i_synth/ADDSUB_OP.ADDSUB/LOGIC_SPEED.OP/NORM/LZE/ZERO_DET_CC_1/RESULT_REG.NORMAL.exp_op[4]_i_3                                                  | CLB.LUT.LUT6      |
    | grp_node_0_0_Pipeline_l_S_t_1_t_fu_256/hadd_16ns_16ns_16_3_no_dsp_1_U1/node_0_0_hadd_16ns_16ns_16_3_no_dsp_1_ip_u/U0/i_synth/ADDSUB_OP.ADDSUB/LOGIC_SPEED.OP/NORM/LZE/ZERO_DET_CC_1/RESULT_REG.NORMAL.exp_op[3]_i_1                                                  | CLB.LUT.LUT6      |
    | grp_node_0_0_Pipeline_l_S_t_1_t_fu_256/hadd_16ns_16ns_16_3_no_dsp_1_U1/node_0_0_hadd_16ns_16ns_16_3_no_dsp_1_ip_u/U0/i_synth/ADDSUB_OP.ADDSUB/LOGIC_SPEED.OP/OP/RESULT_REG.NORMAL.exp_op_reg[3]                                                                      | REGISTER.SDR.FDRE |
    | grp_node_0_0_Pipeline_l_S_t_1_t_fu_256/hadd_16ns_16ns_16_3_no_dsp_1_U1/din1_buf1_reg[0]                                                                                                                                                                              | REGISTER.SDR.FDRE |
    | grp_node_0_0_Pipeline_l_S_t_1_t_fu_256/hadd_16ns_16ns_16_3_no_dsp_1_U1/node_0_0_hadd_16ns_16ns_16_3_no_dsp_1_ip_u/U0/i_synth/ADDSUB_OP.ADDSUB/LOGIC_SPEED.OP/EXP/NUMB_CMP/NOT_FAST.CMP/C_CHAIN/CHAIN_GEN[0].C_MUX.CARRY_MUX_i_2__1                                   | CLB.LUT.LUT4      |
    | grp_node_0_0_Pipeline_l_S_t_1_t_fu_256/hadd_16ns_16ns_16_3_no_dsp_1_U1/node_0_0_hadd_16ns_16ns_16_3_no_dsp_1_ip_u/U0/i_synth/ADDSUB_OP.ADDSUB/LOGIC_SPEED.OP/EXP/NUMB_CMP/NOT_FAST.CMP/C_CHAIN/CHAIN_GEN[0].C_MUX.CARRY_MUX_CARRY4_CARRY8                            | CLB.CARRY.CARRY8  |
    | grp_node_0_0_Pipeline_l_S_t_1_t_fu_256/hadd_16ns_16ns_16_3_no_dsp_1_U1/node_0_0_hadd_16ns_16ns_16_3_no_dsp_1_ip_u/U0/i_synth/ADDSUB_OP.ADDSUB/LOGIC_SPEED.OP/EXP/NUMB_CMP/NOT_FAST.CMP/C_CHAIN/CHAIN_GEN[1].C_MUX.CARRY_MUX_i_2__3                                   | CLB.LUT.LUT6      |
    | grp_node_0_0_Pipeline_l_S_t_1_t_fu_256/hadd_16ns_16ns_16_3_no_dsp_1_U1/node_0_0_hadd_16ns_16ns_16_3_no_dsp_1_ip_u/U0/i_synth/ADDSUB_OP.ADDSUB/LOGIC_SPEED.OP/EXP/NUMB_CMP/NOT_FAST.CMP/C_CHAIN/CHAIN_GEN[1].C_MUX.CARRY_MUX_i_1__5                                   | CLB.LUT.LUT4      |
    | grp_node_0_0_Pipeline_l_S_t_1_t_fu_256/hadd_16ns_16ns_16_3_no_dsp_1_U1/node_0_0_hadd_16ns_16ns_16_3_no_dsp_1_ip_u/U0/i_synth/ADDSUB_OP.ADDSUB/LOGIC_SPEED.OP/ALIGN_BLK/ALIGN_SHIFT/ALIGN_Z_D/EQ_ZERO/CARRY_ZERO_DET/CHAIN_GEN[0].C_MUX.CARRY_MUX_CARRY4_CARRY8       | CLB.CARRY.CARRY8  |
    | grp_node_0_0_Pipeline_l_S_t_1_t_fu_256/hadd_16ns_16ns_16_3_no_dsp_1_U1/node_0_0_hadd_16ns_16ns_16_3_no_dsp_1_ip_u/U0/i_synth/ADDSUB_OP.ADDSUB/LOGIC_SPEED.OP/EXP/NUMB_CMP/NOT_FAST.CMP/C_CHAIN/STRUCT_ADD1.CARRY_MUX2_i_7                                            | CLB.LUT.LUT5      |
    | grp_node_0_0_Pipeline_l_S_t_1_t_fu_256/hadd_16ns_16ns_16_3_no_dsp_1_U1/node_0_0_hadd_16ns_16ns_16_3_no_dsp_1_ip_u/U0/i_synth/ADDSUB_OP.ADDSUB/LOGIC_SPEED.OP/EXP/NUMB_CMP/NOT_FAST.CMP/C_CHAIN/STRUCT_ADD1.CARRY_MUX2_i_2                                            | CLB.LUT.LUT6      |
    | grp_node_0_0_Pipeline_l_S_t_1_t_fu_256/hadd_16ns_16ns_16_3_no_dsp_1_U1/node_0_0_hadd_16ns_16ns_16_3_no_dsp_1_ip_u/U0/i_synth/ADDSUB_OP.ADDSUB/LOGIC_SPEED.OP/EXP/NUMB_CMP/NOT_FAST.CMP/C_CHAIN/STRUCT_ADD1.CARRY_MUX2_i_1                                            | CLB.LUT.LUT6      |
    | grp_node_0_0_Pipeline_l_S_t_1_t_fu_256/hadd_16ns_16ns_16_3_no_dsp_1_U1/node_0_0_hadd_16ns_16ns_16_3_no_dsp_1_ip_u/U0/i_synth/ADDSUB_OP.ADDSUB/LOGIC_SPEED.OP/ALIGN_BLK/FRAC_ADDSUB/LOGIC_ADD.FRAC_ADDSUB/STRUCT_ADD1.CARRY_MUX1_CARRY4_CARRY8                        | CLB.CARRY.CARRY8  |
    | grp_node_0_0_Pipeline_l_S_t_1_t_fu_256/hadd_16ns_16ns_16_3_no_dsp_1_U1/node_0_0_hadd_16ns_16ns_16_3_no_dsp_1_ip_u/U0/i_synth/ADDSUB_OP.ADDSUB/LOGIC_SPEED.OP/ALIGN_BLK/FRAC_ADDSUB/LOGIC_ADD.FRAC_ADDSUB/STRUCT_ADD2.ADD1/CHAIN_GEN[0].C_MUX.CARRY_MUX_CARRY4_CARRY8 | CLB.CARRY.CARRY8  |
    | grp_node_0_0_Pipeline_l_S_t_1_t_fu_256/hadd_16ns_16ns_16_3_no_dsp_1_U1/node_0_0_hadd_16ns_16ns_16_3_no_dsp_1_ip_u/U0/i_synth/ADDSUB_OP.ADDSUB/LOGIC_SPEED.OP/ALIGN_BLK/FRAC_ADDSUB/LOGIC_ADD.FRAC_ADDSUB/STRUCT_ADD2.ADD1/CHAIN_GEN[0].C_MUX.CARRY_MUX_i_1__2        | CLB.LUT.LUT4      |
    | grp_node_0_0_Pipeline_l_S_t_1_t_fu_256/hadd_16ns_16ns_16_3_no_dsp_1_U1/node_0_0_hadd_16ns_16ns_16_3_no_dsp_1_ip_u/U0/i_synth/ADDSUB_OP.ADDSUB/LOGIC_SPEED.OP/NORM/LZE/ZERO_DET_CC_1/CHAIN_GEN[0].C_MUX.CARRY_MUX_CARRY4_CARRY8                                       | CLB.CARRY.CARRY8  |
    | grp_node_0_0_Pipeline_l_S_t_1_t_fu_256/hadd_16ns_16ns_16_3_no_dsp_1_U1/node_0_0_hadd_16ns_16ns_16_3_no_dsp_1_ip_u/U0/i_synth/ADDSUB_OP.ADDSUB/LOGIC_SPEED.OP/ALIGN_BLK/FRAC_ADDSUB/LOGIC_ADD.FRAC_ADDSUB/STRUCT_ADD2.ADD1/RESULT_REG.NORMAL.exp_op[2]_i_8            | CLB.LUT.LUT5      |
    | grp_node_0_0_Pipeline_l_S_t_1_t_fu_256/hadd_16ns_16ns_16_3_no_dsp_1_U1/node_0_0_hadd_16ns_16ns_16_3_no_dsp_1_ip_u/U0/i_synth/ADDSUB_OP.ADDSUB/LOGIC_SPEED.OP/ALIGN_BLK/FRAC_ADDSUB/LOGIC_ADD.FRAC_ADDSUB/STRUCT_ADD1.ADD1/RESULT_REG.NORMAL.exp_op[1]_i_3            | CLB.LUT.LUT5      |
    | grp_node_0_0_Pipeline_l_S_t_1_t_fu_256/hadd_16ns_16ns_16_3_no_dsp_1_U1/node_0_0_hadd_16ns_16ns_16_3_no_dsp_1_ip_u/U0/i_synth/ADDSUB_OP.ADDSUB/LOGIC_SPEED.OP/ALIGN_BLK/FRAC_ADDSUB/LOGIC_ADD.FRAC_ADDSUB/STRUCT_ADD1.ADD1/CHAIN_GEN[0].C_MUX.CARRY_MUX_i_6__0        | CLB.LUT.LUT5      |
    | grp_node_0_0_Pipeline_l_S_t_1_t_fu_256/hadd_16ns_16ns_16_3_no_dsp_1_U1/node_0_0_hadd_16ns_16ns_16_3_no_dsp_1_ip_u/U0/i_synth/ADDSUB_OP.ADDSUB/LOGIC_SPEED.OP/ALIGN_BLK/FRAC_ADDSUB/LOGIC_ADD.FRAC_ADDSUB/STRUCT_ADD1.ADD1/CHAIN_GEN[0].C_MUX.CARRY_MUX_i_3__0        | CLB.LUT.LUT6      |
    | grp_node_0_0_Pipeline_l_S_t_1_t_fu_256/hadd_16ns_16ns_16_3_no_dsp_1_U1/node_0_0_hadd_16ns_16ns_16_3_no_dsp_1_ip_u/U0/i_synth/ADDSUB_OP.ADDSUB/LOGIC_SPEED.OP/ALIGN_BLK/FRAC_ADDSUB/LOGIC_ADD.FRAC_ADDSUB/STRUCT_ADD1.ADD1/CHAIN_GEN[0].C_MUX.CARRY_MUX_i_1__10       | CLB.LUT.LUT5      |
    | grp_node_0_0_Pipeline_l_S_t_1_t_fu_256/hadd_16ns_16ns_16_3_no_dsp_1_U1/node_0_0_hadd_16ns_16ns_16_3_no_dsp_1_ip_u/U0/i_synth/ADDSUB_OP.ADDSUB/LOGIC_SPEED.OP/NORM/ROUND/RND_BIT_GEN/NORM_2.RND_CHAIN/CHAIN_GEN[0].C_MUX.CARRY_MUX_CARRY4_CARRY8                      | CLB.CARRY.CARRY8  |
    | grp_node_0_0_Pipeline_l_S_t_1_t_fu_256/hadd_16ns_16ns_16_3_no_dsp_1_U1/node_0_0_hadd_16ns_16ns_16_3_no_dsp_1_ip_u/U0/i_synth/ADDSUB_OP.ADDSUB/LOGIC_SPEED.OP/NORM/ROUND/LOGIC.RND1/CHAIN_GEN[2].C_MUX.CARRY_MUX_CARRY4_CARRY8                                        | CLB.CARRY.CARRY8  |
    | grp_node_0_0_Pipeline_l_S_t_1_t_fu_256/hadd_16ns_16ns_16_3_no_dsp_1_U1/node_0_0_hadd_16ns_16ns_16_3_no_dsp_1_ip_u/U0/i_synth/ADDSUB_OP.ADDSUB/LOGIC_SPEED.OP/NORM/ROUND/LOGIC.RND2/CHAIN_GEN[5].Q_XOR.SUM_XOR_CARRY4_CARRY8                                          | CLB.CARRY.CARRY8  |
    | grp_node_0_0_Pipeline_l_S_t_1_t_fu_256/hadd_16ns_16ns_16_3_no_dsp_1_U1/node_0_0_hadd_16ns_16ns_16_3_no_dsp_1_ip_u/U0/i_synth/ADDSUB_OP.ADDSUB/LOGIC_SPEED.OP/NORM/LZE/ZERO_DET_CC_1/RESULT_REG.NORMAL.exp_op[4]_i_3                                                  | CLB.LUT.LUT6      |
    | grp_node_0_0_Pipeline_l_S_t_1_t_fu_256/hadd_16ns_16ns_16_3_no_dsp_1_U1/node_0_0_hadd_16ns_16ns_16_3_no_dsp_1_ip_u/U0/i_synth/ADDSUB_OP.ADDSUB/LOGIC_SPEED.OP/NORM/LZE/ZERO_DET_CC_1/RESULT_REG.NORMAL.exp_op[4]_i_1                                                  | CLB.LUT.LUT6      |
    | grp_node_0_0_Pipeline_l_S_t_1_t_fu_256/hadd_16ns_16ns_16_3_no_dsp_1_U1/node_0_0_hadd_16ns_16ns_16_3_no_dsp_1_ip_u/U0/i_synth/ADDSUB_OP.ADDSUB/LOGIC_SPEED.OP/OP/RESULT_REG.NORMAL.exp_op_reg[4]                                                                      | REGISTER.SDR.FDRE |
    | grp_node_0_0_Pipeline_l_S_t_1_t_fu_256/hadd_16ns_16ns_16_3_no_dsp_1_U1/din1_buf1_reg[0]                                                                                                                                                                              | REGISTER.SDR.FDRE |
    | grp_node_0_0_Pipeline_l_S_t_1_t_fu_256/hsub_16ns_16ns_16_3_no_dsp_1_U2/node_0_0_hsub_16ns_16ns_16_3_no_dsp_1_ip_u/U0/i_synth/ADDSUB_OP.ADDSUB/LOGIC_SPEED.OP/EXP/NUMB_CMP/NOT_FAST.CMP/C_CHAIN/CHAIN_GEN[0].C_MUX.CARRY_MUX_i_2__1                                   | CLB.LUT.LUT4      |
    | grp_node_0_0_Pipeline_l_S_t_1_t_fu_256/hsub_16ns_16ns_16_3_no_dsp_1_U2/node_0_0_hsub_16ns_16ns_16_3_no_dsp_1_ip_u/U0/i_synth/ADDSUB_OP.ADDSUB/LOGIC_SPEED.OP/EXP/NUMB_CMP/NOT_FAST.CMP/C_CHAIN/CHAIN_GEN[0].C_MUX.CARRY_MUX_CARRY4_CARRY8                            | CLB.CARRY.CARRY8  |
    | grp_node_0_0_Pipeline_l_S_t_1_t_fu_256/hsub_16ns_16ns_16_3_no_dsp_1_U2/node_0_0_hsub_16ns_16ns_16_3_no_dsp_1_ip_u/U0/i_synth/ADDSUB_OP.ADDSUB/LOGIC_SPEED.OP/EXP/NUMB_CMP/NOT_FAST.CMP/C_CHAIN/CHAIN_GEN[1].C_MUX.CARRY_MUX_i_2__2                                   | CLB.LUT.LUT6      |
    | grp_node_0_0_Pipeline_l_S_t_1_t_fu_256/hsub_16ns_16ns_16_3_no_dsp_1_U2/node_0_0_hsub_16ns_16ns_16_3_no_dsp_1_ip_u/U0/i_synth/ADDSUB_OP.ADDSUB/LOGIC_SPEED.OP/EXP/NUMB_CMP/NOT_FAST.CMP/C_CHAIN/CHAIN_GEN[1].C_MUX.CARRY_MUX_i_1__1                                   | CLB.LUT.LUT4      |
    | grp_node_0_0_Pipeline_l_S_t_1_t_fu_256/hsub_16ns_16ns_16_3_no_dsp_1_U2/node_0_0_hsub_16ns_16ns_16_3_no_dsp_1_ip_u/U0/i_synth/ADDSUB_OP.ADDSUB/LOGIC_SPEED.OP/ALIGN_BLK/ALIGN_SHIFT/ALIGN_Z_D/EQ_ZERO/CARRY_ZERO_DET/CHAIN_GEN[0].C_MUX.CARRY_MUX_CARRY4_CARRY8       | CLB.CARRY.CARRY8  |
    | grp_node_0_0_Pipeline_l_S_t_1_t_fu_256/hsub_16ns_16ns_16_3_no_dsp_1_U2/node_0_0_hsub_16ns_16ns_16_3_no_dsp_1_ip_u/U0/i_synth/ADDSUB_OP.ADDSUB/LOGIC_SPEED.OP/ALIGN_BLK/ALIGN_SHIFT/ALIGN_Z_D/EQ_ZERO/CARRY_ZERO_DET/STRUCT_ADD1.CARRY_MUX2_i_7                       | CLB.LUT.LUT5      |
    | grp_node_0_0_Pipeline_l_S_t_1_t_fu_256/hsub_16ns_16ns_16_3_no_dsp_1_U2/node_0_0_hsub_16ns_16ns_16_3_no_dsp_1_ip_u/U0/i_synth/ADDSUB_OP.ADDSUB/LOGIC_SPEED.OP/EXP/NUMB_CMP/NOT_FAST.CMP/C_CHAIN/STRUCT_ADD1.CARRY_MUX2_i_1                                            | CLB.LUT.LUT6      |
    | grp_node_0_0_Pipeline_l_S_t_1_t_fu_256/hsub_16ns_16ns_16_3_no_dsp_1_U2/node_0_0_hsub_16ns_16ns_16_3_no_dsp_1_ip_u/U0/i_synth/ADDSUB_OP.ADDSUB/LOGIC_SPEED.OP/ALIGN_BLK/FRAC_ADDSUB/LOGIC_ADD.FRAC_ADDSUB/STRUCT_ADD1.CARRY_MUX1_CARRY4_CARRY8                        | CLB.CARRY.CARRY8  |
    | grp_node_0_0_Pipeline_l_S_t_1_t_fu_256/hsub_16ns_16ns_16_3_no_dsp_1_U2/node_0_0_hsub_16ns_16ns_16_3_no_dsp_1_ip_u/U0/i_synth/ADDSUB_OP.ADDSUB/LOGIC_SPEED.OP/ALIGN_BLK/FRAC_ADDSUB/LOGIC_ADD.FRAC_ADDSUB/STRUCT_ADD2.ADD1/CHAIN_GEN[0].C_MUX.CARRY_MUX_CARRY4_CARRY8 | CLB.CARRY.CARRY8  |
    | grp_node_0_0_Pipeline_l_S_t_1_t_fu_256/hsub_16ns_16ns_16_3_no_dsp_1_U2/node_0_0_hsub_16ns_16ns_16_3_no_dsp_1_ip_u/U0/i_synth/ADDSUB_OP.ADDSUB/LOGIC_SPEED.OP/ALIGN_BLK/FRAC_ADDSUB/LOGIC_ADD.FRAC_ADDSUB/STRUCT_ADD2.ADD1/CHAIN_GEN[0].C_MUX.CARRY_MUX_i_1__5        | CLB.LUT.LUT4      |
    | grp_node_0_0_Pipeline_l_S_t_1_t_fu_256/hsub_16ns_16ns_16_3_no_dsp_1_U2/node_0_0_hsub_16ns_16ns_16_3_no_dsp_1_ip_u/U0/i_synth/ADDSUB_OP.ADDSUB/LOGIC_SPEED.OP/NORM/LZE/ZERO_DET_CC_1/CHAIN_GEN[0].C_MUX.CARRY_MUX_CARRY4_CARRY8                                       | CLB.CARRY.CARRY8  |
    | grp_node_0_0_Pipeline_l_S_t_1_t_fu_256/hsub_16ns_16ns_16_3_no_dsp_1_U2/node_0_0_hsub_16ns_16ns_16_3_no_dsp_1_ip_u/U0/i_synth/ADDSUB_OP.ADDSUB/LOGIC_SPEED.OP/ALIGN_BLK/FRAC_ADDSUB/LOGIC_ADD.FRAC_ADDSUB/STRUCT_ADD1.ADD1/CHAIN_GEN[1].C_MUX.CARRY_MUX_i_6           | CLB.LUT.LUT6      |
    | grp_node_0_0_Pipeline_l_S_t_1_t_fu_256/hsub_16ns_16ns_16_3_no_dsp_1_U2/node_0_0_hsub_16ns_16ns_16_3_no_dsp_1_ip_u/U0/i_synth/ADDSUB_OP.ADDSUB/LOGIC_SPEED.OP/ALIGN_BLK/FRAC_ADDSUB/LOGIC_ADD.FRAC_ADDSUB/STRUCT_ADD2.ADD1/CHAIN_GEN[1].C_MUX.CARRY_MUX_i_2__3        | CLB.LUT.LUT6      |
    | grp_node_0_0_Pipeline_l_S_t_1_t_fu_256/hsub_16ns_16ns_16_3_no_dsp_1_U2/node_0_0_hsub_16ns_16ns_16_3_no_dsp_1_ip_u/U0/i_synth/ADDSUB_OP.ADDSUB/LOGIC_SPEED.OP/ALIGN_BLK/FRAC_ADDSUB/LOGIC_ADD.FRAC_ADDSUB/STRUCT_ADD2.ADD1/CHAIN_GEN[0].C_MUX.CARRY_MUX_i_7__0        | CLB.LUT.LUT5      |
    | grp_node_0_0_Pipeline_l_S_t_1_t_fu_256/hsub_16ns_16ns_16_3_no_dsp_1_U2/node_0_0_hsub_16ns_16ns_16_3_no_dsp_1_ip_u/U0/i_synth/ADDSUB_OP.ADDSUB/LOGIC_SPEED.OP/ALIGN_BLK/FRAC_ADDSUB/LOGIC_ADD.FRAC_ADDSUB/STRUCT_ADD1.ADD1/CHAIN_GEN[0].C_MUX.CARRY_MUX_i_5__0        | CLB.LUT.LUT6      |
    | grp_node_0_0_Pipeline_l_S_t_1_t_fu_256/hsub_16ns_16ns_16_3_no_dsp_1_U2/node_0_0_hsub_16ns_16ns_16_3_no_dsp_1_ip_u/U0/i_synth/ADDSUB_OP.ADDSUB/LOGIC_SPEED.OP/ALIGN_BLK/FRAC_ADDSUB/LOGIC_ADD.FRAC_ADDSUB/STRUCT_ADD1.ADD1/CHAIN_GEN[0].C_MUX.CARRY_MUX_i_1__9        | CLB.LUT.LUT6      |
    | grp_node_0_0_Pipeline_l_S_t_1_t_fu_256/hsub_16ns_16ns_16_3_no_dsp_1_U2/node_0_0_hsub_16ns_16ns_16_3_no_dsp_1_ip_u/U0/i_synth/ADDSUB_OP.ADDSUB/LOGIC_SPEED.OP/NORM/ROUND/RND_BIT_GEN/NORM_2.RND_CHAIN/CHAIN_GEN[0].C_MUX.CARRY_MUX_CARRY4_CARRY8                      | CLB.CARRY.CARRY8  |
    | grp_node_0_0_Pipeline_l_S_t_1_t_fu_256/hsub_16ns_16ns_16_3_no_dsp_1_U2/node_0_0_hsub_16ns_16ns_16_3_no_dsp_1_ip_u/U0/i_synth/ADDSUB_OP.ADDSUB/LOGIC_SPEED.OP/NORM/ROUND/LOGIC.RND1/CHAIN_GEN[2].C_MUX.CARRY_MUX_CARRY4_CARRY8                                        | CLB.CARRY.CARRY8  |
    | grp_node_0_0_Pipeline_l_S_t_1_t_fu_256/hsub_16ns_16ns_16_3_no_dsp_1_U2/node_0_0_hsub_16ns_16ns_16_3_no_dsp_1_ip_u/U0/i_synth/ADDSUB_OP.ADDSUB/LOGIC_SPEED.OP/NORM/ROUND/LOGIC.RND2/CHAIN_GEN[5].Q_XOR.SUM_XOR_CARRY4_CARRY8                                          | CLB.CARRY.CARRY8  |
    | grp_node_0_0_Pipeline_l_S_t_1_t_fu_256/hsub_16ns_16ns_16_3_no_dsp_1_U2/node_0_0_hsub_16ns_16ns_16_3_no_dsp_1_ip_u/U0/i_synth/ADDSUB_OP.ADDSUB/LOGIC_SPEED.OP/ALIGN_BLK/FRAC_ADDSUB/LOGIC_ADD.FRAC_ADDSUB/STRUCT_ADD1.ADD1/RESULT_REG.NORMAL.exp_op[0]_i_2            | CLB.LUT.LUT6      |
    | grp_node_0_0_Pipeline_l_S_t_1_t_fu_256/hsub_16ns_16ns_16_3_no_dsp_1_U2/node_0_0_hsub_16ns_16ns_16_3_no_dsp_1_ip_u/U0/i_synth/ADDSUB_OP.ADDSUB/LOGIC_SPEED.OP/EXP/EXP_OFF.STRUCT_ADD/RESULT_REG.NORMAL.exp_op[0]_i_1                                                  | CLB.LUT.LUT6      |
    | grp_node_0_0_Pipeline_l_S_t_1_t_fu_256/hsub_16ns_16ns_16_3_no_dsp_1_U2/node_0_0_hsub_16ns_16ns_16_3_no_dsp_1_ip_u/U0/i_synth/ADDSUB_OP.ADDSUB/LOGIC_SPEED.OP/OP/RESULT_REG.NORMAL.exp_op_reg[0]                                                                      | REGISTER.SDR.FDRE |
    | grp_node_0_0_Pipeline_l_S_t_1_t_fu_256/hadd_16ns_16ns_16_3_no_dsp_1_U1/din1_buf1_reg[0]                                                                                                                                                                              | REGISTER.SDR.FDRE |
    | grp_node_0_0_Pipeline_l_S_t_1_t_fu_256/hsub_16ns_16ns_16_3_no_dsp_1_U2/node_0_0_hsub_16ns_16ns_16_3_no_dsp_1_ip_u/U0/i_synth/ADDSUB_OP.ADDSUB/LOGIC_SPEED.OP/EXP/NUMB_CMP/NOT_FAST.CMP/C_CHAIN/CHAIN_GEN[0].C_MUX.CARRY_MUX_i_2__1                                   | CLB.LUT.LUT4      |
    | grp_node_0_0_Pipeline_l_S_t_1_t_fu_256/hsub_16ns_16ns_16_3_no_dsp_1_U2/node_0_0_hsub_16ns_16ns_16_3_no_dsp_1_ip_u/U0/i_synth/ADDSUB_OP.ADDSUB/LOGIC_SPEED.OP/EXP/NUMB_CMP/NOT_FAST.CMP/C_CHAIN/CHAIN_GEN[0].C_MUX.CARRY_MUX_CARRY4_CARRY8                            | CLB.CARRY.CARRY8  |
    | grp_node_0_0_Pipeline_l_S_t_1_t_fu_256/hsub_16ns_16ns_16_3_no_dsp_1_U2/node_0_0_hsub_16ns_16ns_16_3_no_dsp_1_ip_u/U0/i_synth/ADDSUB_OP.ADDSUB/LOGIC_SPEED.OP/EXP/NUMB_CMP/NOT_FAST.CMP/C_CHAIN/CHAIN_GEN[1].C_MUX.CARRY_MUX_i_2__2                                   | CLB.LUT.LUT6      |
    | grp_node_0_0_Pipeline_l_S_t_1_t_fu_256/hsub_16ns_16ns_16_3_no_dsp_1_U2/node_0_0_hsub_16ns_16ns_16_3_no_dsp_1_ip_u/U0/i_synth/ADDSUB_OP.ADDSUB/LOGIC_SPEED.OP/EXP/NUMB_CMP/NOT_FAST.CMP/C_CHAIN/CHAIN_GEN[1].C_MUX.CARRY_MUX_i_1__1                                   | CLB.LUT.LUT4      |
    | grp_node_0_0_Pipeline_l_S_t_1_t_fu_256/hsub_16ns_16ns_16_3_no_dsp_1_U2/node_0_0_hsub_16ns_16ns_16_3_no_dsp_1_ip_u/U0/i_synth/ADDSUB_OP.ADDSUB/LOGIC_SPEED.OP/ALIGN_BLK/ALIGN_SHIFT/ALIGN_Z_D/EQ_ZERO/CARRY_ZERO_DET/CHAIN_GEN[0].C_MUX.CARRY_MUX_CARRY4_CARRY8       | CLB.CARRY.CARRY8  |
    | grp_node_0_0_Pipeline_l_S_t_1_t_fu_256/hsub_16ns_16ns_16_3_no_dsp_1_U2/node_0_0_hsub_16ns_16ns_16_3_no_dsp_1_ip_u/U0/i_synth/ADDSUB_OP.ADDSUB/LOGIC_SPEED.OP/ALIGN_BLK/ALIGN_SHIFT/ALIGN_Z_D/EQ_ZERO/CARRY_ZERO_DET/STRUCT_ADD1.CARRY_MUX2_i_7                       | CLB.LUT.LUT5      |
    | grp_node_0_0_Pipeline_l_S_t_1_t_fu_256/hsub_16ns_16ns_16_3_no_dsp_1_U2/node_0_0_hsub_16ns_16ns_16_3_no_dsp_1_ip_u/U0/i_synth/ADDSUB_OP.ADDSUB/LOGIC_SPEED.OP/EXP/NUMB_CMP/NOT_FAST.CMP/C_CHAIN/STRUCT_ADD1.CARRY_MUX2_i_1                                            | CLB.LUT.LUT6      |
    | grp_node_0_0_Pipeline_l_S_t_1_t_fu_256/hsub_16ns_16ns_16_3_no_dsp_1_U2/node_0_0_hsub_16ns_16ns_16_3_no_dsp_1_ip_u/U0/i_synth/ADDSUB_OP.ADDSUB/LOGIC_SPEED.OP/ALIGN_BLK/FRAC_ADDSUB/LOGIC_ADD.FRAC_ADDSUB/STRUCT_ADD1.CARRY_MUX1_CARRY4_CARRY8                        | CLB.CARRY.CARRY8  |
    | grp_node_0_0_Pipeline_l_S_t_1_t_fu_256/hsub_16ns_16ns_16_3_no_dsp_1_U2/node_0_0_hsub_16ns_16ns_16_3_no_dsp_1_ip_u/U0/i_synth/ADDSUB_OP.ADDSUB/LOGIC_SPEED.OP/ALIGN_BLK/FRAC_ADDSUB/LOGIC_ADD.FRAC_ADDSUB/STRUCT_ADD2.ADD1/CHAIN_GEN[0].C_MUX.CARRY_MUX_CARRY4_CARRY8 | CLB.CARRY.CARRY8  |
    | grp_node_0_0_Pipeline_l_S_t_1_t_fu_256/hsub_16ns_16ns_16_3_no_dsp_1_U2/node_0_0_hsub_16ns_16ns_16_3_no_dsp_1_ip_u/U0/i_synth/ADDSUB_OP.ADDSUB/LOGIC_SPEED.OP/ALIGN_BLK/FRAC_ADDSUB/LOGIC_ADD.FRAC_ADDSUB/STRUCT_ADD2.ADD1/CHAIN_GEN[0].C_MUX.CARRY_MUX_i_1__5        | CLB.LUT.LUT4      |
    | grp_node_0_0_Pipeline_l_S_t_1_t_fu_256/hsub_16ns_16ns_16_3_no_dsp_1_U2/node_0_0_hsub_16ns_16ns_16_3_no_dsp_1_ip_u/U0/i_synth/ADDSUB_OP.ADDSUB/LOGIC_SPEED.OP/NORM/LZE/ZERO_DET_CC_1/CHAIN_GEN[0].C_MUX.CARRY_MUX_CARRY4_CARRY8                                       | CLB.CARRY.CARRY8  |
    | grp_node_0_0_Pipeline_l_S_t_1_t_fu_256/hsub_16ns_16ns_16_3_no_dsp_1_U2/node_0_0_hsub_16ns_16ns_16_3_no_dsp_1_ip_u/U0/i_synth/ADDSUB_OP.ADDSUB/LOGIC_SPEED.OP/ALIGN_BLK/FRAC_ADDSUB/LOGIC_ADD.FRAC_ADDSUB/STRUCT_ADD1.ADD1/CHAIN_GEN[1].C_MUX.CARRY_MUX_i_6           | CLB.LUT.LUT6      |
    | grp_node_0_0_Pipeline_l_S_t_1_t_fu_256/hsub_16ns_16ns_16_3_no_dsp_1_U2/node_0_0_hsub_16ns_16ns_16_3_no_dsp_1_ip_u/U0/i_synth/ADDSUB_OP.ADDSUB/LOGIC_SPEED.OP/ALIGN_BLK/FRAC_ADDSUB/LOGIC_ADD.FRAC_ADDSUB/STRUCT_ADD2.ADD1/CHAIN_GEN[1].C_MUX.CARRY_MUX_i_2__3        | CLB.LUT.LUT6      |
    | grp_node_0_0_Pipeline_l_S_t_1_t_fu_256/hsub_16ns_16ns_16_3_no_dsp_1_U2/node_0_0_hsub_16ns_16ns_16_3_no_dsp_1_ip_u/U0/i_synth/ADDSUB_OP.ADDSUB/LOGIC_SPEED.OP/ALIGN_BLK/FRAC_ADDSUB/LOGIC_ADD.FRAC_ADDSUB/STRUCT_ADD2.ADD1/CHAIN_GEN[0].C_MUX.CARRY_MUX_i_7__0        | CLB.LUT.LUT5      |
    | grp_node_0_0_Pipeline_l_S_t_1_t_fu_256/hsub_16ns_16ns_16_3_no_dsp_1_U2/node_0_0_hsub_16ns_16ns_16_3_no_dsp_1_ip_u/U0/i_synth/ADDSUB_OP.ADDSUB/LOGIC_SPEED.OP/ALIGN_BLK/FRAC_ADDSUB/LOGIC_ADD.FRAC_ADDSUB/STRUCT_ADD1.ADD1/CHAIN_GEN[0].C_MUX.CARRY_MUX_i_5__0        | CLB.LUT.LUT6      |
    | grp_node_0_0_Pipeline_l_S_t_1_t_fu_256/hsub_16ns_16ns_16_3_no_dsp_1_U2/node_0_0_hsub_16ns_16ns_16_3_no_dsp_1_ip_u/U0/i_synth/ADDSUB_OP.ADDSUB/LOGIC_SPEED.OP/ALIGN_BLK/FRAC_ADDSUB/LOGIC_ADD.FRAC_ADDSUB/STRUCT_ADD1.ADD1/CHAIN_GEN[0].C_MUX.CARRY_MUX_i_1__9        | CLB.LUT.LUT6      |
    | grp_node_0_0_Pipeline_l_S_t_1_t_fu_256/hsub_16ns_16ns_16_3_no_dsp_1_U2/node_0_0_hsub_16ns_16ns_16_3_no_dsp_1_ip_u/U0/i_synth/ADDSUB_OP.ADDSUB/LOGIC_SPEED.OP/NORM/ROUND/RND_BIT_GEN/NORM_2.RND_CHAIN/CHAIN_GEN[0].C_MUX.CARRY_MUX_CARRY4_CARRY8                      | CLB.CARRY.CARRY8  |
    | grp_node_0_0_Pipeline_l_S_t_1_t_fu_256/hsub_16ns_16ns_16_3_no_dsp_1_U2/node_0_0_hsub_16ns_16ns_16_3_no_dsp_1_ip_u/U0/i_synth/ADDSUB_OP.ADDSUB/LOGIC_SPEED.OP/NORM/ROUND/LOGIC.RND1/CHAIN_GEN[2].C_MUX.CARRY_MUX_CARRY4_CARRY8                                        | CLB.CARRY.CARRY8  |
    | grp_node_0_0_Pipeline_l_S_t_1_t_fu_256/hsub_16ns_16ns_16_3_no_dsp_1_U2/node_0_0_hsub_16ns_16ns_16_3_no_dsp_1_ip_u/U0/i_synth/ADDSUB_OP.ADDSUB/LOGIC_SPEED.OP/NORM/ROUND/LOGIC.RND2/CHAIN_GEN[5].Q_XOR.SUM_XOR_CARRY4_CARRY8                                          | CLB.CARRY.CARRY8  |
    | grp_node_0_0_Pipeline_l_S_t_1_t_fu_256/hsub_16ns_16ns_16_3_no_dsp_1_U2/node_0_0_hsub_16ns_16ns_16_3_no_dsp_1_ip_u/U0/i_synth/ADDSUB_OP.ADDSUB/LOGIC_SPEED.OP/EXP/EXP_OFF.STRUCT_ADD/RESULT_REG.NORMAL.exp_op[1]_i_2                                                  | CLB.LUT.LUT5      |
    | grp_node_0_0_Pipeline_l_S_t_1_t_fu_256/hsub_16ns_16ns_16_3_no_dsp_1_U2/node_0_0_hsub_16ns_16ns_16_3_no_dsp_1_ip_u/U0/i_synth/ADDSUB_OP.ADDSUB/LOGIC_SPEED.OP/EXP/EXP_OFF.STRUCT_ADD/RESULT_REG.NORMAL.exp_op[1]_i_1                                                  | CLB.LUT.LUT6      |
    | grp_node_0_0_Pipeline_l_S_t_1_t_fu_256/hsub_16ns_16ns_16_3_no_dsp_1_U2/node_0_0_hsub_16ns_16ns_16_3_no_dsp_1_ip_u/U0/i_synth/ADDSUB_OP.ADDSUB/LOGIC_SPEED.OP/OP/RESULT_REG.NORMAL.exp_op_reg[1]                                                                      | REGISTER.SDR.FDRE |
    | grp_node_0_0_Pipeline_l_S_t_1_t_fu_256/hadd_16ns_16ns_16_3_no_dsp_1_U1/din1_buf1_reg[0]                                                                                                                                                                              | REGISTER.SDR.FDRE |
    | grp_node_0_0_Pipeline_l_S_t_1_t_fu_256/hsub_16ns_16ns_16_3_no_dsp_1_U2/node_0_0_hsub_16ns_16ns_16_3_no_dsp_1_ip_u/U0/i_synth/ADDSUB_OP.ADDSUB/LOGIC_SPEED.OP/EXP/NUMB_CMP/NOT_FAST.CMP/C_CHAIN/CHAIN_GEN[0].C_MUX.CARRY_MUX_i_2__1                                   | CLB.LUT.LUT4      |
    | grp_node_0_0_Pipeline_l_S_t_1_t_fu_256/hsub_16ns_16ns_16_3_no_dsp_1_U2/node_0_0_hsub_16ns_16ns_16_3_no_dsp_1_ip_u/U0/i_synth/ADDSUB_OP.ADDSUB/LOGIC_SPEED.OP/EXP/NUMB_CMP/NOT_FAST.CMP/C_CHAIN/CHAIN_GEN[0].C_MUX.CARRY_MUX_CARRY4_CARRY8                            | CLB.CARRY.CARRY8  |
    | grp_node_0_0_Pipeline_l_S_t_1_t_fu_256/hsub_16ns_16ns_16_3_no_dsp_1_U2/node_0_0_hsub_16ns_16ns_16_3_no_dsp_1_ip_u/U0/i_synth/ADDSUB_OP.ADDSUB/LOGIC_SPEED.OP/EXP/NUMB_CMP/NOT_FAST.CMP/C_CHAIN/CHAIN_GEN[1].C_MUX.CARRY_MUX_i_2__2                                   | CLB.LUT.LUT6      |
    | grp_node_0_0_Pipeline_l_S_t_1_t_fu_256/hsub_16ns_16ns_16_3_no_dsp_1_U2/node_0_0_hsub_16ns_16ns_16_3_no_dsp_1_ip_u/U0/i_synth/ADDSUB_OP.ADDSUB/LOGIC_SPEED.OP/EXP/NUMB_CMP/NOT_FAST.CMP/C_CHAIN/CHAIN_GEN[1].C_MUX.CARRY_MUX_i_1__1                                   | CLB.LUT.LUT4      |
    | grp_node_0_0_Pipeline_l_S_t_1_t_fu_256/hsub_16ns_16ns_16_3_no_dsp_1_U2/node_0_0_hsub_16ns_16ns_16_3_no_dsp_1_ip_u/U0/i_synth/ADDSUB_OP.ADDSUB/LOGIC_SPEED.OP/ALIGN_BLK/ALIGN_SHIFT/ALIGN_Z_D/EQ_ZERO/CARRY_ZERO_DET/CHAIN_GEN[0].C_MUX.CARRY_MUX_CARRY4_CARRY8       | CLB.CARRY.CARRY8  |
    | grp_node_0_0_Pipeline_l_S_t_1_t_fu_256/hsub_16ns_16ns_16_3_no_dsp_1_U2/node_0_0_hsub_16ns_16ns_16_3_no_dsp_1_ip_u/U0/i_synth/ADDSUB_OP.ADDSUB/LOGIC_SPEED.OP/ALIGN_BLK/ALIGN_SHIFT/ALIGN_Z_D/EQ_ZERO/CARRY_ZERO_DET/STRUCT_ADD1.CARRY_MUX2_i_7                       | CLB.LUT.LUT5      |
    | grp_node_0_0_Pipeline_l_S_t_1_t_fu_256/hsub_16ns_16ns_16_3_no_dsp_1_U2/node_0_0_hsub_16ns_16ns_16_3_no_dsp_1_ip_u/U0/i_synth/ADDSUB_OP.ADDSUB/LOGIC_SPEED.OP/EXP/NUMB_CMP/NOT_FAST.CMP/C_CHAIN/STRUCT_ADD1.CARRY_MUX2_i_1                                            | CLB.LUT.LUT6      |
    | grp_node_0_0_Pipeline_l_S_t_1_t_fu_256/hsub_16ns_16ns_16_3_no_dsp_1_U2/node_0_0_hsub_16ns_16ns_16_3_no_dsp_1_ip_u/U0/i_synth/ADDSUB_OP.ADDSUB/LOGIC_SPEED.OP/ALIGN_BLK/FRAC_ADDSUB/LOGIC_ADD.FRAC_ADDSUB/STRUCT_ADD1.CARRY_MUX1_CARRY4_CARRY8                        | CLB.CARRY.CARRY8  |
    | grp_node_0_0_Pipeline_l_S_t_1_t_fu_256/hsub_16ns_16ns_16_3_no_dsp_1_U2/node_0_0_hsub_16ns_16ns_16_3_no_dsp_1_ip_u/U0/i_synth/ADDSUB_OP.ADDSUB/LOGIC_SPEED.OP/ALIGN_BLK/FRAC_ADDSUB/LOGIC_ADD.FRAC_ADDSUB/STRUCT_ADD2.ADD1/CHAIN_GEN[0].C_MUX.CARRY_MUX_CARRY4_CARRY8 | CLB.CARRY.CARRY8  |
    | grp_node_0_0_Pipeline_l_S_t_1_t_fu_256/hsub_16ns_16ns_16_3_no_dsp_1_U2/node_0_0_hsub_16ns_16ns_16_3_no_dsp_1_ip_u/U0/i_synth/ADDSUB_OP.ADDSUB/LOGIC_SPEED.OP/ALIGN_BLK/FRAC_ADDSUB/LOGIC_ADD.FRAC_ADDSUB/STRUCT_ADD2.ADD1/CHAIN_GEN[0].C_MUX.CARRY_MUX_i_1__5        | CLB.LUT.LUT4      |
    | grp_node_0_0_Pipeline_l_S_t_1_t_fu_256/hsub_16ns_16ns_16_3_no_dsp_1_U2/node_0_0_hsub_16ns_16ns_16_3_no_dsp_1_ip_u/U0/i_synth/ADDSUB_OP.ADDSUB/LOGIC_SPEED.OP/NORM/LZE/ZERO_DET_CC_1/CHAIN_GEN[0].C_MUX.CARRY_MUX_CARRY4_CARRY8                                       | CLB.CARRY.CARRY8  |
    | grp_node_0_0_Pipeline_l_S_t_1_t_fu_256/hsub_16ns_16ns_16_3_no_dsp_1_U2/node_0_0_hsub_16ns_16ns_16_3_no_dsp_1_ip_u/U0/i_synth/ADDSUB_OP.ADDSUB/LOGIC_SPEED.OP/ALIGN_BLK/FRAC_ADDSUB/LOGIC_ADD.FRAC_ADDSUB/STRUCT_ADD1.ADD1/CHAIN_GEN[1].C_MUX.CARRY_MUX_i_6           | CLB.LUT.LUT6      |
    | grp_node_0_0_Pipeline_l_S_t_1_t_fu_256/hsub_16ns_16ns_16_3_no_dsp_1_U2/node_0_0_hsub_16ns_16ns_16_3_no_dsp_1_ip_u/U0/i_synth/ADDSUB_OP.ADDSUB/LOGIC_SPEED.OP/ALIGN_BLK/FRAC_ADDSUB/LOGIC_ADD.FRAC_ADDSUB/STRUCT_ADD2.ADD1/CHAIN_GEN[1].C_MUX.CARRY_MUX_i_2__3        | CLB.LUT.LUT6      |
    | grp_node_0_0_Pipeline_l_S_t_1_t_fu_256/hsub_16ns_16ns_16_3_no_dsp_1_U2/node_0_0_hsub_16ns_16ns_16_3_no_dsp_1_ip_u/U0/i_synth/ADDSUB_OP.ADDSUB/LOGIC_SPEED.OP/ALIGN_BLK/FRAC_ADDSUB/LOGIC_ADD.FRAC_ADDSUB/STRUCT_ADD2.ADD1/CHAIN_GEN[0].C_MUX.CARRY_MUX_i_7__0        | CLB.LUT.LUT5      |
    | grp_node_0_0_Pipeline_l_S_t_1_t_fu_256/hsub_16ns_16ns_16_3_no_dsp_1_U2/node_0_0_hsub_16ns_16ns_16_3_no_dsp_1_ip_u/U0/i_synth/ADDSUB_OP.ADDSUB/LOGIC_SPEED.OP/ALIGN_BLK/FRAC_ADDSUB/LOGIC_ADD.FRAC_ADDSUB/STRUCT_ADD1.ADD1/CHAIN_GEN[0].C_MUX.CARRY_MUX_i_5__0        | CLB.LUT.LUT6      |
    | grp_node_0_0_Pipeline_l_S_t_1_t_fu_256/hsub_16ns_16ns_16_3_no_dsp_1_U2/node_0_0_hsub_16ns_16ns_16_3_no_dsp_1_ip_u/U0/i_synth/ADDSUB_OP.ADDSUB/LOGIC_SPEED.OP/ALIGN_BLK/FRAC_ADDSUB/LOGIC_ADD.FRAC_ADDSUB/STRUCT_ADD1.ADD1/CHAIN_GEN[0].C_MUX.CARRY_MUX_i_1__9        | CLB.LUT.LUT6      |
    | grp_node_0_0_Pipeline_l_S_t_1_t_fu_256/hsub_16ns_16ns_16_3_no_dsp_1_U2/node_0_0_hsub_16ns_16ns_16_3_no_dsp_1_ip_u/U0/i_synth/ADDSUB_OP.ADDSUB/LOGIC_SPEED.OP/NORM/ROUND/RND_BIT_GEN/NORM_2.RND_CHAIN/CHAIN_GEN[0].C_MUX.CARRY_MUX_CARRY4_CARRY8                      | CLB.CARRY.CARRY8  |
    | grp_node_0_0_Pipeline_l_S_t_1_t_fu_256/hsub_16ns_16ns_16_3_no_dsp_1_U2/node_0_0_hsub_16ns_16ns_16_3_no_dsp_1_ip_u/U0/i_synth/ADDSUB_OP.ADDSUB/LOGIC_SPEED.OP/NORM/ROUND/LOGIC.RND1/CHAIN_GEN[2].C_MUX.CARRY_MUX_CARRY4_CARRY8                                        | CLB.CARRY.CARRY8  |
    | grp_node_0_0_Pipeline_l_S_t_1_t_fu_256/hsub_16ns_16ns_16_3_no_dsp_1_U2/node_0_0_hsub_16ns_16ns_16_3_no_dsp_1_ip_u/U0/i_synth/ADDSUB_OP.ADDSUB/LOGIC_SPEED.OP/NORM/ROUND/LOGIC.RND2/CHAIN_GEN[5].Q_XOR.SUM_XOR_CARRY4_CARRY8                                          | CLB.CARRY.CARRY8  |
    | grp_node_0_0_Pipeline_l_S_t_1_t_fu_256/hsub_16ns_16ns_16_3_no_dsp_1_U2/node_0_0_hsub_16ns_16ns_16_3_no_dsp_1_ip_u/U0/i_synth/ADDSUB_OP.ADDSUB/LOGIC_SPEED.OP/ALIGN_BLK/FRAC_ADDSUB/LOGIC_ADD.FRAC_ADDSUB/STRUCT_ADD1.ADD1/RESULT_REG.NORMAL.exp_op[2]_i_2            | CLB.LUT.LUT6      |
    | grp_node_0_0_Pipeline_l_S_t_1_t_fu_256/hsub_16ns_16ns_16_3_no_dsp_1_U2/node_0_0_hsub_16ns_16ns_16_3_no_dsp_1_ip_u/U0/i_synth/ADDSUB_OP.ADDSUB/LOGIC_SPEED.OP/ALIGN_BLK/FRAC_ADDSUB/LOGIC_ADD.FRAC_ADDSUB/STRUCT_ADD1.ADD1/RESULT_REG.NORMAL.exp_op[2]_i_1            | CLB.LUT.LUT6      |
    | grp_node_0_0_Pipeline_l_S_t_1_t_fu_256/hsub_16ns_16ns_16_3_no_dsp_1_U2/node_0_0_hsub_16ns_16ns_16_3_no_dsp_1_ip_u/U0/i_synth/ADDSUB_OP.ADDSUB/LOGIC_SPEED.OP/OP/RESULT_REG.NORMAL.exp_op_reg[2]                                                                      | REGISTER.SDR.FDRE |
    | grp_node_0_0_Pipeline_l_S_t_1_t_fu_256/hadd_16ns_16ns_16_3_no_dsp_1_U1/din1_buf1_reg[0]                                                                                                                                                                              | REGISTER.SDR.FDRE |
    | grp_node_0_0_Pipeline_l_S_t_1_t_fu_256/hsub_16ns_16ns_16_3_no_dsp_1_U2/node_0_0_hsub_16ns_16ns_16_3_no_dsp_1_ip_u/U0/i_synth/ADDSUB_OP.ADDSUB/LOGIC_SPEED.OP/EXP/NUMB_CMP/NOT_FAST.CMP/C_CHAIN/CHAIN_GEN[0].C_MUX.CARRY_MUX_i_2__1                                   | CLB.LUT.LUT4      |
    | grp_node_0_0_Pipeline_l_S_t_1_t_fu_256/hsub_16ns_16ns_16_3_no_dsp_1_U2/node_0_0_hsub_16ns_16ns_16_3_no_dsp_1_ip_u/U0/i_synth/ADDSUB_OP.ADDSUB/LOGIC_SPEED.OP/EXP/NUMB_CMP/NOT_FAST.CMP/C_CHAIN/CHAIN_GEN[0].C_MUX.CARRY_MUX_CARRY4_CARRY8                            | CLB.CARRY.CARRY8  |
    | grp_node_0_0_Pipeline_l_S_t_1_t_fu_256/hsub_16ns_16ns_16_3_no_dsp_1_U2/node_0_0_hsub_16ns_16ns_16_3_no_dsp_1_ip_u/U0/i_synth/ADDSUB_OP.ADDSUB/LOGIC_SPEED.OP/EXP/NUMB_CMP/NOT_FAST.CMP/C_CHAIN/CHAIN_GEN[1].C_MUX.CARRY_MUX_i_2__2                                   | CLB.LUT.LUT6      |
    | grp_node_0_0_Pipeline_l_S_t_1_t_fu_256/hsub_16ns_16ns_16_3_no_dsp_1_U2/node_0_0_hsub_16ns_16ns_16_3_no_dsp_1_ip_u/U0/i_synth/ADDSUB_OP.ADDSUB/LOGIC_SPEED.OP/EXP/NUMB_CMP/NOT_FAST.CMP/C_CHAIN/CHAIN_GEN[1].C_MUX.CARRY_MUX_i_1__1                                   | CLB.LUT.LUT4      |
    | grp_node_0_0_Pipeline_l_S_t_1_t_fu_256/hsub_16ns_16ns_16_3_no_dsp_1_U2/node_0_0_hsub_16ns_16ns_16_3_no_dsp_1_ip_u/U0/i_synth/ADDSUB_OP.ADDSUB/LOGIC_SPEED.OP/ALIGN_BLK/ALIGN_SHIFT/ALIGN_Z_D/EQ_ZERO/CARRY_ZERO_DET/CHAIN_GEN[0].C_MUX.CARRY_MUX_CARRY4_CARRY8       | CLB.CARRY.CARRY8  |
    | grp_node_0_0_Pipeline_l_S_t_1_t_fu_256/hsub_16ns_16ns_16_3_no_dsp_1_U2/node_0_0_hsub_16ns_16ns_16_3_no_dsp_1_ip_u/U0/i_synth/ADDSUB_OP.ADDSUB/LOGIC_SPEED.OP/ALIGN_BLK/ALIGN_SHIFT/ALIGN_Z_D/EQ_ZERO/CARRY_ZERO_DET/STRUCT_ADD1.CARRY_MUX2_i_7                       | CLB.LUT.LUT5      |
    | grp_node_0_0_Pipeline_l_S_t_1_t_fu_256/hsub_16ns_16ns_16_3_no_dsp_1_U2/node_0_0_hsub_16ns_16ns_16_3_no_dsp_1_ip_u/U0/i_synth/ADDSUB_OP.ADDSUB/LOGIC_SPEED.OP/EXP/NUMB_CMP/NOT_FAST.CMP/C_CHAIN/STRUCT_ADD1.CARRY_MUX2_i_1                                            | CLB.LUT.LUT6      |
    | grp_node_0_0_Pipeline_l_S_t_1_t_fu_256/hsub_16ns_16ns_16_3_no_dsp_1_U2/node_0_0_hsub_16ns_16ns_16_3_no_dsp_1_ip_u/U0/i_synth/ADDSUB_OP.ADDSUB/LOGIC_SPEED.OP/ALIGN_BLK/FRAC_ADDSUB/LOGIC_ADD.FRAC_ADDSUB/STRUCT_ADD1.CARRY_MUX1_CARRY4_CARRY8                        | CLB.CARRY.CARRY8  |
    | grp_node_0_0_Pipeline_l_S_t_1_t_fu_256/hsub_16ns_16ns_16_3_no_dsp_1_U2/node_0_0_hsub_16ns_16ns_16_3_no_dsp_1_ip_u/U0/i_synth/ADDSUB_OP.ADDSUB/LOGIC_SPEED.OP/ALIGN_BLK/FRAC_ADDSUB/LOGIC_ADD.FRAC_ADDSUB/STRUCT_ADD2.ADD1/CHAIN_GEN[0].C_MUX.CARRY_MUX_CARRY4_CARRY8 | CLB.CARRY.CARRY8  |
    | grp_node_0_0_Pipeline_l_S_t_1_t_fu_256/hsub_16ns_16ns_16_3_no_dsp_1_U2/node_0_0_hsub_16ns_16ns_16_3_no_dsp_1_ip_u/U0/i_synth/ADDSUB_OP.ADDSUB/LOGIC_SPEED.OP/ALIGN_BLK/FRAC_ADDSUB/LOGIC_ADD.FRAC_ADDSUB/STRUCT_ADD2.ADD1/CHAIN_GEN[0].C_MUX.CARRY_MUX_i_1__5        | CLB.LUT.LUT4      |
    | grp_node_0_0_Pipeline_l_S_t_1_t_fu_256/hsub_16ns_16ns_16_3_no_dsp_1_U2/node_0_0_hsub_16ns_16ns_16_3_no_dsp_1_ip_u/U0/i_synth/ADDSUB_OP.ADDSUB/LOGIC_SPEED.OP/NORM/LZE/ZERO_DET_CC_1/CHAIN_GEN[0].C_MUX.CARRY_MUX_CARRY4_CARRY8                                       | CLB.CARRY.CARRY8  |
    | grp_node_0_0_Pipeline_l_S_t_1_t_fu_256/hsub_16ns_16ns_16_3_no_dsp_1_U2/node_0_0_hsub_16ns_16ns_16_3_no_dsp_1_ip_u/U0/i_synth/ADDSUB_OP.ADDSUB/LOGIC_SPEED.OP/ALIGN_BLK/FRAC_ADDSUB/LOGIC_ADD.FRAC_ADDSUB/STRUCT_ADD1.ADD1/CHAIN_GEN[1].C_MUX.CARRY_MUX_i_6           | CLB.LUT.LUT6      |
    | grp_node_0_0_Pipeline_l_S_t_1_t_fu_256/hsub_16ns_16ns_16_3_no_dsp_1_U2/node_0_0_hsub_16ns_16ns_16_3_no_dsp_1_ip_u/U0/i_synth/ADDSUB_OP.ADDSUB/LOGIC_SPEED.OP/ALIGN_BLK/FRAC_ADDSUB/LOGIC_ADD.FRAC_ADDSUB/STRUCT_ADD2.ADD1/CHAIN_GEN[1].C_MUX.CARRY_MUX_i_2__3        | CLB.LUT.LUT6      |
    | grp_node_0_0_Pipeline_l_S_t_1_t_fu_256/hsub_16ns_16ns_16_3_no_dsp_1_U2/node_0_0_hsub_16ns_16ns_16_3_no_dsp_1_ip_u/U0/i_synth/ADDSUB_OP.ADDSUB/LOGIC_SPEED.OP/ALIGN_BLK/FRAC_ADDSUB/LOGIC_ADD.FRAC_ADDSUB/STRUCT_ADD2.ADD1/CHAIN_GEN[0].C_MUX.CARRY_MUX_i_7__0        | CLB.LUT.LUT5      |
    | grp_node_0_0_Pipeline_l_S_t_1_t_fu_256/hsub_16ns_16ns_16_3_no_dsp_1_U2/node_0_0_hsub_16ns_16ns_16_3_no_dsp_1_ip_u/U0/i_synth/ADDSUB_OP.ADDSUB/LOGIC_SPEED.OP/ALIGN_BLK/FRAC_ADDSUB/LOGIC_ADD.FRAC_ADDSUB/STRUCT_ADD1.ADD1/CHAIN_GEN[0].C_MUX.CARRY_MUX_i_5__0        | CLB.LUT.LUT6      |
    | grp_node_0_0_Pipeline_l_S_t_1_t_fu_256/hsub_16ns_16ns_16_3_no_dsp_1_U2/node_0_0_hsub_16ns_16ns_16_3_no_dsp_1_ip_u/U0/i_synth/ADDSUB_OP.ADDSUB/LOGIC_SPEED.OP/ALIGN_BLK/FRAC_ADDSUB/LOGIC_ADD.FRAC_ADDSUB/STRUCT_ADD1.ADD1/CHAIN_GEN[0].C_MUX.CARRY_MUX_i_1__9        | CLB.LUT.LUT6      |
    | grp_node_0_0_Pipeline_l_S_t_1_t_fu_256/hsub_16ns_16ns_16_3_no_dsp_1_U2/node_0_0_hsub_16ns_16ns_16_3_no_dsp_1_ip_u/U0/i_synth/ADDSUB_OP.ADDSUB/LOGIC_SPEED.OP/NORM/ROUND/RND_BIT_GEN/NORM_2.RND_CHAIN/CHAIN_GEN[0].C_MUX.CARRY_MUX_CARRY4_CARRY8                      | CLB.CARRY.CARRY8  |
    | grp_node_0_0_Pipeline_l_S_t_1_t_fu_256/hsub_16ns_16ns_16_3_no_dsp_1_U2/node_0_0_hsub_16ns_16ns_16_3_no_dsp_1_ip_u/U0/i_synth/ADDSUB_OP.ADDSUB/LOGIC_SPEED.OP/NORM/ROUND/LOGIC.RND1/CHAIN_GEN[2].C_MUX.CARRY_MUX_CARRY4_CARRY8                                        | CLB.CARRY.CARRY8  |
    | grp_node_0_0_Pipeline_l_S_t_1_t_fu_256/hsub_16ns_16ns_16_3_no_dsp_1_U2/node_0_0_hsub_16ns_16ns_16_3_no_dsp_1_ip_u/U0/i_synth/ADDSUB_OP.ADDSUB/LOGIC_SPEED.OP/NORM/ROUND/LOGIC.RND2/CHAIN_GEN[5].Q_XOR.SUM_XOR_CARRY4_CARRY8                                          | CLB.CARRY.CARRY8  |
    | grp_node_0_0_Pipeline_l_S_t_1_t_fu_256/hsub_16ns_16ns_16_3_no_dsp_1_U2/node_0_0_hsub_16ns_16ns_16_3_no_dsp_1_ip_u/U0/i_synth/ADDSUB_OP.ADDSUB/LOGIC_SPEED.OP/NORM/LZE/ZERO_DET_CC_1/RESULT_REG.NORMAL.exp_op[4]_i_3                                                  | CLB.LUT.LUT6      |
    | grp_node_0_0_Pipeline_l_S_t_1_t_fu_256/hsub_16ns_16ns_16_3_no_dsp_1_U2/node_0_0_hsub_16ns_16ns_16_3_no_dsp_1_ip_u/U0/i_synth/ADDSUB_OP.ADDSUB/LOGIC_SPEED.OP/EXP/EXP_OFF.STRUCT_ADD/RESULT_REG.NORMAL.exp_op[3]_i_1                                                  | CLB.LUT.LUT6      |
    | grp_node_0_0_Pipeline_l_S_t_1_t_fu_256/hsub_16ns_16ns_16_3_no_dsp_1_U2/node_0_0_hsub_16ns_16ns_16_3_no_dsp_1_ip_u/U0/i_synth/ADDSUB_OP.ADDSUB/LOGIC_SPEED.OP/OP/RESULT_REG.NORMAL.exp_op_reg[3]                                                                      | REGISTER.SDR.FDRE |
    | grp_node_0_0_Pipeline_l_S_t_1_t_fu_256/hadd_16ns_16ns_16_3_no_dsp_1_U1/din1_buf1_reg[0]                                                                                                                                                                              | REGISTER.SDR.FDRE |
    | grp_node_0_0_Pipeline_l_S_t_1_t_fu_256/hsub_16ns_16ns_16_3_no_dsp_1_U2/node_0_0_hsub_16ns_16ns_16_3_no_dsp_1_ip_u/U0/i_synth/ADDSUB_OP.ADDSUB/LOGIC_SPEED.OP/EXP/NUMB_CMP/NOT_FAST.CMP/C_CHAIN/CHAIN_GEN[0].C_MUX.CARRY_MUX_i_2__1                                   | CLB.LUT.LUT4      |
    | grp_node_0_0_Pipeline_l_S_t_1_t_fu_256/hsub_16ns_16ns_16_3_no_dsp_1_U2/node_0_0_hsub_16ns_16ns_16_3_no_dsp_1_ip_u/U0/i_synth/ADDSUB_OP.ADDSUB/LOGIC_SPEED.OP/EXP/NUMB_CMP/NOT_FAST.CMP/C_CHAIN/CHAIN_GEN[0].C_MUX.CARRY_MUX_CARRY4_CARRY8                            | CLB.CARRY.CARRY8  |
    | grp_node_0_0_Pipeline_l_S_t_1_t_fu_256/hsub_16ns_16ns_16_3_no_dsp_1_U2/node_0_0_hsub_16ns_16ns_16_3_no_dsp_1_ip_u/U0/i_synth/ADDSUB_OP.ADDSUB/LOGIC_SPEED.OP/EXP/NUMB_CMP/NOT_FAST.CMP/C_CHAIN/CHAIN_GEN[1].C_MUX.CARRY_MUX_i_2__2                                   | CLB.LUT.LUT6      |
    | grp_node_0_0_Pipeline_l_S_t_1_t_fu_256/hsub_16ns_16ns_16_3_no_dsp_1_U2/node_0_0_hsub_16ns_16ns_16_3_no_dsp_1_ip_u/U0/i_synth/ADDSUB_OP.ADDSUB/LOGIC_SPEED.OP/EXP/NUMB_CMP/NOT_FAST.CMP/C_CHAIN/CHAIN_GEN[1].C_MUX.CARRY_MUX_i_1__1                                   | CLB.LUT.LUT4      |
    | grp_node_0_0_Pipeline_l_S_t_1_t_fu_256/hsub_16ns_16ns_16_3_no_dsp_1_U2/node_0_0_hsub_16ns_16ns_16_3_no_dsp_1_ip_u/U0/i_synth/ADDSUB_OP.ADDSUB/LOGIC_SPEED.OP/ALIGN_BLK/ALIGN_SHIFT/ALIGN_Z_D/EQ_ZERO/CARRY_ZERO_DET/CHAIN_GEN[0].C_MUX.CARRY_MUX_CARRY4_CARRY8       | CLB.CARRY.CARRY8  |
    | grp_node_0_0_Pipeline_l_S_t_1_t_fu_256/hsub_16ns_16ns_16_3_no_dsp_1_U2/node_0_0_hsub_16ns_16ns_16_3_no_dsp_1_ip_u/U0/i_synth/ADDSUB_OP.ADDSUB/LOGIC_SPEED.OP/ALIGN_BLK/ALIGN_SHIFT/ALIGN_Z_D/EQ_ZERO/CARRY_ZERO_DET/STRUCT_ADD1.CARRY_MUX2_i_7                       | CLB.LUT.LUT5      |
    | grp_node_0_0_Pipeline_l_S_t_1_t_fu_256/hsub_16ns_16ns_16_3_no_dsp_1_U2/node_0_0_hsub_16ns_16ns_16_3_no_dsp_1_ip_u/U0/i_synth/ADDSUB_OP.ADDSUB/LOGIC_SPEED.OP/EXP/NUMB_CMP/NOT_FAST.CMP/C_CHAIN/STRUCT_ADD1.CARRY_MUX2_i_1                                            | CLB.LUT.LUT6      |
    | grp_node_0_0_Pipeline_l_S_t_1_t_fu_256/hsub_16ns_16ns_16_3_no_dsp_1_U2/node_0_0_hsub_16ns_16ns_16_3_no_dsp_1_ip_u/U0/i_synth/ADDSUB_OP.ADDSUB/LOGIC_SPEED.OP/ALIGN_BLK/FRAC_ADDSUB/LOGIC_ADD.FRAC_ADDSUB/STRUCT_ADD1.CARRY_MUX1_CARRY4_CARRY8                        | CLB.CARRY.CARRY8  |
    | grp_node_0_0_Pipeline_l_S_t_1_t_fu_256/hsub_16ns_16ns_16_3_no_dsp_1_U2/node_0_0_hsub_16ns_16ns_16_3_no_dsp_1_ip_u/U0/i_synth/ADDSUB_OP.ADDSUB/LOGIC_SPEED.OP/ALIGN_BLK/FRAC_ADDSUB/LOGIC_ADD.FRAC_ADDSUB/STRUCT_ADD2.ADD1/CHAIN_GEN[0].C_MUX.CARRY_MUX_CARRY4_CARRY8 | CLB.CARRY.CARRY8  |
    | grp_node_0_0_Pipeline_l_S_t_1_t_fu_256/hsub_16ns_16ns_16_3_no_dsp_1_U2/node_0_0_hsub_16ns_16ns_16_3_no_dsp_1_ip_u/U0/i_synth/ADDSUB_OP.ADDSUB/LOGIC_SPEED.OP/ALIGN_BLK/FRAC_ADDSUB/LOGIC_ADD.FRAC_ADDSUB/STRUCT_ADD2.ADD1/CHAIN_GEN[0].C_MUX.CARRY_MUX_i_1__5        | CLB.LUT.LUT4      |
    | grp_node_0_0_Pipeline_l_S_t_1_t_fu_256/hsub_16ns_16ns_16_3_no_dsp_1_U2/node_0_0_hsub_16ns_16ns_16_3_no_dsp_1_ip_u/U0/i_synth/ADDSUB_OP.ADDSUB/LOGIC_SPEED.OP/NORM/LZE/ZERO_DET_CC_1/CHAIN_GEN[0].C_MUX.CARRY_MUX_CARRY4_CARRY8                                       | CLB.CARRY.CARRY8  |
    | grp_node_0_0_Pipeline_l_S_t_1_t_fu_256/hsub_16ns_16ns_16_3_no_dsp_1_U2/node_0_0_hsub_16ns_16ns_16_3_no_dsp_1_ip_u/U0/i_synth/ADDSUB_OP.ADDSUB/LOGIC_SPEED.OP/ALIGN_BLK/FRAC_ADDSUB/LOGIC_ADD.FRAC_ADDSUB/STRUCT_ADD1.ADD1/CHAIN_GEN[1].C_MUX.CARRY_MUX_i_6           | CLB.LUT.LUT6      |
    | grp_node_0_0_Pipeline_l_S_t_1_t_fu_256/hsub_16ns_16ns_16_3_no_dsp_1_U2/node_0_0_hsub_16ns_16ns_16_3_no_dsp_1_ip_u/U0/i_synth/ADDSUB_OP.ADDSUB/LOGIC_SPEED.OP/ALIGN_BLK/FRAC_ADDSUB/LOGIC_ADD.FRAC_ADDSUB/STRUCT_ADD2.ADD1/CHAIN_GEN[1].C_MUX.CARRY_MUX_i_2__3        | CLB.LUT.LUT6      |
    | grp_node_0_0_Pipeline_l_S_t_1_t_fu_256/hsub_16ns_16ns_16_3_no_dsp_1_U2/node_0_0_hsub_16ns_16ns_16_3_no_dsp_1_ip_u/U0/i_synth/ADDSUB_OP.ADDSUB/LOGIC_SPEED.OP/ALIGN_BLK/FRAC_ADDSUB/LOGIC_ADD.FRAC_ADDSUB/STRUCT_ADD2.ADD1/CHAIN_GEN[0].C_MUX.CARRY_MUX_i_7__0        | CLB.LUT.LUT5      |
    | grp_node_0_0_Pipeline_l_S_t_1_t_fu_256/hsub_16ns_16ns_16_3_no_dsp_1_U2/node_0_0_hsub_16ns_16ns_16_3_no_dsp_1_ip_u/U0/i_synth/ADDSUB_OP.ADDSUB/LOGIC_SPEED.OP/ALIGN_BLK/FRAC_ADDSUB/LOGIC_ADD.FRAC_ADDSUB/STRUCT_ADD1.ADD1/CHAIN_GEN[0].C_MUX.CARRY_MUX_i_5__0        | CLB.LUT.LUT6      |
    | grp_node_0_0_Pipeline_l_S_t_1_t_fu_256/hsub_16ns_16ns_16_3_no_dsp_1_U2/node_0_0_hsub_16ns_16ns_16_3_no_dsp_1_ip_u/U0/i_synth/ADDSUB_OP.ADDSUB/LOGIC_SPEED.OP/ALIGN_BLK/FRAC_ADDSUB/LOGIC_ADD.FRAC_ADDSUB/STRUCT_ADD1.ADD1/CHAIN_GEN[0].C_MUX.CARRY_MUX_i_1__9        | CLB.LUT.LUT6      |
    | grp_node_0_0_Pipeline_l_S_t_1_t_fu_256/hsub_16ns_16ns_16_3_no_dsp_1_U2/node_0_0_hsub_16ns_16ns_16_3_no_dsp_1_ip_u/U0/i_synth/ADDSUB_OP.ADDSUB/LOGIC_SPEED.OP/NORM/ROUND/RND_BIT_GEN/NORM_2.RND_CHAIN/CHAIN_GEN[0].C_MUX.CARRY_MUX_CARRY4_CARRY8                      | CLB.CARRY.CARRY8  |
    | grp_node_0_0_Pipeline_l_S_t_1_t_fu_256/hsub_16ns_16ns_16_3_no_dsp_1_U2/node_0_0_hsub_16ns_16ns_16_3_no_dsp_1_ip_u/U0/i_synth/ADDSUB_OP.ADDSUB/LOGIC_SPEED.OP/NORM/ROUND/LOGIC.RND1/CHAIN_GEN[2].C_MUX.CARRY_MUX_CARRY4_CARRY8                                        | CLB.CARRY.CARRY8  |
    | grp_node_0_0_Pipeline_l_S_t_1_t_fu_256/hsub_16ns_16ns_16_3_no_dsp_1_U2/node_0_0_hsub_16ns_16ns_16_3_no_dsp_1_ip_u/U0/i_synth/ADDSUB_OP.ADDSUB/LOGIC_SPEED.OP/NORM/ROUND/LOGIC.RND2/CHAIN_GEN[5].Q_XOR.SUM_XOR_CARRY4_CARRY8                                          | CLB.CARRY.CARRY8  |
    | grp_node_0_0_Pipeline_l_S_t_1_t_fu_256/hsub_16ns_16ns_16_3_no_dsp_1_U2/node_0_0_hsub_16ns_16ns_16_3_no_dsp_1_ip_u/U0/i_synth/ADDSUB_OP.ADDSUB/LOGIC_SPEED.OP/NORM/LZE/ZERO_DET_CC_1/RESULT_REG.NORMAL.exp_op[4]_i_3                                                  | CLB.LUT.LUT6      |
    | grp_node_0_0_Pipeline_l_S_t_1_t_fu_256/hsub_16ns_16ns_16_3_no_dsp_1_U2/node_0_0_hsub_16ns_16ns_16_3_no_dsp_1_ip_u/U0/i_synth/ADDSUB_OP.ADDSUB/LOGIC_SPEED.OP/EXP/EXP_OFF.STRUCT_ADD/RESULT_REG.NORMAL.exp_op[4]_i_1                                                  | CLB.LUT.LUT6      |
    | grp_node_0_0_Pipeline_l_S_t_1_t_fu_256/hsub_16ns_16ns_16_3_no_dsp_1_U2/node_0_0_hsub_16ns_16ns_16_3_no_dsp_1_ip_u/U0/i_synth/ADDSUB_OP.ADDSUB/LOGIC_SPEED.OP/OP/RESULT_REG.NORMAL.exp_op_reg[4]                                                                      | REGISTER.SDR.FDRE |
    | grp_node_0_0_Pipeline_l_S_t_1_t_fu_256/hadd_16ns_16ns_16_3_no_dsp_1_U1/din1_buf1_reg[0]                                                                                                                                                                              | REGISTER.SDR.FDRE |
    | grp_node_0_0_Pipeline_l_S_t_1_t_fu_256/hsub_16ns_16ns_16_3_no_dsp_1_U2/node_0_0_hsub_16ns_16ns_16_3_no_dsp_1_ip_u/U0/i_synth/ADDSUB_OP.ADDSUB/LOGIC_SPEED.OP/EXP/NUMB_CMP/NOT_FAST.CMP/C_CHAIN/CHAIN_GEN[0].C_MUX.CARRY_MUX_i_2__1                                   | CLB.LUT.LUT4      |
    | grp_node_0_0_Pipeline_l_S_t_1_t_fu_256/hsub_16ns_16ns_16_3_no_dsp_1_U2/node_0_0_hsub_16ns_16ns_16_3_no_dsp_1_ip_u/U0/i_synth/ADDSUB_OP.ADDSUB/LOGIC_SPEED.OP/EXP/NUMB_CMP/NOT_FAST.CMP/C_CHAIN/CHAIN_GEN[0].C_MUX.CARRY_MUX_CARRY4_CARRY8                            | CLB.CARRY.CARRY8  |
    | grp_node_0_0_Pipeline_l_S_t_1_t_fu_256/hsub_16ns_16ns_16_3_no_dsp_1_U2/node_0_0_hsub_16ns_16ns_16_3_no_dsp_1_ip_u/U0/i_synth/ADDSUB_OP.ADDSUB/LOGIC_SPEED.OP/EXP/NUMB_CMP/NOT_FAST.CMP/C_CHAIN/CHAIN_GEN[1].C_MUX.CARRY_MUX_i_2__2                                   | CLB.LUT.LUT6      |
    | grp_node_0_0_Pipeline_l_S_t_1_t_fu_256/hsub_16ns_16ns_16_3_no_dsp_1_U2/node_0_0_hsub_16ns_16ns_16_3_no_dsp_1_ip_u/U0/i_synth/ADDSUB_OP.ADDSUB/LOGIC_SPEED.OP/EXP/NUMB_CMP/NOT_FAST.CMP/C_CHAIN/CHAIN_GEN[1].C_MUX.CARRY_MUX_i_1__1                                   | CLB.LUT.LUT4      |
    | grp_node_0_0_Pipeline_l_S_t_1_t_fu_256/hsub_16ns_16ns_16_3_no_dsp_1_U2/node_0_0_hsub_16ns_16ns_16_3_no_dsp_1_ip_u/U0/i_synth/ADDSUB_OP.ADDSUB/LOGIC_SPEED.OP/ALIGN_BLK/ALIGN_SHIFT/ALIGN_Z_D/EQ_ZERO/CARRY_ZERO_DET/CHAIN_GEN[0].C_MUX.CARRY_MUX_CARRY4_CARRY8       | CLB.CARRY.CARRY8  |
    | grp_node_0_0_Pipeline_l_S_t_1_t_fu_256/hsub_16ns_16ns_16_3_no_dsp_1_U2/node_0_0_hsub_16ns_16ns_16_3_no_dsp_1_ip_u/U0/i_synth/ADDSUB_OP.ADDSUB/LOGIC_SPEED.OP/ALIGN_BLK/ALIGN_SHIFT/ALIGN_Z_D/EQ_ZERO/CARRY_ZERO_DET/STRUCT_ADD1.CARRY_MUX2_i_7                       | CLB.LUT.LUT5      |
    | grp_node_0_0_Pipeline_l_S_t_1_t_fu_256/hsub_16ns_16ns_16_3_no_dsp_1_U2/node_0_0_hsub_16ns_16ns_16_3_no_dsp_1_ip_u/U0/i_synth/ADDSUB_OP.ADDSUB/LOGIC_SPEED.OP/EXP/NUMB_CMP/NOT_FAST.CMP/C_CHAIN/STRUCT_ADD1.CARRY_MUX2_i_1                                            | CLB.LUT.LUT6      |
    | grp_node_0_0_Pipeline_l_S_t_1_t_fu_256/hsub_16ns_16ns_16_3_no_dsp_1_U2/node_0_0_hsub_16ns_16ns_16_3_no_dsp_1_ip_u/U0/i_synth/ADDSUB_OP.ADDSUB/LOGIC_SPEED.OP/ALIGN_BLK/FRAC_ADDSUB/LOGIC_ADD.FRAC_ADDSUB/STRUCT_ADD1.CARRY_MUX1_CARRY4_CARRY8                        | CLB.CARRY.CARRY8  |
    | grp_node_0_0_Pipeline_l_S_t_1_t_fu_256/hsub_16ns_16ns_16_3_no_dsp_1_U2/node_0_0_hsub_16ns_16ns_16_3_no_dsp_1_ip_u/U0/i_synth/ADDSUB_OP.ADDSUB/LOGIC_SPEED.OP/ALIGN_BLK/FRAC_ADDSUB/LOGIC_ADD.FRAC_ADDSUB/STRUCT_ADD2.ADD1/CHAIN_GEN[0].C_MUX.CARRY_MUX_CARRY4_CARRY8 | CLB.CARRY.CARRY8  |
    | grp_node_0_0_Pipeline_l_S_t_1_t_fu_256/hsub_16ns_16ns_16_3_no_dsp_1_U2/node_0_0_hsub_16ns_16ns_16_3_no_dsp_1_ip_u/U0/i_synth/ADDSUB_OP.ADDSUB/LOGIC_SPEED.OP/ALIGN_BLK/FRAC_ADDSUB/LOGIC_ADD.FRAC_ADDSUB/STRUCT_ADD2.ADD1/CHAIN_GEN[0].C_MUX.CARRY_MUX_i_1__5        | CLB.LUT.LUT4      |
    | grp_node_0_0_Pipeline_l_S_t_1_t_fu_256/hsub_16ns_16ns_16_3_no_dsp_1_U2/node_0_0_hsub_16ns_16ns_16_3_no_dsp_1_ip_u/U0/i_synth/ADDSUB_OP.ADDSUB/LOGIC_SPEED.OP/NORM/LZE/ZERO_DET_CC_1/CHAIN_GEN[0].C_MUX.CARRY_MUX_CARRY4_CARRY8                                       | CLB.CARRY.CARRY8  |
    | grp_node_0_0_Pipeline_l_S_t_1_t_fu_256/hsub_16ns_16ns_16_3_no_dsp_1_U2/node_0_0_hsub_16ns_16ns_16_3_no_dsp_1_ip_u/U0/i_synth/ADDSUB_OP.ADDSUB/LOGIC_SPEED.OP/ALIGN_BLK/FRAC_ADDSUB/LOGIC_ADD.FRAC_ADDSUB/STRUCT_ADD1.ADD1/CHAIN_GEN[1].C_MUX.CARRY_MUX_i_6           | CLB.LUT.LUT6      |
    | grp_node_0_0_Pipeline_l_S_t_1_t_fu_256/hsub_16ns_16ns_16_3_no_dsp_1_U2/node_0_0_hsub_16ns_16ns_16_3_no_dsp_1_ip_u/U0/i_synth/ADDSUB_OP.ADDSUB/LOGIC_SPEED.OP/ALIGN_BLK/FRAC_ADDSUB/LOGIC_ADD.FRAC_ADDSUB/STRUCT_ADD2.ADD1/CHAIN_GEN[1].C_MUX.CARRY_MUX_i_2__3        | CLB.LUT.LUT6      |
    | grp_node_0_0_Pipeline_l_S_t_1_t_fu_256/hsub_16ns_16ns_16_3_no_dsp_1_U2/node_0_0_hsub_16ns_16ns_16_3_no_dsp_1_ip_u/U0/i_synth/ADDSUB_OP.ADDSUB/LOGIC_SPEED.OP/ALIGN_BLK/FRAC_ADDSUB/LOGIC_ADD.FRAC_ADDSUB/STRUCT_ADD2.ADD1/CHAIN_GEN[0].C_MUX.CARRY_MUX_i_7__0        | CLB.LUT.LUT5      |
    | grp_node_0_0_Pipeline_l_S_t_1_t_fu_256/hsub_16ns_16ns_16_3_no_dsp_1_U2/node_0_0_hsub_16ns_16ns_16_3_no_dsp_1_ip_u/U0/i_synth/ADDSUB_OP.ADDSUB/LOGIC_SPEED.OP/ALIGN_BLK/FRAC_ADDSUB/LOGIC_ADD.FRAC_ADDSUB/STRUCT_ADD1.ADD1/CHAIN_GEN[0].C_MUX.CARRY_MUX_i_5__0        | CLB.LUT.LUT6      |
    | grp_node_0_0_Pipeline_l_S_t_1_t_fu_256/hsub_16ns_16ns_16_3_no_dsp_1_U2/node_0_0_hsub_16ns_16ns_16_3_no_dsp_1_ip_u/U0/i_synth/ADDSUB_OP.ADDSUB/LOGIC_SPEED.OP/ALIGN_BLK/FRAC_ADDSUB/LOGIC_ADD.FRAC_ADDSUB/STRUCT_ADD1.ADD1/CHAIN_GEN[0].C_MUX.CARRY_MUX_i_1__9        | CLB.LUT.LUT6      |
    | grp_node_0_0_Pipeline_l_S_t_1_t_fu_256/hsub_16ns_16ns_16_3_no_dsp_1_U2/node_0_0_hsub_16ns_16ns_16_3_no_dsp_1_ip_u/U0/i_synth/ADDSUB_OP.ADDSUB/LOGIC_SPEED.OP/NORM/ROUND/RND_BIT_GEN/NORM_2.RND_CHAIN/CHAIN_GEN[0].C_MUX.CARRY_MUX_CARRY4_CARRY8                      | CLB.CARRY.CARRY8  |
    | grp_node_0_0_Pipeline_l_S_t_1_t_fu_256/hsub_16ns_16ns_16_3_no_dsp_1_U2/node_0_0_hsub_16ns_16ns_16_3_no_dsp_1_ip_u/U0/i_synth/ADDSUB_OP.ADDSUB/LOGIC_SPEED.OP/NORM/ROUND/LOGIC.RND1/CHAIN_GEN[2].C_MUX.CARRY_MUX_CARRY4_CARRY8                                        | CLB.CARRY.CARRY8  |
    | grp_node_0_0_Pipeline_l_S_t_1_t_fu_256/hsub_16ns_16ns_16_3_no_dsp_1_U2/node_0_0_hsub_16ns_16ns_16_3_no_dsp_1_ip_u/U0/i_synth/ADDSUB_OP.ADDSUB/LOGIC_SPEED.OP/NORM/ROUND/LOGIC.RND2/RESULT_REG.NORMAL.mant_op[9]_i_2                                                  | CLB.LUT.LUT3      |
    | grp_node_0_0_Pipeline_l_S_t_1_t_fu_256/hsub_16ns_16ns_16_3_no_dsp_1_U2/node_0_0_hsub_16ns_16ns_16_3_no_dsp_1_ip_u/U0/i_synth/ADDSUB_OP.ADDSUB/LOGIC_SPEED.OP/EXP/EXP_OFF.STRUCT_ADD/RESULT_REG.NORMAL.mant_op[9]_i_1                                                 | CLB.LUT.LUT6      |
    | grp_node_0_0_Pipeline_l_S_t_1_t_fu_256/hsub_16ns_16ns_16_3_no_dsp_1_U2/node_0_0_hsub_16ns_16ns_16_3_no_dsp_1_ip_u/U0/i_synth/ADDSUB_OP.ADDSUB/LOGIC_SPEED.OP/OP/RESULT_REG.NORMAL.mant_op_reg[9]                                                                     | REGISTER.SDR.FDRE |
    | grp_node_0_0_Pipeline_l_S_t_1_t_fu_256/hadd_16ns_16ns_16_3_no_dsp_1_U1/din1_buf1_reg[0]                                                                                                                                                                              | REGISTER.SDR.FDRE |
    | grp_node_0_0_Pipeline_l_S_t_1_t_fu_256/hadd_16ns_16ns_16_3_no_dsp_1_U1/node_0_0_hadd_16ns_16ns_16_3_no_dsp_1_ip_u/U0/i_synth/ADDSUB_OP.ADDSUB/LOGIC_SPEED.OP/EXP/NUMB_CMP/NOT_FAST.CMP/C_CHAIN/CHAIN_GEN[0].C_MUX.CARRY_MUX_i_2__1                                   | CLB.LUT.LUT4      |
    | grp_node_0_0_Pipeline_l_S_t_1_t_fu_256/hadd_16ns_16ns_16_3_no_dsp_1_U1/node_0_0_hadd_16ns_16ns_16_3_no_dsp_1_ip_u/U0/i_synth/ADDSUB_OP.ADDSUB/LOGIC_SPEED.OP/EXP/NUMB_CMP/NOT_FAST.CMP/C_CHAIN/CHAIN_GEN[0].C_MUX.CARRY_MUX_CARRY4_CARRY8                            | CLB.CARRY.CARRY8  |
    | grp_node_0_0_Pipeline_l_S_t_1_t_fu_256/hadd_16ns_16ns_16_3_no_dsp_1_U1/node_0_0_hadd_16ns_16ns_16_3_no_dsp_1_ip_u/U0/i_synth/ADDSUB_OP.ADDSUB/LOGIC_SPEED.OP/EXP/NUMB_CMP/NOT_FAST.CMP/C_CHAIN/CHAIN_GEN[1].C_MUX.CARRY_MUX_i_2__3                                   | CLB.LUT.LUT6      |
    | grp_node_0_0_Pipeline_l_S_t_1_t_fu_256/hadd_16ns_16ns_16_3_no_dsp_1_U1/node_0_0_hadd_16ns_16ns_16_3_no_dsp_1_ip_u/U0/i_synth/ADDSUB_OP.ADDSUB/LOGIC_SPEED.OP/EXP/NUMB_CMP/NOT_FAST.CMP/C_CHAIN/CHAIN_GEN[1].C_MUX.CARRY_MUX_i_1__5                                   | CLB.LUT.LUT4      |
    | grp_node_0_0_Pipeline_l_S_t_1_t_fu_256/hadd_16ns_16ns_16_3_no_dsp_1_U1/node_0_0_hadd_16ns_16ns_16_3_no_dsp_1_ip_u/U0/i_synth/ADDSUB_OP.ADDSUB/LOGIC_SPEED.OP/ALIGN_BLK/ALIGN_SHIFT/ALIGN_Z_D/EQ_ZERO/CARRY_ZERO_DET/CHAIN_GEN[0].C_MUX.CARRY_MUX_CARRY4_CARRY8       | CLB.CARRY.CARRY8  |
    | grp_node_0_0_Pipeline_l_S_t_1_t_fu_256/hadd_16ns_16ns_16_3_no_dsp_1_U1/node_0_0_hadd_16ns_16ns_16_3_no_dsp_1_ip_u/U0/i_synth/ADDSUB_OP.ADDSUB/LOGIC_SPEED.OP/EXP/NUMB_CMP/NOT_FAST.CMP/C_CHAIN/STRUCT_ADD1.CARRY_MUX2_i_7                                            | CLB.LUT.LUT5      |
    | grp_node_0_0_Pipeline_l_S_t_1_t_fu_256/hadd_16ns_16ns_16_3_no_dsp_1_U1/node_0_0_hadd_16ns_16ns_16_3_no_dsp_1_ip_u/U0/i_synth/ADDSUB_OP.ADDSUB/LOGIC_SPEED.OP/EXP/NUMB_CMP/NOT_FAST.CMP/C_CHAIN/STRUCT_ADD1.CARRY_MUX2_i_2                                            | CLB.LUT.LUT6      |
    | grp_node_0_0_Pipeline_l_S_t_1_t_fu_256/hadd_16ns_16ns_16_3_no_dsp_1_U1/node_0_0_hadd_16ns_16ns_16_3_no_dsp_1_ip_u/U0/i_synth/ADDSUB_OP.ADDSUB/LOGIC_SPEED.OP/EXP/NUMB_CMP/NOT_FAST.CMP/C_CHAIN/STRUCT_ADD1.CARRY_MUX2_i_1                                            | CLB.LUT.LUT6      |
    | grp_node_0_0_Pipeline_l_S_t_1_t_fu_256/hadd_16ns_16ns_16_3_no_dsp_1_U1/node_0_0_hadd_16ns_16ns_16_3_no_dsp_1_ip_u/U0/i_synth/ADDSUB_OP.ADDSUB/LOGIC_SPEED.OP/ALIGN_BLK/FRAC_ADDSUB/LOGIC_ADD.FRAC_ADDSUB/STRUCT_ADD1.CARRY_MUX1_CARRY4_CARRY8                        | CLB.CARRY.CARRY8  |
    | grp_node_0_0_Pipeline_l_S_t_1_t_fu_256/hadd_16ns_16ns_16_3_no_dsp_1_U1/node_0_0_hadd_16ns_16ns_16_3_no_dsp_1_ip_u/U0/i_synth/ADDSUB_OP.ADDSUB/LOGIC_SPEED.OP/ALIGN_BLK/FRAC_ADDSUB/LOGIC_ADD.FRAC_ADDSUB/STRUCT_ADD2.ADD1/CHAIN_GEN[0].C_MUX.CARRY_MUX_CARRY4_CARRY8 | CLB.CARRY.CARRY8  |
    | grp_node_0_0_Pipeline_l_S_t_1_t_fu_256/hadd_16ns_16ns_16_3_no_dsp_1_U1/node_0_0_hadd_16ns_16ns_16_3_no_dsp_1_ip_u/U0/i_synth/ADDSUB_OP.ADDSUB/LOGIC_SPEED.OP/ALIGN_BLK/FRAC_ADDSUB/LOGIC_ADD.FRAC_ADDSUB/STRUCT_ADD2.ADD1/CHAIN_GEN[0].C_MUX.CARRY_MUX_i_1__2        | CLB.LUT.LUT4      |
    | grp_node_0_0_Pipeline_l_S_t_1_t_fu_256/hadd_16ns_16ns_16_3_no_dsp_1_U1/node_0_0_hadd_16ns_16ns_16_3_no_dsp_1_ip_u/U0/i_synth/ADDSUB_OP.ADDSUB/LOGIC_SPEED.OP/NORM/LZE/ZERO_DET_CC_1/CHAIN_GEN[0].C_MUX.CARRY_MUX_CARRY4_CARRY8                                       | CLB.CARRY.CARRY8  |
    | grp_node_0_0_Pipeline_l_S_t_1_t_fu_256/hadd_16ns_16ns_16_3_no_dsp_1_U1/node_0_0_hadd_16ns_16ns_16_3_no_dsp_1_ip_u/U0/i_synth/ADDSUB_OP.ADDSUB/LOGIC_SPEED.OP/ALIGN_BLK/FRAC_ADDSUB/LOGIC_ADD.FRAC_ADDSUB/STRUCT_ADD2.ADD1/RESULT_REG.NORMAL.exp_op[2]_i_8            | CLB.LUT.LUT5      |
    | grp_node_0_0_Pipeline_l_S_t_1_t_fu_256/hadd_16ns_16ns_16_3_no_dsp_1_U1/node_0_0_hadd_16ns_16ns_16_3_no_dsp_1_ip_u/U0/i_synth/ADDSUB_OP.ADDSUB/LOGIC_SPEED.OP/ALIGN_BLK/FRAC_ADDSUB/LOGIC_ADD.FRAC_ADDSUB/STRUCT_ADD1.ADD1/RESULT_REG.NORMAL.exp_op[1]_i_3            | CLB.LUT.LUT5      |
    | grp_node_0_0_Pipeline_l_S_t_1_t_fu_256/hadd_16ns_16ns_16_3_no_dsp_1_U1/node_0_0_hadd_16ns_16ns_16_3_no_dsp_1_ip_u/U0/i_synth/ADDSUB_OP.ADDSUB/LOGIC_SPEED.OP/ALIGN_BLK/FRAC_ADDSUB/LOGIC_ADD.FRAC_ADDSUB/STRUCT_ADD1.ADD1/CHAIN_GEN[0].C_MUX.CARRY_MUX_i_6__0        | CLB.LUT.LUT5      |
    | grp_node_0_0_Pipeline_l_S_t_1_t_fu_256/hadd_16ns_16ns_16_3_no_dsp_1_U1/node_0_0_hadd_16ns_16ns_16_3_no_dsp_1_ip_u/U0/i_synth/ADDSUB_OP.ADDSUB/LOGIC_SPEED.OP/ALIGN_BLK/FRAC_ADDSUB/LOGIC_ADD.FRAC_ADDSUB/STRUCT_ADD1.ADD1/CHAIN_GEN[0].C_MUX.CARRY_MUX_i_3__0        | CLB.LUT.LUT6      |
    | grp_node_0_0_Pipeline_l_S_t_1_t_fu_256/hadd_16ns_16ns_16_3_no_dsp_1_U1/node_0_0_hadd_16ns_16ns_16_3_no_dsp_1_ip_u/U0/i_synth/ADDSUB_OP.ADDSUB/LOGIC_SPEED.OP/ALIGN_BLK/FRAC_ADDSUB/LOGIC_ADD.FRAC_ADDSUB/STRUCT_ADD1.ADD1/CHAIN_GEN[0].C_MUX.CARRY_MUX_i_1__10       | CLB.LUT.LUT5      |
    | grp_node_0_0_Pipeline_l_S_t_1_t_fu_256/hadd_16ns_16ns_16_3_no_dsp_1_U1/node_0_0_hadd_16ns_16ns_16_3_no_dsp_1_ip_u/U0/i_synth/ADDSUB_OP.ADDSUB/LOGIC_SPEED.OP/NORM/ROUND/RND_BIT_GEN/NORM_2.RND_CHAIN/CHAIN_GEN[0].C_MUX.CARRY_MUX_CARRY4_CARRY8                      | CLB.CARRY.CARRY8  |
    | grp_node_0_0_Pipeline_l_S_t_1_t_fu_256/hadd_16ns_16ns_16_3_no_dsp_1_U1/node_0_0_hadd_16ns_16ns_16_3_no_dsp_1_ip_u/U0/i_synth/ADDSUB_OP.ADDSUB/LOGIC_SPEED.OP/NORM/ROUND/LOGIC.RND1/CHAIN_GEN[2].C_MUX.CARRY_MUX_CARRY4_CARRY8                                        | CLB.CARRY.CARRY8  |
    | grp_node_0_0_Pipeline_l_S_t_1_t_fu_256/hadd_16ns_16ns_16_3_no_dsp_1_U1/node_0_0_hadd_16ns_16ns_16_3_no_dsp_1_ip_u/U0/i_synth/ADDSUB_OP.ADDSUB/LOGIC_SPEED.OP/NORM/ROUND/LOGIC.RND2/CHAIN_GEN[5].Q_XOR.SUM_XOR_CARRY4_CARRY8                                          | CLB.CARRY.CARRY8  |
    | grp_node_0_0_Pipeline_l_S_t_1_t_fu_256/hadd_16ns_16ns_16_3_no_dsp_1_U1/node_0_0_hadd_16ns_16ns_16_3_no_dsp_1_ip_u/U0/i_synth/ADDSUB_OP.ADDSUB/LOGIC_SPEED.OP/EXP/EXP_OFF.STRUCT_ADD/RESULT_REG.NORMAL.exp_op[0]_i_1                                                  | CLB.LUT.LUT5      |
    | grp_node_0_0_Pipeline_l_S_t_1_t_fu_256/hadd_16ns_16ns_16_3_no_dsp_1_U1/node_0_0_hadd_16ns_16ns_16_3_no_dsp_1_ip_u/U0/i_synth/ADDSUB_OP.ADDSUB/LOGIC_SPEED.OP/OP/RESULT_REG.NORMAL.exp_op_reg[0]                                                                      | REGISTER.SDR.FDRE |
    | grp_node_0_0_Pipeline_l_S_t_1_t_fu_256/hadd_16ns_16ns_16_3_no_dsp_1_U1/din1_buf1_reg[0]                                                                                                                                                                              | REGISTER.SDR.FDRE |
    | grp_node_0_0_Pipeline_l_S_t_1_t_fu_256/hadd_16ns_16ns_16_3_no_dsp_1_U1/node_0_0_hadd_16ns_16ns_16_3_no_dsp_1_ip_u/U0/i_synth/ADDSUB_OP.ADDSUB/LOGIC_SPEED.OP/EXP/NUMB_CMP/NOT_FAST.CMP/C_CHAIN/CHAIN_GEN[0].C_MUX.CARRY_MUX_i_2__1                                   | CLB.LUT.LUT4      |
    | grp_node_0_0_Pipeline_l_S_t_1_t_fu_256/hadd_16ns_16ns_16_3_no_dsp_1_U1/node_0_0_hadd_16ns_16ns_16_3_no_dsp_1_ip_u/U0/i_synth/ADDSUB_OP.ADDSUB/LOGIC_SPEED.OP/EXP/NUMB_CMP/NOT_FAST.CMP/C_CHAIN/CHAIN_GEN[0].C_MUX.CARRY_MUX_CARRY4_CARRY8                            | CLB.CARRY.CARRY8  |
    | grp_node_0_0_Pipeline_l_S_t_1_t_fu_256/hadd_16ns_16ns_16_3_no_dsp_1_U1/node_0_0_hadd_16ns_16ns_16_3_no_dsp_1_ip_u/U0/i_synth/ADDSUB_OP.ADDSUB/LOGIC_SPEED.OP/EXP/NUMB_CMP/NOT_FAST.CMP/C_CHAIN/CHAIN_GEN[1].C_MUX.CARRY_MUX_i_2__3                                   | CLB.LUT.LUT6      |
    | grp_node_0_0_Pipeline_l_S_t_1_t_fu_256/hadd_16ns_16ns_16_3_no_dsp_1_U1/node_0_0_hadd_16ns_16ns_16_3_no_dsp_1_ip_u/U0/i_synth/ADDSUB_OP.ADDSUB/LOGIC_SPEED.OP/EXP/NUMB_CMP/NOT_FAST.CMP/C_CHAIN/CHAIN_GEN[1].C_MUX.CARRY_MUX_i_1__5                                   | CLB.LUT.LUT4      |
    | grp_node_0_0_Pipeline_l_S_t_1_t_fu_256/hadd_16ns_16ns_16_3_no_dsp_1_U1/node_0_0_hadd_16ns_16ns_16_3_no_dsp_1_ip_u/U0/i_synth/ADDSUB_OP.ADDSUB/LOGIC_SPEED.OP/ALIGN_BLK/ALIGN_SHIFT/ALIGN_Z_D/EQ_ZERO/CARRY_ZERO_DET/CHAIN_GEN[0].C_MUX.CARRY_MUX_CARRY4_CARRY8       | CLB.CARRY.CARRY8  |
    | grp_node_0_0_Pipeline_l_S_t_1_t_fu_256/hadd_16ns_16ns_16_3_no_dsp_1_U1/node_0_0_hadd_16ns_16ns_16_3_no_dsp_1_ip_u/U0/i_synth/ADDSUB_OP.ADDSUB/LOGIC_SPEED.OP/EXP/NUMB_CMP/NOT_FAST.CMP/C_CHAIN/STRUCT_ADD1.CARRY_MUX2_i_7                                            | CLB.LUT.LUT5      |
    | grp_node_0_0_Pipeline_l_S_t_1_t_fu_256/hadd_16ns_16ns_16_3_no_dsp_1_U1/node_0_0_hadd_16ns_16ns_16_3_no_dsp_1_ip_u/U0/i_synth/ADDSUB_OP.ADDSUB/LOGIC_SPEED.OP/EXP/NUMB_CMP/NOT_FAST.CMP/C_CHAIN/STRUCT_ADD1.CARRY_MUX2_i_2                                            | CLB.LUT.LUT6      |
    | grp_node_0_0_Pipeline_l_S_t_1_t_fu_256/hadd_16ns_16ns_16_3_no_dsp_1_U1/node_0_0_hadd_16ns_16ns_16_3_no_dsp_1_ip_u/U0/i_synth/ADDSUB_OP.ADDSUB/LOGIC_SPEED.OP/EXP/NUMB_CMP/NOT_FAST.CMP/C_CHAIN/STRUCT_ADD1.CARRY_MUX2_i_1                                            | CLB.LUT.LUT6      |
    | grp_node_0_0_Pipeline_l_S_t_1_t_fu_256/hadd_16ns_16ns_16_3_no_dsp_1_U1/node_0_0_hadd_16ns_16ns_16_3_no_dsp_1_ip_u/U0/i_synth/ADDSUB_OP.ADDSUB/LOGIC_SPEED.OP/ALIGN_BLK/FRAC_ADDSUB/LOGIC_ADD.FRAC_ADDSUB/STRUCT_ADD1.CARRY_MUX1_CARRY4_CARRY8                        | CLB.CARRY.CARRY8  |
    | grp_node_0_0_Pipeline_l_S_t_1_t_fu_256/hadd_16ns_16ns_16_3_no_dsp_1_U1/node_0_0_hadd_16ns_16ns_16_3_no_dsp_1_ip_u/U0/i_synth/ADDSUB_OP.ADDSUB/LOGIC_SPEED.OP/ALIGN_BLK/FRAC_ADDSUB/LOGIC_ADD.FRAC_ADDSUB/STRUCT_ADD2.ADD1/CHAIN_GEN[0].C_MUX.CARRY_MUX_CARRY4_CARRY8 | CLB.CARRY.CARRY8  |
    | grp_node_0_0_Pipeline_l_S_t_1_t_fu_256/hadd_16ns_16ns_16_3_no_dsp_1_U1/node_0_0_hadd_16ns_16ns_16_3_no_dsp_1_ip_u/U0/i_synth/ADDSUB_OP.ADDSUB/LOGIC_SPEED.OP/ALIGN_BLK/FRAC_ADDSUB/LOGIC_ADD.FRAC_ADDSUB/STRUCT_ADD2.ADD1/CHAIN_GEN[0].C_MUX.CARRY_MUX_i_1__2        | CLB.LUT.LUT4      |
    | grp_node_0_0_Pipeline_l_S_t_1_t_fu_256/hadd_16ns_16ns_16_3_no_dsp_1_U1/node_0_0_hadd_16ns_16ns_16_3_no_dsp_1_ip_u/U0/i_synth/ADDSUB_OP.ADDSUB/LOGIC_SPEED.OP/NORM/LZE/ZERO_DET_CC_1/CHAIN_GEN[0].C_MUX.CARRY_MUX_CARRY4_CARRY8                                       | CLB.CARRY.CARRY8  |
    | grp_node_0_0_Pipeline_l_S_t_1_t_fu_256/hadd_16ns_16ns_16_3_no_dsp_1_U1/node_0_0_hadd_16ns_16ns_16_3_no_dsp_1_ip_u/U0/i_synth/ADDSUB_OP.ADDSUB/LOGIC_SPEED.OP/ALIGN_BLK/FRAC_ADDSUB/LOGIC_ADD.FRAC_ADDSUB/STRUCT_ADD2.ADD1/RESULT_REG.NORMAL.exp_op[2]_i_8            | CLB.LUT.LUT5      |
    | grp_node_0_0_Pipeline_l_S_t_1_t_fu_256/hadd_16ns_16ns_16_3_no_dsp_1_U1/node_0_0_hadd_16ns_16ns_16_3_no_dsp_1_ip_u/U0/i_synth/ADDSUB_OP.ADDSUB/LOGIC_SPEED.OP/ALIGN_BLK/FRAC_ADDSUB/LOGIC_ADD.FRAC_ADDSUB/STRUCT_ADD1.ADD1/RESULT_REG.NORMAL.exp_op[1]_i_3            | CLB.LUT.LUT5      |
    | grp_node_0_0_Pipeline_l_S_t_1_t_fu_256/hadd_16ns_16ns_16_3_no_dsp_1_U1/node_0_0_hadd_16ns_16ns_16_3_no_dsp_1_ip_u/U0/i_synth/ADDSUB_OP.ADDSUB/LOGIC_SPEED.OP/ALIGN_BLK/FRAC_ADDSUB/LOGIC_ADD.FRAC_ADDSUB/STRUCT_ADD1.ADD1/CHAIN_GEN[0].C_MUX.CARRY_MUX_i_6__0        | CLB.LUT.LUT5      |
    | grp_node_0_0_Pipeline_l_S_t_1_t_fu_256/hadd_16ns_16ns_16_3_no_dsp_1_U1/node_0_0_hadd_16ns_16ns_16_3_no_dsp_1_ip_u/U0/i_synth/ADDSUB_OP.ADDSUB/LOGIC_SPEED.OP/ALIGN_BLK/FRAC_ADDSUB/LOGIC_ADD.FRAC_ADDSUB/STRUCT_ADD1.ADD1/CHAIN_GEN[0].C_MUX.CARRY_MUX_i_3__0        | CLB.LUT.LUT6      |
    | grp_node_0_0_Pipeline_l_S_t_1_t_fu_256/hadd_16ns_16ns_16_3_no_dsp_1_U1/node_0_0_hadd_16ns_16ns_16_3_no_dsp_1_ip_u/U0/i_synth/ADDSUB_OP.ADDSUB/LOGIC_SPEED.OP/ALIGN_BLK/FRAC_ADDSUB/LOGIC_ADD.FRAC_ADDSUB/STRUCT_ADD1.ADD1/CHAIN_GEN[0].C_MUX.CARRY_MUX_i_1__10       | CLB.LUT.LUT5      |
    | grp_node_0_0_Pipeline_l_S_t_1_t_fu_256/hadd_16ns_16ns_16_3_no_dsp_1_U1/node_0_0_hadd_16ns_16ns_16_3_no_dsp_1_ip_u/U0/i_synth/ADDSUB_OP.ADDSUB/LOGIC_SPEED.OP/NORM/ROUND/RND_BIT_GEN/NORM_2.RND_CHAIN/CHAIN_GEN[0].C_MUX.CARRY_MUX_CARRY4_CARRY8                      | CLB.CARRY.CARRY8  |
    | grp_node_0_0_Pipeline_l_S_t_1_t_fu_256/hadd_16ns_16ns_16_3_no_dsp_1_U1/node_0_0_hadd_16ns_16ns_16_3_no_dsp_1_ip_u/U0/i_synth/ADDSUB_OP.ADDSUB/LOGIC_SPEED.OP/NORM/ROUND/LOGIC.RND1/CHAIN_GEN[2].C_MUX.CARRY_MUX_CARRY4_CARRY8                                        | CLB.CARRY.CARRY8  |
    | grp_node_0_0_Pipeline_l_S_t_1_t_fu_256/hadd_16ns_16ns_16_3_no_dsp_1_U1/node_0_0_hadd_16ns_16ns_16_3_no_dsp_1_ip_u/U0/i_synth/ADDSUB_OP.ADDSUB/LOGIC_SPEED.OP/NORM/ROUND/LOGIC.RND2/CHAIN_GEN[5].Q_XOR.SUM_XOR_CARRY4_CARRY8                                          | CLB.CARRY.CARRY8  |
    | grp_node_0_0_Pipeline_l_S_t_1_t_fu_256/hadd_16ns_16ns_16_3_no_dsp_1_U1/node_0_0_hadd_16ns_16ns_16_3_no_dsp_1_ip_u/U0/i_synth/ADDSUB_OP.ADDSUB/LOGIC_SPEED.OP/NORM/ROUND/LOGIC.RND2/RESULT_REG.NORMAL.exp_op[1]_i_1                                                   | CLB.LUT.LUT6      |
    | grp_node_0_0_Pipeline_l_S_t_1_t_fu_256/hadd_16ns_16ns_16_3_no_dsp_1_U1/node_0_0_hadd_16ns_16ns_16_3_no_dsp_1_ip_u/U0/i_synth/ADDSUB_OP.ADDSUB/LOGIC_SPEED.OP/OP/RESULT_REG.NORMAL.exp_op_reg[1]                                                                      | REGISTER.SDR.FDRE |
    +----------------------------------------------------------------------------------------------------------------------------------------------------------------------------------------------------------------------------------------------------------------------+-------------------+

    +----------------------------------------------------------------------------------------------------------------------------------------------------------------------------------------------------------------------------------------------------------------------+-------------------+
    | Path7 Cells                                                                                                                                                                                                                                                          | Primitive Type    |
    +----------------------------------------------------------------------------------------------------------------------------------------------------------------------------------------------------------------------------------------------------------------------+-------------------+
    | grp_node_0_0_Pipeline_l_S_t_1_t_fu_256/hadd_16ns_16ns_16_3_no_dsp_1_U1/din1_buf1_reg[0]                                                                                                                                                                              | REGISTER.SDR.FDRE |
    | grp_node_0_0_Pipeline_l_S_t_1_t_fu_256/hadd_16ns_16ns_16_3_no_dsp_1_U1/node_0_0_hadd_16ns_16ns_16_3_no_dsp_1_ip_u/U0/i_synth/ADDSUB_OP.ADDSUB/LOGIC_SPEED.OP/EXP/NUMB_CMP/NOT_FAST.CMP/C_CHAIN/CHAIN_GEN[0].C_MUX.CARRY_MUX_i_2__1                                   | CLB.LUT.LUT4      |
    | grp_node_0_0_Pipeline_l_S_t_1_t_fu_256/hadd_16ns_16ns_16_3_no_dsp_1_U1/node_0_0_hadd_16ns_16ns_16_3_no_dsp_1_ip_u/U0/i_synth/ADDSUB_OP.ADDSUB/LOGIC_SPEED.OP/EXP/NUMB_CMP/NOT_FAST.CMP/C_CHAIN/CHAIN_GEN[0].C_MUX.CARRY_MUX_CARRY4_CARRY8                            | CLB.CARRY.CARRY8  |
    | grp_node_0_0_Pipeline_l_S_t_1_t_fu_256/hadd_16ns_16ns_16_3_no_dsp_1_U1/node_0_0_hadd_16ns_16ns_16_3_no_dsp_1_ip_u/U0/i_synth/ADDSUB_OP.ADDSUB/LOGIC_SPEED.OP/EXP/NUMB_CMP/NOT_FAST.CMP/C_CHAIN/CHAIN_GEN[1].C_MUX.CARRY_MUX_i_2__3                                   | CLB.LUT.LUT6      |
    | grp_node_0_0_Pipeline_l_S_t_1_t_fu_256/hadd_16ns_16ns_16_3_no_dsp_1_U1/node_0_0_hadd_16ns_16ns_16_3_no_dsp_1_ip_u/U0/i_synth/ADDSUB_OP.ADDSUB/LOGIC_SPEED.OP/EXP/NUMB_CMP/NOT_FAST.CMP/C_CHAIN/CHAIN_GEN[1].C_MUX.CARRY_MUX_i_1__5                                   | CLB.LUT.LUT4      |
    | grp_node_0_0_Pipeline_l_S_t_1_t_fu_256/hadd_16ns_16ns_16_3_no_dsp_1_U1/node_0_0_hadd_16ns_16ns_16_3_no_dsp_1_ip_u/U0/i_synth/ADDSUB_OP.ADDSUB/LOGIC_SPEED.OP/ALIGN_BLK/ALIGN_SHIFT/ALIGN_Z_D/EQ_ZERO/CARRY_ZERO_DET/CHAIN_GEN[0].C_MUX.CARRY_MUX_CARRY4_CARRY8       | CLB.CARRY.CARRY8  |
    | grp_node_0_0_Pipeline_l_S_t_1_t_fu_256/hadd_16ns_16ns_16_3_no_dsp_1_U1/node_0_0_hadd_16ns_16ns_16_3_no_dsp_1_ip_u/U0/i_synth/ADDSUB_OP.ADDSUB/LOGIC_SPEED.OP/EXP/NUMB_CMP/NOT_FAST.CMP/C_CHAIN/STRUCT_ADD1.CARRY_MUX2_i_7                                            | CLB.LUT.LUT5      |
    | grp_node_0_0_Pipeline_l_S_t_1_t_fu_256/hadd_16ns_16ns_16_3_no_dsp_1_U1/node_0_0_hadd_16ns_16ns_16_3_no_dsp_1_ip_u/U0/i_synth/ADDSUB_OP.ADDSUB/LOGIC_SPEED.OP/EXP/NUMB_CMP/NOT_FAST.CMP/C_CHAIN/STRUCT_ADD1.CARRY_MUX2_i_2                                            | CLB.LUT.LUT6      |
    | grp_node_0_0_Pipeline_l_S_t_1_t_fu_256/hadd_16ns_16ns_16_3_no_dsp_1_U1/node_0_0_hadd_16ns_16ns_16_3_no_dsp_1_ip_u/U0/i_synth/ADDSUB_OP.ADDSUB/LOGIC_SPEED.OP/EXP/NUMB_CMP/NOT_FAST.CMP/C_CHAIN/STRUCT_ADD1.CARRY_MUX2_i_1                                            | CLB.LUT.LUT6      |
    | grp_node_0_0_Pipeline_l_S_t_1_t_fu_256/hadd_16ns_16ns_16_3_no_dsp_1_U1/node_0_0_hadd_16ns_16ns_16_3_no_dsp_1_ip_u/U0/i_synth/ADDSUB_OP.ADDSUB/LOGIC_SPEED.OP/ALIGN_BLK/FRAC_ADDSUB/LOGIC_ADD.FRAC_ADDSUB/STRUCT_ADD1.CARRY_MUX1_CARRY4_CARRY8                        | CLB.CARRY.CARRY8  |
    | grp_node_0_0_Pipeline_l_S_t_1_t_fu_256/hadd_16ns_16ns_16_3_no_dsp_1_U1/node_0_0_hadd_16ns_16ns_16_3_no_dsp_1_ip_u/U0/i_synth/ADDSUB_OP.ADDSUB/LOGIC_SPEED.OP/ALIGN_BLK/FRAC_ADDSUB/LOGIC_ADD.FRAC_ADDSUB/STRUCT_ADD2.ADD1/CHAIN_GEN[0].C_MUX.CARRY_MUX_CARRY4_CARRY8 | CLB.CARRY.CARRY8  |
    | grp_node_0_0_Pipeline_l_S_t_1_t_fu_256/hadd_16ns_16ns_16_3_no_dsp_1_U1/node_0_0_hadd_16ns_16ns_16_3_no_dsp_1_ip_u/U0/i_synth/ADDSUB_OP.ADDSUB/LOGIC_SPEED.OP/ALIGN_BLK/FRAC_ADDSUB/LOGIC_ADD.FRAC_ADDSUB/STRUCT_ADD2.ADD1/CHAIN_GEN[0].C_MUX.CARRY_MUX_i_1__2        | CLB.LUT.LUT4      |
    | grp_node_0_0_Pipeline_l_S_t_1_t_fu_256/hadd_16ns_16ns_16_3_no_dsp_1_U1/node_0_0_hadd_16ns_16ns_16_3_no_dsp_1_ip_u/U0/i_synth/ADDSUB_OP.ADDSUB/LOGIC_SPEED.OP/NORM/LZE/ZERO_DET_CC_1/CHAIN_GEN[0].C_MUX.CARRY_MUX_CARRY4_CARRY8                                       | CLB.CARRY.CARRY8  |
    | grp_node_0_0_Pipeline_l_S_t_1_t_fu_256/hadd_16ns_16ns_16_3_no_dsp_1_U1/node_0_0_hadd_16ns_16ns_16_3_no_dsp_1_ip_u/U0/i_synth/ADDSUB_OP.ADDSUB/LOGIC_SPEED.OP/ALIGN_BLK/FRAC_ADDSUB/LOGIC_ADD.FRAC_ADDSUB/STRUCT_ADD2.ADD1/RESULT_REG.NORMAL.exp_op[2]_i_8            | CLB.LUT.LUT5      |
    | grp_node_0_0_Pipeline_l_S_t_1_t_fu_256/hadd_16ns_16ns_16_3_no_dsp_1_U1/node_0_0_hadd_16ns_16ns_16_3_no_dsp_1_ip_u/U0/i_synth/ADDSUB_OP.ADDSUB/LOGIC_SPEED.OP/ALIGN_BLK/FRAC_ADDSUB/LOGIC_ADD.FRAC_ADDSUB/STRUCT_ADD1.ADD1/RESULT_REG.NORMAL.exp_op[1]_i_3            | CLB.LUT.LUT5      |
    | grp_node_0_0_Pipeline_l_S_t_1_t_fu_256/hadd_16ns_16ns_16_3_no_dsp_1_U1/node_0_0_hadd_16ns_16ns_16_3_no_dsp_1_ip_u/U0/i_synth/ADDSUB_OP.ADDSUB/LOGIC_SPEED.OP/ALIGN_BLK/FRAC_ADDSUB/LOGIC_ADD.FRAC_ADDSUB/STRUCT_ADD1.ADD1/CHAIN_GEN[0].C_MUX.CARRY_MUX_i_6__0        | CLB.LUT.LUT5      |
    | grp_node_0_0_Pipeline_l_S_t_1_t_fu_256/hadd_16ns_16ns_16_3_no_dsp_1_U1/node_0_0_hadd_16ns_16ns_16_3_no_dsp_1_ip_u/U0/i_synth/ADDSUB_OP.ADDSUB/LOGIC_SPEED.OP/ALIGN_BLK/FRAC_ADDSUB/LOGIC_ADD.FRAC_ADDSUB/STRUCT_ADD1.ADD1/CHAIN_GEN[0].C_MUX.CARRY_MUX_i_3__0        | CLB.LUT.LUT6      |
    | grp_node_0_0_Pipeline_l_S_t_1_t_fu_256/hadd_16ns_16ns_16_3_no_dsp_1_U1/node_0_0_hadd_16ns_16ns_16_3_no_dsp_1_ip_u/U0/i_synth/ADDSUB_OP.ADDSUB/LOGIC_SPEED.OP/ALIGN_BLK/FRAC_ADDSUB/LOGIC_ADD.FRAC_ADDSUB/STRUCT_ADD1.ADD1/CHAIN_GEN[0].C_MUX.CARRY_MUX_i_1__10       | CLB.LUT.LUT5      |
    | grp_node_0_0_Pipeline_l_S_t_1_t_fu_256/hadd_16ns_16ns_16_3_no_dsp_1_U1/node_0_0_hadd_16ns_16ns_16_3_no_dsp_1_ip_u/U0/i_synth/ADDSUB_OP.ADDSUB/LOGIC_SPEED.OP/NORM/ROUND/RND_BIT_GEN/NORM_2.RND_CHAIN/CHAIN_GEN[0].C_MUX.CARRY_MUX_CARRY4_CARRY8                      | CLB.CARRY.CARRY8  |
    | grp_node_0_0_Pipeline_l_S_t_1_t_fu_256/hadd_16ns_16ns_16_3_no_dsp_1_U1/node_0_0_hadd_16ns_16ns_16_3_no_dsp_1_ip_u/U0/i_synth/ADDSUB_OP.ADDSUB/LOGIC_SPEED.OP/NORM/ROUND/LOGIC.RND1/CHAIN_GEN[2].C_MUX.CARRY_MUX_CARRY4_CARRY8                                        | CLB.CARRY.CARRY8  |
    | grp_node_0_0_Pipeline_l_S_t_1_t_fu_256/hadd_16ns_16ns_16_3_no_dsp_1_U1/node_0_0_hadd_16ns_16ns_16_3_no_dsp_1_ip_u/U0/i_synth/ADDSUB_OP.ADDSUB/LOGIC_SPEED.OP/NORM/ROUND/LOGIC.RND2/CHAIN_GEN[5].Q_XOR.SUM_XOR_CARRY4_CARRY8                                          | CLB.CARRY.CARRY8  |
    | grp_node_0_0_Pipeline_l_S_t_1_t_fu_256/hadd_16ns_16ns_16_3_no_dsp_1_U1/node_0_0_hadd_16ns_16ns_16_3_no_dsp_1_ip_u/U0/i_synth/ADDSUB_OP.ADDSUB/LOGIC_SPEED.OP/NORM/LZE/ZERO_DET_CC_1/RESULT_REG.NORMAL.exp_op[4]_i_3                                                  | CLB.LUT.LUT6      |
    | grp_node_0_0_Pipeline_l_S_t_1_t_fu_256/hadd_16ns_16ns_16_3_no_dsp_1_U1/node_0_0_hadd_16ns_16ns_16_3_no_dsp_1_ip_u/U0/i_synth/ADDSUB_OP.ADDSUB/LOGIC_SPEED.OP/NORM/LZE/ZERO_DET_CC_1/RESULT_REG.NORMAL.exp_op[3]_i_1                                                  | CLB.LUT.LUT6      |
    | grp_node_0_0_Pipeline_l_S_t_1_t_fu_256/hadd_16ns_16ns_16_3_no_dsp_1_U1/node_0_0_hadd_16ns_16ns_16_3_no_dsp_1_ip_u/U0/i_synth/ADDSUB_OP.ADDSUB/LOGIC_SPEED.OP/OP/RESULT_REG.NORMAL.exp_op_reg[3]                                                                      | REGISTER.SDR.FDRE |
    | grp_node_0_0_Pipeline_l_S_t_1_t_fu_256/hadd_16ns_16ns_16_3_no_dsp_1_U1/din1_buf1_reg[0]                                                                                                                                                                              | REGISTER.SDR.FDRE |
    | grp_node_0_0_Pipeline_l_S_t_1_t_fu_256/hadd_16ns_16ns_16_3_no_dsp_1_U1/node_0_0_hadd_16ns_16ns_16_3_no_dsp_1_ip_u/U0/i_synth/ADDSUB_OP.ADDSUB/LOGIC_SPEED.OP/EXP/NUMB_CMP/NOT_FAST.CMP/C_CHAIN/CHAIN_GEN[0].C_MUX.CARRY_MUX_i_2__1                                   | CLB.LUT.LUT4      |
    | grp_node_0_0_Pipeline_l_S_t_1_t_fu_256/hadd_16ns_16ns_16_3_no_dsp_1_U1/node_0_0_hadd_16ns_16ns_16_3_no_dsp_1_ip_u/U0/i_synth/ADDSUB_OP.ADDSUB/LOGIC_SPEED.OP/EXP/NUMB_CMP/NOT_FAST.CMP/C_CHAIN/CHAIN_GEN[0].C_MUX.CARRY_MUX_CARRY4_CARRY8                            | CLB.CARRY.CARRY8  |
    | grp_node_0_0_Pipeline_l_S_t_1_t_fu_256/hadd_16ns_16ns_16_3_no_dsp_1_U1/node_0_0_hadd_16ns_16ns_16_3_no_dsp_1_ip_u/U0/i_synth/ADDSUB_OP.ADDSUB/LOGIC_SPEED.OP/EXP/NUMB_CMP/NOT_FAST.CMP/C_CHAIN/CHAIN_GEN[1].C_MUX.CARRY_MUX_i_2__3                                   | CLB.LUT.LUT6      |
    | grp_node_0_0_Pipeline_l_S_t_1_t_fu_256/hadd_16ns_16ns_16_3_no_dsp_1_U1/node_0_0_hadd_16ns_16ns_16_3_no_dsp_1_ip_u/U0/i_synth/ADDSUB_OP.ADDSUB/LOGIC_SPEED.OP/EXP/NUMB_CMP/NOT_FAST.CMP/C_CHAIN/CHAIN_GEN[1].C_MUX.CARRY_MUX_i_1__5                                   | CLB.LUT.LUT4      |
    | grp_node_0_0_Pipeline_l_S_t_1_t_fu_256/hadd_16ns_16ns_16_3_no_dsp_1_U1/node_0_0_hadd_16ns_16ns_16_3_no_dsp_1_ip_u/U0/i_synth/ADDSUB_OP.ADDSUB/LOGIC_SPEED.OP/ALIGN_BLK/ALIGN_SHIFT/ALIGN_Z_D/EQ_ZERO/CARRY_ZERO_DET/CHAIN_GEN[0].C_MUX.CARRY_MUX_CARRY4_CARRY8       | CLB.CARRY.CARRY8  |
    | grp_node_0_0_Pipeline_l_S_t_1_t_fu_256/hadd_16ns_16ns_16_3_no_dsp_1_U1/node_0_0_hadd_16ns_16ns_16_3_no_dsp_1_ip_u/U0/i_synth/ADDSUB_OP.ADDSUB/LOGIC_SPEED.OP/EXP/NUMB_CMP/NOT_FAST.CMP/C_CHAIN/STRUCT_ADD1.CARRY_MUX2_i_7                                            | CLB.LUT.LUT5      |
    | grp_node_0_0_Pipeline_l_S_t_1_t_fu_256/hadd_16ns_16ns_16_3_no_dsp_1_U1/node_0_0_hadd_16ns_16ns_16_3_no_dsp_1_ip_u/U0/i_synth/ADDSUB_OP.ADDSUB/LOGIC_SPEED.OP/EXP/NUMB_CMP/NOT_FAST.CMP/C_CHAIN/STRUCT_ADD1.CARRY_MUX2_i_2                                            | CLB.LUT.LUT6      |
    | grp_node_0_0_Pipeline_l_S_t_1_t_fu_256/hadd_16ns_16ns_16_3_no_dsp_1_U1/node_0_0_hadd_16ns_16ns_16_3_no_dsp_1_ip_u/U0/i_synth/ADDSUB_OP.ADDSUB/LOGIC_SPEED.OP/EXP/NUMB_CMP/NOT_FAST.CMP/C_CHAIN/STRUCT_ADD1.CARRY_MUX2_i_1                                            | CLB.LUT.LUT6      |
    | grp_node_0_0_Pipeline_l_S_t_1_t_fu_256/hadd_16ns_16ns_16_3_no_dsp_1_U1/node_0_0_hadd_16ns_16ns_16_3_no_dsp_1_ip_u/U0/i_synth/ADDSUB_OP.ADDSUB/LOGIC_SPEED.OP/ALIGN_BLK/FRAC_ADDSUB/LOGIC_ADD.FRAC_ADDSUB/STRUCT_ADD1.CARRY_MUX1_CARRY4_CARRY8                        | CLB.CARRY.CARRY8  |
    | grp_node_0_0_Pipeline_l_S_t_1_t_fu_256/hadd_16ns_16ns_16_3_no_dsp_1_U1/node_0_0_hadd_16ns_16ns_16_3_no_dsp_1_ip_u/U0/i_synth/ADDSUB_OP.ADDSUB/LOGIC_SPEED.OP/ALIGN_BLK/FRAC_ADDSUB/LOGIC_ADD.FRAC_ADDSUB/STRUCT_ADD2.ADD1/CHAIN_GEN[0].C_MUX.CARRY_MUX_CARRY4_CARRY8 | CLB.CARRY.CARRY8  |
    | grp_node_0_0_Pipeline_l_S_t_1_t_fu_256/hadd_16ns_16ns_16_3_no_dsp_1_U1/node_0_0_hadd_16ns_16ns_16_3_no_dsp_1_ip_u/U0/i_synth/ADDSUB_OP.ADDSUB/LOGIC_SPEED.OP/ALIGN_BLK/FRAC_ADDSUB/LOGIC_ADD.FRAC_ADDSUB/STRUCT_ADD2.ADD1/CHAIN_GEN[0].C_MUX.CARRY_MUX_i_1__2        | CLB.LUT.LUT4      |
    | grp_node_0_0_Pipeline_l_S_t_1_t_fu_256/hadd_16ns_16ns_16_3_no_dsp_1_U1/node_0_0_hadd_16ns_16ns_16_3_no_dsp_1_ip_u/U0/i_synth/ADDSUB_OP.ADDSUB/LOGIC_SPEED.OP/NORM/LZE/ZERO_DET_CC_1/CHAIN_GEN[0].C_MUX.CARRY_MUX_CARRY4_CARRY8                                       | CLB.CARRY.CARRY8  |
    | grp_node_0_0_Pipeline_l_S_t_1_t_fu_256/hadd_16ns_16ns_16_3_no_dsp_1_U1/node_0_0_hadd_16ns_16ns_16_3_no_dsp_1_ip_u/U0/i_synth/ADDSUB_OP.ADDSUB/LOGIC_SPEED.OP/ALIGN_BLK/FRAC_ADDSUB/LOGIC_ADD.FRAC_ADDSUB/STRUCT_ADD2.ADD1/RESULT_REG.NORMAL.exp_op[2]_i_8            | CLB.LUT.LUT5      |
    | grp_node_0_0_Pipeline_l_S_t_1_t_fu_256/hadd_16ns_16ns_16_3_no_dsp_1_U1/node_0_0_hadd_16ns_16ns_16_3_no_dsp_1_ip_u/U0/i_synth/ADDSUB_OP.ADDSUB/LOGIC_SPEED.OP/ALIGN_BLK/FRAC_ADDSUB/LOGIC_ADD.FRAC_ADDSUB/STRUCT_ADD1.ADD1/RESULT_REG.NORMAL.exp_op[1]_i_3            | CLB.LUT.LUT5      |
    | grp_node_0_0_Pipeline_l_S_t_1_t_fu_256/hadd_16ns_16ns_16_3_no_dsp_1_U1/node_0_0_hadd_16ns_16ns_16_3_no_dsp_1_ip_u/U0/i_synth/ADDSUB_OP.ADDSUB/LOGIC_SPEED.OP/ALIGN_BLK/FRAC_ADDSUB/LOGIC_ADD.FRAC_ADDSUB/STRUCT_ADD1.ADD1/CHAIN_GEN[0].C_MUX.CARRY_MUX_i_6__0        | CLB.LUT.LUT5      |
    | grp_node_0_0_Pipeline_l_S_t_1_t_fu_256/hadd_16ns_16ns_16_3_no_dsp_1_U1/node_0_0_hadd_16ns_16ns_16_3_no_dsp_1_ip_u/U0/i_synth/ADDSUB_OP.ADDSUB/LOGIC_SPEED.OP/ALIGN_BLK/FRAC_ADDSUB/LOGIC_ADD.FRAC_ADDSUB/STRUCT_ADD1.ADD1/CHAIN_GEN[0].C_MUX.CARRY_MUX_i_3__0        | CLB.LUT.LUT6      |
    | grp_node_0_0_Pipeline_l_S_t_1_t_fu_256/hadd_16ns_16ns_16_3_no_dsp_1_U1/node_0_0_hadd_16ns_16ns_16_3_no_dsp_1_ip_u/U0/i_synth/ADDSUB_OP.ADDSUB/LOGIC_SPEED.OP/ALIGN_BLK/FRAC_ADDSUB/LOGIC_ADD.FRAC_ADDSUB/STRUCT_ADD1.ADD1/CHAIN_GEN[0].C_MUX.CARRY_MUX_i_1__10       | CLB.LUT.LUT5      |
    | grp_node_0_0_Pipeline_l_S_t_1_t_fu_256/hadd_16ns_16ns_16_3_no_dsp_1_U1/node_0_0_hadd_16ns_16ns_16_3_no_dsp_1_ip_u/U0/i_synth/ADDSUB_OP.ADDSUB/LOGIC_SPEED.OP/NORM/ROUND/RND_BIT_GEN/NORM_2.RND_CHAIN/CHAIN_GEN[0].C_MUX.CARRY_MUX_CARRY4_CARRY8                      | CLB.CARRY.CARRY8  |
    | grp_node_0_0_Pipeline_l_S_t_1_t_fu_256/hadd_16ns_16ns_16_3_no_dsp_1_U1/node_0_0_hadd_16ns_16ns_16_3_no_dsp_1_ip_u/U0/i_synth/ADDSUB_OP.ADDSUB/LOGIC_SPEED.OP/NORM/ROUND/LOGIC.RND1/CHAIN_GEN[2].C_MUX.CARRY_MUX_CARRY4_CARRY8                                        | CLB.CARRY.CARRY8  |
    | grp_node_0_0_Pipeline_l_S_t_1_t_fu_256/hadd_16ns_16ns_16_3_no_dsp_1_U1/node_0_0_hadd_16ns_16ns_16_3_no_dsp_1_ip_u/U0/i_synth/ADDSUB_OP.ADDSUB/LOGIC_SPEED.OP/NORM/ROUND/LOGIC.RND2/CHAIN_GEN[5].Q_XOR.SUM_XOR_CARRY4_CARRY8                                          | CLB.CARRY.CARRY8  |
    | grp_node_0_0_Pipeline_l_S_t_1_t_fu_256/hadd_16ns_16ns_16_3_no_dsp_1_U1/node_0_0_hadd_16ns_16ns_16_3_no_dsp_1_ip_u/U0/i_synth/ADDSUB_OP.ADDSUB/LOGIC_SPEED.OP/NORM/LZE/ZERO_DET_CC_1/RESULT_REG.NORMAL.exp_op[4]_i_3                                                  | CLB.LUT.LUT6      |
    | grp_node_0_0_Pipeline_l_S_t_1_t_fu_256/hadd_16ns_16ns_16_3_no_dsp_1_U1/node_0_0_hadd_16ns_16ns_16_3_no_dsp_1_ip_u/U0/i_synth/ADDSUB_OP.ADDSUB/LOGIC_SPEED.OP/NORM/LZE/ZERO_DET_CC_1/RESULT_REG.NORMAL.exp_op[4]_i_1                                                  | CLB.LUT.LUT6      |
    | grp_node_0_0_Pipeline_l_S_t_1_t_fu_256/hadd_16ns_16ns_16_3_no_dsp_1_U1/node_0_0_hadd_16ns_16ns_16_3_no_dsp_1_ip_u/U0/i_synth/ADDSUB_OP.ADDSUB/LOGIC_SPEED.OP/OP/RESULT_REG.NORMAL.exp_op_reg[4]                                                                      | REGISTER.SDR.FDRE |
    | grp_node_0_0_Pipeline_l_S_t_1_t_fu_256/hadd_16ns_16ns_16_3_no_dsp_1_U1/din1_buf1_reg[0]                                                                                                                                                                              | REGISTER.SDR.FDRE |
    | grp_node_0_0_Pipeline_l_S_t_1_t_fu_256/hsub_16ns_16ns_16_3_no_dsp_1_U2/node_0_0_hsub_16ns_16ns_16_3_no_dsp_1_ip_u/U0/i_synth/ADDSUB_OP.ADDSUB/LOGIC_SPEED.OP/EXP/NUMB_CMP/NOT_FAST.CMP/C_CHAIN/CHAIN_GEN[0].C_MUX.CARRY_MUX_i_2__1                                   | CLB.LUT.LUT4      |
    | grp_node_0_0_Pipeline_l_S_t_1_t_fu_256/hsub_16ns_16ns_16_3_no_dsp_1_U2/node_0_0_hsub_16ns_16ns_16_3_no_dsp_1_ip_u/U0/i_synth/ADDSUB_OP.ADDSUB/LOGIC_SPEED.OP/EXP/NUMB_CMP/NOT_FAST.CMP/C_CHAIN/CHAIN_GEN[0].C_MUX.CARRY_MUX_CARRY4_CARRY8                            | CLB.CARRY.CARRY8  |
    | grp_node_0_0_Pipeline_l_S_t_1_t_fu_256/hsub_16ns_16ns_16_3_no_dsp_1_U2/node_0_0_hsub_16ns_16ns_16_3_no_dsp_1_ip_u/U0/i_synth/ADDSUB_OP.ADDSUB/LOGIC_SPEED.OP/EXP/NUMB_CMP/NOT_FAST.CMP/C_CHAIN/CHAIN_GEN[1].C_MUX.CARRY_MUX_i_2__2                                   | CLB.LUT.LUT6      |
    | grp_node_0_0_Pipeline_l_S_t_1_t_fu_256/hsub_16ns_16ns_16_3_no_dsp_1_U2/node_0_0_hsub_16ns_16ns_16_3_no_dsp_1_ip_u/U0/i_synth/ADDSUB_OP.ADDSUB/LOGIC_SPEED.OP/EXP/NUMB_CMP/NOT_FAST.CMP/C_CHAIN/CHAIN_GEN[1].C_MUX.CARRY_MUX_i_1__1                                   | CLB.LUT.LUT4      |
    | grp_node_0_0_Pipeline_l_S_t_1_t_fu_256/hsub_16ns_16ns_16_3_no_dsp_1_U2/node_0_0_hsub_16ns_16ns_16_3_no_dsp_1_ip_u/U0/i_synth/ADDSUB_OP.ADDSUB/LOGIC_SPEED.OP/ALIGN_BLK/ALIGN_SHIFT/ALIGN_Z_D/EQ_ZERO/CARRY_ZERO_DET/CHAIN_GEN[0].C_MUX.CARRY_MUX_CARRY4_CARRY8       | CLB.CARRY.CARRY8  |
    | grp_node_0_0_Pipeline_l_S_t_1_t_fu_256/hsub_16ns_16ns_16_3_no_dsp_1_U2/node_0_0_hsub_16ns_16ns_16_3_no_dsp_1_ip_u/U0/i_synth/ADDSUB_OP.ADDSUB/LOGIC_SPEED.OP/ALIGN_BLK/ALIGN_SHIFT/ALIGN_Z_D/EQ_ZERO/CARRY_ZERO_DET/STRUCT_ADD1.CARRY_MUX2_i_7                       | CLB.LUT.LUT5      |
    | grp_node_0_0_Pipeline_l_S_t_1_t_fu_256/hsub_16ns_16ns_16_3_no_dsp_1_U2/node_0_0_hsub_16ns_16ns_16_3_no_dsp_1_ip_u/U0/i_synth/ADDSUB_OP.ADDSUB/LOGIC_SPEED.OP/EXP/NUMB_CMP/NOT_FAST.CMP/C_CHAIN/STRUCT_ADD1.CARRY_MUX2_i_1                                            | CLB.LUT.LUT6      |
    | grp_node_0_0_Pipeline_l_S_t_1_t_fu_256/hsub_16ns_16ns_16_3_no_dsp_1_U2/node_0_0_hsub_16ns_16ns_16_3_no_dsp_1_ip_u/U0/i_synth/ADDSUB_OP.ADDSUB/LOGIC_SPEED.OP/ALIGN_BLK/FRAC_ADDSUB/LOGIC_ADD.FRAC_ADDSUB/STRUCT_ADD1.CARRY_MUX1_CARRY4_CARRY8                        | CLB.CARRY.CARRY8  |
    | grp_node_0_0_Pipeline_l_S_t_1_t_fu_256/hsub_16ns_16ns_16_3_no_dsp_1_U2/node_0_0_hsub_16ns_16ns_16_3_no_dsp_1_ip_u/U0/i_synth/ADDSUB_OP.ADDSUB/LOGIC_SPEED.OP/ALIGN_BLK/FRAC_ADDSUB/LOGIC_ADD.FRAC_ADDSUB/STRUCT_ADD2.ADD1/CHAIN_GEN[0].C_MUX.CARRY_MUX_CARRY4_CARRY8 | CLB.CARRY.CARRY8  |
    | grp_node_0_0_Pipeline_l_S_t_1_t_fu_256/hsub_16ns_16ns_16_3_no_dsp_1_U2/node_0_0_hsub_16ns_16ns_16_3_no_dsp_1_ip_u/U0/i_synth/ADDSUB_OP.ADDSUB/LOGIC_SPEED.OP/ALIGN_BLK/FRAC_ADDSUB/LOGIC_ADD.FRAC_ADDSUB/STRUCT_ADD2.ADD1/CHAIN_GEN[0].C_MUX.CARRY_MUX_i_1__5        | CLB.LUT.LUT4      |
    | grp_node_0_0_Pipeline_l_S_t_1_t_fu_256/hsub_16ns_16ns_16_3_no_dsp_1_U2/node_0_0_hsub_16ns_16ns_16_3_no_dsp_1_ip_u/U0/i_synth/ADDSUB_OP.ADDSUB/LOGIC_SPEED.OP/NORM/LZE/ZERO_DET_CC_1/CHAIN_GEN[0].C_MUX.CARRY_MUX_CARRY4_CARRY8                                       | CLB.CARRY.CARRY8  |
    | grp_node_0_0_Pipeline_l_S_t_1_t_fu_256/hsub_16ns_16ns_16_3_no_dsp_1_U2/node_0_0_hsub_16ns_16ns_16_3_no_dsp_1_ip_u/U0/i_synth/ADDSUB_OP.ADDSUB/LOGIC_SPEED.OP/ALIGN_BLK/FRAC_ADDSUB/LOGIC_ADD.FRAC_ADDSUB/STRUCT_ADD1.ADD1/CHAIN_GEN[1].C_MUX.CARRY_MUX_i_6           | CLB.LUT.LUT6      |
    | grp_node_0_0_Pipeline_l_S_t_1_t_fu_256/hsub_16ns_16ns_16_3_no_dsp_1_U2/node_0_0_hsub_16ns_16ns_16_3_no_dsp_1_ip_u/U0/i_synth/ADDSUB_OP.ADDSUB/LOGIC_SPEED.OP/ALIGN_BLK/FRAC_ADDSUB/LOGIC_ADD.FRAC_ADDSUB/STRUCT_ADD2.ADD1/CHAIN_GEN[1].C_MUX.CARRY_MUX_i_2__3        | CLB.LUT.LUT6      |
    | grp_node_0_0_Pipeline_l_S_t_1_t_fu_256/hsub_16ns_16ns_16_3_no_dsp_1_U2/node_0_0_hsub_16ns_16ns_16_3_no_dsp_1_ip_u/U0/i_synth/ADDSUB_OP.ADDSUB/LOGIC_SPEED.OP/ALIGN_BLK/FRAC_ADDSUB/LOGIC_ADD.FRAC_ADDSUB/STRUCT_ADD2.ADD1/CHAIN_GEN[0].C_MUX.CARRY_MUX_i_7__0        | CLB.LUT.LUT5      |
    | grp_node_0_0_Pipeline_l_S_t_1_t_fu_256/hsub_16ns_16ns_16_3_no_dsp_1_U2/node_0_0_hsub_16ns_16ns_16_3_no_dsp_1_ip_u/U0/i_synth/ADDSUB_OP.ADDSUB/LOGIC_SPEED.OP/ALIGN_BLK/FRAC_ADDSUB/LOGIC_ADD.FRAC_ADDSUB/STRUCT_ADD1.ADD1/CHAIN_GEN[0].C_MUX.CARRY_MUX_i_5__0        | CLB.LUT.LUT6      |
    | grp_node_0_0_Pipeline_l_S_t_1_t_fu_256/hsub_16ns_16ns_16_3_no_dsp_1_U2/node_0_0_hsub_16ns_16ns_16_3_no_dsp_1_ip_u/U0/i_synth/ADDSUB_OP.ADDSUB/LOGIC_SPEED.OP/ALIGN_BLK/FRAC_ADDSUB/LOGIC_ADD.FRAC_ADDSUB/STRUCT_ADD1.ADD1/CHAIN_GEN[0].C_MUX.CARRY_MUX_i_1__9        | CLB.LUT.LUT6      |
    | grp_node_0_0_Pipeline_l_S_t_1_t_fu_256/hsub_16ns_16ns_16_3_no_dsp_1_U2/node_0_0_hsub_16ns_16ns_16_3_no_dsp_1_ip_u/U0/i_synth/ADDSUB_OP.ADDSUB/LOGIC_SPEED.OP/NORM/ROUND/RND_BIT_GEN/NORM_2.RND_CHAIN/CHAIN_GEN[0].C_MUX.CARRY_MUX_CARRY4_CARRY8                      | CLB.CARRY.CARRY8  |
    | grp_node_0_0_Pipeline_l_S_t_1_t_fu_256/hsub_16ns_16ns_16_3_no_dsp_1_U2/node_0_0_hsub_16ns_16ns_16_3_no_dsp_1_ip_u/U0/i_synth/ADDSUB_OP.ADDSUB/LOGIC_SPEED.OP/NORM/ROUND/LOGIC.RND1/CHAIN_GEN[2].C_MUX.CARRY_MUX_CARRY4_CARRY8                                        | CLB.CARRY.CARRY8  |
    | grp_node_0_0_Pipeline_l_S_t_1_t_fu_256/hsub_16ns_16ns_16_3_no_dsp_1_U2/node_0_0_hsub_16ns_16ns_16_3_no_dsp_1_ip_u/U0/i_synth/ADDSUB_OP.ADDSUB/LOGIC_SPEED.OP/NORM/ROUND/LOGIC.RND2/CHAIN_GEN[5].Q_XOR.SUM_XOR_CARRY4_CARRY8                                          | CLB.CARRY.CARRY8  |
    | grp_node_0_0_Pipeline_l_S_t_1_t_fu_256/hsub_16ns_16ns_16_3_no_dsp_1_U2/node_0_0_hsub_16ns_16ns_16_3_no_dsp_1_ip_u/U0/i_synth/ADDSUB_OP.ADDSUB/LOGIC_SPEED.OP/ALIGN_BLK/FRAC_ADDSUB/LOGIC_ADD.FRAC_ADDSUB/STRUCT_ADD1.ADD1/RESULT_REG.NORMAL.exp_op[0]_i_2            | CLB.LUT.LUT6      |
    | grp_node_0_0_Pipeline_l_S_t_1_t_fu_256/hsub_16ns_16ns_16_3_no_dsp_1_U2/node_0_0_hsub_16ns_16ns_16_3_no_dsp_1_ip_u/U0/i_synth/ADDSUB_OP.ADDSUB/LOGIC_SPEED.OP/EXP/EXP_OFF.STRUCT_ADD/RESULT_REG.NORMAL.exp_op[0]_i_1                                                  | CLB.LUT.LUT6      |
    | grp_node_0_0_Pipeline_l_S_t_1_t_fu_256/hsub_16ns_16ns_16_3_no_dsp_1_U2/node_0_0_hsub_16ns_16ns_16_3_no_dsp_1_ip_u/U0/i_synth/ADDSUB_OP.ADDSUB/LOGIC_SPEED.OP/OP/RESULT_REG.NORMAL.exp_op_reg[0]                                                                      | REGISTER.SDR.FDRE |
    | grp_node_0_0_Pipeline_l_S_t_1_t_fu_256/hadd_16ns_16ns_16_3_no_dsp_1_U1/din1_buf1_reg[0]                                                                                                                                                                              | REGISTER.SDR.FDRE |
    | grp_node_0_0_Pipeline_l_S_t_1_t_fu_256/hsub_16ns_16ns_16_3_no_dsp_1_U2/node_0_0_hsub_16ns_16ns_16_3_no_dsp_1_ip_u/U0/i_synth/ADDSUB_OP.ADDSUB/LOGIC_SPEED.OP/EXP/NUMB_CMP/NOT_FAST.CMP/C_CHAIN/CHAIN_GEN[0].C_MUX.CARRY_MUX_i_2__1                                   | CLB.LUT.LUT4      |
    | grp_node_0_0_Pipeline_l_S_t_1_t_fu_256/hsub_16ns_16ns_16_3_no_dsp_1_U2/node_0_0_hsub_16ns_16ns_16_3_no_dsp_1_ip_u/U0/i_synth/ADDSUB_OP.ADDSUB/LOGIC_SPEED.OP/EXP/NUMB_CMP/NOT_FAST.CMP/C_CHAIN/CHAIN_GEN[0].C_MUX.CARRY_MUX_CARRY4_CARRY8                            | CLB.CARRY.CARRY8  |
    | grp_node_0_0_Pipeline_l_S_t_1_t_fu_256/hsub_16ns_16ns_16_3_no_dsp_1_U2/node_0_0_hsub_16ns_16ns_16_3_no_dsp_1_ip_u/U0/i_synth/ADDSUB_OP.ADDSUB/LOGIC_SPEED.OP/EXP/NUMB_CMP/NOT_FAST.CMP/C_CHAIN/CHAIN_GEN[1].C_MUX.CARRY_MUX_i_2__2                                   | CLB.LUT.LUT6      |
    | grp_node_0_0_Pipeline_l_S_t_1_t_fu_256/hsub_16ns_16ns_16_3_no_dsp_1_U2/node_0_0_hsub_16ns_16ns_16_3_no_dsp_1_ip_u/U0/i_synth/ADDSUB_OP.ADDSUB/LOGIC_SPEED.OP/EXP/NUMB_CMP/NOT_FAST.CMP/C_CHAIN/CHAIN_GEN[1].C_MUX.CARRY_MUX_i_1__1                                   | CLB.LUT.LUT4      |
    | grp_node_0_0_Pipeline_l_S_t_1_t_fu_256/hsub_16ns_16ns_16_3_no_dsp_1_U2/node_0_0_hsub_16ns_16ns_16_3_no_dsp_1_ip_u/U0/i_synth/ADDSUB_OP.ADDSUB/LOGIC_SPEED.OP/ALIGN_BLK/ALIGN_SHIFT/ALIGN_Z_D/EQ_ZERO/CARRY_ZERO_DET/CHAIN_GEN[0].C_MUX.CARRY_MUX_CARRY4_CARRY8       | CLB.CARRY.CARRY8  |
    | grp_node_0_0_Pipeline_l_S_t_1_t_fu_256/hsub_16ns_16ns_16_3_no_dsp_1_U2/node_0_0_hsub_16ns_16ns_16_3_no_dsp_1_ip_u/U0/i_synth/ADDSUB_OP.ADDSUB/LOGIC_SPEED.OP/ALIGN_BLK/ALIGN_SHIFT/ALIGN_Z_D/EQ_ZERO/CARRY_ZERO_DET/STRUCT_ADD1.CARRY_MUX2_i_7                       | CLB.LUT.LUT5      |
    | grp_node_0_0_Pipeline_l_S_t_1_t_fu_256/hsub_16ns_16ns_16_3_no_dsp_1_U2/node_0_0_hsub_16ns_16ns_16_3_no_dsp_1_ip_u/U0/i_synth/ADDSUB_OP.ADDSUB/LOGIC_SPEED.OP/EXP/NUMB_CMP/NOT_FAST.CMP/C_CHAIN/STRUCT_ADD1.CARRY_MUX2_i_1                                            | CLB.LUT.LUT6      |
    | grp_node_0_0_Pipeline_l_S_t_1_t_fu_256/hsub_16ns_16ns_16_3_no_dsp_1_U2/node_0_0_hsub_16ns_16ns_16_3_no_dsp_1_ip_u/U0/i_synth/ADDSUB_OP.ADDSUB/LOGIC_SPEED.OP/ALIGN_BLK/FRAC_ADDSUB/LOGIC_ADD.FRAC_ADDSUB/STRUCT_ADD1.CARRY_MUX1_CARRY4_CARRY8                        | CLB.CARRY.CARRY8  |
    | grp_node_0_0_Pipeline_l_S_t_1_t_fu_256/hsub_16ns_16ns_16_3_no_dsp_1_U2/node_0_0_hsub_16ns_16ns_16_3_no_dsp_1_ip_u/U0/i_synth/ADDSUB_OP.ADDSUB/LOGIC_SPEED.OP/ALIGN_BLK/FRAC_ADDSUB/LOGIC_ADD.FRAC_ADDSUB/STRUCT_ADD2.ADD1/CHAIN_GEN[0].C_MUX.CARRY_MUX_CARRY4_CARRY8 | CLB.CARRY.CARRY8  |
    | grp_node_0_0_Pipeline_l_S_t_1_t_fu_256/hsub_16ns_16ns_16_3_no_dsp_1_U2/node_0_0_hsub_16ns_16ns_16_3_no_dsp_1_ip_u/U0/i_synth/ADDSUB_OP.ADDSUB/LOGIC_SPEED.OP/ALIGN_BLK/FRAC_ADDSUB/LOGIC_ADD.FRAC_ADDSUB/STRUCT_ADD2.ADD1/CHAIN_GEN[0].C_MUX.CARRY_MUX_i_1__5        | CLB.LUT.LUT4      |
    | grp_node_0_0_Pipeline_l_S_t_1_t_fu_256/hsub_16ns_16ns_16_3_no_dsp_1_U2/node_0_0_hsub_16ns_16ns_16_3_no_dsp_1_ip_u/U0/i_synth/ADDSUB_OP.ADDSUB/LOGIC_SPEED.OP/NORM/LZE/ZERO_DET_CC_1/CHAIN_GEN[0].C_MUX.CARRY_MUX_CARRY4_CARRY8                                       | CLB.CARRY.CARRY8  |
    | grp_node_0_0_Pipeline_l_S_t_1_t_fu_256/hsub_16ns_16ns_16_3_no_dsp_1_U2/node_0_0_hsub_16ns_16ns_16_3_no_dsp_1_ip_u/U0/i_synth/ADDSUB_OP.ADDSUB/LOGIC_SPEED.OP/ALIGN_BLK/FRAC_ADDSUB/LOGIC_ADD.FRAC_ADDSUB/STRUCT_ADD1.ADD1/CHAIN_GEN[1].C_MUX.CARRY_MUX_i_6           | CLB.LUT.LUT6      |
    | grp_node_0_0_Pipeline_l_S_t_1_t_fu_256/hsub_16ns_16ns_16_3_no_dsp_1_U2/node_0_0_hsub_16ns_16ns_16_3_no_dsp_1_ip_u/U0/i_synth/ADDSUB_OP.ADDSUB/LOGIC_SPEED.OP/ALIGN_BLK/FRAC_ADDSUB/LOGIC_ADD.FRAC_ADDSUB/STRUCT_ADD2.ADD1/CHAIN_GEN[1].C_MUX.CARRY_MUX_i_2__3        | CLB.LUT.LUT6      |
    | grp_node_0_0_Pipeline_l_S_t_1_t_fu_256/hsub_16ns_16ns_16_3_no_dsp_1_U2/node_0_0_hsub_16ns_16ns_16_3_no_dsp_1_ip_u/U0/i_synth/ADDSUB_OP.ADDSUB/LOGIC_SPEED.OP/ALIGN_BLK/FRAC_ADDSUB/LOGIC_ADD.FRAC_ADDSUB/STRUCT_ADD2.ADD1/CHAIN_GEN[0].C_MUX.CARRY_MUX_i_7__0        | CLB.LUT.LUT5      |
    | grp_node_0_0_Pipeline_l_S_t_1_t_fu_256/hsub_16ns_16ns_16_3_no_dsp_1_U2/node_0_0_hsub_16ns_16ns_16_3_no_dsp_1_ip_u/U0/i_synth/ADDSUB_OP.ADDSUB/LOGIC_SPEED.OP/ALIGN_BLK/FRAC_ADDSUB/LOGIC_ADD.FRAC_ADDSUB/STRUCT_ADD1.ADD1/CHAIN_GEN[0].C_MUX.CARRY_MUX_i_5__0        | CLB.LUT.LUT6      |
    | grp_node_0_0_Pipeline_l_S_t_1_t_fu_256/hsub_16ns_16ns_16_3_no_dsp_1_U2/node_0_0_hsub_16ns_16ns_16_3_no_dsp_1_ip_u/U0/i_synth/ADDSUB_OP.ADDSUB/LOGIC_SPEED.OP/ALIGN_BLK/FRAC_ADDSUB/LOGIC_ADD.FRAC_ADDSUB/STRUCT_ADD1.ADD1/CHAIN_GEN[0].C_MUX.CARRY_MUX_i_1__9        | CLB.LUT.LUT6      |
    | grp_node_0_0_Pipeline_l_S_t_1_t_fu_256/hsub_16ns_16ns_16_3_no_dsp_1_U2/node_0_0_hsub_16ns_16ns_16_3_no_dsp_1_ip_u/U0/i_synth/ADDSUB_OP.ADDSUB/LOGIC_SPEED.OP/NORM/ROUND/RND_BIT_GEN/NORM_2.RND_CHAIN/CHAIN_GEN[0].C_MUX.CARRY_MUX_CARRY4_CARRY8                      | CLB.CARRY.CARRY8  |
    | grp_node_0_0_Pipeline_l_S_t_1_t_fu_256/hsub_16ns_16ns_16_3_no_dsp_1_U2/node_0_0_hsub_16ns_16ns_16_3_no_dsp_1_ip_u/U0/i_synth/ADDSUB_OP.ADDSUB/LOGIC_SPEED.OP/NORM/ROUND/LOGIC.RND1/CHAIN_GEN[2].C_MUX.CARRY_MUX_CARRY4_CARRY8                                        | CLB.CARRY.CARRY8  |
    | grp_node_0_0_Pipeline_l_S_t_1_t_fu_256/hsub_16ns_16ns_16_3_no_dsp_1_U2/node_0_0_hsub_16ns_16ns_16_3_no_dsp_1_ip_u/U0/i_synth/ADDSUB_OP.ADDSUB/LOGIC_SPEED.OP/NORM/ROUND/LOGIC.RND2/CHAIN_GEN[5].Q_XOR.SUM_XOR_CARRY4_CARRY8                                          | CLB.CARRY.CARRY8  |
    | grp_node_0_0_Pipeline_l_S_t_1_t_fu_256/hsub_16ns_16ns_16_3_no_dsp_1_U2/node_0_0_hsub_16ns_16ns_16_3_no_dsp_1_ip_u/U0/i_synth/ADDSUB_OP.ADDSUB/LOGIC_SPEED.OP/EXP/EXP_OFF.STRUCT_ADD/RESULT_REG.NORMAL.exp_op[1]_i_2                                                  | CLB.LUT.LUT5      |
    | grp_node_0_0_Pipeline_l_S_t_1_t_fu_256/hsub_16ns_16ns_16_3_no_dsp_1_U2/node_0_0_hsub_16ns_16ns_16_3_no_dsp_1_ip_u/U0/i_synth/ADDSUB_OP.ADDSUB/LOGIC_SPEED.OP/EXP/EXP_OFF.STRUCT_ADD/RESULT_REG.NORMAL.exp_op[1]_i_1                                                  | CLB.LUT.LUT6      |
    | grp_node_0_0_Pipeline_l_S_t_1_t_fu_256/hsub_16ns_16ns_16_3_no_dsp_1_U2/node_0_0_hsub_16ns_16ns_16_3_no_dsp_1_ip_u/U0/i_synth/ADDSUB_OP.ADDSUB/LOGIC_SPEED.OP/OP/RESULT_REG.NORMAL.exp_op_reg[1]                                                                      | REGISTER.SDR.FDRE |
    | grp_node_0_0_Pipeline_l_S_t_1_t_fu_256/hadd_16ns_16ns_16_3_no_dsp_1_U1/din1_buf1_reg[0]                                                                                                                                                                              | REGISTER.SDR.FDRE |
    | grp_node_0_0_Pipeline_l_S_t_1_t_fu_256/hsub_16ns_16ns_16_3_no_dsp_1_U2/node_0_0_hsub_16ns_16ns_16_3_no_dsp_1_ip_u/U0/i_synth/ADDSUB_OP.ADDSUB/LOGIC_SPEED.OP/EXP/NUMB_CMP/NOT_FAST.CMP/C_CHAIN/CHAIN_GEN[0].C_MUX.CARRY_MUX_i_2__1                                   | CLB.LUT.LUT4      |
    | grp_node_0_0_Pipeline_l_S_t_1_t_fu_256/hsub_16ns_16ns_16_3_no_dsp_1_U2/node_0_0_hsub_16ns_16ns_16_3_no_dsp_1_ip_u/U0/i_synth/ADDSUB_OP.ADDSUB/LOGIC_SPEED.OP/EXP/NUMB_CMP/NOT_FAST.CMP/C_CHAIN/CHAIN_GEN[0].C_MUX.CARRY_MUX_CARRY4_CARRY8                            | CLB.CARRY.CARRY8  |
    | grp_node_0_0_Pipeline_l_S_t_1_t_fu_256/hsub_16ns_16ns_16_3_no_dsp_1_U2/node_0_0_hsub_16ns_16ns_16_3_no_dsp_1_ip_u/U0/i_synth/ADDSUB_OP.ADDSUB/LOGIC_SPEED.OP/EXP/NUMB_CMP/NOT_FAST.CMP/C_CHAIN/CHAIN_GEN[1].C_MUX.CARRY_MUX_i_2__2                                   | CLB.LUT.LUT6      |
    | grp_node_0_0_Pipeline_l_S_t_1_t_fu_256/hsub_16ns_16ns_16_3_no_dsp_1_U2/node_0_0_hsub_16ns_16ns_16_3_no_dsp_1_ip_u/U0/i_synth/ADDSUB_OP.ADDSUB/LOGIC_SPEED.OP/EXP/NUMB_CMP/NOT_FAST.CMP/C_CHAIN/CHAIN_GEN[1].C_MUX.CARRY_MUX_i_1__1                                   | CLB.LUT.LUT4      |
    | grp_node_0_0_Pipeline_l_S_t_1_t_fu_256/hsub_16ns_16ns_16_3_no_dsp_1_U2/node_0_0_hsub_16ns_16ns_16_3_no_dsp_1_ip_u/U0/i_synth/ADDSUB_OP.ADDSUB/LOGIC_SPEED.OP/ALIGN_BLK/ALIGN_SHIFT/ALIGN_Z_D/EQ_ZERO/CARRY_ZERO_DET/CHAIN_GEN[0].C_MUX.CARRY_MUX_CARRY4_CARRY8       | CLB.CARRY.CARRY8  |
    | grp_node_0_0_Pipeline_l_S_t_1_t_fu_256/hsub_16ns_16ns_16_3_no_dsp_1_U2/node_0_0_hsub_16ns_16ns_16_3_no_dsp_1_ip_u/U0/i_synth/ADDSUB_OP.ADDSUB/LOGIC_SPEED.OP/ALIGN_BLK/ALIGN_SHIFT/ALIGN_Z_D/EQ_ZERO/CARRY_ZERO_DET/STRUCT_ADD1.CARRY_MUX2_i_7                       | CLB.LUT.LUT5      |
    | grp_node_0_0_Pipeline_l_S_t_1_t_fu_256/hsub_16ns_16ns_16_3_no_dsp_1_U2/node_0_0_hsub_16ns_16ns_16_3_no_dsp_1_ip_u/U0/i_synth/ADDSUB_OP.ADDSUB/LOGIC_SPEED.OP/EXP/NUMB_CMP/NOT_FAST.CMP/C_CHAIN/STRUCT_ADD1.CARRY_MUX2_i_1                                            | CLB.LUT.LUT6      |
    | grp_node_0_0_Pipeline_l_S_t_1_t_fu_256/hsub_16ns_16ns_16_3_no_dsp_1_U2/node_0_0_hsub_16ns_16ns_16_3_no_dsp_1_ip_u/U0/i_synth/ADDSUB_OP.ADDSUB/LOGIC_SPEED.OP/ALIGN_BLK/FRAC_ADDSUB/LOGIC_ADD.FRAC_ADDSUB/STRUCT_ADD1.CARRY_MUX1_CARRY4_CARRY8                        | CLB.CARRY.CARRY8  |
    | grp_node_0_0_Pipeline_l_S_t_1_t_fu_256/hsub_16ns_16ns_16_3_no_dsp_1_U2/node_0_0_hsub_16ns_16ns_16_3_no_dsp_1_ip_u/U0/i_synth/ADDSUB_OP.ADDSUB/LOGIC_SPEED.OP/ALIGN_BLK/FRAC_ADDSUB/LOGIC_ADD.FRAC_ADDSUB/STRUCT_ADD2.ADD1/CHAIN_GEN[0].C_MUX.CARRY_MUX_CARRY4_CARRY8 | CLB.CARRY.CARRY8  |
    | grp_node_0_0_Pipeline_l_S_t_1_t_fu_256/hsub_16ns_16ns_16_3_no_dsp_1_U2/node_0_0_hsub_16ns_16ns_16_3_no_dsp_1_ip_u/U0/i_synth/ADDSUB_OP.ADDSUB/LOGIC_SPEED.OP/ALIGN_BLK/FRAC_ADDSUB/LOGIC_ADD.FRAC_ADDSUB/STRUCT_ADD2.ADD1/CHAIN_GEN[0].C_MUX.CARRY_MUX_i_1__5        | CLB.LUT.LUT4      |
    | grp_node_0_0_Pipeline_l_S_t_1_t_fu_256/hsub_16ns_16ns_16_3_no_dsp_1_U2/node_0_0_hsub_16ns_16ns_16_3_no_dsp_1_ip_u/U0/i_synth/ADDSUB_OP.ADDSUB/LOGIC_SPEED.OP/NORM/LZE/ZERO_DET_CC_1/CHAIN_GEN[0].C_MUX.CARRY_MUX_CARRY4_CARRY8                                       | CLB.CARRY.CARRY8  |
    | grp_node_0_0_Pipeline_l_S_t_1_t_fu_256/hsub_16ns_16ns_16_3_no_dsp_1_U2/node_0_0_hsub_16ns_16ns_16_3_no_dsp_1_ip_u/U0/i_synth/ADDSUB_OP.ADDSUB/LOGIC_SPEED.OP/ALIGN_BLK/FRAC_ADDSUB/LOGIC_ADD.FRAC_ADDSUB/STRUCT_ADD1.ADD1/CHAIN_GEN[1].C_MUX.CARRY_MUX_i_6           | CLB.LUT.LUT6      |
    | grp_node_0_0_Pipeline_l_S_t_1_t_fu_256/hsub_16ns_16ns_16_3_no_dsp_1_U2/node_0_0_hsub_16ns_16ns_16_3_no_dsp_1_ip_u/U0/i_synth/ADDSUB_OP.ADDSUB/LOGIC_SPEED.OP/ALIGN_BLK/FRAC_ADDSUB/LOGIC_ADD.FRAC_ADDSUB/STRUCT_ADD2.ADD1/CHAIN_GEN[1].C_MUX.CARRY_MUX_i_2__3        | CLB.LUT.LUT6      |
    | grp_node_0_0_Pipeline_l_S_t_1_t_fu_256/hsub_16ns_16ns_16_3_no_dsp_1_U2/node_0_0_hsub_16ns_16ns_16_3_no_dsp_1_ip_u/U0/i_synth/ADDSUB_OP.ADDSUB/LOGIC_SPEED.OP/ALIGN_BLK/FRAC_ADDSUB/LOGIC_ADD.FRAC_ADDSUB/STRUCT_ADD2.ADD1/CHAIN_GEN[0].C_MUX.CARRY_MUX_i_7__0        | CLB.LUT.LUT5      |
    | grp_node_0_0_Pipeline_l_S_t_1_t_fu_256/hsub_16ns_16ns_16_3_no_dsp_1_U2/node_0_0_hsub_16ns_16ns_16_3_no_dsp_1_ip_u/U0/i_synth/ADDSUB_OP.ADDSUB/LOGIC_SPEED.OP/ALIGN_BLK/FRAC_ADDSUB/LOGIC_ADD.FRAC_ADDSUB/STRUCT_ADD1.ADD1/CHAIN_GEN[0].C_MUX.CARRY_MUX_i_5__0        | CLB.LUT.LUT6      |
    | grp_node_0_0_Pipeline_l_S_t_1_t_fu_256/hsub_16ns_16ns_16_3_no_dsp_1_U2/node_0_0_hsub_16ns_16ns_16_3_no_dsp_1_ip_u/U0/i_synth/ADDSUB_OP.ADDSUB/LOGIC_SPEED.OP/ALIGN_BLK/FRAC_ADDSUB/LOGIC_ADD.FRAC_ADDSUB/STRUCT_ADD1.ADD1/CHAIN_GEN[0].C_MUX.CARRY_MUX_i_1__9        | CLB.LUT.LUT6      |
    | grp_node_0_0_Pipeline_l_S_t_1_t_fu_256/hsub_16ns_16ns_16_3_no_dsp_1_U2/node_0_0_hsub_16ns_16ns_16_3_no_dsp_1_ip_u/U0/i_synth/ADDSUB_OP.ADDSUB/LOGIC_SPEED.OP/NORM/ROUND/RND_BIT_GEN/NORM_2.RND_CHAIN/CHAIN_GEN[0].C_MUX.CARRY_MUX_CARRY4_CARRY8                      | CLB.CARRY.CARRY8  |
    | grp_node_0_0_Pipeline_l_S_t_1_t_fu_256/hsub_16ns_16ns_16_3_no_dsp_1_U2/node_0_0_hsub_16ns_16ns_16_3_no_dsp_1_ip_u/U0/i_synth/ADDSUB_OP.ADDSUB/LOGIC_SPEED.OP/NORM/ROUND/LOGIC.RND1/CHAIN_GEN[2].C_MUX.CARRY_MUX_CARRY4_CARRY8                                        | CLB.CARRY.CARRY8  |
    | grp_node_0_0_Pipeline_l_S_t_1_t_fu_256/hsub_16ns_16ns_16_3_no_dsp_1_U2/node_0_0_hsub_16ns_16ns_16_3_no_dsp_1_ip_u/U0/i_synth/ADDSUB_OP.ADDSUB/LOGIC_SPEED.OP/NORM/ROUND/LOGIC.RND2/CHAIN_GEN[5].Q_XOR.SUM_XOR_CARRY4_CARRY8                                          | CLB.CARRY.CARRY8  |
    | grp_node_0_0_Pipeline_l_S_t_1_t_fu_256/hsub_16ns_16ns_16_3_no_dsp_1_U2/node_0_0_hsub_16ns_16ns_16_3_no_dsp_1_ip_u/U0/i_synth/ADDSUB_OP.ADDSUB/LOGIC_SPEED.OP/ALIGN_BLK/FRAC_ADDSUB/LOGIC_ADD.FRAC_ADDSUB/STRUCT_ADD1.ADD1/RESULT_REG.NORMAL.exp_op[2]_i_2            | CLB.LUT.LUT6      |
    | grp_node_0_0_Pipeline_l_S_t_1_t_fu_256/hsub_16ns_16ns_16_3_no_dsp_1_U2/node_0_0_hsub_16ns_16ns_16_3_no_dsp_1_ip_u/U0/i_synth/ADDSUB_OP.ADDSUB/LOGIC_SPEED.OP/ALIGN_BLK/FRAC_ADDSUB/LOGIC_ADD.FRAC_ADDSUB/STRUCT_ADD1.ADD1/RESULT_REG.NORMAL.exp_op[2]_i_1            | CLB.LUT.LUT6      |
    | grp_node_0_0_Pipeline_l_S_t_1_t_fu_256/hsub_16ns_16ns_16_3_no_dsp_1_U2/node_0_0_hsub_16ns_16ns_16_3_no_dsp_1_ip_u/U0/i_synth/ADDSUB_OP.ADDSUB/LOGIC_SPEED.OP/OP/RESULT_REG.NORMAL.exp_op_reg[2]                                                                      | REGISTER.SDR.FDRE |
    | grp_node_0_0_Pipeline_l_S_t_1_t_fu_256/hadd_16ns_16ns_16_3_no_dsp_1_U1/din1_buf1_reg[0]                                                                                                                                                                              | REGISTER.SDR.FDRE |
    | grp_node_0_0_Pipeline_l_S_t_1_t_fu_256/hsub_16ns_16ns_16_3_no_dsp_1_U2/node_0_0_hsub_16ns_16ns_16_3_no_dsp_1_ip_u/U0/i_synth/ADDSUB_OP.ADDSUB/LOGIC_SPEED.OP/EXP/NUMB_CMP/NOT_FAST.CMP/C_CHAIN/CHAIN_GEN[0].C_MUX.CARRY_MUX_i_2__1                                   | CLB.LUT.LUT4      |
    | grp_node_0_0_Pipeline_l_S_t_1_t_fu_256/hsub_16ns_16ns_16_3_no_dsp_1_U2/node_0_0_hsub_16ns_16ns_16_3_no_dsp_1_ip_u/U0/i_synth/ADDSUB_OP.ADDSUB/LOGIC_SPEED.OP/EXP/NUMB_CMP/NOT_FAST.CMP/C_CHAIN/CHAIN_GEN[0].C_MUX.CARRY_MUX_CARRY4_CARRY8                            | CLB.CARRY.CARRY8  |
    | grp_node_0_0_Pipeline_l_S_t_1_t_fu_256/hsub_16ns_16ns_16_3_no_dsp_1_U2/node_0_0_hsub_16ns_16ns_16_3_no_dsp_1_ip_u/U0/i_synth/ADDSUB_OP.ADDSUB/LOGIC_SPEED.OP/EXP/NUMB_CMP/NOT_FAST.CMP/C_CHAIN/CHAIN_GEN[1].C_MUX.CARRY_MUX_i_2__2                                   | CLB.LUT.LUT6      |
    | grp_node_0_0_Pipeline_l_S_t_1_t_fu_256/hsub_16ns_16ns_16_3_no_dsp_1_U2/node_0_0_hsub_16ns_16ns_16_3_no_dsp_1_ip_u/U0/i_synth/ADDSUB_OP.ADDSUB/LOGIC_SPEED.OP/EXP/NUMB_CMP/NOT_FAST.CMP/C_CHAIN/CHAIN_GEN[1].C_MUX.CARRY_MUX_i_1__1                                   | CLB.LUT.LUT4      |
    | grp_node_0_0_Pipeline_l_S_t_1_t_fu_256/hsub_16ns_16ns_16_3_no_dsp_1_U2/node_0_0_hsub_16ns_16ns_16_3_no_dsp_1_ip_u/U0/i_synth/ADDSUB_OP.ADDSUB/LOGIC_SPEED.OP/ALIGN_BLK/ALIGN_SHIFT/ALIGN_Z_D/EQ_ZERO/CARRY_ZERO_DET/CHAIN_GEN[0].C_MUX.CARRY_MUX_CARRY4_CARRY8       | CLB.CARRY.CARRY8  |
    | grp_node_0_0_Pipeline_l_S_t_1_t_fu_256/hsub_16ns_16ns_16_3_no_dsp_1_U2/node_0_0_hsub_16ns_16ns_16_3_no_dsp_1_ip_u/U0/i_synth/ADDSUB_OP.ADDSUB/LOGIC_SPEED.OP/ALIGN_BLK/ALIGN_SHIFT/ALIGN_Z_D/EQ_ZERO/CARRY_ZERO_DET/STRUCT_ADD1.CARRY_MUX2_i_7                       | CLB.LUT.LUT5      |
    | grp_node_0_0_Pipeline_l_S_t_1_t_fu_256/hsub_16ns_16ns_16_3_no_dsp_1_U2/node_0_0_hsub_16ns_16ns_16_3_no_dsp_1_ip_u/U0/i_synth/ADDSUB_OP.ADDSUB/LOGIC_SPEED.OP/EXP/NUMB_CMP/NOT_FAST.CMP/C_CHAIN/STRUCT_ADD1.CARRY_MUX2_i_1                                            | CLB.LUT.LUT6      |
    | grp_node_0_0_Pipeline_l_S_t_1_t_fu_256/hsub_16ns_16ns_16_3_no_dsp_1_U2/node_0_0_hsub_16ns_16ns_16_3_no_dsp_1_ip_u/U0/i_synth/ADDSUB_OP.ADDSUB/LOGIC_SPEED.OP/ALIGN_BLK/FRAC_ADDSUB/LOGIC_ADD.FRAC_ADDSUB/STRUCT_ADD1.CARRY_MUX1_CARRY4_CARRY8                        | CLB.CARRY.CARRY8  |
    | grp_node_0_0_Pipeline_l_S_t_1_t_fu_256/hsub_16ns_16ns_16_3_no_dsp_1_U2/node_0_0_hsub_16ns_16ns_16_3_no_dsp_1_ip_u/U0/i_synth/ADDSUB_OP.ADDSUB/LOGIC_SPEED.OP/ALIGN_BLK/FRAC_ADDSUB/LOGIC_ADD.FRAC_ADDSUB/STRUCT_ADD2.ADD1/CHAIN_GEN[0].C_MUX.CARRY_MUX_CARRY4_CARRY8 | CLB.CARRY.CARRY8  |
    | grp_node_0_0_Pipeline_l_S_t_1_t_fu_256/hsub_16ns_16ns_16_3_no_dsp_1_U2/node_0_0_hsub_16ns_16ns_16_3_no_dsp_1_ip_u/U0/i_synth/ADDSUB_OP.ADDSUB/LOGIC_SPEED.OP/ALIGN_BLK/FRAC_ADDSUB/LOGIC_ADD.FRAC_ADDSUB/STRUCT_ADD2.ADD1/CHAIN_GEN[0].C_MUX.CARRY_MUX_i_1__5        | CLB.LUT.LUT4      |
    | grp_node_0_0_Pipeline_l_S_t_1_t_fu_256/hsub_16ns_16ns_16_3_no_dsp_1_U2/node_0_0_hsub_16ns_16ns_16_3_no_dsp_1_ip_u/U0/i_synth/ADDSUB_OP.ADDSUB/LOGIC_SPEED.OP/NORM/LZE/ZERO_DET_CC_1/CHAIN_GEN[0].C_MUX.CARRY_MUX_CARRY4_CARRY8                                       | CLB.CARRY.CARRY8  |
    | grp_node_0_0_Pipeline_l_S_t_1_t_fu_256/hsub_16ns_16ns_16_3_no_dsp_1_U2/node_0_0_hsub_16ns_16ns_16_3_no_dsp_1_ip_u/U0/i_synth/ADDSUB_OP.ADDSUB/LOGIC_SPEED.OP/ALIGN_BLK/FRAC_ADDSUB/LOGIC_ADD.FRAC_ADDSUB/STRUCT_ADD1.ADD1/CHAIN_GEN[1].C_MUX.CARRY_MUX_i_6           | CLB.LUT.LUT6      |
    | grp_node_0_0_Pipeline_l_S_t_1_t_fu_256/hsub_16ns_16ns_16_3_no_dsp_1_U2/node_0_0_hsub_16ns_16ns_16_3_no_dsp_1_ip_u/U0/i_synth/ADDSUB_OP.ADDSUB/LOGIC_SPEED.OP/ALIGN_BLK/FRAC_ADDSUB/LOGIC_ADD.FRAC_ADDSUB/STRUCT_ADD2.ADD1/CHAIN_GEN[1].C_MUX.CARRY_MUX_i_2__3        | CLB.LUT.LUT6      |
    | grp_node_0_0_Pipeline_l_S_t_1_t_fu_256/hsub_16ns_16ns_16_3_no_dsp_1_U2/node_0_0_hsub_16ns_16ns_16_3_no_dsp_1_ip_u/U0/i_synth/ADDSUB_OP.ADDSUB/LOGIC_SPEED.OP/ALIGN_BLK/FRAC_ADDSUB/LOGIC_ADD.FRAC_ADDSUB/STRUCT_ADD2.ADD1/CHAIN_GEN[0].C_MUX.CARRY_MUX_i_7__0        | CLB.LUT.LUT5      |
    | grp_node_0_0_Pipeline_l_S_t_1_t_fu_256/hsub_16ns_16ns_16_3_no_dsp_1_U2/node_0_0_hsub_16ns_16ns_16_3_no_dsp_1_ip_u/U0/i_synth/ADDSUB_OP.ADDSUB/LOGIC_SPEED.OP/ALIGN_BLK/FRAC_ADDSUB/LOGIC_ADD.FRAC_ADDSUB/STRUCT_ADD1.ADD1/CHAIN_GEN[0].C_MUX.CARRY_MUX_i_5__0        | CLB.LUT.LUT6      |
    | grp_node_0_0_Pipeline_l_S_t_1_t_fu_256/hsub_16ns_16ns_16_3_no_dsp_1_U2/node_0_0_hsub_16ns_16ns_16_3_no_dsp_1_ip_u/U0/i_synth/ADDSUB_OP.ADDSUB/LOGIC_SPEED.OP/ALIGN_BLK/FRAC_ADDSUB/LOGIC_ADD.FRAC_ADDSUB/STRUCT_ADD1.ADD1/CHAIN_GEN[0].C_MUX.CARRY_MUX_i_1__9        | CLB.LUT.LUT6      |
    | grp_node_0_0_Pipeline_l_S_t_1_t_fu_256/hsub_16ns_16ns_16_3_no_dsp_1_U2/node_0_0_hsub_16ns_16ns_16_3_no_dsp_1_ip_u/U0/i_synth/ADDSUB_OP.ADDSUB/LOGIC_SPEED.OP/NORM/ROUND/RND_BIT_GEN/NORM_2.RND_CHAIN/CHAIN_GEN[0].C_MUX.CARRY_MUX_CARRY4_CARRY8                      | CLB.CARRY.CARRY8  |
    | grp_node_0_0_Pipeline_l_S_t_1_t_fu_256/hsub_16ns_16ns_16_3_no_dsp_1_U2/node_0_0_hsub_16ns_16ns_16_3_no_dsp_1_ip_u/U0/i_synth/ADDSUB_OP.ADDSUB/LOGIC_SPEED.OP/NORM/ROUND/LOGIC.RND1/CHAIN_GEN[2].C_MUX.CARRY_MUX_CARRY4_CARRY8                                        | CLB.CARRY.CARRY8  |
    | grp_node_0_0_Pipeline_l_S_t_1_t_fu_256/hsub_16ns_16ns_16_3_no_dsp_1_U2/node_0_0_hsub_16ns_16ns_16_3_no_dsp_1_ip_u/U0/i_synth/ADDSUB_OP.ADDSUB/LOGIC_SPEED.OP/NORM/ROUND/LOGIC.RND2/CHAIN_GEN[5].Q_XOR.SUM_XOR_CARRY4_CARRY8                                          | CLB.CARRY.CARRY8  |
    | grp_node_0_0_Pipeline_l_S_t_1_t_fu_256/hsub_16ns_16ns_16_3_no_dsp_1_U2/node_0_0_hsub_16ns_16ns_16_3_no_dsp_1_ip_u/U0/i_synth/ADDSUB_OP.ADDSUB/LOGIC_SPEED.OP/NORM/LZE/ZERO_DET_CC_1/RESULT_REG.NORMAL.exp_op[4]_i_3                                                  | CLB.LUT.LUT6      |
    | grp_node_0_0_Pipeline_l_S_t_1_t_fu_256/hsub_16ns_16ns_16_3_no_dsp_1_U2/node_0_0_hsub_16ns_16ns_16_3_no_dsp_1_ip_u/U0/i_synth/ADDSUB_OP.ADDSUB/LOGIC_SPEED.OP/EXP/EXP_OFF.STRUCT_ADD/RESULT_REG.NORMAL.exp_op[3]_i_1                                                  | CLB.LUT.LUT6      |
    | grp_node_0_0_Pipeline_l_S_t_1_t_fu_256/hsub_16ns_16ns_16_3_no_dsp_1_U2/node_0_0_hsub_16ns_16ns_16_3_no_dsp_1_ip_u/U0/i_synth/ADDSUB_OP.ADDSUB/LOGIC_SPEED.OP/OP/RESULT_REG.NORMAL.exp_op_reg[3]                                                                      | REGISTER.SDR.FDRE |
    | grp_node_0_0_Pipeline_l_S_t_1_t_fu_256/hadd_16ns_16ns_16_3_no_dsp_1_U1/din1_buf1_reg[0]                                                                                                                                                                              | REGISTER.SDR.FDRE |
    | grp_node_0_0_Pipeline_l_S_t_1_t_fu_256/hsub_16ns_16ns_16_3_no_dsp_1_U2/node_0_0_hsub_16ns_16ns_16_3_no_dsp_1_ip_u/U0/i_synth/ADDSUB_OP.ADDSUB/LOGIC_SPEED.OP/EXP/NUMB_CMP/NOT_FAST.CMP/C_CHAIN/CHAIN_GEN[0].C_MUX.CARRY_MUX_i_2__1                                   | CLB.LUT.LUT4      |
    | grp_node_0_0_Pipeline_l_S_t_1_t_fu_256/hsub_16ns_16ns_16_3_no_dsp_1_U2/node_0_0_hsub_16ns_16ns_16_3_no_dsp_1_ip_u/U0/i_synth/ADDSUB_OP.ADDSUB/LOGIC_SPEED.OP/EXP/NUMB_CMP/NOT_FAST.CMP/C_CHAIN/CHAIN_GEN[0].C_MUX.CARRY_MUX_CARRY4_CARRY8                            | CLB.CARRY.CARRY8  |
    | grp_node_0_0_Pipeline_l_S_t_1_t_fu_256/hsub_16ns_16ns_16_3_no_dsp_1_U2/node_0_0_hsub_16ns_16ns_16_3_no_dsp_1_ip_u/U0/i_synth/ADDSUB_OP.ADDSUB/LOGIC_SPEED.OP/EXP/NUMB_CMP/NOT_FAST.CMP/C_CHAIN/CHAIN_GEN[1].C_MUX.CARRY_MUX_i_2__2                                   | CLB.LUT.LUT6      |
    | grp_node_0_0_Pipeline_l_S_t_1_t_fu_256/hsub_16ns_16ns_16_3_no_dsp_1_U2/node_0_0_hsub_16ns_16ns_16_3_no_dsp_1_ip_u/U0/i_synth/ADDSUB_OP.ADDSUB/LOGIC_SPEED.OP/EXP/NUMB_CMP/NOT_FAST.CMP/C_CHAIN/CHAIN_GEN[1].C_MUX.CARRY_MUX_i_1__1                                   | CLB.LUT.LUT4      |
    | grp_node_0_0_Pipeline_l_S_t_1_t_fu_256/hsub_16ns_16ns_16_3_no_dsp_1_U2/node_0_0_hsub_16ns_16ns_16_3_no_dsp_1_ip_u/U0/i_synth/ADDSUB_OP.ADDSUB/LOGIC_SPEED.OP/ALIGN_BLK/ALIGN_SHIFT/ALIGN_Z_D/EQ_ZERO/CARRY_ZERO_DET/CHAIN_GEN[0].C_MUX.CARRY_MUX_CARRY4_CARRY8       | CLB.CARRY.CARRY8  |
    | grp_node_0_0_Pipeline_l_S_t_1_t_fu_256/hsub_16ns_16ns_16_3_no_dsp_1_U2/node_0_0_hsub_16ns_16ns_16_3_no_dsp_1_ip_u/U0/i_synth/ADDSUB_OP.ADDSUB/LOGIC_SPEED.OP/ALIGN_BLK/ALIGN_SHIFT/ALIGN_Z_D/EQ_ZERO/CARRY_ZERO_DET/STRUCT_ADD1.CARRY_MUX2_i_7                       | CLB.LUT.LUT5      |
    | grp_node_0_0_Pipeline_l_S_t_1_t_fu_256/hsub_16ns_16ns_16_3_no_dsp_1_U2/node_0_0_hsub_16ns_16ns_16_3_no_dsp_1_ip_u/U0/i_synth/ADDSUB_OP.ADDSUB/LOGIC_SPEED.OP/EXP/NUMB_CMP/NOT_FAST.CMP/C_CHAIN/STRUCT_ADD1.CARRY_MUX2_i_1                                            | CLB.LUT.LUT6      |
    | grp_node_0_0_Pipeline_l_S_t_1_t_fu_256/hsub_16ns_16ns_16_3_no_dsp_1_U2/node_0_0_hsub_16ns_16ns_16_3_no_dsp_1_ip_u/U0/i_synth/ADDSUB_OP.ADDSUB/LOGIC_SPEED.OP/ALIGN_BLK/FRAC_ADDSUB/LOGIC_ADD.FRAC_ADDSUB/STRUCT_ADD1.CARRY_MUX1_CARRY4_CARRY8                        | CLB.CARRY.CARRY8  |
    | grp_node_0_0_Pipeline_l_S_t_1_t_fu_256/hsub_16ns_16ns_16_3_no_dsp_1_U2/node_0_0_hsub_16ns_16ns_16_3_no_dsp_1_ip_u/U0/i_synth/ADDSUB_OP.ADDSUB/LOGIC_SPEED.OP/ALIGN_BLK/FRAC_ADDSUB/LOGIC_ADD.FRAC_ADDSUB/STRUCT_ADD2.ADD1/CHAIN_GEN[0].C_MUX.CARRY_MUX_CARRY4_CARRY8 | CLB.CARRY.CARRY8  |
    | grp_node_0_0_Pipeline_l_S_t_1_t_fu_256/hsub_16ns_16ns_16_3_no_dsp_1_U2/node_0_0_hsub_16ns_16ns_16_3_no_dsp_1_ip_u/U0/i_synth/ADDSUB_OP.ADDSUB/LOGIC_SPEED.OP/ALIGN_BLK/FRAC_ADDSUB/LOGIC_ADD.FRAC_ADDSUB/STRUCT_ADD2.ADD1/CHAIN_GEN[0].C_MUX.CARRY_MUX_i_1__5        | CLB.LUT.LUT4      |
    | grp_node_0_0_Pipeline_l_S_t_1_t_fu_256/hsub_16ns_16ns_16_3_no_dsp_1_U2/node_0_0_hsub_16ns_16ns_16_3_no_dsp_1_ip_u/U0/i_synth/ADDSUB_OP.ADDSUB/LOGIC_SPEED.OP/NORM/LZE/ZERO_DET_CC_1/CHAIN_GEN[0].C_MUX.CARRY_MUX_CARRY4_CARRY8                                       | CLB.CARRY.CARRY8  |
    | grp_node_0_0_Pipeline_l_S_t_1_t_fu_256/hsub_16ns_16ns_16_3_no_dsp_1_U2/node_0_0_hsub_16ns_16ns_16_3_no_dsp_1_ip_u/U0/i_synth/ADDSUB_OP.ADDSUB/LOGIC_SPEED.OP/ALIGN_BLK/FRAC_ADDSUB/LOGIC_ADD.FRAC_ADDSUB/STRUCT_ADD1.ADD1/CHAIN_GEN[1].C_MUX.CARRY_MUX_i_6           | CLB.LUT.LUT6      |
    | grp_node_0_0_Pipeline_l_S_t_1_t_fu_256/hsub_16ns_16ns_16_3_no_dsp_1_U2/node_0_0_hsub_16ns_16ns_16_3_no_dsp_1_ip_u/U0/i_synth/ADDSUB_OP.ADDSUB/LOGIC_SPEED.OP/ALIGN_BLK/FRAC_ADDSUB/LOGIC_ADD.FRAC_ADDSUB/STRUCT_ADD2.ADD1/CHAIN_GEN[1].C_MUX.CARRY_MUX_i_2__3        | CLB.LUT.LUT6      |
    | grp_node_0_0_Pipeline_l_S_t_1_t_fu_256/hsub_16ns_16ns_16_3_no_dsp_1_U2/node_0_0_hsub_16ns_16ns_16_3_no_dsp_1_ip_u/U0/i_synth/ADDSUB_OP.ADDSUB/LOGIC_SPEED.OP/ALIGN_BLK/FRAC_ADDSUB/LOGIC_ADD.FRAC_ADDSUB/STRUCT_ADD2.ADD1/CHAIN_GEN[0].C_MUX.CARRY_MUX_i_7__0        | CLB.LUT.LUT5      |
    | grp_node_0_0_Pipeline_l_S_t_1_t_fu_256/hsub_16ns_16ns_16_3_no_dsp_1_U2/node_0_0_hsub_16ns_16ns_16_3_no_dsp_1_ip_u/U0/i_synth/ADDSUB_OP.ADDSUB/LOGIC_SPEED.OP/ALIGN_BLK/FRAC_ADDSUB/LOGIC_ADD.FRAC_ADDSUB/STRUCT_ADD1.ADD1/CHAIN_GEN[0].C_MUX.CARRY_MUX_i_5__0        | CLB.LUT.LUT6      |
    | grp_node_0_0_Pipeline_l_S_t_1_t_fu_256/hsub_16ns_16ns_16_3_no_dsp_1_U2/node_0_0_hsub_16ns_16ns_16_3_no_dsp_1_ip_u/U0/i_synth/ADDSUB_OP.ADDSUB/LOGIC_SPEED.OP/ALIGN_BLK/FRAC_ADDSUB/LOGIC_ADD.FRAC_ADDSUB/STRUCT_ADD1.ADD1/CHAIN_GEN[0].C_MUX.CARRY_MUX_i_1__9        | CLB.LUT.LUT6      |
    | grp_node_0_0_Pipeline_l_S_t_1_t_fu_256/hsub_16ns_16ns_16_3_no_dsp_1_U2/node_0_0_hsub_16ns_16ns_16_3_no_dsp_1_ip_u/U0/i_synth/ADDSUB_OP.ADDSUB/LOGIC_SPEED.OP/NORM/ROUND/RND_BIT_GEN/NORM_2.RND_CHAIN/CHAIN_GEN[0].C_MUX.CARRY_MUX_CARRY4_CARRY8                      | CLB.CARRY.CARRY8  |
    | grp_node_0_0_Pipeline_l_S_t_1_t_fu_256/hsub_16ns_16ns_16_3_no_dsp_1_U2/node_0_0_hsub_16ns_16ns_16_3_no_dsp_1_ip_u/U0/i_synth/ADDSUB_OP.ADDSUB/LOGIC_SPEED.OP/NORM/ROUND/LOGIC.RND1/CHAIN_GEN[2].C_MUX.CARRY_MUX_CARRY4_CARRY8                                        | CLB.CARRY.CARRY8  |
    | grp_node_0_0_Pipeline_l_S_t_1_t_fu_256/hsub_16ns_16ns_16_3_no_dsp_1_U2/node_0_0_hsub_16ns_16ns_16_3_no_dsp_1_ip_u/U0/i_synth/ADDSUB_OP.ADDSUB/LOGIC_SPEED.OP/NORM/ROUND/LOGIC.RND2/CHAIN_GEN[5].Q_XOR.SUM_XOR_CARRY4_CARRY8                                          | CLB.CARRY.CARRY8  |
    | grp_node_0_0_Pipeline_l_S_t_1_t_fu_256/hsub_16ns_16ns_16_3_no_dsp_1_U2/node_0_0_hsub_16ns_16ns_16_3_no_dsp_1_ip_u/U0/i_synth/ADDSUB_OP.ADDSUB/LOGIC_SPEED.OP/NORM/LZE/ZERO_DET_CC_1/RESULT_REG.NORMAL.exp_op[4]_i_3                                                  | CLB.LUT.LUT6      |
    | grp_node_0_0_Pipeline_l_S_t_1_t_fu_256/hsub_16ns_16ns_16_3_no_dsp_1_U2/node_0_0_hsub_16ns_16ns_16_3_no_dsp_1_ip_u/U0/i_synth/ADDSUB_OP.ADDSUB/LOGIC_SPEED.OP/EXP/EXP_OFF.STRUCT_ADD/RESULT_REG.NORMAL.exp_op[4]_i_1                                                  | CLB.LUT.LUT6      |
    | grp_node_0_0_Pipeline_l_S_t_1_t_fu_256/hsub_16ns_16ns_16_3_no_dsp_1_U2/node_0_0_hsub_16ns_16ns_16_3_no_dsp_1_ip_u/U0/i_synth/ADDSUB_OP.ADDSUB/LOGIC_SPEED.OP/OP/RESULT_REG.NORMAL.exp_op_reg[4]                                                                      | REGISTER.SDR.FDRE |
    | grp_node_0_0_Pipeline_l_S_t_1_t_fu_256/hadd_16ns_16ns_16_3_no_dsp_1_U1/din1_buf1_reg[0]                                                                                                                                                                              | REGISTER.SDR.FDRE |
    | grp_node_0_0_Pipeline_l_S_t_1_t_fu_256/hsub_16ns_16ns_16_3_no_dsp_1_U2/node_0_0_hsub_16ns_16ns_16_3_no_dsp_1_ip_u/U0/i_synth/ADDSUB_OP.ADDSUB/LOGIC_SPEED.OP/EXP/NUMB_CMP/NOT_FAST.CMP/C_CHAIN/CHAIN_GEN[0].C_MUX.CARRY_MUX_i_2__1                                   | CLB.LUT.LUT4      |
    | grp_node_0_0_Pipeline_l_S_t_1_t_fu_256/hsub_16ns_16ns_16_3_no_dsp_1_U2/node_0_0_hsub_16ns_16ns_16_3_no_dsp_1_ip_u/U0/i_synth/ADDSUB_OP.ADDSUB/LOGIC_SPEED.OP/EXP/NUMB_CMP/NOT_FAST.CMP/C_CHAIN/CHAIN_GEN[0].C_MUX.CARRY_MUX_CARRY4_CARRY8                            | CLB.CARRY.CARRY8  |
    | grp_node_0_0_Pipeline_l_S_t_1_t_fu_256/hsub_16ns_16ns_16_3_no_dsp_1_U2/node_0_0_hsub_16ns_16ns_16_3_no_dsp_1_ip_u/U0/i_synth/ADDSUB_OP.ADDSUB/LOGIC_SPEED.OP/EXP/NUMB_CMP/NOT_FAST.CMP/C_CHAIN/CHAIN_GEN[1].C_MUX.CARRY_MUX_i_2__2                                   | CLB.LUT.LUT6      |
    | grp_node_0_0_Pipeline_l_S_t_1_t_fu_256/hsub_16ns_16ns_16_3_no_dsp_1_U2/node_0_0_hsub_16ns_16ns_16_3_no_dsp_1_ip_u/U0/i_synth/ADDSUB_OP.ADDSUB/LOGIC_SPEED.OP/EXP/NUMB_CMP/NOT_FAST.CMP/C_CHAIN/CHAIN_GEN[1].C_MUX.CARRY_MUX_i_1__1                                   | CLB.LUT.LUT4      |
    | grp_node_0_0_Pipeline_l_S_t_1_t_fu_256/hsub_16ns_16ns_16_3_no_dsp_1_U2/node_0_0_hsub_16ns_16ns_16_3_no_dsp_1_ip_u/U0/i_synth/ADDSUB_OP.ADDSUB/LOGIC_SPEED.OP/ALIGN_BLK/ALIGN_SHIFT/ALIGN_Z_D/EQ_ZERO/CARRY_ZERO_DET/CHAIN_GEN[0].C_MUX.CARRY_MUX_CARRY4_CARRY8       | CLB.CARRY.CARRY8  |
    | grp_node_0_0_Pipeline_l_S_t_1_t_fu_256/hsub_16ns_16ns_16_3_no_dsp_1_U2/node_0_0_hsub_16ns_16ns_16_3_no_dsp_1_ip_u/U0/i_synth/ADDSUB_OP.ADDSUB/LOGIC_SPEED.OP/ALIGN_BLK/ALIGN_SHIFT/ALIGN_Z_D/EQ_ZERO/CARRY_ZERO_DET/STRUCT_ADD1.CARRY_MUX2_i_7                       | CLB.LUT.LUT5      |
    | grp_node_0_0_Pipeline_l_S_t_1_t_fu_256/hsub_16ns_16ns_16_3_no_dsp_1_U2/node_0_0_hsub_16ns_16ns_16_3_no_dsp_1_ip_u/U0/i_synth/ADDSUB_OP.ADDSUB/LOGIC_SPEED.OP/EXP/NUMB_CMP/NOT_FAST.CMP/C_CHAIN/STRUCT_ADD1.CARRY_MUX2_i_1                                            | CLB.LUT.LUT6      |
    | grp_node_0_0_Pipeline_l_S_t_1_t_fu_256/hsub_16ns_16ns_16_3_no_dsp_1_U2/node_0_0_hsub_16ns_16ns_16_3_no_dsp_1_ip_u/U0/i_synth/ADDSUB_OP.ADDSUB/LOGIC_SPEED.OP/ALIGN_BLK/FRAC_ADDSUB/LOGIC_ADD.FRAC_ADDSUB/STRUCT_ADD1.CARRY_MUX1_CARRY4_CARRY8                        | CLB.CARRY.CARRY8  |
    | grp_node_0_0_Pipeline_l_S_t_1_t_fu_256/hsub_16ns_16ns_16_3_no_dsp_1_U2/node_0_0_hsub_16ns_16ns_16_3_no_dsp_1_ip_u/U0/i_synth/ADDSUB_OP.ADDSUB/LOGIC_SPEED.OP/ALIGN_BLK/FRAC_ADDSUB/LOGIC_ADD.FRAC_ADDSUB/STRUCT_ADD2.ADD1/CHAIN_GEN[0].C_MUX.CARRY_MUX_CARRY4_CARRY8 | CLB.CARRY.CARRY8  |
    | grp_node_0_0_Pipeline_l_S_t_1_t_fu_256/hsub_16ns_16ns_16_3_no_dsp_1_U2/node_0_0_hsub_16ns_16ns_16_3_no_dsp_1_ip_u/U0/i_synth/ADDSUB_OP.ADDSUB/LOGIC_SPEED.OP/ALIGN_BLK/FRAC_ADDSUB/LOGIC_ADD.FRAC_ADDSUB/STRUCT_ADD2.ADD1/CHAIN_GEN[0].C_MUX.CARRY_MUX_i_1__5        | CLB.LUT.LUT4      |
    | grp_node_0_0_Pipeline_l_S_t_1_t_fu_256/hsub_16ns_16ns_16_3_no_dsp_1_U2/node_0_0_hsub_16ns_16ns_16_3_no_dsp_1_ip_u/U0/i_synth/ADDSUB_OP.ADDSUB/LOGIC_SPEED.OP/NORM/LZE/ZERO_DET_CC_1/CHAIN_GEN[0].C_MUX.CARRY_MUX_CARRY4_CARRY8                                       | CLB.CARRY.CARRY8  |
    | grp_node_0_0_Pipeline_l_S_t_1_t_fu_256/hsub_16ns_16ns_16_3_no_dsp_1_U2/node_0_0_hsub_16ns_16ns_16_3_no_dsp_1_ip_u/U0/i_synth/ADDSUB_OP.ADDSUB/LOGIC_SPEED.OP/ALIGN_BLK/FRAC_ADDSUB/LOGIC_ADD.FRAC_ADDSUB/STRUCT_ADD1.ADD1/CHAIN_GEN[1].C_MUX.CARRY_MUX_i_6           | CLB.LUT.LUT6      |
    | grp_node_0_0_Pipeline_l_S_t_1_t_fu_256/hsub_16ns_16ns_16_3_no_dsp_1_U2/node_0_0_hsub_16ns_16ns_16_3_no_dsp_1_ip_u/U0/i_synth/ADDSUB_OP.ADDSUB/LOGIC_SPEED.OP/ALIGN_BLK/FRAC_ADDSUB/LOGIC_ADD.FRAC_ADDSUB/STRUCT_ADD2.ADD1/CHAIN_GEN[1].C_MUX.CARRY_MUX_i_2__3        | CLB.LUT.LUT6      |
    | grp_node_0_0_Pipeline_l_S_t_1_t_fu_256/hsub_16ns_16ns_16_3_no_dsp_1_U2/node_0_0_hsub_16ns_16ns_16_3_no_dsp_1_ip_u/U0/i_synth/ADDSUB_OP.ADDSUB/LOGIC_SPEED.OP/ALIGN_BLK/FRAC_ADDSUB/LOGIC_ADD.FRAC_ADDSUB/STRUCT_ADD2.ADD1/CHAIN_GEN[0].C_MUX.CARRY_MUX_i_7__0        | CLB.LUT.LUT5      |
    | grp_node_0_0_Pipeline_l_S_t_1_t_fu_256/hsub_16ns_16ns_16_3_no_dsp_1_U2/node_0_0_hsub_16ns_16ns_16_3_no_dsp_1_ip_u/U0/i_synth/ADDSUB_OP.ADDSUB/LOGIC_SPEED.OP/ALIGN_BLK/FRAC_ADDSUB/LOGIC_ADD.FRAC_ADDSUB/STRUCT_ADD1.ADD1/CHAIN_GEN[0].C_MUX.CARRY_MUX_i_5__0        | CLB.LUT.LUT6      |
    | grp_node_0_0_Pipeline_l_S_t_1_t_fu_256/hsub_16ns_16ns_16_3_no_dsp_1_U2/node_0_0_hsub_16ns_16ns_16_3_no_dsp_1_ip_u/U0/i_synth/ADDSUB_OP.ADDSUB/LOGIC_SPEED.OP/ALIGN_BLK/FRAC_ADDSUB/LOGIC_ADD.FRAC_ADDSUB/STRUCT_ADD1.ADD1/CHAIN_GEN[0].C_MUX.CARRY_MUX_i_1__9        | CLB.LUT.LUT6      |
    | grp_node_0_0_Pipeline_l_S_t_1_t_fu_256/hsub_16ns_16ns_16_3_no_dsp_1_U2/node_0_0_hsub_16ns_16ns_16_3_no_dsp_1_ip_u/U0/i_synth/ADDSUB_OP.ADDSUB/LOGIC_SPEED.OP/NORM/ROUND/RND_BIT_GEN/NORM_2.RND_CHAIN/CHAIN_GEN[0].C_MUX.CARRY_MUX_CARRY4_CARRY8                      | CLB.CARRY.CARRY8  |
    | grp_node_0_0_Pipeline_l_S_t_1_t_fu_256/hsub_16ns_16ns_16_3_no_dsp_1_U2/node_0_0_hsub_16ns_16ns_16_3_no_dsp_1_ip_u/U0/i_synth/ADDSUB_OP.ADDSUB/LOGIC_SPEED.OP/NORM/ROUND/LOGIC.RND1/CHAIN_GEN[2].C_MUX.CARRY_MUX_CARRY4_CARRY8                                        | CLB.CARRY.CARRY8  |
    | grp_node_0_0_Pipeline_l_S_t_1_t_fu_256/hsub_16ns_16ns_16_3_no_dsp_1_U2/node_0_0_hsub_16ns_16ns_16_3_no_dsp_1_ip_u/U0/i_synth/ADDSUB_OP.ADDSUB/LOGIC_SPEED.OP/NORM/ROUND/LOGIC.RND2/RESULT_REG.NORMAL.mant_op[9]_i_2                                                  | CLB.LUT.LUT3      |
    | grp_node_0_0_Pipeline_l_S_t_1_t_fu_256/hsub_16ns_16ns_16_3_no_dsp_1_U2/node_0_0_hsub_16ns_16ns_16_3_no_dsp_1_ip_u/U0/i_synth/ADDSUB_OP.ADDSUB/LOGIC_SPEED.OP/EXP/EXP_OFF.STRUCT_ADD/RESULT_REG.NORMAL.mant_op[9]_i_1                                                 | CLB.LUT.LUT6      |
    | grp_node_0_0_Pipeline_l_S_t_1_t_fu_256/hsub_16ns_16ns_16_3_no_dsp_1_U2/node_0_0_hsub_16ns_16ns_16_3_no_dsp_1_ip_u/U0/i_synth/ADDSUB_OP.ADDSUB/LOGIC_SPEED.OP/OP/RESULT_REG.NORMAL.mant_op_reg[9]                                                                     | REGISTER.SDR.FDRE |
    | grp_node_0_0_Pipeline_l_S_t_1_t_fu_256/hadd_16ns_16ns_16_3_no_dsp_1_U1/din1_buf1_reg[0]                                                                                                                                                                              | REGISTER.SDR.FDRE |
    | grp_node_0_0_Pipeline_l_S_t_1_t_fu_256/hadd_16ns_16ns_16_3_no_dsp_1_U1/node_0_0_hadd_16ns_16ns_16_3_no_dsp_1_ip_u/U0/i_synth/ADDSUB_OP.ADDSUB/LOGIC_SPEED.OP/EXP/NUMB_CMP/NOT_FAST.CMP/C_CHAIN/CHAIN_GEN[0].C_MUX.CARRY_MUX_i_2__1                                   | CLB.LUT.LUT4      |
    | grp_node_0_0_Pipeline_l_S_t_1_t_fu_256/hadd_16ns_16ns_16_3_no_dsp_1_U1/node_0_0_hadd_16ns_16ns_16_3_no_dsp_1_ip_u/U0/i_synth/ADDSUB_OP.ADDSUB/LOGIC_SPEED.OP/EXP/NUMB_CMP/NOT_FAST.CMP/C_CHAIN/CHAIN_GEN[0].C_MUX.CARRY_MUX_CARRY4_CARRY8                            | CLB.CARRY.CARRY8  |
    | grp_node_0_0_Pipeline_l_S_t_1_t_fu_256/hadd_16ns_16ns_16_3_no_dsp_1_U1/node_0_0_hadd_16ns_16ns_16_3_no_dsp_1_ip_u/U0/i_synth/ADDSUB_OP.ADDSUB/LOGIC_SPEED.OP/EXP/NUMB_CMP/NOT_FAST.CMP/C_CHAIN/CHAIN_GEN[1].C_MUX.CARRY_MUX_i_2__3                                   | CLB.LUT.LUT6      |
    | grp_node_0_0_Pipeline_l_S_t_1_t_fu_256/hadd_16ns_16ns_16_3_no_dsp_1_U1/node_0_0_hadd_16ns_16ns_16_3_no_dsp_1_ip_u/U0/i_synth/ADDSUB_OP.ADDSUB/LOGIC_SPEED.OP/EXP/NUMB_CMP/NOT_FAST.CMP/C_CHAIN/CHAIN_GEN[1].C_MUX.CARRY_MUX_i_1__5                                   | CLB.LUT.LUT4      |
    | grp_node_0_0_Pipeline_l_S_t_1_t_fu_256/hadd_16ns_16ns_16_3_no_dsp_1_U1/node_0_0_hadd_16ns_16ns_16_3_no_dsp_1_ip_u/U0/i_synth/ADDSUB_OP.ADDSUB/LOGIC_SPEED.OP/ALIGN_BLK/ALIGN_SHIFT/ALIGN_Z_D/EQ_ZERO/CARRY_ZERO_DET/CHAIN_GEN[0].C_MUX.CARRY_MUX_CARRY4_CARRY8       | CLB.CARRY.CARRY8  |
    | grp_node_0_0_Pipeline_l_S_t_1_t_fu_256/hadd_16ns_16ns_16_3_no_dsp_1_U1/node_0_0_hadd_16ns_16ns_16_3_no_dsp_1_ip_u/U0/i_synth/ADDSUB_OP.ADDSUB/LOGIC_SPEED.OP/EXP/NUMB_CMP/NOT_FAST.CMP/C_CHAIN/STRUCT_ADD1.CARRY_MUX2_i_7                                            | CLB.LUT.LUT5      |
    | grp_node_0_0_Pipeline_l_S_t_1_t_fu_256/hadd_16ns_16ns_16_3_no_dsp_1_U1/node_0_0_hadd_16ns_16ns_16_3_no_dsp_1_ip_u/U0/i_synth/ADDSUB_OP.ADDSUB/LOGIC_SPEED.OP/EXP/NUMB_CMP/NOT_FAST.CMP/C_CHAIN/STRUCT_ADD1.CARRY_MUX2_i_2                                            | CLB.LUT.LUT6      |
    | grp_node_0_0_Pipeline_l_S_t_1_t_fu_256/hadd_16ns_16ns_16_3_no_dsp_1_U1/node_0_0_hadd_16ns_16ns_16_3_no_dsp_1_ip_u/U0/i_synth/ADDSUB_OP.ADDSUB/LOGIC_SPEED.OP/EXP/NUMB_CMP/NOT_FAST.CMP/C_CHAIN/STRUCT_ADD1.CARRY_MUX2_i_1                                            | CLB.LUT.LUT6      |
    | grp_node_0_0_Pipeline_l_S_t_1_t_fu_256/hadd_16ns_16ns_16_3_no_dsp_1_U1/node_0_0_hadd_16ns_16ns_16_3_no_dsp_1_ip_u/U0/i_synth/ADDSUB_OP.ADDSUB/LOGIC_SPEED.OP/ALIGN_BLK/FRAC_ADDSUB/LOGIC_ADD.FRAC_ADDSUB/STRUCT_ADD1.CARRY_MUX1_CARRY4_CARRY8                        | CLB.CARRY.CARRY8  |
    | grp_node_0_0_Pipeline_l_S_t_1_t_fu_256/hadd_16ns_16ns_16_3_no_dsp_1_U1/node_0_0_hadd_16ns_16ns_16_3_no_dsp_1_ip_u/U0/i_synth/ADDSUB_OP.ADDSUB/LOGIC_SPEED.OP/ALIGN_BLK/FRAC_ADDSUB/LOGIC_ADD.FRAC_ADDSUB/STRUCT_ADD2.ADD1/CHAIN_GEN[0].C_MUX.CARRY_MUX_CARRY4_CARRY8 | CLB.CARRY.CARRY8  |
    | grp_node_0_0_Pipeline_l_S_t_1_t_fu_256/hadd_16ns_16ns_16_3_no_dsp_1_U1/node_0_0_hadd_16ns_16ns_16_3_no_dsp_1_ip_u/U0/i_synth/ADDSUB_OP.ADDSUB/LOGIC_SPEED.OP/ALIGN_BLK/FRAC_ADDSUB/LOGIC_ADD.FRAC_ADDSUB/STRUCT_ADD2.ADD1/CHAIN_GEN[0].C_MUX.CARRY_MUX_i_1__2        | CLB.LUT.LUT4      |
    | grp_node_0_0_Pipeline_l_S_t_1_t_fu_256/hadd_16ns_16ns_16_3_no_dsp_1_U1/node_0_0_hadd_16ns_16ns_16_3_no_dsp_1_ip_u/U0/i_synth/ADDSUB_OP.ADDSUB/LOGIC_SPEED.OP/NORM/LZE/ZERO_DET_CC_1/CHAIN_GEN[0].C_MUX.CARRY_MUX_CARRY4_CARRY8                                       | CLB.CARRY.CARRY8  |
    | grp_node_0_0_Pipeline_l_S_t_1_t_fu_256/hadd_16ns_16ns_16_3_no_dsp_1_U1/node_0_0_hadd_16ns_16ns_16_3_no_dsp_1_ip_u/U0/i_synth/ADDSUB_OP.ADDSUB/LOGIC_SPEED.OP/ALIGN_BLK/FRAC_ADDSUB/LOGIC_ADD.FRAC_ADDSUB/STRUCT_ADD2.ADD1/RESULT_REG.NORMAL.exp_op[2]_i_8            | CLB.LUT.LUT5      |
    | grp_node_0_0_Pipeline_l_S_t_1_t_fu_256/hadd_16ns_16ns_16_3_no_dsp_1_U1/node_0_0_hadd_16ns_16ns_16_3_no_dsp_1_ip_u/U0/i_synth/ADDSUB_OP.ADDSUB/LOGIC_SPEED.OP/ALIGN_BLK/FRAC_ADDSUB/LOGIC_ADD.FRAC_ADDSUB/STRUCT_ADD1.ADD1/RESULT_REG.NORMAL.exp_op[1]_i_3            | CLB.LUT.LUT5      |
    | grp_node_0_0_Pipeline_l_S_t_1_t_fu_256/hadd_16ns_16ns_16_3_no_dsp_1_U1/node_0_0_hadd_16ns_16ns_16_3_no_dsp_1_ip_u/U0/i_synth/ADDSUB_OP.ADDSUB/LOGIC_SPEED.OP/ALIGN_BLK/FRAC_ADDSUB/LOGIC_ADD.FRAC_ADDSUB/STRUCT_ADD1.ADD1/CHAIN_GEN[0].C_MUX.CARRY_MUX_i_6__0        | CLB.LUT.LUT5      |
    | grp_node_0_0_Pipeline_l_S_t_1_t_fu_256/hadd_16ns_16ns_16_3_no_dsp_1_U1/node_0_0_hadd_16ns_16ns_16_3_no_dsp_1_ip_u/U0/i_synth/ADDSUB_OP.ADDSUB/LOGIC_SPEED.OP/ALIGN_BLK/FRAC_ADDSUB/LOGIC_ADD.FRAC_ADDSUB/STRUCT_ADD1.ADD1/CHAIN_GEN[0].C_MUX.CARRY_MUX_i_3__0        | CLB.LUT.LUT6      |
    | grp_node_0_0_Pipeline_l_S_t_1_t_fu_256/hadd_16ns_16ns_16_3_no_dsp_1_U1/node_0_0_hadd_16ns_16ns_16_3_no_dsp_1_ip_u/U0/i_synth/ADDSUB_OP.ADDSUB/LOGIC_SPEED.OP/ALIGN_BLK/FRAC_ADDSUB/LOGIC_ADD.FRAC_ADDSUB/STRUCT_ADD1.ADD1/CHAIN_GEN[0].C_MUX.CARRY_MUX_i_1__10       | CLB.LUT.LUT5      |
    | grp_node_0_0_Pipeline_l_S_t_1_t_fu_256/hadd_16ns_16ns_16_3_no_dsp_1_U1/node_0_0_hadd_16ns_16ns_16_3_no_dsp_1_ip_u/U0/i_synth/ADDSUB_OP.ADDSUB/LOGIC_SPEED.OP/NORM/ROUND/RND_BIT_GEN/NORM_2.RND_CHAIN/CHAIN_GEN[0].C_MUX.CARRY_MUX_CARRY4_CARRY8                      | CLB.CARRY.CARRY8  |
    | grp_node_0_0_Pipeline_l_S_t_1_t_fu_256/hadd_16ns_16ns_16_3_no_dsp_1_U1/node_0_0_hadd_16ns_16ns_16_3_no_dsp_1_ip_u/U0/i_synth/ADDSUB_OP.ADDSUB/LOGIC_SPEED.OP/NORM/ROUND/LOGIC.RND1/CHAIN_GEN[2].C_MUX.CARRY_MUX_CARRY4_CARRY8                                        | CLB.CARRY.CARRY8  |
    | grp_node_0_0_Pipeline_l_S_t_1_t_fu_256/hadd_16ns_16ns_16_3_no_dsp_1_U1/node_0_0_hadd_16ns_16ns_16_3_no_dsp_1_ip_u/U0/i_synth/ADDSUB_OP.ADDSUB/LOGIC_SPEED.OP/NORM/ROUND/LOGIC.RND2/CHAIN_GEN[5].Q_XOR.SUM_XOR_CARRY4_CARRY8                                          | CLB.CARRY.CARRY8  |
    | grp_node_0_0_Pipeline_l_S_t_1_t_fu_256/hadd_16ns_16ns_16_3_no_dsp_1_U1/node_0_0_hadd_16ns_16ns_16_3_no_dsp_1_ip_u/U0/i_synth/ADDSUB_OP.ADDSUB/LOGIC_SPEED.OP/EXP/EXP_OFF.STRUCT_ADD/RESULT_REG.NORMAL.exp_op[0]_i_1                                                  | CLB.LUT.LUT5      |
    | grp_node_0_0_Pipeline_l_S_t_1_t_fu_256/hadd_16ns_16ns_16_3_no_dsp_1_U1/node_0_0_hadd_16ns_16ns_16_3_no_dsp_1_ip_u/U0/i_synth/ADDSUB_OP.ADDSUB/LOGIC_SPEED.OP/OP/RESULT_REG.NORMAL.exp_op_reg[0]                                                                      | REGISTER.SDR.FDRE |
    | grp_node_0_0_Pipeline_l_S_t_1_t_fu_256/hadd_16ns_16ns_16_3_no_dsp_1_U1/din1_buf1_reg[0]                                                                                                                                                                              | REGISTER.SDR.FDRE |
    | grp_node_0_0_Pipeline_l_S_t_1_t_fu_256/hadd_16ns_16ns_16_3_no_dsp_1_U1/node_0_0_hadd_16ns_16ns_16_3_no_dsp_1_ip_u/U0/i_synth/ADDSUB_OP.ADDSUB/LOGIC_SPEED.OP/EXP/NUMB_CMP/NOT_FAST.CMP/C_CHAIN/CHAIN_GEN[0].C_MUX.CARRY_MUX_i_2__1                                   | CLB.LUT.LUT4      |
    | grp_node_0_0_Pipeline_l_S_t_1_t_fu_256/hadd_16ns_16ns_16_3_no_dsp_1_U1/node_0_0_hadd_16ns_16ns_16_3_no_dsp_1_ip_u/U0/i_synth/ADDSUB_OP.ADDSUB/LOGIC_SPEED.OP/EXP/NUMB_CMP/NOT_FAST.CMP/C_CHAIN/CHAIN_GEN[0].C_MUX.CARRY_MUX_CARRY4_CARRY8                            | CLB.CARRY.CARRY8  |
    | grp_node_0_0_Pipeline_l_S_t_1_t_fu_256/hadd_16ns_16ns_16_3_no_dsp_1_U1/node_0_0_hadd_16ns_16ns_16_3_no_dsp_1_ip_u/U0/i_synth/ADDSUB_OP.ADDSUB/LOGIC_SPEED.OP/EXP/NUMB_CMP/NOT_FAST.CMP/C_CHAIN/CHAIN_GEN[1].C_MUX.CARRY_MUX_i_2__3                                   | CLB.LUT.LUT6      |
    | grp_node_0_0_Pipeline_l_S_t_1_t_fu_256/hadd_16ns_16ns_16_3_no_dsp_1_U1/node_0_0_hadd_16ns_16ns_16_3_no_dsp_1_ip_u/U0/i_synth/ADDSUB_OP.ADDSUB/LOGIC_SPEED.OP/EXP/NUMB_CMP/NOT_FAST.CMP/C_CHAIN/CHAIN_GEN[1].C_MUX.CARRY_MUX_i_1__5                                   | CLB.LUT.LUT4      |
    | grp_node_0_0_Pipeline_l_S_t_1_t_fu_256/hadd_16ns_16ns_16_3_no_dsp_1_U1/node_0_0_hadd_16ns_16ns_16_3_no_dsp_1_ip_u/U0/i_synth/ADDSUB_OP.ADDSUB/LOGIC_SPEED.OP/ALIGN_BLK/ALIGN_SHIFT/ALIGN_Z_D/EQ_ZERO/CARRY_ZERO_DET/CHAIN_GEN[0].C_MUX.CARRY_MUX_CARRY4_CARRY8       | CLB.CARRY.CARRY8  |
    | grp_node_0_0_Pipeline_l_S_t_1_t_fu_256/hadd_16ns_16ns_16_3_no_dsp_1_U1/node_0_0_hadd_16ns_16ns_16_3_no_dsp_1_ip_u/U0/i_synth/ADDSUB_OP.ADDSUB/LOGIC_SPEED.OP/EXP/NUMB_CMP/NOT_FAST.CMP/C_CHAIN/STRUCT_ADD1.CARRY_MUX2_i_7                                            | CLB.LUT.LUT5      |
    | grp_node_0_0_Pipeline_l_S_t_1_t_fu_256/hadd_16ns_16ns_16_3_no_dsp_1_U1/node_0_0_hadd_16ns_16ns_16_3_no_dsp_1_ip_u/U0/i_synth/ADDSUB_OP.ADDSUB/LOGIC_SPEED.OP/EXP/NUMB_CMP/NOT_FAST.CMP/C_CHAIN/STRUCT_ADD1.CARRY_MUX2_i_2                                            | CLB.LUT.LUT6      |
    | grp_node_0_0_Pipeline_l_S_t_1_t_fu_256/hadd_16ns_16ns_16_3_no_dsp_1_U1/node_0_0_hadd_16ns_16ns_16_3_no_dsp_1_ip_u/U0/i_synth/ADDSUB_OP.ADDSUB/LOGIC_SPEED.OP/EXP/NUMB_CMP/NOT_FAST.CMP/C_CHAIN/STRUCT_ADD1.CARRY_MUX2_i_1                                            | CLB.LUT.LUT6      |
    | grp_node_0_0_Pipeline_l_S_t_1_t_fu_256/hadd_16ns_16ns_16_3_no_dsp_1_U1/node_0_0_hadd_16ns_16ns_16_3_no_dsp_1_ip_u/U0/i_synth/ADDSUB_OP.ADDSUB/LOGIC_SPEED.OP/ALIGN_BLK/FRAC_ADDSUB/LOGIC_ADD.FRAC_ADDSUB/STRUCT_ADD1.CARRY_MUX1_CARRY4_CARRY8                        | CLB.CARRY.CARRY8  |
    | grp_node_0_0_Pipeline_l_S_t_1_t_fu_256/hadd_16ns_16ns_16_3_no_dsp_1_U1/node_0_0_hadd_16ns_16ns_16_3_no_dsp_1_ip_u/U0/i_synth/ADDSUB_OP.ADDSUB/LOGIC_SPEED.OP/ALIGN_BLK/FRAC_ADDSUB/LOGIC_ADD.FRAC_ADDSUB/STRUCT_ADD2.ADD1/CHAIN_GEN[0].C_MUX.CARRY_MUX_CARRY4_CARRY8 | CLB.CARRY.CARRY8  |
    | grp_node_0_0_Pipeline_l_S_t_1_t_fu_256/hadd_16ns_16ns_16_3_no_dsp_1_U1/node_0_0_hadd_16ns_16ns_16_3_no_dsp_1_ip_u/U0/i_synth/ADDSUB_OP.ADDSUB/LOGIC_SPEED.OP/ALIGN_BLK/FRAC_ADDSUB/LOGIC_ADD.FRAC_ADDSUB/STRUCT_ADD2.ADD1/CHAIN_GEN[0].C_MUX.CARRY_MUX_i_1__2        | CLB.LUT.LUT4      |
    | grp_node_0_0_Pipeline_l_S_t_1_t_fu_256/hadd_16ns_16ns_16_3_no_dsp_1_U1/node_0_0_hadd_16ns_16ns_16_3_no_dsp_1_ip_u/U0/i_synth/ADDSUB_OP.ADDSUB/LOGIC_SPEED.OP/NORM/LZE/ZERO_DET_CC_1/CHAIN_GEN[0].C_MUX.CARRY_MUX_CARRY4_CARRY8                                       | CLB.CARRY.CARRY8  |
    | grp_node_0_0_Pipeline_l_S_t_1_t_fu_256/hadd_16ns_16ns_16_3_no_dsp_1_U1/node_0_0_hadd_16ns_16ns_16_3_no_dsp_1_ip_u/U0/i_synth/ADDSUB_OP.ADDSUB/LOGIC_SPEED.OP/ALIGN_BLK/FRAC_ADDSUB/LOGIC_ADD.FRAC_ADDSUB/STRUCT_ADD2.ADD1/RESULT_REG.NORMAL.exp_op[2]_i_8            | CLB.LUT.LUT5      |
    | grp_node_0_0_Pipeline_l_S_t_1_t_fu_256/hadd_16ns_16ns_16_3_no_dsp_1_U1/node_0_0_hadd_16ns_16ns_16_3_no_dsp_1_ip_u/U0/i_synth/ADDSUB_OP.ADDSUB/LOGIC_SPEED.OP/ALIGN_BLK/FRAC_ADDSUB/LOGIC_ADD.FRAC_ADDSUB/STRUCT_ADD1.ADD1/RESULT_REG.NORMAL.exp_op[1]_i_3            | CLB.LUT.LUT5      |
    | grp_node_0_0_Pipeline_l_S_t_1_t_fu_256/hadd_16ns_16ns_16_3_no_dsp_1_U1/node_0_0_hadd_16ns_16ns_16_3_no_dsp_1_ip_u/U0/i_synth/ADDSUB_OP.ADDSUB/LOGIC_SPEED.OP/ALIGN_BLK/FRAC_ADDSUB/LOGIC_ADD.FRAC_ADDSUB/STRUCT_ADD1.ADD1/CHAIN_GEN[0].C_MUX.CARRY_MUX_i_6__0        | CLB.LUT.LUT5      |
    | grp_node_0_0_Pipeline_l_S_t_1_t_fu_256/hadd_16ns_16ns_16_3_no_dsp_1_U1/node_0_0_hadd_16ns_16ns_16_3_no_dsp_1_ip_u/U0/i_synth/ADDSUB_OP.ADDSUB/LOGIC_SPEED.OP/ALIGN_BLK/FRAC_ADDSUB/LOGIC_ADD.FRAC_ADDSUB/STRUCT_ADD1.ADD1/CHAIN_GEN[0].C_MUX.CARRY_MUX_i_3__0        | CLB.LUT.LUT6      |
    | grp_node_0_0_Pipeline_l_S_t_1_t_fu_256/hadd_16ns_16ns_16_3_no_dsp_1_U1/node_0_0_hadd_16ns_16ns_16_3_no_dsp_1_ip_u/U0/i_synth/ADDSUB_OP.ADDSUB/LOGIC_SPEED.OP/ALIGN_BLK/FRAC_ADDSUB/LOGIC_ADD.FRAC_ADDSUB/STRUCT_ADD1.ADD1/CHAIN_GEN[0].C_MUX.CARRY_MUX_i_1__10       | CLB.LUT.LUT5      |
    | grp_node_0_0_Pipeline_l_S_t_1_t_fu_256/hadd_16ns_16ns_16_3_no_dsp_1_U1/node_0_0_hadd_16ns_16ns_16_3_no_dsp_1_ip_u/U0/i_synth/ADDSUB_OP.ADDSUB/LOGIC_SPEED.OP/NORM/ROUND/RND_BIT_GEN/NORM_2.RND_CHAIN/CHAIN_GEN[0].C_MUX.CARRY_MUX_CARRY4_CARRY8                      | CLB.CARRY.CARRY8  |
    | grp_node_0_0_Pipeline_l_S_t_1_t_fu_256/hadd_16ns_16ns_16_3_no_dsp_1_U1/node_0_0_hadd_16ns_16ns_16_3_no_dsp_1_ip_u/U0/i_synth/ADDSUB_OP.ADDSUB/LOGIC_SPEED.OP/NORM/ROUND/LOGIC.RND1/CHAIN_GEN[2].C_MUX.CARRY_MUX_CARRY4_CARRY8                                        | CLB.CARRY.CARRY8  |
    | grp_node_0_0_Pipeline_l_S_t_1_t_fu_256/hadd_16ns_16ns_16_3_no_dsp_1_U1/node_0_0_hadd_16ns_16ns_16_3_no_dsp_1_ip_u/U0/i_synth/ADDSUB_OP.ADDSUB/LOGIC_SPEED.OP/NORM/ROUND/LOGIC.RND2/CHAIN_GEN[5].Q_XOR.SUM_XOR_CARRY4_CARRY8                                          | CLB.CARRY.CARRY8  |
    | grp_node_0_0_Pipeline_l_S_t_1_t_fu_256/hadd_16ns_16ns_16_3_no_dsp_1_U1/node_0_0_hadd_16ns_16ns_16_3_no_dsp_1_ip_u/U0/i_synth/ADDSUB_OP.ADDSUB/LOGIC_SPEED.OP/NORM/ROUND/LOGIC.RND2/RESULT_REG.NORMAL.exp_op[1]_i_1                                                   | CLB.LUT.LUT6      |
    | grp_node_0_0_Pipeline_l_S_t_1_t_fu_256/hadd_16ns_16ns_16_3_no_dsp_1_U1/node_0_0_hadd_16ns_16ns_16_3_no_dsp_1_ip_u/U0/i_synth/ADDSUB_OP.ADDSUB/LOGIC_SPEED.OP/OP/RESULT_REG.NORMAL.exp_op_reg[1]                                                                      | REGISTER.SDR.FDRE |
    +----------------------------------------------------------------------------------------------------------------------------------------------------------------------------------------------------------------------------------------------------------------------+-------------------+

    +----------------------------------------------------------------------------------------------------------------------------------------------------------------------------------------------------------------------------------------------------------------------+-------------------+
    | Path8 Cells                                                                                                                                                                                                                                                          | Primitive Type    |
    +----------------------------------------------------------------------------------------------------------------------------------------------------------------------------------------------------------------------------------------------------------------------+-------------------+
    | grp_node_0_0_Pipeline_l_S_t_1_t_fu_256/hadd_16ns_16ns_16_3_no_dsp_1_U1/din1_buf1_reg[0]                                                                                                                                                                              | REGISTER.SDR.FDRE |
    | grp_node_0_0_Pipeline_l_S_t_1_t_fu_256/hadd_16ns_16ns_16_3_no_dsp_1_U1/node_0_0_hadd_16ns_16ns_16_3_no_dsp_1_ip_u/U0/i_synth/ADDSUB_OP.ADDSUB/LOGIC_SPEED.OP/EXP/NUMB_CMP/NOT_FAST.CMP/C_CHAIN/CHAIN_GEN[0].C_MUX.CARRY_MUX_i_2__1                                   | CLB.LUT.LUT4      |
    | grp_node_0_0_Pipeline_l_S_t_1_t_fu_256/hadd_16ns_16ns_16_3_no_dsp_1_U1/node_0_0_hadd_16ns_16ns_16_3_no_dsp_1_ip_u/U0/i_synth/ADDSUB_OP.ADDSUB/LOGIC_SPEED.OP/EXP/NUMB_CMP/NOT_FAST.CMP/C_CHAIN/CHAIN_GEN[0].C_MUX.CARRY_MUX_CARRY4_CARRY8                            | CLB.CARRY.CARRY8  |
    | grp_node_0_0_Pipeline_l_S_t_1_t_fu_256/hadd_16ns_16ns_16_3_no_dsp_1_U1/node_0_0_hadd_16ns_16ns_16_3_no_dsp_1_ip_u/U0/i_synth/ADDSUB_OP.ADDSUB/LOGIC_SPEED.OP/EXP/NUMB_CMP/NOT_FAST.CMP/C_CHAIN/CHAIN_GEN[1].C_MUX.CARRY_MUX_i_2__3                                   | CLB.LUT.LUT6      |
    | grp_node_0_0_Pipeline_l_S_t_1_t_fu_256/hadd_16ns_16ns_16_3_no_dsp_1_U1/node_0_0_hadd_16ns_16ns_16_3_no_dsp_1_ip_u/U0/i_synth/ADDSUB_OP.ADDSUB/LOGIC_SPEED.OP/EXP/NUMB_CMP/NOT_FAST.CMP/C_CHAIN/CHAIN_GEN[1].C_MUX.CARRY_MUX_i_1__5                                   | CLB.LUT.LUT4      |
    | grp_node_0_0_Pipeline_l_S_t_1_t_fu_256/hadd_16ns_16ns_16_3_no_dsp_1_U1/node_0_0_hadd_16ns_16ns_16_3_no_dsp_1_ip_u/U0/i_synth/ADDSUB_OP.ADDSUB/LOGIC_SPEED.OP/ALIGN_BLK/ALIGN_SHIFT/ALIGN_Z_D/EQ_ZERO/CARRY_ZERO_DET/CHAIN_GEN[0].C_MUX.CARRY_MUX_CARRY4_CARRY8       | CLB.CARRY.CARRY8  |
    | grp_node_0_0_Pipeline_l_S_t_1_t_fu_256/hadd_16ns_16ns_16_3_no_dsp_1_U1/node_0_0_hadd_16ns_16ns_16_3_no_dsp_1_ip_u/U0/i_synth/ADDSUB_OP.ADDSUB/LOGIC_SPEED.OP/EXP/NUMB_CMP/NOT_FAST.CMP/C_CHAIN/STRUCT_ADD1.CARRY_MUX2_i_7                                            | CLB.LUT.LUT5      |
    | grp_node_0_0_Pipeline_l_S_t_1_t_fu_256/hadd_16ns_16ns_16_3_no_dsp_1_U1/node_0_0_hadd_16ns_16ns_16_3_no_dsp_1_ip_u/U0/i_synth/ADDSUB_OP.ADDSUB/LOGIC_SPEED.OP/EXP/NUMB_CMP/NOT_FAST.CMP/C_CHAIN/STRUCT_ADD1.CARRY_MUX2_i_2                                            | CLB.LUT.LUT6      |
    | grp_node_0_0_Pipeline_l_S_t_1_t_fu_256/hadd_16ns_16ns_16_3_no_dsp_1_U1/node_0_0_hadd_16ns_16ns_16_3_no_dsp_1_ip_u/U0/i_synth/ADDSUB_OP.ADDSUB/LOGIC_SPEED.OP/EXP/NUMB_CMP/NOT_FAST.CMP/C_CHAIN/STRUCT_ADD1.CARRY_MUX2_i_1                                            | CLB.LUT.LUT6      |
    | grp_node_0_0_Pipeline_l_S_t_1_t_fu_256/hadd_16ns_16ns_16_3_no_dsp_1_U1/node_0_0_hadd_16ns_16ns_16_3_no_dsp_1_ip_u/U0/i_synth/ADDSUB_OP.ADDSUB/LOGIC_SPEED.OP/ALIGN_BLK/FRAC_ADDSUB/LOGIC_ADD.FRAC_ADDSUB/STRUCT_ADD1.CARRY_MUX1_CARRY4_CARRY8                        | CLB.CARRY.CARRY8  |
    | grp_node_0_0_Pipeline_l_S_t_1_t_fu_256/hadd_16ns_16ns_16_3_no_dsp_1_U1/node_0_0_hadd_16ns_16ns_16_3_no_dsp_1_ip_u/U0/i_synth/ADDSUB_OP.ADDSUB/LOGIC_SPEED.OP/ALIGN_BLK/FRAC_ADDSUB/LOGIC_ADD.FRAC_ADDSUB/STRUCT_ADD2.ADD1/CHAIN_GEN[0].C_MUX.CARRY_MUX_CARRY4_CARRY8 | CLB.CARRY.CARRY8  |
    | grp_node_0_0_Pipeline_l_S_t_1_t_fu_256/hadd_16ns_16ns_16_3_no_dsp_1_U1/node_0_0_hadd_16ns_16ns_16_3_no_dsp_1_ip_u/U0/i_synth/ADDSUB_OP.ADDSUB/LOGIC_SPEED.OP/ALIGN_BLK/FRAC_ADDSUB/LOGIC_ADD.FRAC_ADDSUB/STRUCT_ADD2.ADD1/CHAIN_GEN[0].C_MUX.CARRY_MUX_i_1__2        | CLB.LUT.LUT4      |
    | grp_node_0_0_Pipeline_l_S_t_1_t_fu_256/hadd_16ns_16ns_16_3_no_dsp_1_U1/node_0_0_hadd_16ns_16ns_16_3_no_dsp_1_ip_u/U0/i_synth/ADDSUB_OP.ADDSUB/LOGIC_SPEED.OP/NORM/LZE/ZERO_DET_CC_1/CHAIN_GEN[0].C_MUX.CARRY_MUX_CARRY4_CARRY8                                       | CLB.CARRY.CARRY8  |
    | grp_node_0_0_Pipeline_l_S_t_1_t_fu_256/hadd_16ns_16ns_16_3_no_dsp_1_U1/node_0_0_hadd_16ns_16ns_16_3_no_dsp_1_ip_u/U0/i_synth/ADDSUB_OP.ADDSUB/LOGIC_SPEED.OP/ALIGN_BLK/FRAC_ADDSUB/LOGIC_ADD.FRAC_ADDSUB/STRUCT_ADD2.ADD1/RESULT_REG.NORMAL.exp_op[2]_i_8            | CLB.LUT.LUT5      |
    | grp_node_0_0_Pipeline_l_S_t_1_t_fu_256/hadd_16ns_16ns_16_3_no_dsp_1_U1/node_0_0_hadd_16ns_16ns_16_3_no_dsp_1_ip_u/U0/i_synth/ADDSUB_OP.ADDSUB/LOGIC_SPEED.OP/ALIGN_BLK/FRAC_ADDSUB/LOGIC_ADD.FRAC_ADDSUB/STRUCT_ADD1.ADD1/RESULT_REG.NORMAL.exp_op[1]_i_3            | CLB.LUT.LUT5      |
    | grp_node_0_0_Pipeline_l_S_t_1_t_fu_256/hadd_16ns_16ns_16_3_no_dsp_1_U1/node_0_0_hadd_16ns_16ns_16_3_no_dsp_1_ip_u/U0/i_synth/ADDSUB_OP.ADDSUB/LOGIC_SPEED.OP/ALIGN_BLK/FRAC_ADDSUB/LOGIC_ADD.FRAC_ADDSUB/STRUCT_ADD1.ADD1/CHAIN_GEN[0].C_MUX.CARRY_MUX_i_6__0        | CLB.LUT.LUT5      |
    | grp_node_0_0_Pipeline_l_S_t_1_t_fu_256/hadd_16ns_16ns_16_3_no_dsp_1_U1/node_0_0_hadd_16ns_16ns_16_3_no_dsp_1_ip_u/U0/i_synth/ADDSUB_OP.ADDSUB/LOGIC_SPEED.OP/ALIGN_BLK/FRAC_ADDSUB/LOGIC_ADD.FRAC_ADDSUB/STRUCT_ADD1.ADD1/CHAIN_GEN[0].C_MUX.CARRY_MUX_i_3__0        | CLB.LUT.LUT6      |
    | grp_node_0_0_Pipeline_l_S_t_1_t_fu_256/hadd_16ns_16ns_16_3_no_dsp_1_U1/node_0_0_hadd_16ns_16ns_16_3_no_dsp_1_ip_u/U0/i_synth/ADDSUB_OP.ADDSUB/LOGIC_SPEED.OP/ALIGN_BLK/FRAC_ADDSUB/LOGIC_ADD.FRAC_ADDSUB/STRUCT_ADD1.ADD1/CHAIN_GEN[0].C_MUX.CARRY_MUX_i_1__10       | CLB.LUT.LUT5      |
    | grp_node_0_0_Pipeline_l_S_t_1_t_fu_256/hadd_16ns_16ns_16_3_no_dsp_1_U1/node_0_0_hadd_16ns_16ns_16_3_no_dsp_1_ip_u/U0/i_synth/ADDSUB_OP.ADDSUB/LOGIC_SPEED.OP/NORM/ROUND/RND_BIT_GEN/NORM_2.RND_CHAIN/CHAIN_GEN[0].C_MUX.CARRY_MUX_CARRY4_CARRY8                      | CLB.CARRY.CARRY8  |
    | grp_node_0_0_Pipeline_l_S_t_1_t_fu_256/hadd_16ns_16ns_16_3_no_dsp_1_U1/node_0_0_hadd_16ns_16ns_16_3_no_dsp_1_ip_u/U0/i_synth/ADDSUB_OP.ADDSUB/LOGIC_SPEED.OP/NORM/ROUND/LOGIC.RND1/CHAIN_GEN[2].C_MUX.CARRY_MUX_CARRY4_CARRY8                                        | CLB.CARRY.CARRY8  |
    | grp_node_0_0_Pipeline_l_S_t_1_t_fu_256/hadd_16ns_16ns_16_3_no_dsp_1_U1/node_0_0_hadd_16ns_16ns_16_3_no_dsp_1_ip_u/U0/i_synth/ADDSUB_OP.ADDSUB/LOGIC_SPEED.OP/NORM/ROUND/LOGIC.RND2/CHAIN_GEN[5].Q_XOR.SUM_XOR_CARRY4_CARRY8                                          | CLB.CARRY.CARRY8  |
    | grp_node_0_0_Pipeline_l_S_t_1_t_fu_256/hadd_16ns_16ns_16_3_no_dsp_1_U1/node_0_0_hadd_16ns_16ns_16_3_no_dsp_1_ip_u/U0/i_synth/ADDSUB_OP.ADDSUB/LOGIC_SPEED.OP/NORM/LZE/ZERO_DET_CC_1/RESULT_REG.NORMAL.exp_op[4]_i_3                                                  | CLB.LUT.LUT6      |
    | grp_node_0_0_Pipeline_l_S_t_1_t_fu_256/hadd_16ns_16ns_16_3_no_dsp_1_U1/node_0_0_hadd_16ns_16ns_16_3_no_dsp_1_ip_u/U0/i_synth/ADDSUB_OP.ADDSUB/LOGIC_SPEED.OP/NORM/LZE/ZERO_DET_CC_1/RESULT_REG.NORMAL.exp_op[3]_i_1                                                  | CLB.LUT.LUT6      |
    | grp_node_0_0_Pipeline_l_S_t_1_t_fu_256/hadd_16ns_16ns_16_3_no_dsp_1_U1/node_0_0_hadd_16ns_16ns_16_3_no_dsp_1_ip_u/U0/i_synth/ADDSUB_OP.ADDSUB/LOGIC_SPEED.OP/OP/RESULT_REG.NORMAL.exp_op_reg[3]                                                                      | REGISTER.SDR.FDRE |
    | grp_node_0_0_Pipeline_l_S_t_1_t_fu_256/hadd_16ns_16ns_16_3_no_dsp_1_U1/din1_buf1_reg[0]                                                                                                                                                                              | REGISTER.SDR.FDRE |
    | grp_node_0_0_Pipeline_l_S_t_1_t_fu_256/hadd_16ns_16ns_16_3_no_dsp_1_U1/node_0_0_hadd_16ns_16ns_16_3_no_dsp_1_ip_u/U0/i_synth/ADDSUB_OP.ADDSUB/LOGIC_SPEED.OP/EXP/NUMB_CMP/NOT_FAST.CMP/C_CHAIN/CHAIN_GEN[0].C_MUX.CARRY_MUX_i_2__1                                   | CLB.LUT.LUT4      |
    | grp_node_0_0_Pipeline_l_S_t_1_t_fu_256/hadd_16ns_16ns_16_3_no_dsp_1_U1/node_0_0_hadd_16ns_16ns_16_3_no_dsp_1_ip_u/U0/i_synth/ADDSUB_OP.ADDSUB/LOGIC_SPEED.OP/EXP/NUMB_CMP/NOT_FAST.CMP/C_CHAIN/CHAIN_GEN[0].C_MUX.CARRY_MUX_CARRY4_CARRY8                            | CLB.CARRY.CARRY8  |
    | grp_node_0_0_Pipeline_l_S_t_1_t_fu_256/hadd_16ns_16ns_16_3_no_dsp_1_U1/node_0_0_hadd_16ns_16ns_16_3_no_dsp_1_ip_u/U0/i_synth/ADDSUB_OP.ADDSUB/LOGIC_SPEED.OP/EXP/NUMB_CMP/NOT_FAST.CMP/C_CHAIN/CHAIN_GEN[1].C_MUX.CARRY_MUX_i_2__3                                   | CLB.LUT.LUT6      |
    | grp_node_0_0_Pipeline_l_S_t_1_t_fu_256/hadd_16ns_16ns_16_3_no_dsp_1_U1/node_0_0_hadd_16ns_16ns_16_3_no_dsp_1_ip_u/U0/i_synth/ADDSUB_OP.ADDSUB/LOGIC_SPEED.OP/EXP/NUMB_CMP/NOT_FAST.CMP/C_CHAIN/CHAIN_GEN[1].C_MUX.CARRY_MUX_i_1__5                                   | CLB.LUT.LUT4      |
    | grp_node_0_0_Pipeline_l_S_t_1_t_fu_256/hadd_16ns_16ns_16_3_no_dsp_1_U1/node_0_0_hadd_16ns_16ns_16_3_no_dsp_1_ip_u/U0/i_synth/ADDSUB_OP.ADDSUB/LOGIC_SPEED.OP/ALIGN_BLK/ALIGN_SHIFT/ALIGN_Z_D/EQ_ZERO/CARRY_ZERO_DET/CHAIN_GEN[0].C_MUX.CARRY_MUX_CARRY4_CARRY8       | CLB.CARRY.CARRY8  |
    | grp_node_0_0_Pipeline_l_S_t_1_t_fu_256/hadd_16ns_16ns_16_3_no_dsp_1_U1/node_0_0_hadd_16ns_16ns_16_3_no_dsp_1_ip_u/U0/i_synth/ADDSUB_OP.ADDSUB/LOGIC_SPEED.OP/EXP/NUMB_CMP/NOT_FAST.CMP/C_CHAIN/STRUCT_ADD1.CARRY_MUX2_i_7                                            | CLB.LUT.LUT5      |
    | grp_node_0_0_Pipeline_l_S_t_1_t_fu_256/hadd_16ns_16ns_16_3_no_dsp_1_U1/node_0_0_hadd_16ns_16ns_16_3_no_dsp_1_ip_u/U0/i_synth/ADDSUB_OP.ADDSUB/LOGIC_SPEED.OP/EXP/NUMB_CMP/NOT_FAST.CMP/C_CHAIN/STRUCT_ADD1.CARRY_MUX2_i_2                                            | CLB.LUT.LUT6      |
    | grp_node_0_0_Pipeline_l_S_t_1_t_fu_256/hadd_16ns_16ns_16_3_no_dsp_1_U1/node_0_0_hadd_16ns_16ns_16_3_no_dsp_1_ip_u/U0/i_synth/ADDSUB_OP.ADDSUB/LOGIC_SPEED.OP/EXP/NUMB_CMP/NOT_FAST.CMP/C_CHAIN/STRUCT_ADD1.CARRY_MUX2_i_1                                            | CLB.LUT.LUT6      |
    | grp_node_0_0_Pipeline_l_S_t_1_t_fu_256/hadd_16ns_16ns_16_3_no_dsp_1_U1/node_0_0_hadd_16ns_16ns_16_3_no_dsp_1_ip_u/U0/i_synth/ADDSUB_OP.ADDSUB/LOGIC_SPEED.OP/ALIGN_BLK/FRAC_ADDSUB/LOGIC_ADD.FRAC_ADDSUB/STRUCT_ADD1.CARRY_MUX1_CARRY4_CARRY8                        | CLB.CARRY.CARRY8  |
    | grp_node_0_0_Pipeline_l_S_t_1_t_fu_256/hadd_16ns_16ns_16_3_no_dsp_1_U1/node_0_0_hadd_16ns_16ns_16_3_no_dsp_1_ip_u/U0/i_synth/ADDSUB_OP.ADDSUB/LOGIC_SPEED.OP/ALIGN_BLK/FRAC_ADDSUB/LOGIC_ADD.FRAC_ADDSUB/STRUCT_ADD2.ADD1/CHAIN_GEN[0].C_MUX.CARRY_MUX_CARRY4_CARRY8 | CLB.CARRY.CARRY8  |
    | grp_node_0_0_Pipeline_l_S_t_1_t_fu_256/hadd_16ns_16ns_16_3_no_dsp_1_U1/node_0_0_hadd_16ns_16ns_16_3_no_dsp_1_ip_u/U0/i_synth/ADDSUB_OP.ADDSUB/LOGIC_SPEED.OP/ALIGN_BLK/FRAC_ADDSUB/LOGIC_ADD.FRAC_ADDSUB/STRUCT_ADD2.ADD1/CHAIN_GEN[0].C_MUX.CARRY_MUX_i_1__2        | CLB.LUT.LUT4      |
    | grp_node_0_0_Pipeline_l_S_t_1_t_fu_256/hadd_16ns_16ns_16_3_no_dsp_1_U1/node_0_0_hadd_16ns_16ns_16_3_no_dsp_1_ip_u/U0/i_synth/ADDSUB_OP.ADDSUB/LOGIC_SPEED.OP/NORM/LZE/ZERO_DET_CC_1/CHAIN_GEN[0].C_MUX.CARRY_MUX_CARRY4_CARRY8                                       | CLB.CARRY.CARRY8  |
    | grp_node_0_0_Pipeline_l_S_t_1_t_fu_256/hadd_16ns_16ns_16_3_no_dsp_1_U1/node_0_0_hadd_16ns_16ns_16_3_no_dsp_1_ip_u/U0/i_synth/ADDSUB_OP.ADDSUB/LOGIC_SPEED.OP/ALIGN_BLK/FRAC_ADDSUB/LOGIC_ADD.FRAC_ADDSUB/STRUCT_ADD2.ADD1/RESULT_REG.NORMAL.exp_op[2]_i_8            | CLB.LUT.LUT5      |
    | grp_node_0_0_Pipeline_l_S_t_1_t_fu_256/hadd_16ns_16ns_16_3_no_dsp_1_U1/node_0_0_hadd_16ns_16ns_16_3_no_dsp_1_ip_u/U0/i_synth/ADDSUB_OP.ADDSUB/LOGIC_SPEED.OP/ALIGN_BLK/FRAC_ADDSUB/LOGIC_ADD.FRAC_ADDSUB/STRUCT_ADD1.ADD1/RESULT_REG.NORMAL.exp_op[1]_i_3            | CLB.LUT.LUT5      |
    | grp_node_0_0_Pipeline_l_S_t_1_t_fu_256/hadd_16ns_16ns_16_3_no_dsp_1_U1/node_0_0_hadd_16ns_16ns_16_3_no_dsp_1_ip_u/U0/i_synth/ADDSUB_OP.ADDSUB/LOGIC_SPEED.OP/ALIGN_BLK/FRAC_ADDSUB/LOGIC_ADD.FRAC_ADDSUB/STRUCT_ADD1.ADD1/CHAIN_GEN[0].C_MUX.CARRY_MUX_i_6__0        | CLB.LUT.LUT5      |
    | grp_node_0_0_Pipeline_l_S_t_1_t_fu_256/hadd_16ns_16ns_16_3_no_dsp_1_U1/node_0_0_hadd_16ns_16ns_16_3_no_dsp_1_ip_u/U0/i_synth/ADDSUB_OP.ADDSUB/LOGIC_SPEED.OP/ALIGN_BLK/FRAC_ADDSUB/LOGIC_ADD.FRAC_ADDSUB/STRUCT_ADD1.ADD1/CHAIN_GEN[0].C_MUX.CARRY_MUX_i_3__0        | CLB.LUT.LUT6      |
    | grp_node_0_0_Pipeline_l_S_t_1_t_fu_256/hadd_16ns_16ns_16_3_no_dsp_1_U1/node_0_0_hadd_16ns_16ns_16_3_no_dsp_1_ip_u/U0/i_synth/ADDSUB_OP.ADDSUB/LOGIC_SPEED.OP/ALIGN_BLK/FRAC_ADDSUB/LOGIC_ADD.FRAC_ADDSUB/STRUCT_ADD1.ADD1/CHAIN_GEN[0].C_MUX.CARRY_MUX_i_1__10       | CLB.LUT.LUT5      |
    | grp_node_0_0_Pipeline_l_S_t_1_t_fu_256/hadd_16ns_16ns_16_3_no_dsp_1_U1/node_0_0_hadd_16ns_16ns_16_3_no_dsp_1_ip_u/U0/i_synth/ADDSUB_OP.ADDSUB/LOGIC_SPEED.OP/NORM/ROUND/RND_BIT_GEN/NORM_2.RND_CHAIN/CHAIN_GEN[0].C_MUX.CARRY_MUX_CARRY4_CARRY8                      | CLB.CARRY.CARRY8  |
    | grp_node_0_0_Pipeline_l_S_t_1_t_fu_256/hadd_16ns_16ns_16_3_no_dsp_1_U1/node_0_0_hadd_16ns_16ns_16_3_no_dsp_1_ip_u/U0/i_synth/ADDSUB_OP.ADDSUB/LOGIC_SPEED.OP/NORM/ROUND/LOGIC.RND1/CHAIN_GEN[2].C_MUX.CARRY_MUX_CARRY4_CARRY8                                        | CLB.CARRY.CARRY8  |
    | grp_node_0_0_Pipeline_l_S_t_1_t_fu_256/hadd_16ns_16ns_16_3_no_dsp_1_U1/node_0_0_hadd_16ns_16ns_16_3_no_dsp_1_ip_u/U0/i_synth/ADDSUB_OP.ADDSUB/LOGIC_SPEED.OP/NORM/ROUND/LOGIC.RND2/CHAIN_GEN[5].Q_XOR.SUM_XOR_CARRY4_CARRY8                                          | CLB.CARRY.CARRY8  |
    | grp_node_0_0_Pipeline_l_S_t_1_t_fu_256/hadd_16ns_16ns_16_3_no_dsp_1_U1/node_0_0_hadd_16ns_16ns_16_3_no_dsp_1_ip_u/U0/i_synth/ADDSUB_OP.ADDSUB/LOGIC_SPEED.OP/NORM/LZE/ZERO_DET_CC_1/RESULT_REG.NORMAL.exp_op[4]_i_3                                                  | CLB.LUT.LUT6      |
    | grp_node_0_0_Pipeline_l_S_t_1_t_fu_256/hadd_16ns_16ns_16_3_no_dsp_1_U1/node_0_0_hadd_16ns_16ns_16_3_no_dsp_1_ip_u/U0/i_synth/ADDSUB_OP.ADDSUB/LOGIC_SPEED.OP/NORM/LZE/ZERO_DET_CC_1/RESULT_REG.NORMAL.exp_op[4]_i_1                                                  | CLB.LUT.LUT6      |
    | grp_node_0_0_Pipeline_l_S_t_1_t_fu_256/hadd_16ns_16ns_16_3_no_dsp_1_U1/node_0_0_hadd_16ns_16ns_16_3_no_dsp_1_ip_u/U0/i_synth/ADDSUB_OP.ADDSUB/LOGIC_SPEED.OP/OP/RESULT_REG.NORMAL.exp_op_reg[4]                                                                      | REGISTER.SDR.FDRE |
    | grp_node_0_0_Pipeline_l_S_t_1_t_fu_256/hadd_16ns_16ns_16_3_no_dsp_1_U1/din1_buf1_reg[0]                                                                                                                                                                              | REGISTER.SDR.FDRE |
    | grp_node_0_0_Pipeline_l_S_t_1_t_fu_256/hsub_16ns_16ns_16_3_no_dsp_1_U2/node_0_0_hsub_16ns_16ns_16_3_no_dsp_1_ip_u/U0/i_synth/ADDSUB_OP.ADDSUB/LOGIC_SPEED.OP/EXP/NUMB_CMP/NOT_FAST.CMP/C_CHAIN/CHAIN_GEN[0].C_MUX.CARRY_MUX_i_2__1                                   | CLB.LUT.LUT4      |
    | grp_node_0_0_Pipeline_l_S_t_1_t_fu_256/hsub_16ns_16ns_16_3_no_dsp_1_U2/node_0_0_hsub_16ns_16ns_16_3_no_dsp_1_ip_u/U0/i_synth/ADDSUB_OP.ADDSUB/LOGIC_SPEED.OP/EXP/NUMB_CMP/NOT_FAST.CMP/C_CHAIN/CHAIN_GEN[0].C_MUX.CARRY_MUX_CARRY4_CARRY8                            | CLB.CARRY.CARRY8  |
    | grp_node_0_0_Pipeline_l_S_t_1_t_fu_256/hsub_16ns_16ns_16_3_no_dsp_1_U2/node_0_0_hsub_16ns_16ns_16_3_no_dsp_1_ip_u/U0/i_synth/ADDSUB_OP.ADDSUB/LOGIC_SPEED.OP/EXP/NUMB_CMP/NOT_FAST.CMP/C_CHAIN/CHAIN_GEN[1].C_MUX.CARRY_MUX_i_2__2                                   | CLB.LUT.LUT6      |
    | grp_node_0_0_Pipeline_l_S_t_1_t_fu_256/hsub_16ns_16ns_16_3_no_dsp_1_U2/node_0_0_hsub_16ns_16ns_16_3_no_dsp_1_ip_u/U0/i_synth/ADDSUB_OP.ADDSUB/LOGIC_SPEED.OP/EXP/NUMB_CMP/NOT_FAST.CMP/C_CHAIN/CHAIN_GEN[1].C_MUX.CARRY_MUX_i_1__1                                   | CLB.LUT.LUT4      |
    | grp_node_0_0_Pipeline_l_S_t_1_t_fu_256/hsub_16ns_16ns_16_3_no_dsp_1_U2/node_0_0_hsub_16ns_16ns_16_3_no_dsp_1_ip_u/U0/i_synth/ADDSUB_OP.ADDSUB/LOGIC_SPEED.OP/ALIGN_BLK/ALIGN_SHIFT/ALIGN_Z_D/EQ_ZERO/CARRY_ZERO_DET/CHAIN_GEN[0].C_MUX.CARRY_MUX_CARRY4_CARRY8       | CLB.CARRY.CARRY8  |
    | grp_node_0_0_Pipeline_l_S_t_1_t_fu_256/hsub_16ns_16ns_16_3_no_dsp_1_U2/node_0_0_hsub_16ns_16ns_16_3_no_dsp_1_ip_u/U0/i_synth/ADDSUB_OP.ADDSUB/LOGIC_SPEED.OP/ALIGN_BLK/ALIGN_SHIFT/ALIGN_Z_D/EQ_ZERO/CARRY_ZERO_DET/STRUCT_ADD1.CARRY_MUX2_i_7                       | CLB.LUT.LUT5      |
    | grp_node_0_0_Pipeline_l_S_t_1_t_fu_256/hsub_16ns_16ns_16_3_no_dsp_1_U2/node_0_0_hsub_16ns_16ns_16_3_no_dsp_1_ip_u/U0/i_synth/ADDSUB_OP.ADDSUB/LOGIC_SPEED.OP/EXP/NUMB_CMP/NOT_FAST.CMP/C_CHAIN/STRUCT_ADD1.CARRY_MUX2_i_1                                            | CLB.LUT.LUT6      |
    | grp_node_0_0_Pipeline_l_S_t_1_t_fu_256/hsub_16ns_16ns_16_3_no_dsp_1_U2/node_0_0_hsub_16ns_16ns_16_3_no_dsp_1_ip_u/U0/i_synth/ADDSUB_OP.ADDSUB/LOGIC_SPEED.OP/ALIGN_BLK/FRAC_ADDSUB/LOGIC_ADD.FRAC_ADDSUB/STRUCT_ADD1.CARRY_MUX1_CARRY4_CARRY8                        | CLB.CARRY.CARRY8  |
    | grp_node_0_0_Pipeline_l_S_t_1_t_fu_256/hsub_16ns_16ns_16_3_no_dsp_1_U2/node_0_0_hsub_16ns_16ns_16_3_no_dsp_1_ip_u/U0/i_synth/ADDSUB_OP.ADDSUB/LOGIC_SPEED.OP/ALIGN_BLK/FRAC_ADDSUB/LOGIC_ADD.FRAC_ADDSUB/STRUCT_ADD2.ADD1/CHAIN_GEN[0].C_MUX.CARRY_MUX_CARRY4_CARRY8 | CLB.CARRY.CARRY8  |
    | grp_node_0_0_Pipeline_l_S_t_1_t_fu_256/hsub_16ns_16ns_16_3_no_dsp_1_U2/node_0_0_hsub_16ns_16ns_16_3_no_dsp_1_ip_u/U0/i_synth/ADDSUB_OP.ADDSUB/LOGIC_SPEED.OP/ALIGN_BLK/FRAC_ADDSUB/LOGIC_ADD.FRAC_ADDSUB/STRUCT_ADD2.ADD1/CHAIN_GEN[0].C_MUX.CARRY_MUX_i_1__5        | CLB.LUT.LUT4      |
    | grp_node_0_0_Pipeline_l_S_t_1_t_fu_256/hsub_16ns_16ns_16_3_no_dsp_1_U2/node_0_0_hsub_16ns_16ns_16_3_no_dsp_1_ip_u/U0/i_synth/ADDSUB_OP.ADDSUB/LOGIC_SPEED.OP/NORM/LZE/ZERO_DET_CC_1/CHAIN_GEN[0].C_MUX.CARRY_MUX_CARRY4_CARRY8                                       | CLB.CARRY.CARRY8  |
    | grp_node_0_0_Pipeline_l_S_t_1_t_fu_256/hsub_16ns_16ns_16_3_no_dsp_1_U2/node_0_0_hsub_16ns_16ns_16_3_no_dsp_1_ip_u/U0/i_synth/ADDSUB_OP.ADDSUB/LOGIC_SPEED.OP/ALIGN_BLK/FRAC_ADDSUB/LOGIC_ADD.FRAC_ADDSUB/STRUCT_ADD1.ADD1/CHAIN_GEN[1].C_MUX.CARRY_MUX_i_6           | CLB.LUT.LUT6      |
    | grp_node_0_0_Pipeline_l_S_t_1_t_fu_256/hsub_16ns_16ns_16_3_no_dsp_1_U2/node_0_0_hsub_16ns_16ns_16_3_no_dsp_1_ip_u/U0/i_synth/ADDSUB_OP.ADDSUB/LOGIC_SPEED.OP/ALIGN_BLK/FRAC_ADDSUB/LOGIC_ADD.FRAC_ADDSUB/STRUCT_ADD2.ADD1/CHAIN_GEN[1].C_MUX.CARRY_MUX_i_2__3        | CLB.LUT.LUT6      |
    | grp_node_0_0_Pipeline_l_S_t_1_t_fu_256/hsub_16ns_16ns_16_3_no_dsp_1_U2/node_0_0_hsub_16ns_16ns_16_3_no_dsp_1_ip_u/U0/i_synth/ADDSUB_OP.ADDSUB/LOGIC_SPEED.OP/ALIGN_BLK/FRAC_ADDSUB/LOGIC_ADD.FRAC_ADDSUB/STRUCT_ADD2.ADD1/CHAIN_GEN[0].C_MUX.CARRY_MUX_i_7__0        | CLB.LUT.LUT5      |
    | grp_node_0_0_Pipeline_l_S_t_1_t_fu_256/hsub_16ns_16ns_16_3_no_dsp_1_U2/node_0_0_hsub_16ns_16ns_16_3_no_dsp_1_ip_u/U0/i_synth/ADDSUB_OP.ADDSUB/LOGIC_SPEED.OP/ALIGN_BLK/FRAC_ADDSUB/LOGIC_ADD.FRAC_ADDSUB/STRUCT_ADD1.ADD1/CHAIN_GEN[0].C_MUX.CARRY_MUX_i_5__0        | CLB.LUT.LUT6      |
    | grp_node_0_0_Pipeline_l_S_t_1_t_fu_256/hsub_16ns_16ns_16_3_no_dsp_1_U2/node_0_0_hsub_16ns_16ns_16_3_no_dsp_1_ip_u/U0/i_synth/ADDSUB_OP.ADDSUB/LOGIC_SPEED.OP/ALIGN_BLK/FRAC_ADDSUB/LOGIC_ADD.FRAC_ADDSUB/STRUCT_ADD1.ADD1/CHAIN_GEN[0].C_MUX.CARRY_MUX_i_1__9        | CLB.LUT.LUT6      |
    | grp_node_0_0_Pipeline_l_S_t_1_t_fu_256/hsub_16ns_16ns_16_3_no_dsp_1_U2/node_0_0_hsub_16ns_16ns_16_3_no_dsp_1_ip_u/U0/i_synth/ADDSUB_OP.ADDSUB/LOGIC_SPEED.OP/NORM/ROUND/RND_BIT_GEN/NORM_2.RND_CHAIN/CHAIN_GEN[0].C_MUX.CARRY_MUX_CARRY4_CARRY8                      | CLB.CARRY.CARRY8  |
    | grp_node_0_0_Pipeline_l_S_t_1_t_fu_256/hsub_16ns_16ns_16_3_no_dsp_1_U2/node_0_0_hsub_16ns_16ns_16_3_no_dsp_1_ip_u/U0/i_synth/ADDSUB_OP.ADDSUB/LOGIC_SPEED.OP/NORM/ROUND/LOGIC.RND1/CHAIN_GEN[2].C_MUX.CARRY_MUX_CARRY4_CARRY8                                        | CLB.CARRY.CARRY8  |
    | grp_node_0_0_Pipeline_l_S_t_1_t_fu_256/hsub_16ns_16ns_16_3_no_dsp_1_U2/node_0_0_hsub_16ns_16ns_16_3_no_dsp_1_ip_u/U0/i_synth/ADDSUB_OP.ADDSUB/LOGIC_SPEED.OP/NORM/ROUND/LOGIC.RND2/CHAIN_GEN[5].Q_XOR.SUM_XOR_CARRY4_CARRY8                                          | CLB.CARRY.CARRY8  |
    | grp_node_0_0_Pipeline_l_S_t_1_t_fu_256/hsub_16ns_16ns_16_3_no_dsp_1_U2/node_0_0_hsub_16ns_16ns_16_3_no_dsp_1_ip_u/U0/i_synth/ADDSUB_OP.ADDSUB/LOGIC_SPEED.OP/ALIGN_BLK/FRAC_ADDSUB/LOGIC_ADD.FRAC_ADDSUB/STRUCT_ADD1.ADD1/RESULT_REG.NORMAL.exp_op[0]_i_2            | CLB.LUT.LUT6      |
    | grp_node_0_0_Pipeline_l_S_t_1_t_fu_256/hsub_16ns_16ns_16_3_no_dsp_1_U2/node_0_0_hsub_16ns_16ns_16_3_no_dsp_1_ip_u/U0/i_synth/ADDSUB_OP.ADDSUB/LOGIC_SPEED.OP/EXP/EXP_OFF.STRUCT_ADD/RESULT_REG.NORMAL.exp_op[0]_i_1                                                  | CLB.LUT.LUT6      |
    | grp_node_0_0_Pipeline_l_S_t_1_t_fu_256/hsub_16ns_16ns_16_3_no_dsp_1_U2/node_0_0_hsub_16ns_16ns_16_3_no_dsp_1_ip_u/U0/i_synth/ADDSUB_OP.ADDSUB/LOGIC_SPEED.OP/OP/RESULT_REG.NORMAL.exp_op_reg[0]                                                                      | REGISTER.SDR.FDRE |
    | grp_node_0_0_Pipeline_l_S_t_1_t_fu_256/hadd_16ns_16ns_16_3_no_dsp_1_U1/din1_buf1_reg[0]                                                                                                                                                                              | REGISTER.SDR.FDRE |
    | grp_node_0_0_Pipeline_l_S_t_1_t_fu_256/hsub_16ns_16ns_16_3_no_dsp_1_U2/node_0_0_hsub_16ns_16ns_16_3_no_dsp_1_ip_u/U0/i_synth/ADDSUB_OP.ADDSUB/LOGIC_SPEED.OP/EXP/NUMB_CMP/NOT_FAST.CMP/C_CHAIN/CHAIN_GEN[0].C_MUX.CARRY_MUX_i_2__1                                   | CLB.LUT.LUT4      |
    | grp_node_0_0_Pipeline_l_S_t_1_t_fu_256/hsub_16ns_16ns_16_3_no_dsp_1_U2/node_0_0_hsub_16ns_16ns_16_3_no_dsp_1_ip_u/U0/i_synth/ADDSUB_OP.ADDSUB/LOGIC_SPEED.OP/EXP/NUMB_CMP/NOT_FAST.CMP/C_CHAIN/CHAIN_GEN[0].C_MUX.CARRY_MUX_CARRY4_CARRY8                            | CLB.CARRY.CARRY8  |
    | grp_node_0_0_Pipeline_l_S_t_1_t_fu_256/hsub_16ns_16ns_16_3_no_dsp_1_U2/node_0_0_hsub_16ns_16ns_16_3_no_dsp_1_ip_u/U0/i_synth/ADDSUB_OP.ADDSUB/LOGIC_SPEED.OP/EXP/NUMB_CMP/NOT_FAST.CMP/C_CHAIN/CHAIN_GEN[1].C_MUX.CARRY_MUX_i_2__2                                   | CLB.LUT.LUT6      |
    | grp_node_0_0_Pipeline_l_S_t_1_t_fu_256/hsub_16ns_16ns_16_3_no_dsp_1_U2/node_0_0_hsub_16ns_16ns_16_3_no_dsp_1_ip_u/U0/i_synth/ADDSUB_OP.ADDSUB/LOGIC_SPEED.OP/EXP/NUMB_CMP/NOT_FAST.CMP/C_CHAIN/CHAIN_GEN[1].C_MUX.CARRY_MUX_i_1__1                                   | CLB.LUT.LUT4      |
    | grp_node_0_0_Pipeline_l_S_t_1_t_fu_256/hsub_16ns_16ns_16_3_no_dsp_1_U2/node_0_0_hsub_16ns_16ns_16_3_no_dsp_1_ip_u/U0/i_synth/ADDSUB_OP.ADDSUB/LOGIC_SPEED.OP/ALIGN_BLK/ALIGN_SHIFT/ALIGN_Z_D/EQ_ZERO/CARRY_ZERO_DET/CHAIN_GEN[0].C_MUX.CARRY_MUX_CARRY4_CARRY8       | CLB.CARRY.CARRY8  |
    | grp_node_0_0_Pipeline_l_S_t_1_t_fu_256/hsub_16ns_16ns_16_3_no_dsp_1_U2/node_0_0_hsub_16ns_16ns_16_3_no_dsp_1_ip_u/U0/i_synth/ADDSUB_OP.ADDSUB/LOGIC_SPEED.OP/ALIGN_BLK/ALIGN_SHIFT/ALIGN_Z_D/EQ_ZERO/CARRY_ZERO_DET/STRUCT_ADD1.CARRY_MUX2_i_7                       | CLB.LUT.LUT5      |
    | grp_node_0_0_Pipeline_l_S_t_1_t_fu_256/hsub_16ns_16ns_16_3_no_dsp_1_U2/node_0_0_hsub_16ns_16ns_16_3_no_dsp_1_ip_u/U0/i_synth/ADDSUB_OP.ADDSUB/LOGIC_SPEED.OP/EXP/NUMB_CMP/NOT_FAST.CMP/C_CHAIN/STRUCT_ADD1.CARRY_MUX2_i_1                                            | CLB.LUT.LUT6      |
    | grp_node_0_0_Pipeline_l_S_t_1_t_fu_256/hsub_16ns_16ns_16_3_no_dsp_1_U2/node_0_0_hsub_16ns_16ns_16_3_no_dsp_1_ip_u/U0/i_synth/ADDSUB_OP.ADDSUB/LOGIC_SPEED.OP/ALIGN_BLK/FRAC_ADDSUB/LOGIC_ADD.FRAC_ADDSUB/STRUCT_ADD1.CARRY_MUX1_CARRY4_CARRY8                        | CLB.CARRY.CARRY8  |
    | grp_node_0_0_Pipeline_l_S_t_1_t_fu_256/hsub_16ns_16ns_16_3_no_dsp_1_U2/node_0_0_hsub_16ns_16ns_16_3_no_dsp_1_ip_u/U0/i_synth/ADDSUB_OP.ADDSUB/LOGIC_SPEED.OP/ALIGN_BLK/FRAC_ADDSUB/LOGIC_ADD.FRAC_ADDSUB/STRUCT_ADD2.ADD1/CHAIN_GEN[0].C_MUX.CARRY_MUX_CARRY4_CARRY8 | CLB.CARRY.CARRY8  |
    | grp_node_0_0_Pipeline_l_S_t_1_t_fu_256/hsub_16ns_16ns_16_3_no_dsp_1_U2/node_0_0_hsub_16ns_16ns_16_3_no_dsp_1_ip_u/U0/i_synth/ADDSUB_OP.ADDSUB/LOGIC_SPEED.OP/ALIGN_BLK/FRAC_ADDSUB/LOGIC_ADD.FRAC_ADDSUB/STRUCT_ADD2.ADD1/CHAIN_GEN[0].C_MUX.CARRY_MUX_i_1__5        | CLB.LUT.LUT4      |
    | grp_node_0_0_Pipeline_l_S_t_1_t_fu_256/hsub_16ns_16ns_16_3_no_dsp_1_U2/node_0_0_hsub_16ns_16ns_16_3_no_dsp_1_ip_u/U0/i_synth/ADDSUB_OP.ADDSUB/LOGIC_SPEED.OP/NORM/LZE/ZERO_DET_CC_1/CHAIN_GEN[0].C_MUX.CARRY_MUX_CARRY4_CARRY8                                       | CLB.CARRY.CARRY8  |
    | grp_node_0_0_Pipeline_l_S_t_1_t_fu_256/hsub_16ns_16ns_16_3_no_dsp_1_U2/node_0_0_hsub_16ns_16ns_16_3_no_dsp_1_ip_u/U0/i_synth/ADDSUB_OP.ADDSUB/LOGIC_SPEED.OP/ALIGN_BLK/FRAC_ADDSUB/LOGIC_ADD.FRAC_ADDSUB/STRUCT_ADD1.ADD1/CHAIN_GEN[1].C_MUX.CARRY_MUX_i_6           | CLB.LUT.LUT6      |
    | grp_node_0_0_Pipeline_l_S_t_1_t_fu_256/hsub_16ns_16ns_16_3_no_dsp_1_U2/node_0_0_hsub_16ns_16ns_16_3_no_dsp_1_ip_u/U0/i_synth/ADDSUB_OP.ADDSUB/LOGIC_SPEED.OP/ALIGN_BLK/FRAC_ADDSUB/LOGIC_ADD.FRAC_ADDSUB/STRUCT_ADD2.ADD1/CHAIN_GEN[1].C_MUX.CARRY_MUX_i_2__3        | CLB.LUT.LUT6      |
    | grp_node_0_0_Pipeline_l_S_t_1_t_fu_256/hsub_16ns_16ns_16_3_no_dsp_1_U2/node_0_0_hsub_16ns_16ns_16_3_no_dsp_1_ip_u/U0/i_synth/ADDSUB_OP.ADDSUB/LOGIC_SPEED.OP/ALIGN_BLK/FRAC_ADDSUB/LOGIC_ADD.FRAC_ADDSUB/STRUCT_ADD2.ADD1/CHAIN_GEN[0].C_MUX.CARRY_MUX_i_7__0        | CLB.LUT.LUT5      |
    | grp_node_0_0_Pipeline_l_S_t_1_t_fu_256/hsub_16ns_16ns_16_3_no_dsp_1_U2/node_0_0_hsub_16ns_16ns_16_3_no_dsp_1_ip_u/U0/i_synth/ADDSUB_OP.ADDSUB/LOGIC_SPEED.OP/ALIGN_BLK/FRAC_ADDSUB/LOGIC_ADD.FRAC_ADDSUB/STRUCT_ADD1.ADD1/CHAIN_GEN[0].C_MUX.CARRY_MUX_i_5__0        | CLB.LUT.LUT6      |
    | grp_node_0_0_Pipeline_l_S_t_1_t_fu_256/hsub_16ns_16ns_16_3_no_dsp_1_U2/node_0_0_hsub_16ns_16ns_16_3_no_dsp_1_ip_u/U0/i_synth/ADDSUB_OP.ADDSUB/LOGIC_SPEED.OP/ALIGN_BLK/FRAC_ADDSUB/LOGIC_ADD.FRAC_ADDSUB/STRUCT_ADD1.ADD1/CHAIN_GEN[0].C_MUX.CARRY_MUX_i_1__9        | CLB.LUT.LUT6      |
    | grp_node_0_0_Pipeline_l_S_t_1_t_fu_256/hsub_16ns_16ns_16_3_no_dsp_1_U2/node_0_0_hsub_16ns_16ns_16_3_no_dsp_1_ip_u/U0/i_synth/ADDSUB_OP.ADDSUB/LOGIC_SPEED.OP/NORM/ROUND/RND_BIT_GEN/NORM_2.RND_CHAIN/CHAIN_GEN[0].C_MUX.CARRY_MUX_CARRY4_CARRY8                      | CLB.CARRY.CARRY8  |
    | grp_node_0_0_Pipeline_l_S_t_1_t_fu_256/hsub_16ns_16ns_16_3_no_dsp_1_U2/node_0_0_hsub_16ns_16ns_16_3_no_dsp_1_ip_u/U0/i_synth/ADDSUB_OP.ADDSUB/LOGIC_SPEED.OP/NORM/ROUND/LOGIC.RND1/CHAIN_GEN[2].C_MUX.CARRY_MUX_CARRY4_CARRY8                                        | CLB.CARRY.CARRY8  |
    | grp_node_0_0_Pipeline_l_S_t_1_t_fu_256/hsub_16ns_16ns_16_3_no_dsp_1_U2/node_0_0_hsub_16ns_16ns_16_3_no_dsp_1_ip_u/U0/i_synth/ADDSUB_OP.ADDSUB/LOGIC_SPEED.OP/NORM/ROUND/LOGIC.RND2/CHAIN_GEN[5].Q_XOR.SUM_XOR_CARRY4_CARRY8                                          | CLB.CARRY.CARRY8  |
    | grp_node_0_0_Pipeline_l_S_t_1_t_fu_256/hsub_16ns_16ns_16_3_no_dsp_1_U2/node_0_0_hsub_16ns_16ns_16_3_no_dsp_1_ip_u/U0/i_synth/ADDSUB_OP.ADDSUB/LOGIC_SPEED.OP/EXP/EXP_OFF.STRUCT_ADD/RESULT_REG.NORMAL.exp_op[1]_i_2                                                  | CLB.LUT.LUT5      |
    | grp_node_0_0_Pipeline_l_S_t_1_t_fu_256/hsub_16ns_16ns_16_3_no_dsp_1_U2/node_0_0_hsub_16ns_16ns_16_3_no_dsp_1_ip_u/U0/i_synth/ADDSUB_OP.ADDSUB/LOGIC_SPEED.OP/EXP/EXP_OFF.STRUCT_ADD/RESULT_REG.NORMAL.exp_op[1]_i_1                                                  | CLB.LUT.LUT6      |
    | grp_node_0_0_Pipeline_l_S_t_1_t_fu_256/hsub_16ns_16ns_16_3_no_dsp_1_U2/node_0_0_hsub_16ns_16ns_16_3_no_dsp_1_ip_u/U0/i_synth/ADDSUB_OP.ADDSUB/LOGIC_SPEED.OP/OP/RESULT_REG.NORMAL.exp_op_reg[1]                                                                      | REGISTER.SDR.FDRE |
    | grp_node_0_0_Pipeline_l_S_t_1_t_fu_256/hadd_16ns_16ns_16_3_no_dsp_1_U1/din1_buf1_reg[0]                                                                                                                                                                              | REGISTER.SDR.FDRE |
    | grp_node_0_0_Pipeline_l_S_t_1_t_fu_256/hsub_16ns_16ns_16_3_no_dsp_1_U2/node_0_0_hsub_16ns_16ns_16_3_no_dsp_1_ip_u/U0/i_synth/ADDSUB_OP.ADDSUB/LOGIC_SPEED.OP/EXP/NUMB_CMP/NOT_FAST.CMP/C_CHAIN/CHAIN_GEN[0].C_MUX.CARRY_MUX_i_2__1                                   | CLB.LUT.LUT4      |
    | grp_node_0_0_Pipeline_l_S_t_1_t_fu_256/hsub_16ns_16ns_16_3_no_dsp_1_U2/node_0_0_hsub_16ns_16ns_16_3_no_dsp_1_ip_u/U0/i_synth/ADDSUB_OP.ADDSUB/LOGIC_SPEED.OP/EXP/NUMB_CMP/NOT_FAST.CMP/C_CHAIN/CHAIN_GEN[0].C_MUX.CARRY_MUX_CARRY4_CARRY8                            | CLB.CARRY.CARRY8  |
    | grp_node_0_0_Pipeline_l_S_t_1_t_fu_256/hsub_16ns_16ns_16_3_no_dsp_1_U2/node_0_0_hsub_16ns_16ns_16_3_no_dsp_1_ip_u/U0/i_synth/ADDSUB_OP.ADDSUB/LOGIC_SPEED.OP/EXP/NUMB_CMP/NOT_FAST.CMP/C_CHAIN/CHAIN_GEN[1].C_MUX.CARRY_MUX_i_2__2                                   | CLB.LUT.LUT6      |
    | grp_node_0_0_Pipeline_l_S_t_1_t_fu_256/hsub_16ns_16ns_16_3_no_dsp_1_U2/node_0_0_hsub_16ns_16ns_16_3_no_dsp_1_ip_u/U0/i_synth/ADDSUB_OP.ADDSUB/LOGIC_SPEED.OP/EXP/NUMB_CMP/NOT_FAST.CMP/C_CHAIN/CHAIN_GEN[1].C_MUX.CARRY_MUX_i_1__1                                   | CLB.LUT.LUT4      |
    | grp_node_0_0_Pipeline_l_S_t_1_t_fu_256/hsub_16ns_16ns_16_3_no_dsp_1_U2/node_0_0_hsub_16ns_16ns_16_3_no_dsp_1_ip_u/U0/i_synth/ADDSUB_OP.ADDSUB/LOGIC_SPEED.OP/ALIGN_BLK/ALIGN_SHIFT/ALIGN_Z_D/EQ_ZERO/CARRY_ZERO_DET/CHAIN_GEN[0].C_MUX.CARRY_MUX_CARRY4_CARRY8       | CLB.CARRY.CARRY8  |
    | grp_node_0_0_Pipeline_l_S_t_1_t_fu_256/hsub_16ns_16ns_16_3_no_dsp_1_U2/node_0_0_hsub_16ns_16ns_16_3_no_dsp_1_ip_u/U0/i_synth/ADDSUB_OP.ADDSUB/LOGIC_SPEED.OP/ALIGN_BLK/ALIGN_SHIFT/ALIGN_Z_D/EQ_ZERO/CARRY_ZERO_DET/STRUCT_ADD1.CARRY_MUX2_i_7                       | CLB.LUT.LUT5      |
    | grp_node_0_0_Pipeline_l_S_t_1_t_fu_256/hsub_16ns_16ns_16_3_no_dsp_1_U2/node_0_0_hsub_16ns_16ns_16_3_no_dsp_1_ip_u/U0/i_synth/ADDSUB_OP.ADDSUB/LOGIC_SPEED.OP/EXP/NUMB_CMP/NOT_FAST.CMP/C_CHAIN/STRUCT_ADD1.CARRY_MUX2_i_1                                            | CLB.LUT.LUT6      |
    | grp_node_0_0_Pipeline_l_S_t_1_t_fu_256/hsub_16ns_16ns_16_3_no_dsp_1_U2/node_0_0_hsub_16ns_16ns_16_3_no_dsp_1_ip_u/U0/i_synth/ADDSUB_OP.ADDSUB/LOGIC_SPEED.OP/ALIGN_BLK/FRAC_ADDSUB/LOGIC_ADD.FRAC_ADDSUB/STRUCT_ADD1.CARRY_MUX1_CARRY4_CARRY8                        | CLB.CARRY.CARRY8  |
    | grp_node_0_0_Pipeline_l_S_t_1_t_fu_256/hsub_16ns_16ns_16_3_no_dsp_1_U2/node_0_0_hsub_16ns_16ns_16_3_no_dsp_1_ip_u/U0/i_synth/ADDSUB_OP.ADDSUB/LOGIC_SPEED.OP/ALIGN_BLK/FRAC_ADDSUB/LOGIC_ADD.FRAC_ADDSUB/STRUCT_ADD2.ADD1/CHAIN_GEN[0].C_MUX.CARRY_MUX_CARRY4_CARRY8 | CLB.CARRY.CARRY8  |
    | grp_node_0_0_Pipeline_l_S_t_1_t_fu_256/hsub_16ns_16ns_16_3_no_dsp_1_U2/node_0_0_hsub_16ns_16ns_16_3_no_dsp_1_ip_u/U0/i_synth/ADDSUB_OP.ADDSUB/LOGIC_SPEED.OP/ALIGN_BLK/FRAC_ADDSUB/LOGIC_ADD.FRAC_ADDSUB/STRUCT_ADD2.ADD1/CHAIN_GEN[0].C_MUX.CARRY_MUX_i_1__5        | CLB.LUT.LUT4      |
    | grp_node_0_0_Pipeline_l_S_t_1_t_fu_256/hsub_16ns_16ns_16_3_no_dsp_1_U2/node_0_0_hsub_16ns_16ns_16_3_no_dsp_1_ip_u/U0/i_synth/ADDSUB_OP.ADDSUB/LOGIC_SPEED.OP/NORM/LZE/ZERO_DET_CC_1/CHAIN_GEN[0].C_MUX.CARRY_MUX_CARRY4_CARRY8                                       | CLB.CARRY.CARRY8  |
    | grp_node_0_0_Pipeline_l_S_t_1_t_fu_256/hsub_16ns_16ns_16_3_no_dsp_1_U2/node_0_0_hsub_16ns_16ns_16_3_no_dsp_1_ip_u/U0/i_synth/ADDSUB_OP.ADDSUB/LOGIC_SPEED.OP/ALIGN_BLK/FRAC_ADDSUB/LOGIC_ADD.FRAC_ADDSUB/STRUCT_ADD1.ADD1/CHAIN_GEN[1].C_MUX.CARRY_MUX_i_6           | CLB.LUT.LUT6      |
    | grp_node_0_0_Pipeline_l_S_t_1_t_fu_256/hsub_16ns_16ns_16_3_no_dsp_1_U2/node_0_0_hsub_16ns_16ns_16_3_no_dsp_1_ip_u/U0/i_synth/ADDSUB_OP.ADDSUB/LOGIC_SPEED.OP/ALIGN_BLK/FRAC_ADDSUB/LOGIC_ADD.FRAC_ADDSUB/STRUCT_ADD2.ADD1/CHAIN_GEN[1].C_MUX.CARRY_MUX_i_2__3        | CLB.LUT.LUT6      |
    | grp_node_0_0_Pipeline_l_S_t_1_t_fu_256/hsub_16ns_16ns_16_3_no_dsp_1_U2/node_0_0_hsub_16ns_16ns_16_3_no_dsp_1_ip_u/U0/i_synth/ADDSUB_OP.ADDSUB/LOGIC_SPEED.OP/ALIGN_BLK/FRAC_ADDSUB/LOGIC_ADD.FRAC_ADDSUB/STRUCT_ADD2.ADD1/CHAIN_GEN[0].C_MUX.CARRY_MUX_i_7__0        | CLB.LUT.LUT5      |
    | grp_node_0_0_Pipeline_l_S_t_1_t_fu_256/hsub_16ns_16ns_16_3_no_dsp_1_U2/node_0_0_hsub_16ns_16ns_16_3_no_dsp_1_ip_u/U0/i_synth/ADDSUB_OP.ADDSUB/LOGIC_SPEED.OP/ALIGN_BLK/FRAC_ADDSUB/LOGIC_ADD.FRAC_ADDSUB/STRUCT_ADD1.ADD1/CHAIN_GEN[0].C_MUX.CARRY_MUX_i_5__0        | CLB.LUT.LUT6      |
    | grp_node_0_0_Pipeline_l_S_t_1_t_fu_256/hsub_16ns_16ns_16_3_no_dsp_1_U2/node_0_0_hsub_16ns_16ns_16_3_no_dsp_1_ip_u/U0/i_synth/ADDSUB_OP.ADDSUB/LOGIC_SPEED.OP/ALIGN_BLK/FRAC_ADDSUB/LOGIC_ADD.FRAC_ADDSUB/STRUCT_ADD1.ADD1/CHAIN_GEN[0].C_MUX.CARRY_MUX_i_1__9        | CLB.LUT.LUT6      |
    | grp_node_0_0_Pipeline_l_S_t_1_t_fu_256/hsub_16ns_16ns_16_3_no_dsp_1_U2/node_0_0_hsub_16ns_16ns_16_3_no_dsp_1_ip_u/U0/i_synth/ADDSUB_OP.ADDSUB/LOGIC_SPEED.OP/NORM/ROUND/RND_BIT_GEN/NORM_2.RND_CHAIN/CHAIN_GEN[0].C_MUX.CARRY_MUX_CARRY4_CARRY8                      | CLB.CARRY.CARRY8  |
    | grp_node_0_0_Pipeline_l_S_t_1_t_fu_256/hsub_16ns_16ns_16_3_no_dsp_1_U2/node_0_0_hsub_16ns_16ns_16_3_no_dsp_1_ip_u/U0/i_synth/ADDSUB_OP.ADDSUB/LOGIC_SPEED.OP/NORM/ROUND/LOGIC.RND1/CHAIN_GEN[2].C_MUX.CARRY_MUX_CARRY4_CARRY8                                        | CLB.CARRY.CARRY8  |
    | grp_node_0_0_Pipeline_l_S_t_1_t_fu_256/hsub_16ns_16ns_16_3_no_dsp_1_U2/node_0_0_hsub_16ns_16ns_16_3_no_dsp_1_ip_u/U0/i_synth/ADDSUB_OP.ADDSUB/LOGIC_SPEED.OP/NORM/ROUND/LOGIC.RND2/CHAIN_GEN[5].Q_XOR.SUM_XOR_CARRY4_CARRY8                                          | CLB.CARRY.CARRY8  |
    | grp_node_0_0_Pipeline_l_S_t_1_t_fu_256/hsub_16ns_16ns_16_3_no_dsp_1_U2/node_0_0_hsub_16ns_16ns_16_3_no_dsp_1_ip_u/U0/i_synth/ADDSUB_OP.ADDSUB/LOGIC_SPEED.OP/ALIGN_BLK/FRAC_ADDSUB/LOGIC_ADD.FRAC_ADDSUB/STRUCT_ADD1.ADD1/RESULT_REG.NORMAL.exp_op[2]_i_2            | CLB.LUT.LUT6      |
    | grp_node_0_0_Pipeline_l_S_t_1_t_fu_256/hsub_16ns_16ns_16_3_no_dsp_1_U2/node_0_0_hsub_16ns_16ns_16_3_no_dsp_1_ip_u/U0/i_synth/ADDSUB_OP.ADDSUB/LOGIC_SPEED.OP/ALIGN_BLK/FRAC_ADDSUB/LOGIC_ADD.FRAC_ADDSUB/STRUCT_ADD1.ADD1/RESULT_REG.NORMAL.exp_op[2]_i_1            | CLB.LUT.LUT6      |
    | grp_node_0_0_Pipeline_l_S_t_1_t_fu_256/hsub_16ns_16ns_16_3_no_dsp_1_U2/node_0_0_hsub_16ns_16ns_16_3_no_dsp_1_ip_u/U0/i_synth/ADDSUB_OP.ADDSUB/LOGIC_SPEED.OP/OP/RESULT_REG.NORMAL.exp_op_reg[2]                                                                      | REGISTER.SDR.FDRE |
    | grp_node_0_0_Pipeline_l_S_t_1_t_fu_256/hadd_16ns_16ns_16_3_no_dsp_1_U1/din1_buf1_reg[0]                                                                                                                                                                              | REGISTER.SDR.FDRE |
    | grp_node_0_0_Pipeline_l_S_t_1_t_fu_256/hsub_16ns_16ns_16_3_no_dsp_1_U2/node_0_0_hsub_16ns_16ns_16_3_no_dsp_1_ip_u/U0/i_synth/ADDSUB_OP.ADDSUB/LOGIC_SPEED.OP/EXP/NUMB_CMP/NOT_FAST.CMP/C_CHAIN/CHAIN_GEN[0].C_MUX.CARRY_MUX_i_2__1                                   | CLB.LUT.LUT4      |
    | grp_node_0_0_Pipeline_l_S_t_1_t_fu_256/hsub_16ns_16ns_16_3_no_dsp_1_U2/node_0_0_hsub_16ns_16ns_16_3_no_dsp_1_ip_u/U0/i_synth/ADDSUB_OP.ADDSUB/LOGIC_SPEED.OP/EXP/NUMB_CMP/NOT_FAST.CMP/C_CHAIN/CHAIN_GEN[0].C_MUX.CARRY_MUX_CARRY4_CARRY8                            | CLB.CARRY.CARRY8  |
    | grp_node_0_0_Pipeline_l_S_t_1_t_fu_256/hsub_16ns_16ns_16_3_no_dsp_1_U2/node_0_0_hsub_16ns_16ns_16_3_no_dsp_1_ip_u/U0/i_synth/ADDSUB_OP.ADDSUB/LOGIC_SPEED.OP/EXP/NUMB_CMP/NOT_FAST.CMP/C_CHAIN/CHAIN_GEN[1].C_MUX.CARRY_MUX_i_2__2                                   | CLB.LUT.LUT6      |
    | grp_node_0_0_Pipeline_l_S_t_1_t_fu_256/hsub_16ns_16ns_16_3_no_dsp_1_U2/node_0_0_hsub_16ns_16ns_16_3_no_dsp_1_ip_u/U0/i_synth/ADDSUB_OP.ADDSUB/LOGIC_SPEED.OP/EXP/NUMB_CMP/NOT_FAST.CMP/C_CHAIN/CHAIN_GEN[1].C_MUX.CARRY_MUX_i_1__1                                   | CLB.LUT.LUT4      |
    | grp_node_0_0_Pipeline_l_S_t_1_t_fu_256/hsub_16ns_16ns_16_3_no_dsp_1_U2/node_0_0_hsub_16ns_16ns_16_3_no_dsp_1_ip_u/U0/i_synth/ADDSUB_OP.ADDSUB/LOGIC_SPEED.OP/ALIGN_BLK/ALIGN_SHIFT/ALIGN_Z_D/EQ_ZERO/CARRY_ZERO_DET/CHAIN_GEN[0].C_MUX.CARRY_MUX_CARRY4_CARRY8       | CLB.CARRY.CARRY8  |
    | grp_node_0_0_Pipeline_l_S_t_1_t_fu_256/hsub_16ns_16ns_16_3_no_dsp_1_U2/node_0_0_hsub_16ns_16ns_16_3_no_dsp_1_ip_u/U0/i_synth/ADDSUB_OP.ADDSUB/LOGIC_SPEED.OP/ALIGN_BLK/ALIGN_SHIFT/ALIGN_Z_D/EQ_ZERO/CARRY_ZERO_DET/STRUCT_ADD1.CARRY_MUX2_i_7                       | CLB.LUT.LUT5      |
    | grp_node_0_0_Pipeline_l_S_t_1_t_fu_256/hsub_16ns_16ns_16_3_no_dsp_1_U2/node_0_0_hsub_16ns_16ns_16_3_no_dsp_1_ip_u/U0/i_synth/ADDSUB_OP.ADDSUB/LOGIC_SPEED.OP/EXP/NUMB_CMP/NOT_FAST.CMP/C_CHAIN/STRUCT_ADD1.CARRY_MUX2_i_1                                            | CLB.LUT.LUT6      |
    | grp_node_0_0_Pipeline_l_S_t_1_t_fu_256/hsub_16ns_16ns_16_3_no_dsp_1_U2/node_0_0_hsub_16ns_16ns_16_3_no_dsp_1_ip_u/U0/i_synth/ADDSUB_OP.ADDSUB/LOGIC_SPEED.OP/ALIGN_BLK/FRAC_ADDSUB/LOGIC_ADD.FRAC_ADDSUB/STRUCT_ADD1.CARRY_MUX1_CARRY4_CARRY8                        | CLB.CARRY.CARRY8  |
    | grp_node_0_0_Pipeline_l_S_t_1_t_fu_256/hsub_16ns_16ns_16_3_no_dsp_1_U2/node_0_0_hsub_16ns_16ns_16_3_no_dsp_1_ip_u/U0/i_synth/ADDSUB_OP.ADDSUB/LOGIC_SPEED.OP/ALIGN_BLK/FRAC_ADDSUB/LOGIC_ADD.FRAC_ADDSUB/STRUCT_ADD2.ADD1/CHAIN_GEN[0].C_MUX.CARRY_MUX_CARRY4_CARRY8 | CLB.CARRY.CARRY8  |
    | grp_node_0_0_Pipeline_l_S_t_1_t_fu_256/hsub_16ns_16ns_16_3_no_dsp_1_U2/node_0_0_hsub_16ns_16ns_16_3_no_dsp_1_ip_u/U0/i_synth/ADDSUB_OP.ADDSUB/LOGIC_SPEED.OP/ALIGN_BLK/FRAC_ADDSUB/LOGIC_ADD.FRAC_ADDSUB/STRUCT_ADD2.ADD1/CHAIN_GEN[0].C_MUX.CARRY_MUX_i_1__5        | CLB.LUT.LUT4      |
    | grp_node_0_0_Pipeline_l_S_t_1_t_fu_256/hsub_16ns_16ns_16_3_no_dsp_1_U2/node_0_0_hsub_16ns_16ns_16_3_no_dsp_1_ip_u/U0/i_synth/ADDSUB_OP.ADDSUB/LOGIC_SPEED.OP/NORM/LZE/ZERO_DET_CC_1/CHAIN_GEN[0].C_MUX.CARRY_MUX_CARRY4_CARRY8                                       | CLB.CARRY.CARRY8  |
    | grp_node_0_0_Pipeline_l_S_t_1_t_fu_256/hsub_16ns_16ns_16_3_no_dsp_1_U2/node_0_0_hsub_16ns_16ns_16_3_no_dsp_1_ip_u/U0/i_synth/ADDSUB_OP.ADDSUB/LOGIC_SPEED.OP/ALIGN_BLK/FRAC_ADDSUB/LOGIC_ADD.FRAC_ADDSUB/STRUCT_ADD1.ADD1/CHAIN_GEN[1].C_MUX.CARRY_MUX_i_6           | CLB.LUT.LUT6      |
    | grp_node_0_0_Pipeline_l_S_t_1_t_fu_256/hsub_16ns_16ns_16_3_no_dsp_1_U2/node_0_0_hsub_16ns_16ns_16_3_no_dsp_1_ip_u/U0/i_synth/ADDSUB_OP.ADDSUB/LOGIC_SPEED.OP/ALIGN_BLK/FRAC_ADDSUB/LOGIC_ADD.FRAC_ADDSUB/STRUCT_ADD2.ADD1/CHAIN_GEN[1].C_MUX.CARRY_MUX_i_2__3        | CLB.LUT.LUT6      |
    | grp_node_0_0_Pipeline_l_S_t_1_t_fu_256/hsub_16ns_16ns_16_3_no_dsp_1_U2/node_0_0_hsub_16ns_16ns_16_3_no_dsp_1_ip_u/U0/i_synth/ADDSUB_OP.ADDSUB/LOGIC_SPEED.OP/ALIGN_BLK/FRAC_ADDSUB/LOGIC_ADD.FRAC_ADDSUB/STRUCT_ADD2.ADD1/CHAIN_GEN[0].C_MUX.CARRY_MUX_i_7__0        | CLB.LUT.LUT5      |
    | grp_node_0_0_Pipeline_l_S_t_1_t_fu_256/hsub_16ns_16ns_16_3_no_dsp_1_U2/node_0_0_hsub_16ns_16ns_16_3_no_dsp_1_ip_u/U0/i_synth/ADDSUB_OP.ADDSUB/LOGIC_SPEED.OP/ALIGN_BLK/FRAC_ADDSUB/LOGIC_ADD.FRAC_ADDSUB/STRUCT_ADD1.ADD1/CHAIN_GEN[0].C_MUX.CARRY_MUX_i_5__0        | CLB.LUT.LUT6      |
    | grp_node_0_0_Pipeline_l_S_t_1_t_fu_256/hsub_16ns_16ns_16_3_no_dsp_1_U2/node_0_0_hsub_16ns_16ns_16_3_no_dsp_1_ip_u/U0/i_synth/ADDSUB_OP.ADDSUB/LOGIC_SPEED.OP/ALIGN_BLK/FRAC_ADDSUB/LOGIC_ADD.FRAC_ADDSUB/STRUCT_ADD1.ADD1/CHAIN_GEN[0].C_MUX.CARRY_MUX_i_1__9        | CLB.LUT.LUT6      |
    | grp_node_0_0_Pipeline_l_S_t_1_t_fu_256/hsub_16ns_16ns_16_3_no_dsp_1_U2/node_0_0_hsub_16ns_16ns_16_3_no_dsp_1_ip_u/U0/i_synth/ADDSUB_OP.ADDSUB/LOGIC_SPEED.OP/NORM/ROUND/RND_BIT_GEN/NORM_2.RND_CHAIN/CHAIN_GEN[0].C_MUX.CARRY_MUX_CARRY4_CARRY8                      | CLB.CARRY.CARRY8  |
    | grp_node_0_0_Pipeline_l_S_t_1_t_fu_256/hsub_16ns_16ns_16_3_no_dsp_1_U2/node_0_0_hsub_16ns_16ns_16_3_no_dsp_1_ip_u/U0/i_synth/ADDSUB_OP.ADDSUB/LOGIC_SPEED.OP/NORM/ROUND/LOGIC.RND1/CHAIN_GEN[2].C_MUX.CARRY_MUX_CARRY4_CARRY8                                        | CLB.CARRY.CARRY8  |
    | grp_node_0_0_Pipeline_l_S_t_1_t_fu_256/hsub_16ns_16ns_16_3_no_dsp_1_U2/node_0_0_hsub_16ns_16ns_16_3_no_dsp_1_ip_u/U0/i_synth/ADDSUB_OP.ADDSUB/LOGIC_SPEED.OP/NORM/ROUND/LOGIC.RND2/CHAIN_GEN[5].Q_XOR.SUM_XOR_CARRY4_CARRY8                                          | CLB.CARRY.CARRY8  |
    | grp_node_0_0_Pipeline_l_S_t_1_t_fu_256/hsub_16ns_16ns_16_3_no_dsp_1_U2/node_0_0_hsub_16ns_16ns_16_3_no_dsp_1_ip_u/U0/i_synth/ADDSUB_OP.ADDSUB/LOGIC_SPEED.OP/NORM/LZE/ZERO_DET_CC_1/RESULT_REG.NORMAL.exp_op[4]_i_3                                                  | CLB.LUT.LUT6      |
    | grp_node_0_0_Pipeline_l_S_t_1_t_fu_256/hsub_16ns_16ns_16_3_no_dsp_1_U2/node_0_0_hsub_16ns_16ns_16_3_no_dsp_1_ip_u/U0/i_synth/ADDSUB_OP.ADDSUB/LOGIC_SPEED.OP/EXP/EXP_OFF.STRUCT_ADD/RESULT_REG.NORMAL.exp_op[3]_i_1                                                  | CLB.LUT.LUT6      |
    | grp_node_0_0_Pipeline_l_S_t_1_t_fu_256/hsub_16ns_16ns_16_3_no_dsp_1_U2/node_0_0_hsub_16ns_16ns_16_3_no_dsp_1_ip_u/U0/i_synth/ADDSUB_OP.ADDSUB/LOGIC_SPEED.OP/OP/RESULT_REG.NORMAL.exp_op_reg[3]                                                                      | REGISTER.SDR.FDRE |
    | grp_node_0_0_Pipeline_l_S_t_1_t_fu_256/hadd_16ns_16ns_16_3_no_dsp_1_U1/din1_buf1_reg[0]                                                                                                                                                                              | REGISTER.SDR.FDRE |
    | grp_node_0_0_Pipeline_l_S_t_1_t_fu_256/hsub_16ns_16ns_16_3_no_dsp_1_U2/node_0_0_hsub_16ns_16ns_16_3_no_dsp_1_ip_u/U0/i_synth/ADDSUB_OP.ADDSUB/LOGIC_SPEED.OP/EXP/NUMB_CMP/NOT_FAST.CMP/C_CHAIN/CHAIN_GEN[0].C_MUX.CARRY_MUX_i_2__1                                   | CLB.LUT.LUT4      |
    | grp_node_0_0_Pipeline_l_S_t_1_t_fu_256/hsub_16ns_16ns_16_3_no_dsp_1_U2/node_0_0_hsub_16ns_16ns_16_3_no_dsp_1_ip_u/U0/i_synth/ADDSUB_OP.ADDSUB/LOGIC_SPEED.OP/EXP/NUMB_CMP/NOT_FAST.CMP/C_CHAIN/CHAIN_GEN[0].C_MUX.CARRY_MUX_CARRY4_CARRY8                            | CLB.CARRY.CARRY8  |
    | grp_node_0_0_Pipeline_l_S_t_1_t_fu_256/hsub_16ns_16ns_16_3_no_dsp_1_U2/node_0_0_hsub_16ns_16ns_16_3_no_dsp_1_ip_u/U0/i_synth/ADDSUB_OP.ADDSUB/LOGIC_SPEED.OP/EXP/NUMB_CMP/NOT_FAST.CMP/C_CHAIN/CHAIN_GEN[1].C_MUX.CARRY_MUX_i_2__2                                   | CLB.LUT.LUT6      |
    | grp_node_0_0_Pipeline_l_S_t_1_t_fu_256/hsub_16ns_16ns_16_3_no_dsp_1_U2/node_0_0_hsub_16ns_16ns_16_3_no_dsp_1_ip_u/U0/i_synth/ADDSUB_OP.ADDSUB/LOGIC_SPEED.OP/EXP/NUMB_CMP/NOT_FAST.CMP/C_CHAIN/CHAIN_GEN[1].C_MUX.CARRY_MUX_i_1__1                                   | CLB.LUT.LUT4      |
    | grp_node_0_0_Pipeline_l_S_t_1_t_fu_256/hsub_16ns_16ns_16_3_no_dsp_1_U2/node_0_0_hsub_16ns_16ns_16_3_no_dsp_1_ip_u/U0/i_synth/ADDSUB_OP.ADDSUB/LOGIC_SPEED.OP/ALIGN_BLK/ALIGN_SHIFT/ALIGN_Z_D/EQ_ZERO/CARRY_ZERO_DET/CHAIN_GEN[0].C_MUX.CARRY_MUX_CARRY4_CARRY8       | CLB.CARRY.CARRY8  |
    | grp_node_0_0_Pipeline_l_S_t_1_t_fu_256/hsub_16ns_16ns_16_3_no_dsp_1_U2/node_0_0_hsub_16ns_16ns_16_3_no_dsp_1_ip_u/U0/i_synth/ADDSUB_OP.ADDSUB/LOGIC_SPEED.OP/ALIGN_BLK/ALIGN_SHIFT/ALIGN_Z_D/EQ_ZERO/CARRY_ZERO_DET/STRUCT_ADD1.CARRY_MUX2_i_7                       | CLB.LUT.LUT5      |
    | grp_node_0_0_Pipeline_l_S_t_1_t_fu_256/hsub_16ns_16ns_16_3_no_dsp_1_U2/node_0_0_hsub_16ns_16ns_16_3_no_dsp_1_ip_u/U0/i_synth/ADDSUB_OP.ADDSUB/LOGIC_SPEED.OP/EXP/NUMB_CMP/NOT_FAST.CMP/C_CHAIN/STRUCT_ADD1.CARRY_MUX2_i_1                                            | CLB.LUT.LUT6      |
    | grp_node_0_0_Pipeline_l_S_t_1_t_fu_256/hsub_16ns_16ns_16_3_no_dsp_1_U2/node_0_0_hsub_16ns_16ns_16_3_no_dsp_1_ip_u/U0/i_synth/ADDSUB_OP.ADDSUB/LOGIC_SPEED.OP/ALIGN_BLK/FRAC_ADDSUB/LOGIC_ADD.FRAC_ADDSUB/STRUCT_ADD1.CARRY_MUX1_CARRY4_CARRY8                        | CLB.CARRY.CARRY8  |
    | grp_node_0_0_Pipeline_l_S_t_1_t_fu_256/hsub_16ns_16ns_16_3_no_dsp_1_U2/node_0_0_hsub_16ns_16ns_16_3_no_dsp_1_ip_u/U0/i_synth/ADDSUB_OP.ADDSUB/LOGIC_SPEED.OP/ALIGN_BLK/FRAC_ADDSUB/LOGIC_ADD.FRAC_ADDSUB/STRUCT_ADD2.ADD1/CHAIN_GEN[0].C_MUX.CARRY_MUX_CARRY4_CARRY8 | CLB.CARRY.CARRY8  |
    | grp_node_0_0_Pipeline_l_S_t_1_t_fu_256/hsub_16ns_16ns_16_3_no_dsp_1_U2/node_0_0_hsub_16ns_16ns_16_3_no_dsp_1_ip_u/U0/i_synth/ADDSUB_OP.ADDSUB/LOGIC_SPEED.OP/ALIGN_BLK/FRAC_ADDSUB/LOGIC_ADD.FRAC_ADDSUB/STRUCT_ADD2.ADD1/CHAIN_GEN[0].C_MUX.CARRY_MUX_i_1__5        | CLB.LUT.LUT4      |
    | grp_node_0_0_Pipeline_l_S_t_1_t_fu_256/hsub_16ns_16ns_16_3_no_dsp_1_U2/node_0_0_hsub_16ns_16ns_16_3_no_dsp_1_ip_u/U0/i_synth/ADDSUB_OP.ADDSUB/LOGIC_SPEED.OP/NORM/LZE/ZERO_DET_CC_1/CHAIN_GEN[0].C_MUX.CARRY_MUX_CARRY4_CARRY8                                       | CLB.CARRY.CARRY8  |
    | grp_node_0_0_Pipeline_l_S_t_1_t_fu_256/hsub_16ns_16ns_16_3_no_dsp_1_U2/node_0_0_hsub_16ns_16ns_16_3_no_dsp_1_ip_u/U0/i_synth/ADDSUB_OP.ADDSUB/LOGIC_SPEED.OP/ALIGN_BLK/FRAC_ADDSUB/LOGIC_ADD.FRAC_ADDSUB/STRUCT_ADD1.ADD1/CHAIN_GEN[1].C_MUX.CARRY_MUX_i_6           | CLB.LUT.LUT6      |
    | grp_node_0_0_Pipeline_l_S_t_1_t_fu_256/hsub_16ns_16ns_16_3_no_dsp_1_U2/node_0_0_hsub_16ns_16ns_16_3_no_dsp_1_ip_u/U0/i_synth/ADDSUB_OP.ADDSUB/LOGIC_SPEED.OP/ALIGN_BLK/FRAC_ADDSUB/LOGIC_ADD.FRAC_ADDSUB/STRUCT_ADD2.ADD1/CHAIN_GEN[1].C_MUX.CARRY_MUX_i_2__3        | CLB.LUT.LUT6      |
    | grp_node_0_0_Pipeline_l_S_t_1_t_fu_256/hsub_16ns_16ns_16_3_no_dsp_1_U2/node_0_0_hsub_16ns_16ns_16_3_no_dsp_1_ip_u/U0/i_synth/ADDSUB_OP.ADDSUB/LOGIC_SPEED.OP/ALIGN_BLK/FRAC_ADDSUB/LOGIC_ADD.FRAC_ADDSUB/STRUCT_ADD2.ADD1/CHAIN_GEN[0].C_MUX.CARRY_MUX_i_7__0        | CLB.LUT.LUT5      |
    | grp_node_0_0_Pipeline_l_S_t_1_t_fu_256/hsub_16ns_16ns_16_3_no_dsp_1_U2/node_0_0_hsub_16ns_16ns_16_3_no_dsp_1_ip_u/U0/i_synth/ADDSUB_OP.ADDSUB/LOGIC_SPEED.OP/ALIGN_BLK/FRAC_ADDSUB/LOGIC_ADD.FRAC_ADDSUB/STRUCT_ADD1.ADD1/CHAIN_GEN[0].C_MUX.CARRY_MUX_i_5__0        | CLB.LUT.LUT6      |
    | grp_node_0_0_Pipeline_l_S_t_1_t_fu_256/hsub_16ns_16ns_16_3_no_dsp_1_U2/node_0_0_hsub_16ns_16ns_16_3_no_dsp_1_ip_u/U0/i_synth/ADDSUB_OP.ADDSUB/LOGIC_SPEED.OP/ALIGN_BLK/FRAC_ADDSUB/LOGIC_ADD.FRAC_ADDSUB/STRUCT_ADD1.ADD1/CHAIN_GEN[0].C_MUX.CARRY_MUX_i_1__9        | CLB.LUT.LUT6      |
    | grp_node_0_0_Pipeline_l_S_t_1_t_fu_256/hsub_16ns_16ns_16_3_no_dsp_1_U2/node_0_0_hsub_16ns_16ns_16_3_no_dsp_1_ip_u/U0/i_synth/ADDSUB_OP.ADDSUB/LOGIC_SPEED.OP/NORM/ROUND/RND_BIT_GEN/NORM_2.RND_CHAIN/CHAIN_GEN[0].C_MUX.CARRY_MUX_CARRY4_CARRY8                      | CLB.CARRY.CARRY8  |
    | grp_node_0_0_Pipeline_l_S_t_1_t_fu_256/hsub_16ns_16ns_16_3_no_dsp_1_U2/node_0_0_hsub_16ns_16ns_16_3_no_dsp_1_ip_u/U0/i_synth/ADDSUB_OP.ADDSUB/LOGIC_SPEED.OP/NORM/ROUND/LOGIC.RND1/CHAIN_GEN[2].C_MUX.CARRY_MUX_CARRY4_CARRY8                                        | CLB.CARRY.CARRY8  |
    | grp_node_0_0_Pipeline_l_S_t_1_t_fu_256/hsub_16ns_16ns_16_3_no_dsp_1_U2/node_0_0_hsub_16ns_16ns_16_3_no_dsp_1_ip_u/U0/i_synth/ADDSUB_OP.ADDSUB/LOGIC_SPEED.OP/NORM/ROUND/LOGIC.RND2/CHAIN_GEN[5].Q_XOR.SUM_XOR_CARRY4_CARRY8                                          | CLB.CARRY.CARRY8  |
    | grp_node_0_0_Pipeline_l_S_t_1_t_fu_256/hsub_16ns_16ns_16_3_no_dsp_1_U2/node_0_0_hsub_16ns_16ns_16_3_no_dsp_1_ip_u/U0/i_synth/ADDSUB_OP.ADDSUB/LOGIC_SPEED.OP/NORM/LZE/ZERO_DET_CC_1/RESULT_REG.NORMAL.exp_op[4]_i_3                                                  | CLB.LUT.LUT6      |
    | grp_node_0_0_Pipeline_l_S_t_1_t_fu_256/hsub_16ns_16ns_16_3_no_dsp_1_U2/node_0_0_hsub_16ns_16ns_16_3_no_dsp_1_ip_u/U0/i_synth/ADDSUB_OP.ADDSUB/LOGIC_SPEED.OP/EXP/EXP_OFF.STRUCT_ADD/RESULT_REG.NORMAL.exp_op[4]_i_1                                                  | CLB.LUT.LUT6      |
    | grp_node_0_0_Pipeline_l_S_t_1_t_fu_256/hsub_16ns_16ns_16_3_no_dsp_1_U2/node_0_0_hsub_16ns_16ns_16_3_no_dsp_1_ip_u/U0/i_synth/ADDSUB_OP.ADDSUB/LOGIC_SPEED.OP/OP/RESULT_REG.NORMAL.exp_op_reg[4]                                                                      | REGISTER.SDR.FDRE |
    | grp_node_0_0_Pipeline_l_S_t_1_t_fu_256/hadd_16ns_16ns_16_3_no_dsp_1_U1/din1_buf1_reg[0]                                                                                                                                                                              | REGISTER.SDR.FDRE |
    | grp_node_0_0_Pipeline_l_S_t_1_t_fu_256/hsub_16ns_16ns_16_3_no_dsp_1_U2/node_0_0_hsub_16ns_16ns_16_3_no_dsp_1_ip_u/U0/i_synth/ADDSUB_OP.ADDSUB/LOGIC_SPEED.OP/EXP/NUMB_CMP/NOT_FAST.CMP/C_CHAIN/CHAIN_GEN[0].C_MUX.CARRY_MUX_i_2__1                                   | CLB.LUT.LUT4      |
    | grp_node_0_0_Pipeline_l_S_t_1_t_fu_256/hsub_16ns_16ns_16_3_no_dsp_1_U2/node_0_0_hsub_16ns_16ns_16_3_no_dsp_1_ip_u/U0/i_synth/ADDSUB_OP.ADDSUB/LOGIC_SPEED.OP/EXP/NUMB_CMP/NOT_FAST.CMP/C_CHAIN/CHAIN_GEN[0].C_MUX.CARRY_MUX_CARRY4_CARRY8                            | CLB.CARRY.CARRY8  |
    | grp_node_0_0_Pipeline_l_S_t_1_t_fu_256/hsub_16ns_16ns_16_3_no_dsp_1_U2/node_0_0_hsub_16ns_16ns_16_3_no_dsp_1_ip_u/U0/i_synth/ADDSUB_OP.ADDSUB/LOGIC_SPEED.OP/EXP/NUMB_CMP/NOT_FAST.CMP/C_CHAIN/CHAIN_GEN[1].C_MUX.CARRY_MUX_i_2__2                                   | CLB.LUT.LUT6      |
    | grp_node_0_0_Pipeline_l_S_t_1_t_fu_256/hsub_16ns_16ns_16_3_no_dsp_1_U2/node_0_0_hsub_16ns_16ns_16_3_no_dsp_1_ip_u/U0/i_synth/ADDSUB_OP.ADDSUB/LOGIC_SPEED.OP/EXP/NUMB_CMP/NOT_FAST.CMP/C_CHAIN/CHAIN_GEN[1].C_MUX.CARRY_MUX_i_1__1                                   | CLB.LUT.LUT4      |
    | grp_node_0_0_Pipeline_l_S_t_1_t_fu_256/hsub_16ns_16ns_16_3_no_dsp_1_U2/node_0_0_hsub_16ns_16ns_16_3_no_dsp_1_ip_u/U0/i_synth/ADDSUB_OP.ADDSUB/LOGIC_SPEED.OP/ALIGN_BLK/ALIGN_SHIFT/ALIGN_Z_D/EQ_ZERO/CARRY_ZERO_DET/CHAIN_GEN[0].C_MUX.CARRY_MUX_CARRY4_CARRY8       | CLB.CARRY.CARRY8  |
    | grp_node_0_0_Pipeline_l_S_t_1_t_fu_256/hsub_16ns_16ns_16_3_no_dsp_1_U2/node_0_0_hsub_16ns_16ns_16_3_no_dsp_1_ip_u/U0/i_synth/ADDSUB_OP.ADDSUB/LOGIC_SPEED.OP/ALIGN_BLK/ALIGN_SHIFT/ALIGN_Z_D/EQ_ZERO/CARRY_ZERO_DET/STRUCT_ADD1.CARRY_MUX2_i_7                       | CLB.LUT.LUT5      |
    | grp_node_0_0_Pipeline_l_S_t_1_t_fu_256/hsub_16ns_16ns_16_3_no_dsp_1_U2/node_0_0_hsub_16ns_16ns_16_3_no_dsp_1_ip_u/U0/i_synth/ADDSUB_OP.ADDSUB/LOGIC_SPEED.OP/EXP/NUMB_CMP/NOT_FAST.CMP/C_CHAIN/STRUCT_ADD1.CARRY_MUX2_i_1                                            | CLB.LUT.LUT6      |
    | grp_node_0_0_Pipeline_l_S_t_1_t_fu_256/hsub_16ns_16ns_16_3_no_dsp_1_U2/node_0_0_hsub_16ns_16ns_16_3_no_dsp_1_ip_u/U0/i_synth/ADDSUB_OP.ADDSUB/LOGIC_SPEED.OP/ALIGN_BLK/FRAC_ADDSUB/LOGIC_ADD.FRAC_ADDSUB/STRUCT_ADD1.CARRY_MUX1_CARRY4_CARRY8                        | CLB.CARRY.CARRY8  |
    | grp_node_0_0_Pipeline_l_S_t_1_t_fu_256/hsub_16ns_16ns_16_3_no_dsp_1_U2/node_0_0_hsub_16ns_16ns_16_3_no_dsp_1_ip_u/U0/i_synth/ADDSUB_OP.ADDSUB/LOGIC_SPEED.OP/ALIGN_BLK/FRAC_ADDSUB/LOGIC_ADD.FRAC_ADDSUB/STRUCT_ADD2.ADD1/CHAIN_GEN[0].C_MUX.CARRY_MUX_CARRY4_CARRY8 | CLB.CARRY.CARRY8  |
    | grp_node_0_0_Pipeline_l_S_t_1_t_fu_256/hsub_16ns_16ns_16_3_no_dsp_1_U2/node_0_0_hsub_16ns_16ns_16_3_no_dsp_1_ip_u/U0/i_synth/ADDSUB_OP.ADDSUB/LOGIC_SPEED.OP/ALIGN_BLK/FRAC_ADDSUB/LOGIC_ADD.FRAC_ADDSUB/STRUCT_ADD2.ADD1/CHAIN_GEN[0].C_MUX.CARRY_MUX_i_1__5        | CLB.LUT.LUT4      |
    | grp_node_0_0_Pipeline_l_S_t_1_t_fu_256/hsub_16ns_16ns_16_3_no_dsp_1_U2/node_0_0_hsub_16ns_16ns_16_3_no_dsp_1_ip_u/U0/i_synth/ADDSUB_OP.ADDSUB/LOGIC_SPEED.OP/NORM/LZE/ZERO_DET_CC_1/CHAIN_GEN[0].C_MUX.CARRY_MUX_CARRY4_CARRY8                                       | CLB.CARRY.CARRY8  |
    | grp_node_0_0_Pipeline_l_S_t_1_t_fu_256/hsub_16ns_16ns_16_3_no_dsp_1_U2/node_0_0_hsub_16ns_16ns_16_3_no_dsp_1_ip_u/U0/i_synth/ADDSUB_OP.ADDSUB/LOGIC_SPEED.OP/ALIGN_BLK/FRAC_ADDSUB/LOGIC_ADD.FRAC_ADDSUB/STRUCT_ADD1.ADD1/CHAIN_GEN[1].C_MUX.CARRY_MUX_i_6           | CLB.LUT.LUT6      |
    | grp_node_0_0_Pipeline_l_S_t_1_t_fu_256/hsub_16ns_16ns_16_3_no_dsp_1_U2/node_0_0_hsub_16ns_16ns_16_3_no_dsp_1_ip_u/U0/i_synth/ADDSUB_OP.ADDSUB/LOGIC_SPEED.OP/ALIGN_BLK/FRAC_ADDSUB/LOGIC_ADD.FRAC_ADDSUB/STRUCT_ADD2.ADD1/CHAIN_GEN[1].C_MUX.CARRY_MUX_i_2__3        | CLB.LUT.LUT6      |
    | grp_node_0_0_Pipeline_l_S_t_1_t_fu_256/hsub_16ns_16ns_16_3_no_dsp_1_U2/node_0_0_hsub_16ns_16ns_16_3_no_dsp_1_ip_u/U0/i_synth/ADDSUB_OP.ADDSUB/LOGIC_SPEED.OP/ALIGN_BLK/FRAC_ADDSUB/LOGIC_ADD.FRAC_ADDSUB/STRUCT_ADD2.ADD1/CHAIN_GEN[0].C_MUX.CARRY_MUX_i_7__0        | CLB.LUT.LUT5      |
    | grp_node_0_0_Pipeline_l_S_t_1_t_fu_256/hsub_16ns_16ns_16_3_no_dsp_1_U2/node_0_0_hsub_16ns_16ns_16_3_no_dsp_1_ip_u/U0/i_synth/ADDSUB_OP.ADDSUB/LOGIC_SPEED.OP/ALIGN_BLK/FRAC_ADDSUB/LOGIC_ADD.FRAC_ADDSUB/STRUCT_ADD1.ADD1/CHAIN_GEN[0].C_MUX.CARRY_MUX_i_5__0        | CLB.LUT.LUT6      |
    | grp_node_0_0_Pipeline_l_S_t_1_t_fu_256/hsub_16ns_16ns_16_3_no_dsp_1_U2/node_0_0_hsub_16ns_16ns_16_3_no_dsp_1_ip_u/U0/i_synth/ADDSUB_OP.ADDSUB/LOGIC_SPEED.OP/ALIGN_BLK/FRAC_ADDSUB/LOGIC_ADD.FRAC_ADDSUB/STRUCT_ADD1.ADD1/CHAIN_GEN[0].C_MUX.CARRY_MUX_i_1__9        | CLB.LUT.LUT6      |
    | grp_node_0_0_Pipeline_l_S_t_1_t_fu_256/hsub_16ns_16ns_16_3_no_dsp_1_U2/node_0_0_hsub_16ns_16ns_16_3_no_dsp_1_ip_u/U0/i_synth/ADDSUB_OP.ADDSUB/LOGIC_SPEED.OP/NORM/ROUND/RND_BIT_GEN/NORM_2.RND_CHAIN/CHAIN_GEN[0].C_MUX.CARRY_MUX_CARRY4_CARRY8                      | CLB.CARRY.CARRY8  |
    | grp_node_0_0_Pipeline_l_S_t_1_t_fu_256/hsub_16ns_16ns_16_3_no_dsp_1_U2/node_0_0_hsub_16ns_16ns_16_3_no_dsp_1_ip_u/U0/i_synth/ADDSUB_OP.ADDSUB/LOGIC_SPEED.OP/NORM/ROUND/LOGIC.RND1/CHAIN_GEN[2].C_MUX.CARRY_MUX_CARRY4_CARRY8                                        | CLB.CARRY.CARRY8  |
    | grp_node_0_0_Pipeline_l_S_t_1_t_fu_256/hsub_16ns_16ns_16_3_no_dsp_1_U2/node_0_0_hsub_16ns_16ns_16_3_no_dsp_1_ip_u/U0/i_synth/ADDSUB_OP.ADDSUB/LOGIC_SPEED.OP/NORM/ROUND/LOGIC.RND2/RESULT_REG.NORMAL.mant_op[9]_i_2                                                  | CLB.LUT.LUT3      |
    | grp_node_0_0_Pipeline_l_S_t_1_t_fu_256/hsub_16ns_16ns_16_3_no_dsp_1_U2/node_0_0_hsub_16ns_16ns_16_3_no_dsp_1_ip_u/U0/i_synth/ADDSUB_OP.ADDSUB/LOGIC_SPEED.OP/EXP/EXP_OFF.STRUCT_ADD/RESULT_REG.NORMAL.mant_op[9]_i_1                                                 | CLB.LUT.LUT6      |
    | grp_node_0_0_Pipeline_l_S_t_1_t_fu_256/hsub_16ns_16ns_16_3_no_dsp_1_U2/node_0_0_hsub_16ns_16ns_16_3_no_dsp_1_ip_u/U0/i_synth/ADDSUB_OP.ADDSUB/LOGIC_SPEED.OP/OP/RESULT_REG.NORMAL.mant_op_reg[9]                                                                     | REGISTER.SDR.FDRE |
    | grp_node_0_0_Pipeline_l_S_t_1_t_fu_256/hadd_16ns_16ns_16_3_no_dsp_1_U1/din1_buf1_reg[0]                                                                                                                                                                              | REGISTER.SDR.FDRE |
    | grp_node_0_0_Pipeline_l_S_t_1_t_fu_256/hadd_16ns_16ns_16_3_no_dsp_1_U1/node_0_0_hadd_16ns_16ns_16_3_no_dsp_1_ip_u/U0/i_synth/ADDSUB_OP.ADDSUB/LOGIC_SPEED.OP/EXP/NUMB_CMP/NOT_FAST.CMP/C_CHAIN/CHAIN_GEN[0].C_MUX.CARRY_MUX_i_2__1                                   | CLB.LUT.LUT4      |
    | grp_node_0_0_Pipeline_l_S_t_1_t_fu_256/hadd_16ns_16ns_16_3_no_dsp_1_U1/node_0_0_hadd_16ns_16ns_16_3_no_dsp_1_ip_u/U0/i_synth/ADDSUB_OP.ADDSUB/LOGIC_SPEED.OP/EXP/NUMB_CMP/NOT_FAST.CMP/C_CHAIN/CHAIN_GEN[0].C_MUX.CARRY_MUX_CARRY4_CARRY8                            | CLB.CARRY.CARRY8  |
    | grp_node_0_0_Pipeline_l_S_t_1_t_fu_256/hadd_16ns_16ns_16_3_no_dsp_1_U1/node_0_0_hadd_16ns_16ns_16_3_no_dsp_1_ip_u/U0/i_synth/ADDSUB_OP.ADDSUB/LOGIC_SPEED.OP/EXP/NUMB_CMP/NOT_FAST.CMP/C_CHAIN/CHAIN_GEN[1].C_MUX.CARRY_MUX_i_2__3                                   | CLB.LUT.LUT6      |
    | grp_node_0_0_Pipeline_l_S_t_1_t_fu_256/hadd_16ns_16ns_16_3_no_dsp_1_U1/node_0_0_hadd_16ns_16ns_16_3_no_dsp_1_ip_u/U0/i_synth/ADDSUB_OP.ADDSUB/LOGIC_SPEED.OP/EXP/NUMB_CMP/NOT_FAST.CMP/C_CHAIN/CHAIN_GEN[1].C_MUX.CARRY_MUX_i_1__5                                   | CLB.LUT.LUT4      |
    | grp_node_0_0_Pipeline_l_S_t_1_t_fu_256/hadd_16ns_16ns_16_3_no_dsp_1_U1/node_0_0_hadd_16ns_16ns_16_3_no_dsp_1_ip_u/U0/i_synth/ADDSUB_OP.ADDSUB/LOGIC_SPEED.OP/ALIGN_BLK/ALIGN_SHIFT/ALIGN_Z_D/EQ_ZERO/CARRY_ZERO_DET/CHAIN_GEN[0].C_MUX.CARRY_MUX_CARRY4_CARRY8       | CLB.CARRY.CARRY8  |
    | grp_node_0_0_Pipeline_l_S_t_1_t_fu_256/hadd_16ns_16ns_16_3_no_dsp_1_U1/node_0_0_hadd_16ns_16ns_16_3_no_dsp_1_ip_u/U0/i_synth/ADDSUB_OP.ADDSUB/LOGIC_SPEED.OP/EXP/NUMB_CMP/NOT_FAST.CMP/C_CHAIN/STRUCT_ADD1.CARRY_MUX2_i_7                                            | CLB.LUT.LUT5      |
    | grp_node_0_0_Pipeline_l_S_t_1_t_fu_256/hadd_16ns_16ns_16_3_no_dsp_1_U1/node_0_0_hadd_16ns_16ns_16_3_no_dsp_1_ip_u/U0/i_synth/ADDSUB_OP.ADDSUB/LOGIC_SPEED.OP/EXP/NUMB_CMP/NOT_FAST.CMP/C_CHAIN/STRUCT_ADD1.CARRY_MUX2_i_2                                            | CLB.LUT.LUT6      |
    | grp_node_0_0_Pipeline_l_S_t_1_t_fu_256/hadd_16ns_16ns_16_3_no_dsp_1_U1/node_0_0_hadd_16ns_16ns_16_3_no_dsp_1_ip_u/U0/i_synth/ADDSUB_OP.ADDSUB/LOGIC_SPEED.OP/EXP/NUMB_CMP/NOT_FAST.CMP/C_CHAIN/STRUCT_ADD1.CARRY_MUX2_i_1                                            | CLB.LUT.LUT6      |
    | grp_node_0_0_Pipeline_l_S_t_1_t_fu_256/hadd_16ns_16ns_16_3_no_dsp_1_U1/node_0_0_hadd_16ns_16ns_16_3_no_dsp_1_ip_u/U0/i_synth/ADDSUB_OP.ADDSUB/LOGIC_SPEED.OP/ALIGN_BLK/FRAC_ADDSUB/LOGIC_ADD.FRAC_ADDSUB/STRUCT_ADD1.CARRY_MUX1_CARRY4_CARRY8                        | CLB.CARRY.CARRY8  |
    | grp_node_0_0_Pipeline_l_S_t_1_t_fu_256/hadd_16ns_16ns_16_3_no_dsp_1_U1/node_0_0_hadd_16ns_16ns_16_3_no_dsp_1_ip_u/U0/i_synth/ADDSUB_OP.ADDSUB/LOGIC_SPEED.OP/ALIGN_BLK/FRAC_ADDSUB/LOGIC_ADD.FRAC_ADDSUB/STRUCT_ADD2.ADD1/CHAIN_GEN[0].C_MUX.CARRY_MUX_CARRY4_CARRY8 | CLB.CARRY.CARRY8  |
    | grp_node_0_0_Pipeline_l_S_t_1_t_fu_256/hadd_16ns_16ns_16_3_no_dsp_1_U1/node_0_0_hadd_16ns_16ns_16_3_no_dsp_1_ip_u/U0/i_synth/ADDSUB_OP.ADDSUB/LOGIC_SPEED.OP/ALIGN_BLK/FRAC_ADDSUB/LOGIC_ADD.FRAC_ADDSUB/STRUCT_ADD2.ADD1/CHAIN_GEN[0].C_MUX.CARRY_MUX_i_1__2        | CLB.LUT.LUT4      |
    | grp_node_0_0_Pipeline_l_S_t_1_t_fu_256/hadd_16ns_16ns_16_3_no_dsp_1_U1/node_0_0_hadd_16ns_16ns_16_3_no_dsp_1_ip_u/U0/i_synth/ADDSUB_OP.ADDSUB/LOGIC_SPEED.OP/NORM/LZE/ZERO_DET_CC_1/CHAIN_GEN[0].C_MUX.CARRY_MUX_CARRY4_CARRY8                                       | CLB.CARRY.CARRY8  |
    | grp_node_0_0_Pipeline_l_S_t_1_t_fu_256/hadd_16ns_16ns_16_3_no_dsp_1_U1/node_0_0_hadd_16ns_16ns_16_3_no_dsp_1_ip_u/U0/i_synth/ADDSUB_OP.ADDSUB/LOGIC_SPEED.OP/ALIGN_BLK/FRAC_ADDSUB/LOGIC_ADD.FRAC_ADDSUB/STRUCT_ADD2.ADD1/RESULT_REG.NORMAL.exp_op[2]_i_8            | CLB.LUT.LUT5      |
    | grp_node_0_0_Pipeline_l_S_t_1_t_fu_256/hadd_16ns_16ns_16_3_no_dsp_1_U1/node_0_0_hadd_16ns_16ns_16_3_no_dsp_1_ip_u/U0/i_synth/ADDSUB_OP.ADDSUB/LOGIC_SPEED.OP/ALIGN_BLK/FRAC_ADDSUB/LOGIC_ADD.FRAC_ADDSUB/STRUCT_ADD1.ADD1/RESULT_REG.NORMAL.exp_op[1]_i_3            | CLB.LUT.LUT5      |
    | grp_node_0_0_Pipeline_l_S_t_1_t_fu_256/hadd_16ns_16ns_16_3_no_dsp_1_U1/node_0_0_hadd_16ns_16ns_16_3_no_dsp_1_ip_u/U0/i_synth/ADDSUB_OP.ADDSUB/LOGIC_SPEED.OP/ALIGN_BLK/FRAC_ADDSUB/LOGIC_ADD.FRAC_ADDSUB/STRUCT_ADD1.ADD1/CHAIN_GEN[0].C_MUX.CARRY_MUX_i_6__0        | CLB.LUT.LUT5      |
    | grp_node_0_0_Pipeline_l_S_t_1_t_fu_256/hadd_16ns_16ns_16_3_no_dsp_1_U1/node_0_0_hadd_16ns_16ns_16_3_no_dsp_1_ip_u/U0/i_synth/ADDSUB_OP.ADDSUB/LOGIC_SPEED.OP/ALIGN_BLK/FRAC_ADDSUB/LOGIC_ADD.FRAC_ADDSUB/STRUCT_ADD1.ADD1/CHAIN_GEN[0].C_MUX.CARRY_MUX_i_3__0        | CLB.LUT.LUT6      |
    | grp_node_0_0_Pipeline_l_S_t_1_t_fu_256/hadd_16ns_16ns_16_3_no_dsp_1_U1/node_0_0_hadd_16ns_16ns_16_3_no_dsp_1_ip_u/U0/i_synth/ADDSUB_OP.ADDSUB/LOGIC_SPEED.OP/ALIGN_BLK/FRAC_ADDSUB/LOGIC_ADD.FRAC_ADDSUB/STRUCT_ADD1.ADD1/CHAIN_GEN[0].C_MUX.CARRY_MUX_i_1__10       | CLB.LUT.LUT5      |
    | grp_node_0_0_Pipeline_l_S_t_1_t_fu_256/hadd_16ns_16ns_16_3_no_dsp_1_U1/node_0_0_hadd_16ns_16ns_16_3_no_dsp_1_ip_u/U0/i_synth/ADDSUB_OP.ADDSUB/LOGIC_SPEED.OP/NORM/ROUND/RND_BIT_GEN/NORM_2.RND_CHAIN/CHAIN_GEN[0].C_MUX.CARRY_MUX_CARRY4_CARRY8                      | CLB.CARRY.CARRY8  |
    | grp_node_0_0_Pipeline_l_S_t_1_t_fu_256/hadd_16ns_16ns_16_3_no_dsp_1_U1/node_0_0_hadd_16ns_16ns_16_3_no_dsp_1_ip_u/U0/i_synth/ADDSUB_OP.ADDSUB/LOGIC_SPEED.OP/NORM/ROUND/LOGIC.RND1/CHAIN_GEN[2].C_MUX.CARRY_MUX_CARRY4_CARRY8                                        | CLB.CARRY.CARRY8  |
    | grp_node_0_0_Pipeline_l_S_t_1_t_fu_256/hadd_16ns_16ns_16_3_no_dsp_1_U1/node_0_0_hadd_16ns_16ns_16_3_no_dsp_1_ip_u/U0/i_synth/ADDSUB_OP.ADDSUB/LOGIC_SPEED.OP/NORM/ROUND/LOGIC.RND2/CHAIN_GEN[5].Q_XOR.SUM_XOR_CARRY4_CARRY8                                          | CLB.CARRY.CARRY8  |
    | grp_node_0_0_Pipeline_l_S_t_1_t_fu_256/hadd_16ns_16ns_16_3_no_dsp_1_U1/node_0_0_hadd_16ns_16ns_16_3_no_dsp_1_ip_u/U0/i_synth/ADDSUB_OP.ADDSUB/LOGIC_SPEED.OP/EXP/EXP_OFF.STRUCT_ADD/RESULT_REG.NORMAL.exp_op[0]_i_1                                                  | CLB.LUT.LUT5      |
    | grp_node_0_0_Pipeline_l_S_t_1_t_fu_256/hadd_16ns_16ns_16_3_no_dsp_1_U1/node_0_0_hadd_16ns_16ns_16_3_no_dsp_1_ip_u/U0/i_synth/ADDSUB_OP.ADDSUB/LOGIC_SPEED.OP/OP/RESULT_REG.NORMAL.exp_op_reg[0]                                                                      | REGISTER.SDR.FDRE |
    | grp_node_0_0_Pipeline_l_S_t_1_t_fu_256/hadd_16ns_16ns_16_3_no_dsp_1_U1/din1_buf1_reg[0]                                                                                                                                                                              | REGISTER.SDR.FDRE |
    | grp_node_0_0_Pipeline_l_S_t_1_t_fu_256/hadd_16ns_16ns_16_3_no_dsp_1_U1/node_0_0_hadd_16ns_16ns_16_3_no_dsp_1_ip_u/U0/i_synth/ADDSUB_OP.ADDSUB/LOGIC_SPEED.OP/EXP/NUMB_CMP/NOT_FAST.CMP/C_CHAIN/CHAIN_GEN[0].C_MUX.CARRY_MUX_i_2__1                                   | CLB.LUT.LUT4      |
    | grp_node_0_0_Pipeline_l_S_t_1_t_fu_256/hadd_16ns_16ns_16_3_no_dsp_1_U1/node_0_0_hadd_16ns_16ns_16_3_no_dsp_1_ip_u/U0/i_synth/ADDSUB_OP.ADDSUB/LOGIC_SPEED.OP/EXP/NUMB_CMP/NOT_FAST.CMP/C_CHAIN/CHAIN_GEN[0].C_MUX.CARRY_MUX_CARRY4_CARRY8                            | CLB.CARRY.CARRY8  |
    | grp_node_0_0_Pipeline_l_S_t_1_t_fu_256/hadd_16ns_16ns_16_3_no_dsp_1_U1/node_0_0_hadd_16ns_16ns_16_3_no_dsp_1_ip_u/U0/i_synth/ADDSUB_OP.ADDSUB/LOGIC_SPEED.OP/EXP/NUMB_CMP/NOT_FAST.CMP/C_CHAIN/CHAIN_GEN[1].C_MUX.CARRY_MUX_i_2__3                                   | CLB.LUT.LUT6      |
    | grp_node_0_0_Pipeline_l_S_t_1_t_fu_256/hadd_16ns_16ns_16_3_no_dsp_1_U1/node_0_0_hadd_16ns_16ns_16_3_no_dsp_1_ip_u/U0/i_synth/ADDSUB_OP.ADDSUB/LOGIC_SPEED.OP/EXP/NUMB_CMP/NOT_FAST.CMP/C_CHAIN/CHAIN_GEN[1].C_MUX.CARRY_MUX_i_1__5                                   | CLB.LUT.LUT4      |
    | grp_node_0_0_Pipeline_l_S_t_1_t_fu_256/hadd_16ns_16ns_16_3_no_dsp_1_U1/node_0_0_hadd_16ns_16ns_16_3_no_dsp_1_ip_u/U0/i_synth/ADDSUB_OP.ADDSUB/LOGIC_SPEED.OP/ALIGN_BLK/ALIGN_SHIFT/ALIGN_Z_D/EQ_ZERO/CARRY_ZERO_DET/CHAIN_GEN[0].C_MUX.CARRY_MUX_CARRY4_CARRY8       | CLB.CARRY.CARRY8  |
    | grp_node_0_0_Pipeline_l_S_t_1_t_fu_256/hadd_16ns_16ns_16_3_no_dsp_1_U1/node_0_0_hadd_16ns_16ns_16_3_no_dsp_1_ip_u/U0/i_synth/ADDSUB_OP.ADDSUB/LOGIC_SPEED.OP/EXP/NUMB_CMP/NOT_FAST.CMP/C_CHAIN/STRUCT_ADD1.CARRY_MUX2_i_7                                            | CLB.LUT.LUT5      |
    | grp_node_0_0_Pipeline_l_S_t_1_t_fu_256/hadd_16ns_16ns_16_3_no_dsp_1_U1/node_0_0_hadd_16ns_16ns_16_3_no_dsp_1_ip_u/U0/i_synth/ADDSUB_OP.ADDSUB/LOGIC_SPEED.OP/EXP/NUMB_CMP/NOT_FAST.CMP/C_CHAIN/STRUCT_ADD1.CARRY_MUX2_i_2                                            | CLB.LUT.LUT6      |
    | grp_node_0_0_Pipeline_l_S_t_1_t_fu_256/hadd_16ns_16ns_16_3_no_dsp_1_U1/node_0_0_hadd_16ns_16ns_16_3_no_dsp_1_ip_u/U0/i_synth/ADDSUB_OP.ADDSUB/LOGIC_SPEED.OP/EXP/NUMB_CMP/NOT_FAST.CMP/C_CHAIN/STRUCT_ADD1.CARRY_MUX2_i_1                                            | CLB.LUT.LUT6      |
    | grp_node_0_0_Pipeline_l_S_t_1_t_fu_256/hadd_16ns_16ns_16_3_no_dsp_1_U1/node_0_0_hadd_16ns_16ns_16_3_no_dsp_1_ip_u/U0/i_synth/ADDSUB_OP.ADDSUB/LOGIC_SPEED.OP/ALIGN_BLK/FRAC_ADDSUB/LOGIC_ADD.FRAC_ADDSUB/STRUCT_ADD1.CARRY_MUX1_CARRY4_CARRY8                        | CLB.CARRY.CARRY8  |
    | grp_node_0_0_Pipeline_l_S_t_1_t_fu_256/hadd_16ns_16ns_16_3_no_dsp_1_U1/node_0_0_hadd_16ns_16ns_16_3_no_dsp_1_ip_u/U0/i_synth/ADDSUB_OP.ADDSUB/LOGIC_SPEED.OP/ALIGN_BLK/FRAC_ADDSUB/LOGIC_ADD.FRAC_ADDSUB/STRUCT_ADD2.ADD1/CHAIN_GEN[0].C_MUX.CARRY_MUX_CARRY4_CARRY8 | CLB.CARRY.CARRY8  |
    | grp_node_0_0_Pipeline_l_S_t_1_t_fu_256/hadd_16ns_16ns_16_3_no_dsp_1_U1/node_0_0_hadd_16ns_16ns_16_3_no_dsp_1_ip_u/U0/i_synth/ADDSUB_OP.ADDSUB/LOGIC_SPEED.OP/ALIGN_BLK/FRAC_ADDSUB/LOGIC_ADD.FRAC_ADDSUB/STRUCT_ADD2.ADD1/CHAIN_GEN[0].C_MUX.CARRY_MUX_i_1__2        | CLB.LUT.LUT4      |
    | grp_node_0_0_Pipeline_l_S_t_1_t_fu_256/hadd_16ns_16ns_16_3_no_dsp_1_U1/node_0_0_hadd_16ns_16ns_16_3_no_dsp_1_ip_u/U0/i_synth/ADDSUB_OP.ADDSUB/LOGIC_SPEED.OP/NORM/LZE/ZERO_DET_CC_1/CHAIN_GEN[0].C_MUX.CARRY_MUX_CARRY4_CARRY8                                       | CLB.CARRY.CARRY8  |
    | grp_node_0_0_Pipeline_l_S_t_1_t_fu_256/hadd_16ns_16ns_16_3_no_dsp_1_U1/node_0_0_hadd_16ns_16ns_16_3_no_dsp_1_ip_u/U0/i_synth/ADDSUB_OP.ADDSUB/LOGIC_SPEED.OP/ALIGN_BLK/FRAC_ADDSUB/LOGIC_ADD.FRAC_ADDSUB/STRUCT_ADD2.ADD1/RESULT_REG.NORMAL.exp_op[2]_i_8            | CLB.LUT.LUT5      |
    | grp_node_0_0_Pipeline_l_S_t_1_t_fu_256/hadd_16ns_16ns_16_3_no_dsp_1_U1/node_0_0_hadd_16ns_16ns_16_3_no_dsp_1_ip_u/U0/i_synth/ADDSUB_OP.ADDSUB/LOGIC_SPEED.OP/ALIGN_BLK/FRAC_ADDSUB/LOGIC_ADD.FRAC_ADDSUB/STRUCT_ADD1.ADD1/RESULT_REG.NORMAL.exp_op[1]_i_3            | CLB.LUT.LUT5      |
    | grp_node_0_0_Pipeline_l_S_t_1_t_fu_256/hadd_16ns_16ns_16_3_no_dsp_1_U1/node_0_0_hadd_16ns_16ns_16_3_no_dsp_1_ip_u/U0/i_synth/ADDSUB_OP.ADDSUB/LOGIC_SPEED.OP/ALIGN_BLK/FRAC_ADDSUB/LOGIC_ADD.FRAC_ADDSUB/STRUCT_ADD1.ADD1/CHAIN_GEN[0].C_MUX.CARRY_MUX_i_6__0        | CLB.LUT.LUT5      |
    | grp_node_0_0_Pipeline_l_S_t_1_t_fu_256/hadd_16ns_16ns_16_3_no_dsp_1_U1/node_0_0_hadd_16ns_16ns_16_3_no_dsp_1_ip_u/U0/i_synth/ADDSUB_OP.ADDSUB/LOGIC_SPEED.OP/ALIGN_BLK/FRAC_ADDSUB/LOGIC_ADD.FRAC_ADDSUB/STRUCT_ADD1.ADD1/CHAIN_GEN[0].C_MUX.CARRY_MUX_i_3__0        | CLB.LUT.LUT6      |
    | grp_node_0_0_Pipeline_l_S_t_1_t_fu_256/hadd_16ns_16ns_16_3_no_dsp_1_U1/node_0_0_hadd_16ns_16ns_16_3_no_dsp_1_ip_u/U0/i_synth/ADDSUB_OP.ADDSUB/LOGIC_SPEED.OP/ALIGN_BLK/FRAC_ADDSUB/LOGIC_ADD.FRAC_ADDSUB/STRUCT_ADD1.ADD1/CHAIN_GEN[0].C_MUX.CARRY_MUX_i_1__10       | CLB.LUT.LUT5      |
    | grp_node_0_0_Pipeline_l_S_t_1_t_fu_256/hadd_16ns_16ns_16_3_no_dsp_1_U1/node_0_0_hadd_16ns_16ns_16_3_no_dsp_1_ip_u/U0/i_synth/ADDSUB_OP.ADDSUB/LOGIC_SPEED.OP/NORM/ROUND/RND_BIT_GEN/NORM_2.RND_CHAIN/CHAIN_GEN[0].C_MUX.CARRY_MUX_CARRY4_CARRY8                      | CLB.CARRY.CARRY8  |
    | grp_node_0_0_Pipeline_l_S_t_1_t_fu_256/hadd_16ns_16ns_16_3_no_dsp_1_U1/node_0_0_hadd_16ns_16ns_16_3_no_dsp_1_ip_u/U0/i_synth/ADDSUB_OP.ADDSUB/LOGIC_SPEED.OP/NORM/ROUND/LOGIC.RND1/CHAIN_GEN[2].C_MUX.CARRY_MUX_CARRY4_CARRY8                                        | CLB.CARRY.CARRY8  |
    | grp_node_0_0_Pipeline_l_S_t_1_t_fu_256/hadd_16ns_16ns_16_3_no_dsp_1_U1/node_0_0_hadd_16ns_16ns_16_3_no_dsp_1_ip_u/U0/i_synth/ADDSUB_OP.ADDSUB/LOGIC_SPEED.OP/NORM/ROUND/LOGIC.RND2/CHAIN_GEN[5].Q_XOR.SUM_XOR_CARRY4_CARRY8                                          | CLB.CARRY.CARRY8  |
    | grp_node_0_0_Pipeline_l_S_t_1_t_fu_256/hadd_16ns_16ns_16_3_no_dsp_1_U1/node_0_0_hadd_16ns_16ns_16_3_no_dsp_1_ip_u/U0/i_synth/ADDSUB_OP.ADDSUB/LOGIC_SPEED.OP/NORM/ROUND/LOGIC.RND2/RESULT_REG.NORMAL.exp_op[1]_i_1                                                   | CLB.LUT.LUT6      |
    | grp_node_0_0_Pipeline_l_S_t_1_t_fu_256/hadd_16ns_16ns_16_3_no_dsp_1_U1/node_0_0_hadd_16ns_16ns_16_3_no_dsp_1_ip_u/U0/i_synth/ADDSUB_OP.ADDSUB/LOGIC_SPEED.OP/OP/RESULT_REG.NORMAL.exp_op_reg[1]                                                                      | REGISTER.SDR.FDRE |
    +----------------------------------------------------------------------------------------------------------------------------------------------------------------------------------------------------------------------------------------------------------------------+-------------------+

    +----------------------------------------------------------------------------------------------------------------------------------------------------------------------------------------------------------------------------------------------------------------------+-------------------+
    | Path9 Cells                                                                                                                                                                                                                                                          | Primitive Type    |
    +----------------------------------------------------------------------------------------------------------------------------------------------------------------------------------------------------------------------------------------------------------------------+-------------------+
    | grp_node_0_0_Pipeline_l_S_t_1_t_fu_256/hadd_16ns_16ns_16_3_no_dsp_1_U1/din1_buf1_reg[0]                                                                                                                                                                              | REGISTER.SDR.FDRE |
    | grp_node_0_0_Pipeline_l_S_t_1_t_fu_256/hadd_16ns_16ns_16_3_no_dsp_1_U1/node_0_0_hadd_16ns_16ns_16_3_no_dsp_1_ip_u/U0/i_synth/ADDSUB_OP.ADDSUB/LOGIC_SPEED.OP/EXP/NUMB_CMP/NOT_FAST.CMP/C_CHAIN/CHAIN_GEN[0].C_MUX.CARRY_MUX_i_2__1                                   | CLB.LUT.LUT4      |
    | grp_node_0_0_Pipeline_l_S_t_1_t_fu_256/hadd_16ns_16ns_16_3_no_dsp_1_U1/node_0_0_hadd_16ns_16ns_16_3_no_dsp_1_ip_u/U0/i_synth/ADDSUB_OP.ADDSUB/LOGIC_SPEED.OP/EXP/NUMB_CMP/NOT_FAST.CMP/C_CHAIN/CHAIN_GEN[0].C_MUX.CARRY_MUX_CARRY4_CARRY8                            | CLB.CARRY.CARRY8  |
    | grp_node_0_0_Pipeline_l_S_t_1_t_fu_256/hadd_16ns_16ns_16_3_no_dsp_1_U1/node_0_0_hadd_16ns_16ns_16_3_no_dsp_1_ip_u/U0/i_synth/ADDSUB_OP.ADDSUB/LOGIC_SPEED.OP/EXP/NUMB_CMP/NOT_FAST.CMP/C_CHAIN/CHAIN_GEN[1].C_MUX.CARRY_MUX_i_2__3                                   | CLB.LUT.LUT6      |
    | grp_node_0_0_Pipeline_l_S_t_1_t_fu_256/hadd_16ns_16ns_16_3_no_dsp_1_U1/node_0_0_hadd_16ns_16ns_16_3_no_dsp_1_ip_u/U0/i_synth/ADDSUB_OP.ADDSUB/LOGIC_SPEED.OP/EXP/NUMB_CMP/NOT_FAST.CMP/C_CHAIN/CHAIN_GEN[1].C_MUX.CARRY_MUX_i_1__5                                   | CLB.LUT.LUT4      |
    | grp_node_0_0_Pipeline_l_S_t_1_t_fu_256/hadd_16ns_16ns_16_3_no_dsp_1_U1/node_0_0_hadd_16ns_16ns_16_3_no_dsp_1_ip_u/U0/i_synth/ADDSUB_OP.ADDSUB/LOGIC_SPEED.OP/ALIGN_BLK/ALIGN_SHIFT/ALIGN_Z_D/EQ_ZERO/CARRY_ZERO_DET/CHAIN_GEN[0].C_MUX.CARRY_MUX_CARRY4_CARRY8       | CLB.CARRY.CARRY8  |
    | grp_node_0_0_Pipeline_l_S_t_1_t_fu_256/hadd_16ns_16ns_16_3_no_dsp_1_U1/node_0_0_hadd_16ns_16ns_16_3_no_dsp_1_ip_u/U0/i_synth/ADDSUB_OP.ADDSUB/LOGIC_SPEED.OP/EXP/NUMB_CMP/NOT_FAST.CMP/C_CHAIN/STRUCT_ADD1.CARRY_MUX2_i_7                                            | CLB.LUT.LUT5      |
    | grp_node_0_0_Pipeline_l_S_t_1_t_fu_256/hadd_16ns_16ns_16_3_no_dsp_1_U1/node_0_0_hadd_16ns_16ns_16_3_no_dsp_1_ip_u/U0/i_synth/ADDSUB_OP.ADDSUB/LOGIC_SPEED.OP/EXP/NUMB_CMP/NOT_FAST.CMP/C_CHAIN/STRUCT_ADD1.CARRY_MUX2_i_2                                            | CLB.LUT.LUT6      |
    | grp_node_0_0_Pipeline_l_S_t_1_t_fu_256/hadd_16ns_16ns_16_3_no_dsp_1_U1/node_0_0_hadd_16ns_16ns_16_3_no_dsp_1_ip_u/U0/i_synth/ADDSUB_OP.ADDSUB/LOGIC_SPEED.OP/EXP/NUMB_CMP/NOT_FAST.CMP/C_CHAIN/STRUCT_ADD1.CARRY_MUX2_i_1                                            | CLB.LUT.LUT6      |
    | grp_node_0_0_Pipeline_l_S_t_1_t_fu_256/hadd_16ns_16ns_16_3_no_dsp_1_U1/node_0_0_hadd_16ns_16ns_16_3_no_dsp_1_ip_u/U0/i_synth/ADDSUB_OP.ADDSUB/LOGIC_SPEED.OP/ALIGN_BLK/FRAC_ADDSUB/LOGIC_ADD.FRAC_ADDSUB/STRUCT_ADD1.CARRY_MUX1_CARRY4_CARRY8                        | CLB.CARRY.CARRY8  |
    | grp_node_0_0_Pipeline_l_S_t_1_t_fu_256/hadd_16ns_16ns_16_3_no_dsp_1_U1/node_0_0_hadd_16ns_16ns_16_3_no_dsp_1_ip_u/U0/i_synth/ADDSUB_OP.ADDSUB/LOGIC_SPEED.OP/ALIGN_BLK/FRAC_ADDSUB/LOGIC_ADD.FRAC_ADDSUB/STRUCT_ADD2.ADD1/CHAIN_GEN[0].C_MUX.CARRY_MUX_CARRY4_CARRY8 | CLB.CARRY.CARRY8  |
    | grp_node_0_0_Pipeline_l_S_t_1_t_fu_256/hadd_16ns_16ns_16_3_no_dsp_1_U1/node_0_0_hadd_16ns_16ns_16_3_no_dsp_1_ip_u/U0/i_synth/ADDSUB_OP.ADDSUB/LOGIC_SPEED.OP/ALIGN_BLK/FRAC_ADDSUB/LOGIC_ADD.FRAC_ADDSUB/STRUCT_ADD2.ADD1/CHAIN_GEN[0].C_MUX.CARRY_MUX_i_1__2        | CLB.LUT.LUT4      |
    | grp_node_0_0_Pipeline_l_S_t_1_t_fu_256/hadd_16ns_16ns_16_3_no_dsp_1_U1/node_0_0_hadd_16ns_16ns_16_3_no_dsp_1_ip_u/U0/i_synth/ADDSUB_OP.ADDSUB/LOGIC_SPEED.OP/NORM/LZE/ZERO_DET_CC_1/CHAIN_GEN[0].C_MUX.CARRY_MUX_CARRY4_CARRY8                                       | CLB.CARRY.CARRY8  |
    | grp_node_0_0_Pipeline_l_S_t_1_t_fu_256/hadd_16ns_16ns_16_3_no_dsp_1_U1/node_0_0_hadd_16ns_16ns_16_3_no_dsp_1_ip_u/U0/i_synth/ADDSUB_OP.ADDSUB/LOGIC_SPEED.OP/ALIGN_BLK/FRAC_ADDSUB/LOGIC_ADD.FRAC_ADDSUB/STRUCT_ADD2.ADD1/RESULT_REG.NORMAL.exp_op[2]_i_8            | CLB.LUT.LUT5      |
    | grp_node_0_0_Pipeline_l_S_t_1_t_fu_256/hadd_16ns_16ns_16_3_no_dsp_1_U1/node_0_0_hadd_16ns_16ns_16_3_no_dsp_1_ip_u/U0/i_synth/ADDSUB_OP.ADDSUB/LOGIC_SPEED.OP/ALIGN_BLK/FRAC_ADDSUB/LOGIC_ADD.FRAC_ADDSUB/STRUCT_ADD1.ADD1/RESULT_REG.NORMAL.exp_op[1]_i_3            | CLB.LUT.LUT5      |
    | grp_node_0_0_Pipeline_l_S_t_1_t_fu_256/hadd_16ns_16ns_16_3_no_dsp_1_U1/node_0_0_hadd_16ns_16ns_16_3_no_dsp_1_ip_u/U0/i_synth/ADDSUB_OP.ADDSUB/LOGIC_SPEED.OP/ALIGN_BLK/FRAC_ADDSUB/LOGIC_ADD.FRAC_ADDSUB/STRUCT_ADD1.ADD1/CHAIN_GEN[0].C_MUX.CARRY_MUX_i_6__0        | CLB.LUT.LUT5      |
    | grp_node_0_0_Pipeline_l_S_t_1_t_fu_256/hadd_16ns_16ns_16_3_no_dsp_1_U1/node_0_0_hadd_16ns_16ns_16_3_no_dsp_1_ip_u/U0/i_synth/ADDSUB_OP.ADDSUB/LOGIC_SPEED.OP/ALIGN_BLK/FRAC_ADDSUB/LOGIC_ADD.FRAC_ADDSUB/STRUCT_ADD1.ADD1/CHAIN_GEN[0].C_MUX.CARRY_MUX_i_3__0        | CLB.LUT.LUT6      |
    | grp_node_0_0_Pipeline_l_S_t_1_t_fu_256/hadd_16ns_16ns_16_3_no_dsp_1_U1/node_0_0_hadd_16ns_16ns_16_3_no_dsp_1_ip_u/U0/i_synth/ADDSUB_OP.ADDSUB/LOGIC_SPEED.OP/ALIGN_BLK/FRAC_ADDSUB/LOGIC_ADD.FRAC_ADDSUB/STRUCT_ADD1.ADD1/CHAIN_GEN[0].C_MUX.CARRY_MUX_i_1__10       | CLB.LUT.LUT5      |
    | grp_node_0_0_Pipeline_l_S_t_1_t_fu_256/hadd_16ns_16ns_16_3_no_dsp_1_U1/node_0_0_hadd_16ns_16ns_16_3_no_dsp_1_ip_u/U0/i_synth/ADDSUB_OP.ADDSUB/LOGIC_SPEED.OP/NORM/ROUND/RND_BIT_GEN/NORM_2.RND_CHAIN/CHAIN_GEN[0].C_MUX.CARRY_MUX_CARRY4_CARRY8                      | CLB.CARRY.CARRY8  |
    | grp_node_0_0_Pipeline_l_S_t_1_t_fu_256/hadd_16ns_16ns_16_3_no_dsp_1_U1/node_0_0_hadd_16ns_16ns_16_3_no_dsp_1_ip_u/U0/i_synth/ADDSUB_OP.ADDSUB/LOGIC_SPEED.OP/NORM/ROUND/LOGIC.RND1/CHAIN_GEN[2].C_MUX.CARRY_MUX_CARRY4_CARRY8                                        | CLB.CARRY.CARRY8  |
    | grp_node_0_0_Pipeline_l_S_t_1_t_fu_256/hadd_16ns_16ns_16_3_no_dsp_1_U1/node_0_0_hadd_16ns_16ns_16_3_no_dsp_1_ip_u/U0/i_synth/ADDSUB_OP.ADDSUB/LOGIC_SPEED.OP/NORM/ROUND/LOGIC.RND2/CHAIN_GEN[5].Q_XOR.SUM_XOR_CARRY4_CARRY8                                          | CLB.CARRY.CARRY8  |
    | grp_node_0_0_Pipeline_l_S_t_1_t_fu_256/hadd_16ns_16ns_16_3_no_dsp_1_U1/node_0_0_hadd_16ns_16ns_16_3_no_dsp_1_ip_u/U0/i_synth/ADDSUB_OP.ADDSUB/LOGIC_SPEED.OP/NORM/LZE/ZERO_DET_CC_1/RESULT_REG.NORMAL.exp_op[4]_i_3                                                  | CLB.LUT.LUT6      |
    | grp_node_0_0_Pipeline_l_S_t_1_t_fu_256/hadd_16ns_16ns_16_3_no_dsp_1_U1/node_0_0_hadd_16ns_16ns_16_3_no_dsp_1_ip_u/U0/i_synth/ADDSUB_OP.ADDSUB/LOGIC_SPEED.OP/NORM/LZE/ZERO_DET_CC_1/RESULT_REG.NORMAL.exp_op[3]_i_1                                                  | CLB.LUT.LUT6      |
    | grp_node_0_0_Pipeline_l_S_t_1_t_fu_256/hadd_16ns_16ns_16_3_no_dsp_1_U1/node_0_0_hadd_16ns_16ns_16_3_no_dsp_1_ip_u/U0/i_synth/ADDSUB_OP.ADDSUB/LOGIC_SPEED.OP/OP/RESULT_REG.NORMAL.exp_op_reg[3]                                                                      | REGISTER.SDR.FDRE |
    | grp_node_0_0_Pipeline_l_S_t_1_t_fu_256/hadd_16ns_16ns_16_3_no_dsp_1_U1/din1_buf1_reg[0]                                                                                                                                                                              | REGISTER.SDR.FDRE |
    | grp_node_0_0_Pipeline_l_S_t_1_t_fu_256/hadd_16ns_16ns_16_3_no_dsp_1_U1/node_0_0_hadd_16ns_16ns_16_3_no_dsp_1_ip_u/U0/i_synth/ADDSUB_OP.ADDSUB/LOGIC_SPEED.OP/EXP/NUMB_CMP/NOT_FAST.CMP/C_CHAIN/CHAIN_GEN[0].C_MUX.CARRY_MUX_i_2__1                                   | CLB.LUT.LUT4      |
    | grp_node_0_0_Pipeline_l_S_t_1_t_fu_256/hadd_16ns_16ns_16_3_no_dsp_1_U1/node_0_0_hadd_16ns_16ns_16_3_no_dsp_1_ip_u/U0/i_synth/ADDSUB_OP.ADDSUB/LOGIC_SPEED.OP/EXP/NUMB_CMP/NOT_FAST.CMP/C_CHAIN/CHAIN_GEN[0].C_MUX.CARRY_MUX_CARRY4_CARRY8                            | CLB.CARRY.CARRY8  |
    | grp_node_0_0_Pipeline_l_S_t_1_t_fu_256/hadd_16ns_16ns_16_3_no_dsp_1_U1/node_0_0_hadd_16ns_16ns_16_3_no_dsp_1_ip_u/U0/i_synth/ADDSUB_OP.ADDSUB/LOGIC_SPEED.OP/EXP/NUMB_CMP/NOT_FAST.CMP/C_CHAIN/CHAIN_GEN[1].C_MUX.CARRY_MUX_i_2__3                                   | CLB.LUT.LUT6      |
    | grp_node_0_0_Pipeline_l_S_t_1_t_fu_256/hadd_16ns_16ns_16_3_no_dsp_1_U1/node_0_0_hadd_16ns_16ns_16_3_no_dsp_1_ip_u/U0/i_synth/ADDSUB_OP.ADDSUB/LOGIC_SPEED.OP/EXP/NUMB_CMP/NOT_FAST.CMP/C_CHAIN/CHAIN_GEN[1].C_MUX.CARRY_MUX_i_1__5                                   | CLB.LUT.LUT4      |
    | grp_node_0_0_Pipeline_l_S_t_1_t_fu_256/hadd_16ns_16ns_16_3_no_dsp_1_U1/node_0_0_hadd_16ns_16ns_16_3_no_dsp_1_ip_u/U0/i_synth/ADDSUB_OP.ADDSUB/LOGIC_SPEED.OP/ALIGN_BLK/ALIGN_SHIFT/ALIGN_Z_D/EQ_ZERO/CARRY_ZERO_DET/CHAIN_GEN[0].C_MUX.CARRY_MUX_CARRY4_CARRY8       | CLB.CARRY.CARRY8  |
    | grp_node_0_0_Pipeline_l_S_t_1_t_fu_256/hadd_16ns_16ns_16_3_no_dsp_1_U1/node_0_0_hadd_16ns_16ns_16_3_no_dsp_1_ip_u/U0/i_synth/ADDSUB_OP.ADDSUB/LOGIC_SPEED.OP/EXP/NUMB_CMP/NOT_FAST.CMP/C_CHAIN/STRUCT_ADD1.CARRY_MUX2_i_7                                            | CLB.LUT.LUT5      |
    | grp_node_0_0_Pipeline_l_S_t_1_t_fu_256/hadd_16ns_16ns_16_3_no_dsp_1_U1/node_0_0_hadd_16ns_16ns_16_3_no_dsp_1_ip_u/U0/i_synth/ADDSUB_OP.ADDSUB/LOGIC_SPEED.OP/EXP/NUMB_CMP/NOT_FAST.CMP/C_CHAIN/STRUCT_ADD1.CARRY_MUX2_i_2                                            | CLB.LUT.LUT6      |
    | grp_node_0_0_Pipeline_l_S_t_1_t_fu_256/hadd_16ns_16ns_16_3_no_dsp_1_U1/node_0_0_hadd_16ns_16ns_16_3_no_dsp_1_ip_u/U0/i_synth/ADDSUB_OP.ADDSUB/LOGIC_SPEED.OP/EXP/NUMB_CMP/NOT_FAST.CMP/C_CHAIN/STRUCT_ADD1.CARRY_MUX2_i_1                                            | CLB.LUT.LUT6      |
    | grp_node_0_0_Pipeline_l_S_t_1_t_fu_256/hadd_16ns_16ns_16_3_no_dsp_1_U1/node_0_0_hadd_16ns_16ns_16_3_no_dsp_1_ip_u/U0/i_synth/ADDSUB_OP.ADDSUB/LOGIC_SPEED.OP/ALIGN_BLK/FRAC_ADDSUB/LOGIC_ADD.FRAC_ADDSUB/STRUCT_ADD1.CARRY_MUX1_CARRY4_CARRY8                        | CLB.CARRY.CARRY8  |
    | grp_node_0_0_Pipeline_l_S_t_1_t_fu_256/hadd_16ns_16ns_16_3_no_dsp_1_U1/node_0_0_hadd_16ns_16ns_16_3_no_dsp_1_ip_u/U0/i_synth/ADDSUB_OP.ADDSUB/LOGIC_SPEED.OP/ALIGN_BLK/FRAC_ADDSUB/LOGIC_ADD.FRAC_ADDSUB/STRUCT_ADD2.ADD1/CHAIN_GEN[0].C_MUX.CARRY_MUX_CARRY4_CARRY8 | CLB.CARRY.CARRY8  |
    | grp_node_0_0_Pipeline_l_S_t_1_t_fu_256/hadd_16ns_16ns_16_3_no_dsp_1_U1/node_0_0_hadd_16ns_16ns_16_3_no_dsp_1_ip_u/U0/i_synth/ADDSUB_OP.ADDSUB/LOGIC_SPEED.OP/ALIGN_BLK/FRAC_ADDSUB/LOGIC_ADD.FRAC_ADDSUB/STRUCT_ADD2.ADD1/CHAIN_GEN[0].C_MUX.CARRY_MUX_i_1__2        | CLB.LUT.LUT4      |
    | grp_node_0_0_Pipeline_l_S_t_1_t_fu_256/hadd_16ns_16ns_16_3_no_dsp_1_U1/node_0_0_hadd_16ns_16ns_16_3_no_dsp_1_ip_u/U0/i_synth/ADDSUB_OP.ADDSUB/LOGIC_SPEED.OP/NORM/LZE/ZERO_DET_CC_1/CHAIN_GEN[0].C_MUX.CARRY_MUX_CARRY4_CARRY8                                       | CLB.CARRY.CARRY8  |
    | grp_node_0_0_Pipeline_l_S_t_1_t_fu_256/hadd_16ns_16ns_16_3_no_dsp_1_U1/node_0_0_hadd_16ns_16ns_16_3_no_dsp_1_ip_u/U0/i_synth/ADDSUB_OP.ADDSUB/LOGIC_SPEED.OP/ALIGN_BLK/FRAC_ADDSUB/LOGIC_ADD.FRAC_ADDSUB/STRUCT_ADD2.ADD1/RESULT_REG.NORMAL.exp_op[2]_i_8            | CLB.LUT.LUT5      |
    | grp_node_0_0_Pipeline_l_S_t_1_t_fu_256/hadd_16ns_16ns_16_3_no_dsp_1_U1/node_0_0_hadd_16ns_16ns_16_3_no_dsp_1_ip_u/U0/i_synth/ADDSUB_OP.ADDSUB/LOGIC_SPEED.OP/ALIGN_BLK/FRAC_ADDSUB/LOGIC_ADD.FRAC_ADDSUB/STRUCT_ADD1.ADD1/RESULT_REG.NORMAL.exp_op[1]_i_3            | CLB.LUT.LUT5      |
    | grp_node_0_0_Pipeline_l_S_t_1_t_fu_256/hadd_16ns_16ns_16_3_no_dsp_1_U1/node_0_0_hadd_16ns_16ns_16_3_no_dsp_1_ip_u/U0/i_synth/ADDSUB_OP.ADDSUB/LOGIC_SPEED.OP/ALIGN_BLK/FRAC_ADDSUB/LOGIC_ADD.FRAC_ADDSUB/STRUCT_ADD1.ADD1/CHAIN_GEN[0].C_MUX.CARRY_MUX_i_6__0        | CLB.LUT.LUT5      |
    | grp_node_0_0_Pipeline_l_S_t_1_t_fu_256/hadd_16ns_16ns_16_3_no_dsp_1_U1/node_0_0_hadd_16ns_16ns_16_3_no_dsp_1_ip_u/U0/i_synth/ADDSUB_OP.ADDSUB/LOGIC_SPEED.OP/ALIGN_BLK/FRAC_ADDSUB/LOGIC_ADD.FRAC_ADDSUB/STRUCT_ADD1.ADD1/CHAIN_GEN[0].C_MUX.CARRY_MUX_i_3__0        | CLB.LUT.LUT6      |
    | grp_node_0_0_Pipeline_l_S_t_1_t_fu_256/hadd_16ns_16ns_16_3_no_dsp_1_U1/node_0_0_hadd_16ns_16ns_16_3_no_dsp_1_ip_u/U0/i_synth/ADDSUB_OP.ADDSUB/LOGIC_SPEED.OP/ALIGN_BLK/FRAC_ADDSUB/LOGIC_ADD.FRAC_ADDSUB/STRUCT_ADD1.ADD1/CHAIN_GEN[0].C_MUX.CARRY_MUX_i_1__10       | CLB.LUT.LUT5      |
    | grp_node_0_0_Pipeline_l_S_t_1_t_fu_256/hadd_16ns_16ns_16_3_no_dsp_1_U1/node_0_0_hadd_16ns_16ns_16_3_no_dsp_1_ip_u/U0/i_synth/ADDSUB_OP.ADDSUB/LOGIC_SPEED.OP/NORM/ROUND/RND_BIT_GEN/NORM_2.RND_CHAIN/CHAIN_GEN[0].C_MUX.CARRY_MUX_CARRY4_CARRY8                      | CLB.CARRY.CARRY8  |
    | grp_node_0_0_Pipeline_l_S_t_1_t_fu_256/hadd_16ns_16ns_16_3_no_dsp_1_U1/node_0_0_hadd_16ns_16ns_16_3_no_dsp_1_ip_u/U0/i_synth/ADDSUB_OP.ADDSUB/LOGIC_SPEED.OP/NORM/ROUND/LOGIC.RND1/CHAIN_GEN[2].C_MUX.CARRY_MUX_CARRY4_CARRY8                                        | CLB.CARRY.CARRY8  |
    | grp_node_0_0_Pipeline_l_S_t_1_t_fu_256/hadd_16ns_16ns_16_3_no_dsp_1_U1/node_0_0_hadd_16ns_16ns_16_3_no_dsp_1_ip_u/U0/i_synth/ADDSUB_OP.ADDSUB/LOGIC_SPEED.OP/NORM/ROUND/LOGIC.RND2/CHAIN_GEN[5].Q_XOR.SUM_XOR_CARRY4_CARRY8                                          | CLB.CARRY.CARRY8  |
    | grp_node_0_0_Pipeline_l_S_t_1_t_fu_256/hadd_16ns_16ns_16_3_no_dsp_1_U1/node_0_0_hadd_16ns_16ns_16_3_no_dsp_1_ip_u/U0/i_synth/ADDSUB_OP.ADDSUB/LOGIC_SPEED.OP/NORM/LZE/ZERO_DET_CC_1/RESULT_REG.NORMAL.exp_op[4]_i_3                                                  | CLB.LUT.LUT6      |
    | grp_node_0_0_Pipeline_l_S_t_1_t_fu_256/hadd_16ns_16ns_16_3_no_dsp_1_U1/node_0_0_hadd_16ns_16ns_16_3_no_dsp_1_ip_u/U0/i_synth/ADDSUB_OP.ADDSUB/LOGIC_SPEED.OP/NORM/LZE/ZERO_DET_CC_1/RESULT_REG.NORMAL.exp_op[4]_i_1                                                  | CLB.LUT.LUT6      |
    | grp_node_0_0_Pipeline_l_S_t_1_t_fu_256/hadd_16ns_16ns_16_3_no_dsp_1_U1/node_0_0_hadd_16ns_16ns_16_3_no_dsp_1_ip_u/U0/i_synth/ADDSUB_OP.ADDSUB/LOGIC_SPEED.OP/OP/RESULT_REG.NORMAL.exp_op_reg[4]                                                                      | REGISTER.SDR.FDRE |
    | grp_node_0_0_Pipeline_l_S_t_1_t_fu_256/hadd_16ns_16ns_16_3_no_dsp_1_U1/din1_buf1_reg[0]                                                                                                                                                                              | REGISTER.SDR.FDRE |
    | grp_node_0_0_Pipeline_l_S_t_1_t_fu_256/hsub_16ns_16ns_16_3_no_dsp_1_U2/node_0_0_hsub_16ns_16ns_16_3_no_dsp_1_ip_u/U0/i_synth/ADDSUB_OP.ADDSUB/LOGIC_SPEED.OP/EXP/NUMB_CMP/NOT_FAST.CMP/C_CHAIN/CHAIN_GEN[0].C_MUX.CARRY_MUX_i_2__1                                   | CLB.LUT.LUT4      |
    | grp_node_0_0_Pipeline_l_S_t_1_t_fu_256/hsub_16ns_16ns_16_3_no_dsp_1_U2/node_0_0_hsub_16ns_16ns_16_3_no_dsp_1_ip_u/U0/i_synth/ADDSUB_OP.ADDSUB/LOGIC_SPEED.OP/EXP/NUMB_CMP/NOT_FAST.CMP/C_CHAIN/CHAIN_GEN[0].C_MUX.CARRY_MUX_CARRY4_CARRY8                            | CLB.CARRY.CARRY8  |
    | grp_node_0_0_Pipeline_l_S_t_1_t_fu_256/hsub_16ns_16ns_16_3_no_dsp_1_U2/node_0_0_hsub_16ns_16ns_16_3_no_dsp_1_ip_u/U0/i_synth/ADDSUB_OP.ADDSUB/LOGIC_SPEED.OP/EXP/NUMB_CMP/NOT_FAST.CMP/C_CHAIN/CHAIN_GEN[1].C_MUX.CARRY_MUX_i_2__2                                   | CLB.LUT.LUT6      |
    | grp_node_0_0_Pipeline_l_S_t_1_t_fu_256/hsub_16ns_16ns_16_3_no_dsp_1_U2/node_0_0_hsub_16ns_16ns_16_3_no_dsp_1_ip_u/U0/i_synth/ADDSUB_OP.ADDSUB/LOGIC_SPEED.OP/EXP/NUMB_CMP/NOT_FAST.CMP/C_CHAIN/CHAIN_GEN[1].C_MUX.CARRY_MUX_i_1__1                                   | CLB.LUT.LUT4      |
    | grp_node_0_0_Pipeline_l_S_t_1_t_fu_256/hsub_16ns_16ns_16_3_no_dsp_1_U2/node_0_0_hsub_16ns_16ns_16_3_no_dsp_1_ip_u/U0/i_synth/ADDSUB_OP.ADDSUB/LOGIC_SPEED.OP/ALIGN_BLK/ALIGN_SHIFT/ALIGN_Z_D/EQ_ZERO/CARRY_ZERO_DET/CHAIN_GEN[0].C_MUX.CARRY_MUX_CARRY4_CARRY8       | CLB.CARRY.CARRY8  |
    | grp_node_0_0_Pipeline_l_S_t_1_t_fu_256/hsub_16ns_16ns_16_3_no_dsp_1_U2/node_0_0_hsub_16ns_16ns_16_3_no_dsp_1_ip_u/U0/i_synth/ADDSUB_OP.ADDSUB/LOGIC_SPEED.OP/ALIGN_BLK/ALIGN_SHIFT/ALIGN_Z_D/EQ_ZERO/CARRY_ZERO_DET/STRUCT_ADD1.CARRY_MUX2_i_7                       | CLB.LUT.LUT5      |
    | grp_node_0_0_Pipeline_l_S_t_1_t_fu_256/hsub_16ns_16ns_16_3_no_dsp_1_U2/node_0_0_hsub_16ns_16ns_16_3_no_dsp_1_ip_u/U0/i_synth/ADDSUB_OP.ADDSUB/LOGIC_SPEED.OP/EXP/NUMB_CMP/NOT_FAST.CMP/C_CHAIN/STRUCT_ADD1.CARRY_MUX2_i_1                                            | CLB.LUT.LUT6      |
    | grp_node_0_0_Pipeline_l_S_t_1_t_fu_256/hsub_16ns_16ns_16_3_no_dsp_1_U2/node_0_0_hsub_16ns_16ns_16_3_no_dsp_1_ip_u/U0/i_synth/ADDSUB_OP.ADDSUB/LOGIC_SPEED.OP/ALIGN_BLK/FRAC_ADDSUB/LOGIC_ADD.FRAC_ADDSUB/STRUCT_ADD1.CARRY_MUX1_CARRY4_CARRY8                        | CLB.CARRY.CARRY8  |
    | grp_node_0_0_Pipeline_l_S_t_1_t_fu_256/hsub_16ns_16ns_16_3_no_dsp_1_U2/node_0_0_hsub_16ns_16ns_16_3_no_dsp_1_ip_u/U0/i_synth/ADDSUB_OP.ADDSUB/LOGIC_SPEED.OP/ALIGN_BLK/FRAC_ADDSUB/LOGIC_ADD.FRAC_ADDSUB/STRUCT_ADD2.ADD1/CHAIN_GEN[0].C_MUX.CARRY_MUX_CARRY4_CARRY8 | CLB.CARRY.CARRY8  |
    | grp_node_0_0_Pipeline_l_S_t_1_t_fu_256/hsub_16ns_16ns_16_3_no_dsp_1_U2/node_0_0_hsub_16ns_16ns_16_3_no_dsp_1_ip_u/U0/i_synth/ADDSUB_OP.ADDSUB/LOGIC_SPEED.OP/ALIGN_BLK/FRAC_ADDSUB/LOGIC_ADD.FRAC_ADDSUB/STRUCT_ADD2.ADD1/CHAIN_GEN[0].C_MUX.CARRY_MUX_i_1__5        | CLB.LUT.LUT4      |
    | grp_node_0_0_Pipeline_l_S_t_1_t_fu_256/hsub_16ns_16ns_16_3_no_dsp_1_U2/node_0_0_hsub_16ns_16ns_16_3_no_dsp_1_ip_u/U0/i_synth/ADDSUB_OP.ADDSUB/LOGIC_SPEED.OP/NORM/LZE/ZERO_DET_CC_1/CHAIN_GEN[0].C_MUX.CARRY_MUX_CARRY4_CARRY8                                       | CLB.CARRY.CARRY8  |
    | grp_node_0_0_Pipeline_l_S_t_1_t_fu_256/hsub_16ns_16ns_16_3_no_dsp_1_U2/node_0_0_hsub_16ns_16ns_16_3_no_dsp_1_ip_u/U0/i_synth/ADDSUB_OP.ADDSUB/LOGIC_SPEED.OP/ALIGN_BLK/FRAC_ADDSUB/LOGIC_ADD.FRAC_ADDSUB/STRUCT_ADD1.ADD1/CHAIN_GEN[1].C_MUX.CARRY_MUX_i_6           | CLB.LUT.LUT6      |
    | grp_node_0_0_Pipeline_l_S_t_1_t_fu_256/hsub_16ns_16ns_16_3_no_dsp_1_U2/node_0_0_hsub_16ns_16ns_16_3_no_dsp_1_ip_u/U0/i_synth/ADDSUB_OP.ADDSUB/LOGIC_SPEED.OP/ALIGN_BLK/FRAC_ADDSUB/LOGIC_ADD.FRAC_ADDSUB/STRUCT_ADD2.ADD1/CHAIN_GEN[1].C_MUX.CARRY_MUX_i_2__3        | CLB.LUT.LUT6      |
    | grp_node_0_0_Pipeline_l_S_t_1_t_fu_256/hsub_16ns_16ns_16_3_no_dsp_1_U2/node_0_0_hsub_16ns_16ns_16_3_no_dsp_1_ip_u/U0/i_synth/ADDSUB_OP.ADDSUB/LOGIC_SPEED.OP/ALIGN_BLK/FRAC_ADDSUB/LOGIC_ADD.FRAC_ADDSUB/STRUCT_ADD2.ADD1/CHAIN_GEN[0].C_MUX.CARRY_MUX_i_7__0        | CLB.LUT.LUT5      |
    | grp_node_0_0_Pipeline_l_S_t_1_t_fu_256/hsub_16ns_16ns_16_3_no_dsp_1_U2/node_0_0_hsub_16ns_16ns_16_3_no_dsp_1_ip_u/U0/i_synth/ADDSUB_OP.ADDSUB/LOGIC_SPEED.OP/ALIGN_BLK/FRAC_ADDSUB/LOGIC_ADD.FRAC_ADDSUB/STRUCT_ADD1.ADD1/CHAIN_GEN[0].C_MUX.CARRY_MUX_i_5__0        | CLB.LUT.LUT6      |
    | grp_node_0_0_Pipeline_l_S_t_1_t_fu_256/hsub_16ns_16ns_16_3_no_dsp_1_U2/node_0_0_hsub_16ns_16ns_16_3_no_dsp_1_ip_u/U0/i_synth/ADDSUB_OP.ADDSUB/LOGIC_SPEED.OP/ALIGN_BLK/FRAC_ADDSUB/LOGIC_ADD.FRAC_ADDSUB/STRUCT_ADD1.ADD1/CHAIN_GEN[0].C_MUX.CARRY_MUX_i_1__9        | CLB.LUT.LUT6      |
    | grp_node_0_0_Pipeline_l_S_t_1_t_fu_256/hsub_16ns_16ns_16_3_no_dsp_1_U2/node_0_0_hsub_16ns_16ns_16_3_no_dsp_1_ip_u/U0/i_synth/ADDSUB_OP.ADDSUB/LOGIC_SPEED.OP/NORM/ROUND/RND_BIT_GEN/NORM_2.RND_CHAIN/CHAIN_GEN[0].C_MUX.CARRY_MUX_CARRY4_CARRY8                      | CLB.CARRY.CARRY8  |
    | grp_node_0_0_Pipeline_l_S_t_1_t_fu_256/hsub_16ns_16ns_16_3_no_dsp_1_U2/node_0_0_hsub_16ns_16ns_16_3_no_dsp_1_ip_u/U0/i_synth/ADDSUB_OP.ADDSUB/LOGIC_SPEED.OP/NORM/ROUND/LOGIC.RND1/CHAIN_GEN[2].C_MUX.CARRY_MUX_CARRY4_CARRY8                                        | CLB.CARRY.CARRY8  |
    | grp_node_0_0_Pipeline_l_S_t_1_t_fu_256/hsub_16ns_16ns_16_3_no_dsp_1_U2/node_0_0_hsub_16ns_16ns_16_3_no_dsp_1_ip_u/U0/i_synth/ADDSUB_OP.ADDSUB/LOGIC_SPEED.OP/NORM/ROUND/LOGIC.RND2/CHAIN_GEN[5].Q_XOR.SUM_XOR_CARRY4_CARRY8                                          | CLB.CARRY.CARRY8  |
    | grp_node_0_0_Pipeline_l_S_t_1_t_fu_256/hsub_16ns_16ns_16_3_no_dsp_1_U2/node_0_0_hsub_16ns_16ns_16_3_no_dsp_1_ip_u/U0/i_synth/ADDSUB_OP.ADDSUB/LOGIC_SPEED.OP/ALIGN_BLK/FRAC_ADDSUB/LOGIC_ADD.FRAC_ADDSUB/STRUCT_ADD1.ADD1/RESULT_REG.NORMAL.exp_op[0]_i_2            | CLB.LUT.LUT6      |
    | grp_node_0_0_Pipeline_l_S_t_1_t_fu_256/hsub_16ns_16ns_16_3_no_dsp_1_U2/node_0_0_hsub_16ns_16ns_16_3_no_dsp_1_ip_u/U0/i_synth/ADDSUB_OP.ADDSUB/LOGIC_SPEED.OP/EXP/EXP_OFF.STRUCT_ADD/RESULT_REG.NORMAL.exp_op[0]_i_1                                                  | CLB.LUT.LUT6      |
    | grp_node_0_0_Pipeline_l_S_t_1_t_fu_256/hsub_16ns_16ns_16_3_no_dsp_1_U2/node_0_0_hsub_16ns_16ns_16_3_no_dsp_1_ip_u/U0/i_synth/ADDSUB_OP.ADDSUB/LOGIC_SPEED.OP/OP/RESULT_REG.NORMAL.exp_op_reg[0]                                                                      | REGISTER.SDR.FDRE |
    | grp_node_0_0_Pipeline_l_S_t_1_t_fu_256/hadd_16ns_16ns_16_3_no_dsp_1_U1/din1_buf1_reg[0]                                                                                                                                                                              | REGISTER.SDR.FDRE |
    | grp_node_0_0_Pipeline_l_S_t_1_t_fu_256/hsub_16ns_16ns_16_3_no_dsp_1_U2/node_0_0_hsub_16ns_16ns_16_3_no_dsp_1_ip_u/U0/i_synth/ADDSUB_OP.ADDSUB/LOGIC_SPEED.OP/EXP/NUMB_CMP/NOT_FAST.CMP/C_CHAIN/CHAIN_GEN[0].C_MUX.CARRY_MUX_i_2__1                                   | CLB.LUT.LUT4      |
    | grp_node_0_0_Pipeline_l_S_t_1_t_fu_256/hsub_16ns_16ns_16_3_no_dsp_1_U2/node_0_0_hsub_16ns_16ns_16_3_no_dsp_1_ip_u/U0/i_synth/ADDSUB_OP.ADDSUB/LOGIC_SPEED.OP/EXP/NUMB_CMP/NOT_FAST.CMP/C_CHAIN/CHAIN_GEN[0].C_MUX.CARRY_MUX_CARRY4_CARRY8                            | CLB.CARRY.CARRY8  |
    | grp_node_0_0_Pipeline_l_S_t_1_t_fu_256/hsub_16ns_16ns_16_3_no_dsp_1_U2/node_0_0_hsub_16ns_16ns_16_3_no_dsp_1_ip_u/U0/i_synth/ADDSUB_OP.ADDSUB/LOGIC_SPEED.OP/EXP/NUMB_CMP/NOT_FAST.CMP/C_CHAIN/CHAIN_GEN[1].C_MUX.CARRY_MUX_i_2__2                                   | CLB.LUT.LUT6      |
    | grp_node_0_0_Pipeline_l_S_t_1_t_fu_256/hsub_16ns_16ns_16_3_no_dsp_1_U2/node_0_0_hsub_16ns_16ns_16_3_no_dsp_1_ip_u/U0/i_synth/ADDSUB_OP.ADDSUB/LOGIC_SPEED.OP/EXP/NUMB_CMP/NOT_FAST.CMP/C_CHAIN/CHAIN_GEN[1].C_MUX.CARRY_MUX_i_1__1                                   | CLB.LUT.LUT4      |
    | grp_node_0_0_Pipeline_l_S_t_1_t_fu_256/hsub_16ns_16ns_16_3_no_dsp_1_U2/node_0_0_hsub_16ns_16ns_16_3_no_dsp_1_ip_u/U0/i_synth/ADDSUB_OP.ADDSUB/LOGIC_SPEED.OP/ALIGN_BLK/ALIGN_SHIFT/ALIGN_Z_D/EQ_ZERO/CARRY_ZERO_DET/CHAIN_GEN[0].C_MUX.CARRY_MUX_CARRY4_CARRY8       | CLB.CARRY.CARRY8  |
    | grp_node_0_0_Pipeline_l_S_t_1_t_fu_256/hsub_16ns_16ns_16_3_no_dsp_1_U2/node_0_0_hsub_16ns_16ns_16_3_no_dsp_1_ip_u/U0/i_synth/ADDSUB_OP.ADDSUB/LOGIC_SPEED.OP/ALIGN_BLK/ALIGN_SHIFT/ALIGN_Z_D/EQ_ZERO/CARRY_ZERO_DET/STRUCT_ADD1.CARRY_MUX2_i_7                       | CLB.LUT.LUT5      |
    | grp_node_0_0_Pipeline_l_S_t_1_t_fu_256/hsub_16ns_16ns_16_3_no_dsp_1_U2/node_0_0_hsub_16ns_16ns_16_3_no_dsp_1_ip_u/U0/i_synth/ADDSUB_OP.ADDSUB/LOGIC_SPEED.OP/EXP/NUMB_CMP/NOT_FAST.CMP/C_CHAIN/STRUCT_ADD1.CARRY_MUX2_i_1                                            | CLB.LUT.LUT6      |
    | grp_node_0_0_Pipeline_l_S_t_1_t_fu_256/hsub_16ns_16ns_16_3_no_dsp_1_U2/node_0_0_hsub_16ns_16ns_16_3_no_dsp_1_ip_u/U0/i_synth/ADDSUB_OP.ADDSUB/LOGIC_SPEED.OP/ALIGN_BLK/FRAC_ADDSUB/LOGIC_ADD.FRAC_ADDSUB/STRUCT_ADD1.CARRY_MUX1_CARRY4_CARRY8                        | CLB.CARRY.CARRY8  |
    | grp_node_0_0_Pipeline_l_S_t_1_t_fu_256/hsub_16ns_16ns_16_3_no_dsp_1_U2/node_0_0_hsub_16ns_16ns_16_3_no_dsp_1_ip_u/U0/i_synth/ADDSUB_OP.ADDSUB/LOGIC_SPEED.OP/ALIGN_BLK/FRAC_ADDSUB/LOGIC_ADD.FRAC_ADDSUB/STRUCT_ADD2.ADD1/CHAIN_GEN[0].C_MUX.CARRY_MUX_CARRY4_CARRY8 | CLB.CARRY.CARRY8  |
    | grp_node_0_0_Pipeline_l_S_t_1_t_fu_256/hsub_16ns_16ns_16_3_no_dsp_1_U2/node_0_0_hsub_16ns_16ns_16_3_no_dsp_1_ip_u/U0/i_synth/ADDSUB_OP.ADDSUB/LOGIC_SPEED.OP/ALIGN_BLK/FRAC_ADDSUB/LOGIC_ADD.FRAC_ADDSUB/STRUCT_ADD2.ADD1/CHAIN_GEN[0].C_MUX.CARRY_MUX_i_1__5        | CLB.LUT.LUT4      |
    | grp_node_0_0_Pipeline_l_S_t_1_t_fu_256/hsub_16ns_16ns_16_3_no_dsp_1_U2/node_0_0_hsub_16ns_16ns_16_3_no_dsp_1_ip_u/U0/i_synth/ADDSUB_OP.ADDSUB/LOGIC_SPEED.OP/NORM/LZE/ZERO_DET_CC_1/CHAIN_GEN[0].C_MUX.CARRY_MUX_CARRY4_CARRY8                                       | CLB.CARRY.CARRY8  |
    | grp_node_0_0_Pipeline_l_S_t_1_t_fu_256/hsub_16ns_16ns_16_3_no_dsp_1_U2/node_0_0_hsub_16ns_16ns_16_3_no_dsp_1_ip_u/U0/i_synth/ADDSUB_OP.ADDSUB/LOGIC_SPEED.OP/ALIGN_BLK/FRAC_ADDSUB/LOGIC_ADD.FRAC_ADDSUB/STRUCT_ADD1.ADD1/CHAIN_GEN[1].C_MUX.CARRY_MUX_i_6           | CLB.LUT.LUT6      |
    | grp_node_0_0_Pipeline_l_S_t_1_t_fu_256/hsub_16ns_16ns_16_3_no_dsp_1_U2/node_0_0_hsub_16ns_16ns_16_3_no_dsp_1_ip_u/U0/i_synth/ADDSUB_OP.ADDSUB/LOGIC_SPEED.OP/ALIGN_BLK/FRAC_ADDSUB/LOGIC_ADD.FRAC_ADDSUB/STRUCT_ADD2.ADD1/CHAIN_GEN[1].C_MUX.CARRY_MUX_i_2__3        | CLB.LUT.LUT6      |
    | grp_node_0_0_Pipeline_l_S_t_1_t_fu_256/hsub_16ns_16ns_16_3_no_dsp_1_U2/node_0_0_hsub_16ns_16ns_16_3_no_dsp_1_ip_u/U0/i_synth/ADDSUB_OP.ADDSUB/LOGIC_SPEED.OP/ALIGN_BLK/FRAC_ADDSUB/LOGIC_ADD.FRAC_ADDSUB/STRUCT_ADD2.ADD1/CHAIN_GEN[0].C_MUX.CARRY_MUX_i_7__0        | CLB.LUT.LUT5      |
    | grp_node_0_0_Pipeline_l_S_t_1_t_fu_256/hsub_16ns_16ns_16_3_no_dsp_1_U2/node_0_0_hsub_16ns_16ns_16_3_no_dsp_1_ip_u/U0/i_synth/ADDSUB_OP.ADDSUB/LOGIC_SPEED.OP/ALIGN_BLK/FRAC_ADDSUB/LOGIC_ADD.FRAC_ADDSUB/STRUCT_ADD1.ADD1/CHAIN_GEN[0].C_MUX.CARRY_MUX_i_5__0        | CLB.LUT.LUT6      |
    | grp_node_0_0_Pipeline_l_S_t_1_t_fu_256/hsub_16ns_16ns_16_3_no_dsp_1_U2/node_0_0_hsub_16ns_16ns_16_3_no_dsp_1_ip_u/U0/i_synth/ADDSUB_OP.ADDSUB/LOGIC_SPEED.OP/ALIGN_BLK/FRAC_ADDSUB/LOGIC_ADD.FRAC_ADDSUB/STRUCT_ADD1.ADD1/CHAIN_GEN[0].C_MUX.CARRY_MUX_i_1__9        | CLB.LUT.LUT6      |
    | grp_node_0_0_Pipeline_l_S_t_1_t_fu_256/hsub_16ns_16ns_16_3_no_dsp_1_U2/node_0_0_hsub_16ns_16ns_16_3_no_dsp_1_ip_u/U0/i_synth/ADDSUB_OP.ADDSUB/LOGIC_SPEED.OP/NORM/ROUND/RND_BIT_GEN/NORM_2.RND_CHAIN/CHAIN_GEN[0].C_MUX.CARRY_MUX_CARRY4_CARRY8                      | CLB.CARRY.CARRY8  |
    | grp_node_0_0_Pipeline_l_S_t_1_t_fu_256/hsub_16ns_16ns_16_3_no_dsp_1_U2/node_0_0_hsub_16ns_16ns_16_3_no_dsp_1_ip_u/U0/i_synth/ADDSUB_OP.ADDSUB/LOGIC_SPEED.OP/NORM/ROUND/LOGIC.RND1/CHAIN_GEN[2].C_MUX.CARRY_MUX_CARRY4_CARRY8                                        | CLB.CARRY.CARRY8  |
    | grp_node_0_0_Pipeline_l_S_t_1_t_fu_256/hsub_16ns_16ns_16_3_no_dsp_1_U2/node_0_0_hsub_16ns_16ns_16_3_no_dsp_1_ip_u/U0/i_synth/ADDSUB_OP.ADDSUB/LOGIC_SPEED.OP/NORM/ROUND/LOGIC.RND2/CHAIN_GEN[5].Q_XOR.SUM_XOR_CARRY4_CARRY8                                          | CLB.CARRY.CARRY8  |
    | grp_node_0_0_Pipeline_l_S_t_1_t_fu_256/hsub_16ns_16ns_16_3_no_dsp_1_U2/node_0_0_hsub_16ns_16ns_16_3_no_dsp_1_ip_u/U0/i_synth/ADDSUB_OP.ADDSUB/LOGIC_SPEED.OP/EXP/EXP_OFF.STRUCT_ADD/RESULT_REG.NORMAL.exp_op[1]_i_2                                                  | CLB.LUT.LUT5      |
    | grp_node_0_0_Pipeline_l_S_t_1_t_fu_256/hsub_16ns_16ns_16_3_no_dsp_1_U2/node_0_0_hsub_16ns_16ns_16_3_no_dsp_1_ip_u/U0/i_synth/ADDSUB_OP.ADDSUB/LOGIC_SPEED.OP/EXP/EXP_OFF.STRUCT_ADD/RESULT_REG.NORMAL.exp_op[1]_i_1                                                  | CLB.LUT.LUT6      |
    | grp_node_0_0_Pipeline_l_S_t_1_t_fu_256/hsub_16ns_16ns_16_3_no_dsp_1_U2/node_0_0_hsub_16ns_16ns_16_3_no_dsp_1_ip_u/U0/i_synth/ADDSUB_OP.ADDSUB/LOGIC_SPEED.OP/OP/RESULT_REG.NORMAL.exp_op_reg[1]                                                                      | REGISTER.SDR.FDRE |
    | grp_node_0_0_Pipeline_l_S_t_1_t_fu_256/hadd_16ns_16ns_16_3_no_dsp_1_U1/din1_buf1_reg[0]                                                                                                                                                                              | REGISTER.SDR.FDRE |
    | grp_node_0_0_Pipeline_l_S_t_1_t_fu_256/hsub_16ns_16ns_16_3_no_dsp_1_U2/node_0_0_hsub_16ns_16ns_16_3_no_dsp_1_ip_u/U0/i_synth/ADDSUB_OP.ADDSUB/LOGIC_SPEED.OP/EXP/NUMB_CMP/NOT_FAST.CMP/C_CHAIN/CHAIN_GEN[0].C_MUX.CARRY_MUX_i_2__1                                   | CLB.LUT.LUT4      |
    | grp_node_0_0_Pipeline_l_S_t_1_t_fu_256/hsub_16ns_16ns_16_3_no_dsp_1_U2/node_0_0_hsub_16ns_16ns_16_3_no_dsp_1_ip_u/U0/i_synth/ADDSUB_OP.ADDSUB/LOGIC_SPEED.OP/EXP/NUMB_CMP/NOT_FAST.CMP/C_CHAIN/CHAIN_GEN[0].C_MUX.CARRY_MUX_CARRY4_CARRY8                            | CLB.CARRY.CARRY8  |
    | grp_node_0_0_Pipeline_l_S_t_1_t_fu_256/hsub_16ns_16ns_16_3_no_dsp_1_U2/node_0_0_hsub_16ns_16ns_16_3_no_dsp_1_ip_u/U0/i_synth/ADDSUB_OP.ADDSUB/LOGIC_SPEED.OP/EXP/NUMB_CMP/NOT_FAST.CMP/C_CHAIN/CHAIN_GEN[1].C_MUX.CARRY_MUX_i_2__2                                   | CLB.LUT.LUT6      |
    | grp_node_0_0_Pipeline_l_S_t_1_t_fu_256/hsub_16ns_16ns_16_3_no_dsp_1_U2/node_0_0_hsub_16ns_16ns_16_3_no_dsp_1_ip_u/U0/i_synth/ADDSUB_OP.ADDSUB/LOGIC_SPEED.OP/EXP/NUMB_CMP/NOT_FAST.CMP/C_CHAIN/CHAIN_GEN[1].C_MUX.CARRY_MUX_i_1__1                                   | CLB.LUT.LUT4      |
    | grp_node_0_0_Pipeline_l_S_t_1_t_fu_256/hsub_16ns_16ns_16_3_no_dsp_1_U2/node_0_0_hsub_16ns_16ns_16_3_no_dsp_1_ip_u/U0/i_synth/ADDSUB_OP.ADDSUB/LOGIC_SPEED.OP/ALIGN_BLK/ALIGN_SHIFT/ALIGN_Z_D/EQ_ZERO/CARRY_ZERO_DET/CHAIN_GEN[0].C_MUX.CARRY_MUX_CARRY4_CARRY8       | CLB.CARRY.CARRY8  |
    | grp_node_0_0_Pipeline_l_S_t_1_t_fu_256/hsub_16ns_16ns_16_3_no_dsp_1_U2/node_0_0_hsub_16ns_16ns_16_3_no_dsp_1_ip_u/U0/i_synth/ADDSUB_OP.ADDSUB/LOGIC_SPEED.OP/ALIGN_BLK/ALIGN_SHIFT/ALIGN_Z_D/EQ_ZERO/CARRY_ZERO_DET/STRUCT_ADD1.CARRY_MUX2_i_7                       | CLB.LUT.LUT5      |
    | grp_node_0_0_Pipeline_l_S_t_1_t_fu_256/hsub_16ns_16ns_16_3_no_dsp_1_U2/node_0_0_hsub_16ns_16ns_16_3_no_dsp_1_ip_u/U0/i_synth/ADDSUB_OP.ADDSUB/LOGIC_SPEED.OP/EXP/NUMB_CMP/NOT_FAST.CMP/C_CHAIN/STRUCT_ADD1.CARRY_MUX2_i_1                                            | CLB.LUT.LUT6      |
    | grp_node_0_0_Pipeline_l_S_t_1_t_fu_256/hsub_16ns_16ns_16_3_no_dsp_1_U2/node_0_0_hsub_16ns_16ns_16_3_no_dsp_1_ip_u/U0/i_synth/ADDSUB_OP.ADDSUB/LOGIC_SPEED.OP/ALIGN_BLK/FRAC_ADDSUB/LOGIC_ADD.FRAC_ADDSUB/STRUCT_ADD1.CARRY_MUX1_CARRY4_CARRY8                        | CLB.CARRY.CARRY8  |
    | grp_node_0_0_Pipeline_l_S_t_1_t_fu_256/hsub_16ns_16ns_16_3_no_dsp_1_U2/node_0_0_hsub_16ns_16ns_16_3_no_dsp_1_ip_u/U0/i_synth/ADDSUB_OP.ADDSUB/LOGIC_SPEED.OP/ALIGN_BLK/FRAC_ADDSUB/LOGIC_ADD.FRAC_ADDSUB/STRUCT_ADD2.ADD1/CHAIN_GEN[0].C_MUX.CARRY_MUX_CARRY4_CARRY8 | CLB.CARRY.CARRY8  |
    | grp_node_0_0_Pipeline_l_S_t_1_t_fu_256/hsub_16ns_16ns_16_3_no_dsp_1_U2/node_0_0_hsub_16ns_16ns_16_3_no_dsp_1_ip_u/U0/i_synth/ADDSUB_OP.ADDSUB/LOGIC_SPEED.OP/ALIGN_BLK/FRAC_ADDSUB/LOGIC_ADD.FRAC_ADDSUB/STRUCT_ADD2.ADD1/CHAIN_GEN[0].C_MUX.CARRY_MUX_i_1__5        | CLB.LUT.LUT4      |
    | grp_node_0_0_Pipeline_l_S_t_1_t_fu_256/hsub_16ns_16ns_16_3_no_dsp_1_U2/node_0_0_hsub_16ns_16ns_16_3_no_dsp_1_ip_u/U0/i_synth/ADDSUB_OP.ADDSUB/LOGIC_SPEED.OP/NORM/LZE/ZERO_DET_CC_1/CHAIN_GEN[0].C_MUX.CARRY_MUX_CARRY4_CARRY8                                       | CLB.CARRY.CARRY8  |
    | grp_node_0_0_Pipeline_l_S_t_1_t_fu_256/hsub_16ns_16ns_16_3_no_dsp_1_U2/node_0_0_hsub_16ns_16ns_16_3_no_dsp_1_ip_u/U0/i_synth/ADDSUB_OP.ADDSUB/LOGIC_SPEED.OP/ALIGN_BLK/FRAC_ADDSUB/LOGIC_ADD.FRAC_ADDSUB/STRUCT_ADD1.ADD1/CHAIN_GEN[1].C_MUX.CARRY_MUX_i_6           | CLB.LUT.LUT6      |
    | grp_node_0_0_Pipeline_l_S_t_1_t_fu_256/hsub_16ns_16ns_16_3_no_dsp_1_U2/node_0_0_hsub_16ns_16ns_16_3_no_dsp_1_ip_u/U0/i_synth/ADDSUB_OP.ADDSUB/LOGIC_SPEED.OP/ALIGN_BLK/FRAC_ADDSUB/LOGIC_ADD.FRAC_ADDSUB/STRUCT_ADD2.ADD1/CHAIN_GEN[1].C_MUX.CARRY_MUX_i_2__3        | CLB.LUT.LUT6      |
    | grp_node_0_0_Pipeline_l_S_t_1_t_fu_256/hsub_16ns_16ns_16_3_no_dsp_1_U2/node_0_0_hsub_16ns_16ns_16_3_no_dsp_1_ip_u/U0/i_synth/ADDSUB_OP.ADDSUB/LOGIC_SPEED.OP/ALIGN_BLK/FRAC_ADDSUB/LOGIC_ADD.FRAC_ADDSUB/STRUCT_ADD2.ADD1/CHAIN_GEN[0].C_MUX.CARRY_MUX_i_7__0        | CLB.LUT.LUT5      |
    | grp_node_0_0_Pipeline_l_S_t_1_t_fu_256/hsub_16ns_16ns_16_3_no_dsp_1_U2/node_0_0_hsub_16ns_16ns_16_3_no_dsp_1_ip_u/U0/i_synth/ADDSUB_OP.ADDSUB/LOGIC_SPEED.OP/ALIGN_BLK/FRAC_ADDSUB/LOGIC_ADD.FRAC_ADDSUB/STRUCT_ADD1.ADD1/CHAIN_GEN[0].C_MUX.CARRY_MUX_i_5__0        | CLB.LUT.LUT6      |
    | grp_node_0_0_Pipeline_l_S_t_1_t_fu_256/hsub_16ns_16ns_16_3_no_dsp_1_U2/node_0_0_hsub_16ns_16ns_16_3_no_dsp_1_ip_u/U0/i_synth/ADDSUB_OP.ADDSUB/LOGIC_SPEED.OP/ALIGN_BLK/FRAC_ADDSUB/LOGIC_ADD.FRAC_ADDSUB/STRUCT_ADD1.ADD1/CHAIN_GEN[0].C_MUX.CARRY_MUX_i_1__9        | CLB.LUT.LUT6      |
    | grp_node_0_0_Pipeline_l_S_t_1_t_fu_256/hsub_16ns_16ns_16_3_no_dsp_1_U2/node_0_0_hsub_16ns_16ns_16_3_no_dsp_1_ip_u/U0/i_synth/ADDSUB_OP.ADDSUB/LOGIC_SPEED.OP/NORM/ROUND/RND_BIT_GEN/NORM_2.RND_CHAIN/CHAIN_GEN[0].C_MUX.CARRY_MUX_CARRY4_CARRY8                      | CLB.CARRY.CARRY8  |
    | grp_node_0_0_Pipeline_l_S_t_1_t_fu_256/hsub_16ns_16ns_16_3_no_dsp_1_U2/node_0_0_hsub_16ns_16ns_16_3_no_dsp_1_ip_u/U0/i_synth/ADDSUB_OP.ADDSUB/LOGIC_SPEED.OP/NORM/ROUND/LOGIC.RND1/CHAIN_GEN[2].C_MUX.CARRY_MUX_CARRY4_CARRY8                                        | CLB.CARRY.CARRY8  |
    | grp_node_0_0_Pipeline_l_S_t_1_t_fu_256/hsub_16ns_16ns_16_3_no_dsp_1_U2/node_0_0_hsub_16ns_16ns_16_3_no_dsp_1_ip_u/U0/i_synth/ADDSUB_OP.ADDSUB/LOGIC_SPEED.OP/NORM/ROUND/LOGIC.RND2/CHAIN_GEN[5].Q_XOR.SUM_XOR_CARRY4_CARRY8                                          | CLB.CARRY.CARRY8  |
    | grp_node_0_0_Pipeline_l_S_t_1_t_fu_256/hsub_16ns_16ns_16_3_no_dsp_1_U2/node_0_0_hsub_16ns_16ns_16_3_no_dsp_1_ip_u/U0/i_synth/ADDSUB_OP.ADDSUB/LOGIC_SPEED.OP/ALIGN_BLK/FRAC_ADDSUB/LOGIC_ADD.FRAC_ADDSUB/STRUCT_ADD1.ADD1/RESULT_REG.NORMAL.exp_op[2]_i_2            | CLB.LUT.LUT6      |
    | grp_node_0_0_Pipeline_l_S_t_1_t_fu_256/hsub_16ns_16ns_16_3_no_dsp_1_U2/node_0_0_hsub_16ns_16ns_16_3_no_dsp_1_ip_u/U0/i_synth/ADDSUB_OP.ADDSUB/LOGIC_SPEED.OP/ALIGN_BLK/FRAC_ADDSUB/LOGIC_ADD.FRAC_ADDSUB/STRUCT_ADD1.ADD1/RESULT_REG.NORMAL.exp_op[2]_i_1            | CLB.LUT.LUT6      |
    | grp_node_0_0_Pipeline_l_S_t_1_t_fu_256/hsub_16ns_16ns_16_3_no_dsp_1_U2/node_0_0_hsub_16ns_16ns_16_3_no_dsp_1_ip_u/U0/i_synth/ADDSUB_OP.ADDSUB/LOGIC_SPEED.OP/OP/RESULT_REG.NORMAL.exp_op_reg[2]                                                                      | REGISTER.SDR.FDRE |
    | grp_node_0_0_Pipeline_l_S_t_1_t_fu_256/hadd_16ns_16ns_16_3_no_dsp_1_U1/din1_buf1_reg[0]                                                                                                                                                                              | REGISTER.SDR.FDRE |
    | grp_node_0_0_Pipeline_l_S_t_1_t_fu_256/hsub_16ns_16ns_16_3_no_dsp_1_U2/node_0_0_hsub_16ns_16ns_16_3_no_dsp_1_ip_u/U0/i_synth/ADDSUB_OP.ADDSUB/LOGIC_SPEED.OP/EXP/NUMB_CMP/NOT_FAST.CMP/C_CHAIN/CHAIN_GEN[0].C_MUX.CARRY_MUX_i_2__1                                   | CLB.LUT.LUT4      |
    | grp_node_0_0_Pipeline_l_S_t_1_t_fu_256/hsub_16ns_16ns_16_3_no_dsp_1_U2/node_0_0_hsub_16ns_16ns_16_3_no_dsp_1_ip_u/U0/i_synth/ADDSUB_OP.ADDSUB/LOGIC_SPEED.OP/EXP/NUMB_CMP/NOT_FAST.CMP/C_CHAIN/CHAIN_GEN[0].C_MUX.CARRY_MUX_CARRY4_CARRY8                            | CLB.CARRY.CARRY8  |
    | grp_node_0_0_Pipeline_l_S_t_1_t_fu_256/hsub_16ns_16ns_16_3_no_dsp_1_U2/node_0_0_hsub_16ns_16ns_16_3_no_dsp_1_ip_u/U0/i_synth/ADDSUB_OP.ADDSUB/LOGIC_SPEED.OP/EXP/NUMB_CMP/NOT_FAST.CMP/C_CHAIN/CHAIN_GEN[1].C_MUX.CARRY_MUX_i_2__2                                   | CLB.LUT.LUT6      |
    | grp_node_0_0_Pipeline_l_S_t_1_t_fu_256/hsub_16ns_16ns_16_3_no_dsp_1_U2/node_0_0_hsub_16ns_16ns_16_3_no_dsp_1_ip_u/U0/i_synth/ADDSUB_OP.ADDSUB/LOGIC_SPEED.OP/EXP/NUMB_CMP/NOT_FAST.CMP/C_CHAIN/CHAIN_GEN[1].C_MUX.CARRY_MUX_i_1__1                                   | CLB.LUT.LUT4      |
    | grp_node_0_0_Pipeline_l_S_t_1_t_fu_256/hsub_16ns_16ns_16_3_no_dsp_1_U2/node_0_0_hsub_16ns_16ns_16_3_no_dsp_1_ip_u/U0/i_synth/ADDSUB_OP.ADDSUB/LOGIC_SPEED.OP/ALIGN_BLK/ALIGN_SHIFT/ALIGN_Z_D/EQ_ZERO/CARRY_ZERO_DET/CHAIN_GEN[0].C_MUX.CARRY_MUX_CARRY4_CARRY8       | CLB.CARRY.CARRY8  |
    | grp_node_0_0_Pipeline_l_S_t_1_t_fu_256/hsub_16ns_16ns_16_3_no_dsp_1_U2/node_0_0_hsub_16ns_16ns_16_3_no_dsp_1_ip_u/U0/i_synth/ADDSUB_OP.ADDSUB/LOGIC_SPEED.OP/ALIGN_BLK/ALIGN_SHIFT/ALIGN_Z_D/EQ_ZERO/CARRY_ZERO_DET/STRUCT_ADD1.CARRY_MUX2_i_7                       | CLB.LUT.LUT5      |
    | grp_node_0_0_Pipeline_l_S_t_1_t_fu_256/hsub_16ns_16ns_16_3_no_dsp_1_U2/node_0_0_hsub_16ns_16ns_16_3_no_dsp_1_ip_u/U0/i_synth/ADDSUB_OP.ADDSUB/LOGIC_SPEED.OP/EXP/NUMB_CMP/NOT_FAST.CMP/C_CHAIN/STRUCT_ADD1.CARRY_MUX2_i_1                                            | CLB.LUT.LUT6      |
    | grp_node_0_0_Pipeline_l_S_t_1_t_fu_256/hsub_16ns_16ns_16_3_no_dsp_1_U2/node_0_0_hsub_16ns_16ns_16_3_no_dsp_1_ip_u/U0/i_synth/ADDSUB_OP.ADDSUB/LOGIC_SPEED.OP/ALIGN_BLK/FRAC_ADDSUB/LOGIC_ADD.FRAC_ADDSUB/STRUCT_ADD1.CARRY_MUX1_CARRY4_CARRY8                        | CLB.CARRY.CARRY8  |
    | grp_node_0_0_Pipeline_l_S_t_1_t_fu_256/hsub_16ns_16ns_16_3_no_dsp_1_U2/node_0_0_hsub_16ns_16ns_16_3_no_dsp_1_ip_u/U0/i_synth/ADDSUB_OP.ADDSUB/LOGIC_SPEED.OP/ALIGN_BLK/FRAC_ADDSUB/LOGIC_ADD.FRAC_ADDSUB/STRUCT_ADD2.ADD1/CHAIN_GEN[0].C_MUX.CARRY_MUX_CARRY4_CARRY8 | CLB.CARRY.CARRY8  |
    | grp_node_0_0_Pipeline_l_S_t_1_t_fu_256/hsub_16ns_16ns_16_3_no_dsp_1_U2/node_0_0_hsub_16ns_16ns_16_3_no_dsp_1_ip_u/U0/i_synth/ADDSUB_OP.ADDSUB/LOGIC_SPEED.OP/ALIGN_BLK/FRAC_ADDSUB/LOGIC_ADD.FRAC_ADDSUB/STRUCT_ADD2.ADD1/CHAIN_GEN[0].C_MUX.CARRY_MUX_i_1__5        | CLB.LUT.LUT4      |
    | grp_node_0_0_Pipeline_l_S_t_1_t_fu_256/hsub_16ns_16ns_16_3_no_dsp_1_U2/node_0_0_hsub_16ns_16ns_16_3_no_dsp_1_ip_u/U0/i_synth/ADDSUB_OP.ADDSUB/LOGIC_SPEED.OP/NORM/LZE/ZERO_DET_CC_1/CHAIN_GEN[0].C_MUX.CARRY_MUX_CARRY4_CARRY8                                       | CLB.CARRY.CARRY8  |
    | grp_node_0_0_Pipeline_l_S_t_1_t_fu_256/hsub_16ns_16ns_16_3_no_dsp_1_U2/node_0_0_hsub_16ns_16ns_16_3_no_dsp_1_ip_u/U0/i_synth/ADDSUB_OP.ADDSUB/LOGIC_SPEED.OP/ALIGN_BLK/FRAC_ADDSUB/LOGIC_ADD.FRAC_ADDSUB/STRUCT_ADD1.ADD1/CHAIN_GEN[1].C_MUX.CARRY_MUX_i_6           | CLB.LUT.LUT6      |
    | grp_node_0_0_Pipeline_l_S_t_1_t_fu_256/hsub_16ns_16ns_16_3_no_dsp_1_U2/node_0_0_hsub_16ns_16ns_16_3_no_dsp_1_ip_u/U0/i_synth/ADDSUB_OP.ADDSUB/LOGIC_SPEED.OP/ALIGN_BLK/FRAC_ADDSUB/LOGIC_ADD.FRAC_ADDSUB/STRUCT_ADD2.ADD1/CHAIN_GEN[1].C_MUX.CARRY_MUX_i_2__3        | CLB.LUT.LUT6      |
    | grp_node_0_0_Pipeline_l_S_t_1_t_fu_256/hsub_16ns_16ns_16_3_no_dsp_1_U2/node_0_0_hsub_16ns_16ns_16_3_no_dsp_1_ip_u/U0/i_synth/ADDSUB_OP.ADDSUB/LOGIC_SPEED.OP/ALIGN_BLK/FRAC_ADDSUB/LOGIC_ADD.FRAC_ADDSUB/STRUCT_ADD2.ADD1/CHAIN_GEN[0].C_MUX.CARRY_MUX_i_7__0        | CLB.LUT.LUT5      |
    | grp_node_0_0_Pipeline_l_S_t_1_t_fu_256/hsub_16ns_16ns_16_3_no_dsp_1_U2/node_0_0_hsub_16ns_16ns_16_3_no_dsp_1_ip_u/U0/i_synth/ADDSUB_OP.ADDSUB/LOGIC_SPEED.OP/ALIGN_BLK/FRAC_ADDSUB/LOGIC_ADD.FRAC_ADDSUB/STRUCT_ADD1.ADD1/CHAIN_GEN[0].C_MUX.CARRY_MUX_i_5__0        | CLB.LUT.LUT6      |
    | grp_node_0_0_Pipeline_l_S_t_1_t_fu_256/hsub_16ns_16ns_16_3_no_dsp_1_U2/node_0_0_hsub_16ns_16ns_16_3_no_dsp_1_ip_u/U0/i_synth/ADDSUB_OP.ADDSUB/LOGIC_SPEED.OP/ALIGN_BLK/FRAC_ADDSUB/LOGIC_ADD.FRAC_ADDSUB/STRUCT_ADD1.ADD1/CHAIN_GEN[0].C_MUX.CARRY_MUX_i_1__9        | CLB.LUT.LUT6      |
    | grp_node_0_0_Pipeline_l_S_t_1_t_fu_256/hsub_16ns_16ns_16_3_no_dsp_1_U2/node_0_0_hsub_16ns_16ns_16_3_no_dsp_1_ip_u/U0/i_synth/ADDSUB_OP.ADDSUB/LOGIC_SPEED.OP/NORM/ROUND/RND_BIT_GEN/NORM_2.RND_CHAIN/CHAIN_GEN[0].C_MUX.CARRY_MUX_CARRY4_CARRY8                      | CLB.CARRY.CARRY8  |
    | grp_node_0_0_Pipeline_l_S_t_1_t_fu_256/hsub_16ns_16ns_16_3_no_dsp_1_U2/node_0_0_hsub_16ns_16ns_16_3_no_dsp_1_ip_u/U0/i_synth/ADDSUB_OP.ADDSUB/LOGIC_SPEED.OP/NORM/ROUND/LOGIC.RND1/CHAIN_GEN[2].C_MUX.CARRY_MUX_CARRY4_CARRY8                                        | CLB.CARRY.CARRY8  |
    | grp_node_0_0_Pipeline_l_S_t_1_t_fu_256/hsub_16ns_16ns_16_3_no_dsp_1_U2/node_0_0_hsub_16ns_16ns_16_3_no_dsp_1_ip_u/U0/i_synth/ADDSUB_OP.ADDSUB/LOGIC_SPEED.OP/NORM/ROUND/LOGIC.RND2/CHAIN_GEN[5].Q_XOR.SUM_XOR_CARRY4_CARRY8                                          | CLB.CARRY.CARRY8  |
    | grp_node_0_0_Pipeline_l_S_t_1_t_fu_256/hsub_16ns_16ns_16_3_no_dsp_1_U2/node_0_0_hsub_16ns_16ns_16_3_no_dsp_1_ip_u/U0/i_synth/ADDSUB_OP.ADDSUB/LOGIC_SPEED.OP/NORM/LZE/ZERO_DET_CC_1/RESULT_REG.NORMAL.exp_op[4]_i_3                                                  | CLB.LUT.LUT6      |
    | grp_node_0_0_Pipeline_l_S_t_1_t_fu_256/hsub_16ns_16ns_16_3_no_dsp_1_U2/node_0_0_hsub_16ns_16ns_16_3_no_dsp_1_ip_u/U0/i_synth/ADDSUB_OP.ADDSUB/LOGIC_SPEED.OP/EXP/EXP_OFF.STRUCT_ADD/RESULT_REG.NORMAL.exp_op[3]_i_1                                                  | CLB.LUT.LUT6      |
    | grp_node_0_0_Pipeline_l_S_t_1_t_fu_256/hsub_16ns_16ns_16_3_no_dsp_1_U2/node_0_0_hsub_16ns_16ns_16_3_no_dsp_1_ip_u/U0/i_synth/ADDSUB_OP.ADDSUB/LOGIC_SPEED.OP/OP/RESULT_REG.NORMAL.exp_op_reg[3]                                                                      | REGISTER.SDR.FDRE |
    | grp_node_0_0_Pipeline_l_S_t_1_t_fu_256/hadd_16ns_16ns_16_3_no_dsp_1_U1/din1_buf1_reg[0]                                                                                                                                                                              | REGISTER.SDR.FDRE |
    | grp_node_0_0_Pipeline_l_S_t_1_t_fu_256/hsub_16ns_16ns_16_3_no_dsp_1_U2/node_0_0_hsub_16ns_16ns_16_3_no_dsp_1_ip_u/U0/i_synth/ADDSUB_OP.ADDSUB/LOGIC_SPEED.OP/EXP/NUMB_CMP/NOT_FAST.CMP/C_CHAIN/CHAIN_GEN[0].C_MUX.CARRY_MUX_i_2__1                                   | CLB.LUT.LUT4      |
    | grp_node_0_0_Pipeline_l_S_t_1_t_fu_256/hsub_16ns_16ns_16_3_no_dsp_1_U2/node_0_0_hsub_16ns_16ns_16_3_no_dsp_1_ip_u/U0/i_synth/ADDSUB_OP.ADDSUB/LOGIC_SPEED.OP/EXP/NUMB_CMP/NOT_FAST.CMP/C_CHAIN/CHAIN_GEN[0].C_MUX.CARRY_MUX_CARRY4_CARRY8                            | CLB.CARRY.CARRY8  |
    | grp_node_0_0_Pipeline_l_S_t_1_t_fu_256/hsub_16ns_16ns_16_3_no_dsp_1_U2/node_0_0_hsub_16ns_16ns_16_3_no_dsp_1_ip_u/U0/i_synth/ADDSUB_OP.ADDSUB/LOGIC_SPEED.OP/EXP/NUMB_CMP/NOT_FAST.CMP/C_CHAIN/CHAIN_GEN[1].C_MUX.CARRY_MUX_i_2__2                                   | CLB.LUT.LUT6      |
    | grp_node_0_0_Pipeline_l_S_t_1_t_fu_256/hsub_16ns_16ns_16_3_no_dsp_1_U2/node_0_0_hsub_16ns_16ns_16_3_no_dsp_1_ip_u/U0/i_synth/ADDSUB_OP.ADDSUB/LOGIC_SPEED.OP/EXP/NUMB_CMP/NOT_FAST.CMP/C_CHAIN/CHAIN_GEN[1].C_MUX.CARRY_MUX_i_1__1                                   | CLB.LUT.LUT4      |
    | grp_node_0_0_Pipeline_l_S_t_1_t_fu_256/hsub_16ns_16ns_16_3_no_dsp_1_U2/node_0_0_hsub_16ns_16ns_16_3_no_dsp_1_ip_u/U0/i_synth/ADDSUB_OP.ADDSUB/LOGIC_SPEED.OP/ALIGN_BLK/ALIGN_SHIFT/ALIGN_Z_D/EQ_ZERO/CARRY_ZERO_DET/CHAIN_GEN[0].C_MUX.CARRY_MUX_CARRY4_CARRY8       | CLB.CARRY.CARRY8  |
    | grp_node_0_0_Pipeline_l_S_t_1_t_fu_256/hsub_16ns_16ns_16_3_no_dsp_1_U2/node_0_0_hsub_16ns_16ns_16_3_no_dsp_1_ip_u/U0/i_synth/ADDSUB_OP.ADDSUB/LOGIC_SPEED.OP/ALIGN_BLK/ALIGN_SHIFT/ALIGN_Z_D/EQ_ZERO/CARRY_ZERO_DET/STRUCT_ADD1.CARRY_MUX2_i_7                       | CLB.LUT.LUT5      |
    | grp_node_0_0_Pipeline_l_S_t_1_t_fu_256/hsub_16ns_16ns_16_3_no_dsp_1_U2/node_0_0_hsub_16ns_16ns_16_3_no_dsp_1_ip_u/U0/i_synth/ADDSUB_OP.ADDSUB/LOGIC_SPEED.OP/EXP/NUMB_CMP/NOT_FAST.CMP/C_CHAIN/STRUCT_ADD1.CARRY_MUX2_i_1                                            | CLB.LUT.LUT6      |
    | grp_node_0_0_Pipeline_l_S_t_1_t_fu_256/hsub_16ns_16ns_16_3_no_dsp_1_U2/node_0_0_hsub_16ns_16ns_16_3_no_dsp_1_ip_u/U0/i_synth/ADDSUB_OP.ADDSUB/LOGIC_SPEED.OP/ALIGN_BLK/FRAC_ADDSUB/LOGIC_ADD.FRAC_ADDSUB/STRUCT_ADD1.CARRY_MUX1_CARRY4_CARRY8                        | CLB.CARRY.CARRY8  |
    | grp_node_0_0_Pipeline_l_S_t_1_t_fu_256/hsub_16ns_16ns_16_3_no_dsp_1_U2/node_0_0_hsub_16ns_16ns_16_3_no_dsp_1_ip_u/U0/i_synth/ADDSUB_OP.ADDSUB/LOGIC_SPEED.OP/ALIGN_BLK/FRAC_ADDSUB/LOGIC_ADD.FRAC_ADDSUB/STRUCT_ADD2.ADD1/CHAIN_GEN[0].C_MUX.CARRY_MUX_CARRY4_CARRY8 | CLB.CARRY.CARRY8  |
    | grp_node_0_0_Pipeline_l_S_t_1_t_fu_256/hsub_16ns_16ns_16_3_no_dsp_1_U2/node_0_0_hsub_16ns_16ns_16_3_no_dsp_1_ip_u/U0/i_synth/ADDSUB_OP.ADDSUB/LOGIC_SPEED.OP/ALIGN_BLK/FRAC_ADDSUB/LOGIC_ADD.FRAC_ADDSUB/STRUCT_ADD2.ADD1/CHAIN_GEN[0].C_MUX.CARRY_MUX_i_1__5        | CLB.LUT.LUT4      |
    | grp_node_0_0_Pipeline_l_S_t_1_t_fu_256/hsub_16ns_16ns_16_3_no_dsp_1_U2/node_0_0_hsub_16ns_16ns_16_3_no_dsp_1_ip_u/U0/i_synth/ADDSUB_OP.ADDSUB/LOGIC_SPEED.OP/NORM/LZE/ZERO_DET_CC_1/CHAIN_GEN[0].C_MUX.CARRY_MUX_CARRY4_CARRY8                                       | CLB.CARRY.CARRY8  |
    | grp_node_0_0_Pipeline_l_S_t_1_t_fu_256/hsub_16ns_16ns_16_3_no_dsp_1_U2/node_0_0_hsub_16ns_16ns_16_3_no_dsp_1_ip_u/U0/i_synth/ADDSUB_OP.ADDSUB/LOGIC_SPEED.OP/ALIGN_BLK/FRAC_ADDSUB/LOGIC_ADD.FRAC_ADDSUB/STRUCT_ADD1.ADD1/CHAIN_GEN[1].C_MUX.CARRY_MUX_i_6           | CLB.LUT.LUT6      |
    | grp_node_0_0_Pipeline_l_S_t_1_t_fu_256/hsub_16ns_16ns_16_3_no_dsp_1_U2/node_0_0_hsub_16ns_16ns_16_3_no_dsp_1_ip_u/U0/i_synth/ADDSUB_OP.ADDSUB/LOGIC_SPEED.OP/ALIGN_BLK/FRAC_ADDSUB/LOGIC_ADD.FRAC_ADDSUB/STRUCT_ADD2.ADD1/CHAIN_GEN[1].C_MUX.CARRY_MUX_i_2__3        | CLB.LUT.LUT6      |
    | grp_node_0_0_Pipeline_l_S_t_1_t_fu_256/hsub_16ns_16ns_16_3_no_dsp_1_U2/node_0_0_hsub_16ns_16ns_16_3_no_dsp_1_ip_u/U0/i_synth/ADDSUB_OP.ADDSUB/LOGIC_SPEED.OP/ALIGN_BLK/FRAC_ADDSUB/LOGIC_ADD.FRAC_ADDSUB/STRUCT_ADD2.ADD1/CHAIN_GEN[0].C_MUX.CARRY_MUX_i_7__0        | CLB.LUT.LUT5      |
    | grp_node_0_0_Pipeline_l_S_t_1_t_fu_256/hsub_16ns_16ns_16_3_no_dsp_1_U2/node_0_0_hsub_16ns_16ns_16_3_no_dsp_1_ip_u/U0/i_synth/ADDSUB_OP.ADDSUB/LOGIC_SPEED.OP/ALIGN_BLK/FRAC_ADDSUB/LOGIC_ADD.FRAC_ADDSUB/STRUCT_ADD1.ADD1/CHAIN_GEN[0].C_MUX.CARRY_MUX_i_5__0        | CLB.LUT.LUT6      |
    | grp_node_0_0_Pipeline_l_S_t_1_t_fu_256/hsub_16ns_16ns_16_3_no_dsp_1_U2/node_0_0_hsub_16ns_16ns_16_3_no_dsp_1_ip_u/U0/i_synth/ADDSUB_OP.ADDSUB/LOGIC_SPEED.OP/ALIGN_BLK/FRAC_ADDSUB/LOGIC_ADD.FRAC_ADDSUB/STRUCT_ADD1.ADD1/CHAIN_GEN[0].C_MUX.CARRY_MUX_i_1__9        | CLB.LUT.LUT6      |
    | grp_node_0_0_Pipeline_l_S_t_1_t_fu_256/hsub_16ns_16ns_16_3_no_dsp_1_U2/node_0_0_hsub_16ns_16ns_16_3_no_dsp_1_ip_u/U0/i_synth/ADDSUB_OP.ADDSUB/LOGIC_SPEED.OP/NORM/ROUND/RND_BIT_GEN/NORM_2.RND_CHAIN/CHAIN_GEN[0].C_MUX.CARRY_MUX_CARRY4_CARRY8                      | CLB.CARRY.CARRY8  |
    | grp_node_0_0_Pipeline_l_S_t_1_t_fu_256/hsub_16ns_16ns_16_3_no_dsp_1_U2/node_0_0_hsub_16ns_16ns_16_3_no_dsp_1_ip_u/U0/i_synth/ADDSUB_OP.ADDSUB/LOGIC_SPEED.OP/NORM/ROUND/LOGIC.RND1/CHAIN_GEN[2].C_MUX.CARRY_MUX_CARRY4_CARRY8                                        | CLB.CARRY.CARRY8  |
    | grp_node_0_0_Pipeline_l_S_t_1_t_fu_256/hsub_16ns_16ns_16_3_no_dsp_1_U2/node_0_0_hsub_16ns_16ns_16_3_no_dsp_1_ip_u/U0/i_synth/ADDSUB_OP.ADDSUB/LOGIC_SPEED.OP/NORM/ROUND/LOGIC.RND2/CHAIN_GEN[5].Q_XOR.SUM_XOR_CARRY4_CARRY8                                          | CLB.CARRY.CARRY8  |
    | grp_node_0_0_Pipeline_l_S_t_1_t_fu_256/hsub_16ns_16ns_16_3_no_dsp_1_U2/node_0_0_hsub_16ns_16ns_16_3_no_dsp_1_ip_u/U0/i_synth/ADDSUB_OP.ADDSUB/LOGIC_SPEED.OP/NORM/LZE/ZERO_DET_CC_1/RESULT_REG.NORMAL.exp_op[4]_i_3                                                  | CLB.LUT.LUT6      |
    | grp_node_0_0_Pipeline_l_S_t_1_t_fu_256/hsub_16ns_16ns_16_3_no_dsp_1_U2/node_0_0_hsub_16ns_16ns_16_3_no_dsp_1_ip_u/U0/i_synth/ADDSUB_OP.ADDSUB/LOGIC_SPEED.OP/EXP/EXP_OFF.STRUCT_ADD/RESULT_REG.NORMAL.exp_op[4]_i_1                                                  | CLB.LUT.LUT6      |
    | grp_node_0_0_Pipeline_l_S_t_1_t_fu_256/hsub_16ns_16ns_16_3_no_dsp_1_U2/node_0_0_hsub_16ns_16ns_16_3_no_dsp_1_ip_u/U0/i_synth/ADDSUB_OP.ADDSUB/LOGIC_SPEED.OP/OP/RESULT_REG.NORMAL.exp_op_reg[4]                                                                      | REGISTER.SDR.FDRE |
    | grp_node_0_0_Pipeline_l_S_t_1_t_fu_256/hadd_16ns_16ns_16_3_no_dsp_1_U1/din1_buf1_reg[0]                                                                                                                                                                              | REGISTER.SDR.FDRE |
    | grp_node_0_0_Pipeline_l_S_t_1_t_fu_256/hsub_16ns_16ns_16_3_no_dsp_1_U2/node_0_0_hsub_16ns_16ns_16_3_no_dsp_1_ip_u/U0/i_synth/ADDSUB_OP.ADDSUB/LOGIC_SPEED.OP/EXP/NUMB_CMP/NOT_FAST.CMP/C_CHAIN/CHAIN_GEN[0].C_MUX.CARRY_MUX_i_2__1                                   | CLB.LUT.LUT4      |
    | grp_node_0_0_Pipeline_l_S_t_1_t_fu_256/hsub_16ns_16ns_16_3_no_dsp_1_U2/node_0_0_hsub_16ns_16ns_16_3_no_dsp_1_ip_u/U0/i_synth/ADDSUB_OP.ADDSUB/LOGIC_SPEED.OP/EXP/NUMB_CMP/NOT_FAST.CMP/C_CHAIN/CHAIN_GEN[0].C_MUX.CARRY_MUX_CARRY4_CARRY8                            | CLB.CARRY.CARRY8  |
    | grp_node_0_0_Pipeline_l_S_t_1_t_fu_256/hsub_16ns_16ns_16_3_no_dsp_1_U2/node_0_0_hsub_16ns_16ns_16_3_no_dsp_1_ip_u/U0/i_synth/ADDSUB_OP.ADDSUB/LOGIC_SPEED.OP/EXP/NUMB_CMP/NOT_FAST.CMP/C_CHAIN/CHAIN_GEN[1].C_MUX.CARRY_MUX_i_2__2                                   | CLB.LUT.LUT6      |
    | grp_node_0_0_Pipeline_l_S_t_1_t_fu_256/hsub_16ns_16ns_16_3_no_dsp_1_U2/node_0_0_hsub_16ns_16ns_16_3_no_dsp_1_ip_u/U0/i_synth/ADDSUB_OP.ADDSUB/LOGIC_SPEED.OP/EXP/NUMB_CMP/NOT_FAST.CMP/C_CHAIN/CHAIN_GEN[1].C_MUX.CARRY_MUX_i_1__1                                   | CLB.LUT.LUT4      |
    | grp_node_0_0_Pipeline_l_S_t_1_t_fu_256/hsub_16ns_16ns_16_3_no_dsp_1_U2/node_0_0_hsub_16ns_16ns_16_3_no_dsp_1_ip_u/U0/i_synth/ADDSUB_OP.ADDSUB/LOGIC_SPEED.OP/ALIGN_BLK/ALIGN_SHIFT/ALIGN_Z_D/EQ_ZERO/CARRY_ZERO_DET/CHAIN_GEN[0].C_MUX.CARRY_MUX_CARRY4_CARRY8       | CLB.CARRY.CARRY8  |
    | grp_node_0_0_Pipeline_l_S_t_1_t_fu_256/hsub_16ns_16ns_16_3_no_dsp_1_U2/node_0_0_hsub_16ns_16ns_16_3_no_dsp_1_ip_u/U0/i_synth/ADDSUB_OP.ADDSUB/LOGIC_SPEED.OP/ALIGN_BLK/ALIGN_SHIFT/ALIGN_Z_D/EQ_ZERO/CARRY_ZERO_DET/STRUCT_ADD1.CARRY_MUX2_i_7                       | CLB.LUT.LUT5      |
    | grp_node_0_0_Pipeline_l_S_t_1_t_fu_256/hsub_16ns_16ns_16_3_no_dsp_1_U2/node_0_0_hsub_16ns_16ns_16_3_no_dsp_1_ip_u/U0/i_synth/ADDSUB_OP.ADDSUB/LOGIC_SPEED.OP/EXP/NUMB_CMP/NOT_FAST.CMP/C_CHAIN/STRUCT_ADD1.CARRY_MUX2_i_1                                            | CLB.LUT.LUT6      |
    | grp_node_0_0_Pipeline_l_S_t_1_t_fu_256/hsub_16ns_16ns_16_3_no_dsp_1_U2/node_0_0_hsub_16ns_16ns_16_3_no_dsp_1_ip_u/U0/i_synth/ADDSUB_OP.ADDSUB/LOGIC_SPEED.OP/ALIGN_BLK/FRAC_ADDSUB/LOGIC_ADD.FRAC_ADDSUB/STRUCT_ADD1.CARRY_MUX1_CARRY4_CARRY8                        | CLB.CARRY.CARRY8  |
    | grp_node_0_0_Pipeline_l_S_t_1_t_fu_256/hsub_16ns_16ns_16_3_no_dsp_1_U2/node_0_0_hsub_16ns_16ns_16_3_no_dsp_1_ip_u/U0/i_synth/ADDSUB_OP.ADDSUB/LOGIC_SPEED.OP/ALIGN_BLK/FRAC_ADDSUB/LOGIC_ADD.FRAC_ADDSUB/STRUCT_ADD2.ADD1/CHAIN_GEN[0].C_MUX.CARRY_MUX_CARRY4_CARRY8 | CLB.CARRY.CARRY8  |
    | grp_node_0_0_Pipeline_l_S_t_1_t_fu_256/hsub_16ns_16ns_16_3_no_dsp_1_U2/node_0_0_hsub_16ns_16ns_16_3_no_dsp_1_ip_u/U0/i_synth/ADDSUB_OP.ADDSUB/LOGIC_SPEED.OP/ALIGN_BLK/FRAC_ADDSUB/LOGIC_ADD.FRAC_ADDSUB/STRUCT_ADD2.ADD1/CHAIN_GEN[0].C_MUX.CARRY_MUX_i_1__5        | CLB.LUT.LUT4      |
    | grp_node_0_0_Pipeline_l_S_t_1_t_fu_256/hsub_16ns_16ns_16_3_no_dsp_1_U2/node_0_0_hsub_16ns_16ns_16_3_no_dsp_1_ip_u/U0/i_synth/ADDSUB_OP.ADDSUB/LOGIC_SPEED.OP/NORM/LZE/ZERO_DET_CC_1/CHAIN_GEN[0].C_MUX.CARRY_MUX_CARRY4_CARRY8                                       | CLB.CARRY.CARRY8  |
    | grp_node_0_0_Pipeline_l_S_t_1_t_fu_256/hsub_16ns_16ns_16_3_no_dsp_1_U2/node_0_0_hsub_16ns_16ns_16_3_no_dsp_1_ip_u/U0/i_synth/ADDSUB_OP.ADDSUB/LOGIC_SPEED.OP/ALIGN_BLK/FRAC_ADDSUB/LOGIC_ADD.FRAC_ADDSUB/STRUCT_ADD1.ADD1/CHAIN_GEN[1].C_MUX.CARRY_MUX_i_6           | CLB.LUT.LUT6      |
    | grp_node_0_0_Pipeline_l_S_t_1_t_fu_256/hsub_16ns_16ns_16_3_no_dsp_1_U2/node_0_0_hsub_16ns_16ns_16_3_no_dsp_1_ip_u/U0/i_synth/ADDSUB_OP.ADDSUB/LOGIC_SPEED.OP/ALIGN_BLK/FRAC_ADDSUB/LOGIC_ADD.FRAC_ADDSUB/STRUCT_ADD2.ADD1/CHAIN_GEN[1].C_MUX.CARRY_MUX_i_2__3        | CLB.LUT.LUT6      |
    | grp_node_0_0_Pipeline_l_S_t_1_t_fu_256/hsub_16ns_16ns_16_3_no_dsp_1_U2/node_0_0_hsub_16ns_16ns_16_3_no_dsp_1_ip_u/U0/i_synth/ADDSUB_OP.ADDSUB/LOGIC_SPEED.OP/ALIGN_BLK/FRAC_ADDSUB/LOGIC_ADD.FRAC_ADDSUB/STRUCT_ADD2.ADD1/CHAIN_GEN[0].C_MUX.CARRY_MUX_i_7__0        | CLB.LUT.LUT5      |
    | grp_node_0_0_Pipeline_l_S_t_1_t_fu_256/hsub_16ns_16ns_16_3_no_dsp_1_U2/node_0_0_hsub_16ns_16ns_16_3_no_dsp_1_ip_u/U0/i_synth/ADDSUB_OP.ADDSUB/LOGIC_SPEED.OP/ALIGN_BLK/FRAC_ADDSUB/LOGIC_ADD.FRAC_ADDSUB/STRUCT_ADD1.ADD1/CHAIN_GEN[0].C_MUX.CARRY_MUX_i_5__0        | CLB.LUT.LUT6      |
    | grp_node_0_0_Pipeline_l_S_t_1_t_fu_256/hsub_16ns_16ns_16_3_no_dsp_1_U2/node_0_0_hsub_16ns_16ns_16_3_no_dsp_1_ip_u/U0/i_synth/ADDSUB_OP.ADDSUB/LOGIC_SPEED.OP/ALIGN_BLK/FRAC_ADDSUB/LOGIC_ADD.FRAC_ADDSUB/STRUCT_ADD1.ADD1/CHAIN_GEN[0].C_MUX.CARRY_MUX_i_1__9        | CLB.LUT.LUT6      |
    | grp_node_0_0_Pipeline_l_S_t_1_t_fu_256/hsub_16ns_16ns_16_3_no_dsp_1_U2/node_0_0_hsub_16ns_16ns_16_3_no_dsp_1_ip_u/U0/i_synth/ADDSUB_OP.ADDSUB/LOGIC_SPEED.OP/NORM/ROUND/RND_BIT_GEN/NORM_2.RND_CHAIN/CHAIN_GEN[0].C_MUX.CARRY_MUX_CARRY4_CARRY8                      | CLB.CARRY.CARRY8  |
    | grp_node_0_0_Pipeline_l_S_t_1_t_fu_256/hsub_16ns_16ns_16_3_no_dsp_1_U2/node_0_0_hsub_16ns_16ns_16_3_no_dsp_1_ip_u/U0/i_synth/ADDSUB_OP.ADDSUB/LOGIC_SPEED.OP/NORM/ROUND/LOGIC.RND1/CHAIN_GEN[2].C_MUX.CARRY_MUX_CARRY4_CARRY8                                        | CLB.CARRY.CARRY8  |
    | grp_node_0_0_Pipeline_l_S_t_1_t_fu_256/hsub_16ns_16ns_16_3_no_dsp_1_U2/node_0_0_hsub_16ns_16ns_16_3_no_dsp_1_ip_u/U0/i_synth/ADDSUB_OP.ADDSUB/LOGIC_SPEED.OP/NORM/ROUND/LOGIC.RND2/RESULT_REG.NORMAL.mant_op[9]_i_2                                                  | CLB.LUT.LUT3      |
    | grp_node_0_0_Pipeline_l_S_t_1_t_fu_256/hsub_16ns_16ns_16_3_no_dsp_1_U2/node_0_0_hsub_16ns_16ns_16_3_no_dsp_1_ip_u/U0/i_synth/ADDSUB_OP.ADDSUB/LOGIC_SPEED.OP/EXP/EXP_OFF.STRUCT_ADD/RESULT_REG.NORMAL.mant_op[9]_i_1                                                 | CLB.LUT.LUT6      |
    | grp_node_0_0_Pipeline_l_S_t_1_t_fu_256/hsub_16ns_16ns_16_3_no_dsp_1_U2/node_0_0_hsub_16ns_16ns_16_3_no_dsp_1_ip_u/U0/i_synth/ADDSUB_OP.ADDSUB/LOGIC_SPEED.OP/OP/RESULT_REG.NORMAL.mant_op_reg[9]                                                                     | REGISTER.SDR.FDRE |
    | grp_node_0_0_Pipeline_l_S_t_1_t_fu_256/hadd_16ns_16ns_16_3_no_dsp_1_U1/din1_buf1_reg[0]                                                                                                                                                                              | REGISTER.SDR.FDRE |
    | grp_node_0_0_Pipeline_l_S_t_1_t_fu_256/hadd_16ns_16ns_16_3_no_dsp_1_U1/node_0_0_hadd_16ns_16ns_16_3_no_dsp_1_ip_u/U0/i_synth/ADDSUB_OP.ADDSUB/LOGIC_SPEED.OP/EXP/NUMB_CMP/NOT_FAST.CMP/C_CHAIN/CHAIN_GEN[0].C_MUX.CARRY_MUX_i_2__1                                   | CLB.LUT.LUT4      |
    | grp_node_0_0_Pipeline_l_S_t_1_t_fu_256/hadd_16ns_16ns_16_3_no_dsp_1_U1/node_0_0_hadd_16ns_16ns_16_3_no_dsp_1_ip_u/U0/i_synth/ADDSUB_OP.ADDSUB/LOGIC_SPEED.OP/EXP/NUMB_CMP/NOT_FAST.CMP/C_CHAIN/CHAIN_GEN[0].C_MUX.CARRY_MUX_CARRY4_CARRY8                            | CLB.CARRY.CARRY8  |
    | grp_node_0_0_Pipeline_l_S_t_1_t_fu_256/hadd_16ns_16ns_16_3_no_dsp_1_U1/node_0_0_hadd_16ns_16ns_16_3_no_dsp_1_ip_u/U0/i_synth/ADDSUB_OP.ADDSUB/LOGIC_SPEED.OP/EXP/NUMB_CMP/NOT_FAST.CMP/C_CHAIN/CHAIN_GEN[1].C_MUX.CARRY_MUX_i_2__3                                   | CLB.LUT.LUT6      |
    | grp_node_0_0_Pipeline_l_S_t_1_t_fu_256/hadd_16ns_16ns_16_3_no_dsp_1_U1/node_0_0_hadd_16ns_16ns_16_3_no_dsp_1_ip_u/U0/i_synth/ADDSUB_OP.ADDSUB/LOGIC_SPEED.OP/EXP/NUMB_CMP/NOT_FAST.CMP/C_CHAIN/CHAIN_GEN[1].C_MUX.CARRY_MUX_i_1__5                                   | CLB.LUT.LUT4      |
    | grp_node_0_0_Pipeline_l_S_t_1_t_fu_256/hadd_16ns_16ns_16_3_no_dsp_1_U1/node_0_0_hadd_16ns_16ns_16_3_no_dsp_1_ip_u/U0/i_synth/ADDSUB_OP.ADDSUB/LOGIC_SPEED.OP/ALIGN_BLK/ALIGN_SHIFT/ALIGN_Z_D/EQ_ZERO/CARRY_ZERO_DET/CHAIN_GEN[0].C_MUX.CARRY_MUX_CARRY4_CARRY8       | CLB.CARRY.CARRY8  |
    | grp_node_0_0_Pipeline_l_S_t_1_t_fu_256/hadd_16ns_16ns_16_3_no_dsp_1_U1/node_0_0_hadd_16ns_16ns_16_3_no_dsp_1_ip_u/U0/i_synth/ADDSUB_OP.ADDSUB/LOGIC_SPEED.OP/EXP/NUMB_CMP/NOT_FAST.CMP/C_CHAIN/STRUCT_ADD1.CARRY_MUX2_i_7                                            | CLB.LUT.LUT5      |
    | grp_node_0_0_Pipeline_l_S_t_1_t_fu_256/hadd_16ns_16ns_16_3_no_dsp_1_U1/node_0_0_hadd_16ns_16ns_16_3_no_dsp_1_ip_u/U0/i_synth/ADDSUB_OP.ADDSUB/LOGIC_SPEED.OP/EXP/NUMB_CMP/NOT_FAST.CMP/C_CHAIN/STRUCT_ADD1.CARRY_MUX2_i_2                                            | CLB.LUT.LUT6      |
    | grp_node_0_0_Pipeline_l_S_t_1_t_fu_256/hadd_16ns_16ns_16_3_no_dsp_1_U1/node_0_0_hadd_16ns_16ns_16_3_no_dsp_1_ip_u/U0/i_synth/ADDSUB_OP.ADDSUB/LOGIC_SPEED.OP/EXP/NUMB_CMP/NOT_FAST.CMP/C_CHAIN/STRUCT_ADD1.CARRY_MUX2_i_1                                            | CLB.LUT.LUT6      |
    | grp_node_0_0_Pipeline_l_S_t_1_t_fu_256/hadd_16ns_16ns_16_3_no_dsp_1_U1/node_0_0_hadd_16ns_16ns_16_3_no_dsp_1_ip_u/U0/i_synth/ADDSUB_OP.ADDSUB/LOGIC_SPEED.OP/ALIGN_BLK/FRAC_ADDSUB/LOGIC_ADD.FRAC_ADDSUB/STRUCT_ADD1.CARRY_MUX1_CARRY4_CARRY8                        | CLB.CARRY.CARRY8  |
    | grp_node_0_0_Pipeline_l_S_t_1_t_fu_256/hadd_16ns_16ns_16_3_no_dsp_1_U1/node_0_0_hadd_16ns_16ns_16_3_no_dsp_1_ip_u/U0/i_synth/ADDSUB_OP.ADDSUB/LOGIC_SPEED.OP/ALIGN_BLK/FRAC_ADDSUB/LOGIC_ADD.FRAC_ADDSUB/STRUCT_ADD2.ADD1/CHAIN_GEN[0].C_MUX.CARRY_MUX_CARRY4_CARRY8 | CLB.CARRY.CARRY8  |
    | grp_node_0_0_Pipeline_l_S_t_1_t_fu_256/hadd_16ns_16ns_16_3_no_dsp_1_U1/node_0_0_hadd_16ns_16ns_16_3_no_dsp_1_ip_u/U0/i_synth/ADDSUB_OP.ADDSUB/LOGIC_SPEED.OP/ALIGN_BLK/FRAC_ADDSUB/LOGIC_ADD.FRAC_ADDSUB/STRUCT_ADD2.ADD1/CHAIN_GEN[0].C_MUX.CARRY_MUX_i_1__2        | CLB.LUT.LUT4      |
    | grp_node_0_0_Pipeline_l_S_t_1_t_fu_256/hadd_16ns_16ns_16_3_no_dsp_1_U1/node_0_0_hadd_16ns_16ns_16_3_no_dsp_1_ip_u/U0/i_synth/ADDSUB_OP.ADDSUB/LOGIC_SPEED.OP/NORM/LZE/ZERO_DET_CC_1/CHAIN_GEN[0].C_MUX.CARRY_MUX_CARRY4_CARRY8                                       | CLB.CARRY.CARRY8  |
    | grp_node_0_0_Pipeline_l_S_t_1_t_fu_256/hadd_16ns_16ns_16_3_no_dsp_1_U1/node_0_0_hadd_16ns_16ns_16_3_no_dsp_1_ip_u/U0/i_synth/ADDSUB_OP.ADDSUB/LOGIC_SPEED.OP/ALIGN_BLK/FRAC_ADDSUB/LOGIC_ADD.FRAC_ADDSUB/STRUCT_ADD2.ADD1/RESULT_REG.NORMAL.exp_op[2]_i_8            | CLB.LUT.LUT5      |
    | grp_node_0_0_Pipeline_l_S_t_1_t_fu_256/hadd_16ns_16ns_16_3_no_dsp_1_U1/node_0_0_hadd_16ns_16ns_16_3_no_dsp_1_ip_u/U0/i_synth/ADDSUB_OP.ADDSUB/LOGIC_SPEED.OP/ALIGN_BLK/FRAC_ADDSUB/LOGIC_ADD.FRAC_ADDSUB/STRUCT_ADD1.ADD1/RESULT_REG.NORMAL.exp_op[1]_i_3            | CLB.LUT.LUT5      |
    | grp_node_0_0_Pipeline_l_S_t_1_t_fu_256/hadd_16ns_16ns_16_3_no_dsp_1_U1/node_0_0_hadd_16ns_16ns_16_3_no_dsp_1_ip_u/U0/i_synth/ADDSUB_OP.ADDSUB/LOGIC_SPEED.OP/ALIGN_BLK/FRAC_ADDSUB/LOGIC_ADD.FRAC_ADDSUB/STRUCT_ADD1.ADD1/CHAIN_GEN[0].C_MUX.CARRY_MUX_i_6__0        | CLB.LUT.LUT5      |
    | grp_node_0_0_Pipeline_l_S_t_1_t_fu_256/hadd_16ns_16ns_16_3_no_dsp_1_U1/node_0_0_hadd_16ns_16ns_16_3_no_dsp_1_ip_u/U0/i_synth/ADDSUB_OP.ADDSUB/LOGIC_SPEED.OP/ALIGN_BLK/FRAC_ADDSUB/LOGIC_ADD.FRAC_ADDSUB/STRUCT_ADD1.ADD1/CHAIN_GEN[0].C_MUX.CARRY_MUX_i_3__0        | CLB.LUT.LUT6      |
    | grp_node_0_0_Pipeline_l_S_t_1_t_fu_256/hadd_16ns_16ns_16_3_no_dsp_1_U1/node_0_0_hadd_16ns_16ns_16_3_no_dsp_1_ip_u/U0/i_synth/ADDSUB_OP.ADDSUB/LOGIC_SPEED.OP/ALIGN_BLK/FRAC_ADDSUB/LOGIC_ADD.FRAC_ADDSUB/STRUCT_ADD1.ADD1/CHAIN_GEN[0].C_MUX.CARRY_MUX_i_1__10       | CLB.LUT.LUT5      |
    | grp_node_0_0_Pipeline_l_S_t_1_t_fu_256/hadd_16ns_16ns_16_3_no_dsp_1_U1/node_0_0_hadd_16ns_16ns_16_3_no_dsp_1_ip_u/U0/i_synth/ADDSUB_OP.ADDSUB/LOGIC_SPEED.OP/NORM/ROUND/RND_BIT_GEN/NORM_2.RND_CHAIN/CHAIN_GEN[0].C_MUX.CARRY_MUX_CARRY4_CARRY8                      | CLB.CARRY.CARRY8  |
    | grp_node_0_0_Pipeline_l_S_t_1_t_fu_256/hadd_16ns_16ns_16_3_no_dsp_1_U1/node_0_0_hadd_16ns_16ns_16_3_no_dsp_1_ip_u/U0/i_synth/ADDSUB_OP.ADDSUB/LOGIC_SPEED.OP/NORM/ROUND/LOGIC.RND1/CHAIN_GEN[2].C_MUX.CARRY_MUX_CARRY4_CARRY8                                        | CLB.CARRY.CARRY8  |
    | grp_node_0_0_Pipeline_l_S_t_1_t_fu_256/hadd_16ns_16ns_16_3_no_dsp_1_U1/node_0_0_hadd_16ns_16ns_16_3_no_dsp_1_ip_u/U0/i_synth/ADDSUB_OP.ADDSUB/LOGIC_SPEED.OP/NORM/ROUND/LOGIC.RND2/CHAIN_GEN[5].Q_XOR.SUM_XOR_CARRY4_CARRY8                                          | CLB.CARRY.CARRY8  |
    | grp_node_0_0_Pipeline_l_S_t_1_t_fu_256/hadd_16ns_16ns_16_3_no_dsp_1_U1/node_0_0_hadd_16ns_16ns_16_3_no_dsp_1_ip_u/U0/i_synth/ADDSUB_OP.ADDSUB/LOGIC_SPEED.OP/EXP/EXP_OFF.STRUCT_ADD/RESULT_REG.NORMAL.exp_op[0]_i_1                                                  | CLB.LUT.LUT5      |
    | grp_node_0_0_Pipeline_l_S_t_1_t_fu_256/hadd_16ns_16ns_16_3_no_dsp_1_U1/node_0_0_hadd_16ns_16ns_16_3_no_dsp_1_ip_u/U0/i_synth/ADDSUB_OP.ADDSUB/LOGIC_SPEED.OP/OP/RESULT_REG.NORMAL.exp_op_reg[0]                                                                      | REGISTER.SDR.FDRE |
    | grp_node_0_0_Pipeline_l_S_t_1_t_fu_256/hadd_16ns_16ns_16_3_no_dsp_1_U1/din1_buf1_reg[0]                                                                                                                                                                              | REGISTER.SDR.FDRE |
    | grp_node_0_0_Pipeline_l_S_t_1_t_fu_256/hadd_16ns_16ns_16_3_no_dsp_1_U1/node_0_0_hadd_16ns_16ns_16_3_no_dsp_1_ip_u/U0/i_synth/ADDSUB_OP.ADDSUB/LOGIC_SPEED.OP/EXP/NUMB_CMP/NOT_FAST.CMP/C_CHAIN/CHAIN_GEN[0].C_MUX.CARRY_MUX_i_2__1                                   | CLB.LUT.LUT4      |
    | grp_node_0_0_Pipeline_l_S_t_1_t_fu_256/hadd_16ns_16ns_16_3_no_dsp_1_U1/node_0_0_hadd_16ns_16ns_16_3_no_dsp_1_ip_u/U0/i_synth/ADDSUB_OP.ADDSUB/LOGIC_SPEED.OP/EXP/NUMB_CMP/NOT_FAST.CMP/C_CHAIN/CHAIN_GEN[0].C_MUX.CARRY_MUX_CARRY4_CARRY8                            | CLB.CARRY.CARRY8  |
    | grp_node_0_0_Pipeline_l_S_t_1_t_fu_256/hadd_16ns_16ns_16_3_no_dsp_1_U1/node_0_0_hadd_16ns_16ns_16_3_no_dsp_1_ip_u/U0/i_synth/ADDSUB_OP.ADDSUB/LOGIC_SPEED.OP/EXP/NUMB_CMP/NOT_FAST.CMP/C_CHAIN/CHAIN_GEN[1].C_MUX.CARRY_MUX_i_2__3                                   | CLB.LUT.LUT6      |
    | grp_node_0_0_Pipeline_l_S_t_1_t_fu_256/hadd_16ns_16ns_16_3_no_dsp_1_U1/node_0_0_hadd_16ns_16ns_16_3_no_dsp_1_ip_u/U0/i_synth/ADDSUB_OP.ADDSUB/LOGIC_SPEED.OP/EXP/NUMB_CMP/NOT_FAST.CMP/C_CHAIN/CHAIN_GEN[1].C_MUX.CARRY_MUX_i_1__5                                   | CLB.LUT.LUT4      |
    | grp_node_0_0_Pipeline_l_S_t_1_t_fu_256/hadd_16ns_16ns_16_3_no_dsp_1_U1/node_0_0_hadd_16ns_16ns_16_3_no_dsp_1_ip_u/U0/i_synth/ADDSUB_OP.ADDSUB/LOGIC_SPEED.OP/ALIGN_BLK/ALIGN_SHIFT/ALIGN_Z_D/EQ_ZERO/CARRY_ZERO_DET/CHAIN_GEN[0].C_MUX.CARRY_MUX_CARRY4_CARRY8       | CLB.CARRY.CARRY8  |
    | grp_node_0_0_Pipeline_l_S_t_1_t_fu_256/hadd_16ns_16ns_16_3_no_dsp_1_U1/node_0_0_hadd_16ns_16ns_16_3_no_dsp_1_ip_u/U0/i_synth/ADDSUB_OP.ADDSUB/LOGIC_SPEED.OP/EXP/NUMB_CMP/NOT_FAST.CMP/C_CHAIN/STRUCT_ADD1.CARRY_MUX2_i_7                                            | CLB.LUT.LUT5      |
    | grp_node_0_0_Pipeline_l_S_t_1_t_fu_256/hadd_16ns_16ns_16_3_no_dsp_1_U1/node_0_0_hadd_16ns_16ns_16_3_no_dsp_1_ip_u/U0/i_synth/ADDSUB_OP.ADDSUB/LOGIC_SPEED.OP/EXP/NUMB_CMP/NOT_FAST.CMP/C_CHAIN/STRUCT_ADD1.CARRY_MUX2_i_2                                            | CLB.LUT.LUT6      |
    | grp_node_0_0_Pipeline_l_S_t_1_t_fu_256/hadd_16ns_16ns_16_3_no_dsp_1_U1/node_0_0_hadd_16ns_16ns_16_3_no_dsp_1_ip_u/U0/i_synth/ADDSUB_OP.ADDSUB/LOGIC_SPEED.OP/EXP/NUMB_CMP/NOT_FAST.CMP/C_CHAIN/STRUCT_ADD1.CARRY_MUX2_i_1                                            | CLB.LUT.LUT6      |
    | grp_node_0_0_Pipeline_l_S_t_1_t_fu_256/hadd_16ns_16ns_16_3_no_dsp_1_U1/node_0_0_hadd_16ns_16ns_16_3_no_dsp_1_ip_u/U0/i_synth/ADDSUB_OP.ADDSUB/LOGIC_SPEED.OP/ALIGN_BLK/FRAC_ADDSUB/LOGIC_ADD.FRAC_ADDSUB/STRUCT_ADD1.CARRY_MUX1_CARRY4_CARRY8                        | CLB.CARRY.CARRY8  |
    | grp_node_0_0_Pipeline_l_S_t_1_t_fu_256/hadd_16ns_16ns_16_3_no_dsp_1_U1/node_0_0_hadd_16ns_16ns_16_3_no_dsp_1_ip_u/U0/i_synth/ADDSUB_OP.ADDSUB/LOGIC_SPEED.OP/ALIGN_BLK/FRAC_ADDSUB/LOGIC_ADD.FRAC_ADDSUB/STRUCT_ADD2.ADD1/CHAIN_GEN[0].C_MUX.CARRY_MUX_CARRY4_CARRY8 | CLB.CARRY.CARRY8  |
    | grp_node_0_0_Pipeline_l_S_t_1_t_fu_256/hadd_16ns_16ns_16_3_no_dsp_1_U1/node_0_0_hadd_16ns_16ns_16_3_no_dsp_1_ip_u/U0/i_synth/ADDSUB_OP.ADDSUB/LOGIC_SPEED.OP/ALIGN_BLK/FRAC_ADDSUB/LOGIC_ADD.FRAC_ADDSUB/STRUCT_ADD2.ADD1/CHAIN_GEN[0].C_MUX.CARRY_MUX_i_1__2        | CLB.LUT.LUT4      |
    | grp_node_0_0_Pipeline_l_S_t_1_t_fu_256/hadd_16ns_16ns_16_3_no_dsp_1_U1/node_0_0_hadd_16ns_16ns_16_3_no_dsp_1_ip_u/U0/i_synth/ADDSUB_OP.ADDSUB/LOGIC_SPEED.OP/NORM/LZE/ZERO_DET_CC_1/CHAIN_GEN[0].C_MUX.CARRY_MUX_CARRY4_CARRY8                                       | CLB.CARRY.CARRY8  |
    | grp_node_0_0_Pipeline_l_S_t_1_t_fu_256/hadd_16ns_16ns_16_3_no_dsp_1_U1/node_0_0_hadd_16ns_16ns_16_3_no_dsp_1_ip_u/U0/i_synth/ADDSUB_OP.ADDSUB/LOGIC_SPEED.OP/ALIGN_BLK/FRAC_ADDSUB/LOGIC_ADD.FRAC_ADDSUB/STRUCT_ADD2.ADD1/RESULT_REG.NORMAL.exp_op[2]_i_8            | CLB.LUT.LUT5      |
    | grp_node_0_0_Pipeline_l_S_t_1_t_fu_256/hadd_16ns_16ns_16_3_no_dsp_1_U1/node_0_0_hadd_16ns_16ns_16_3_no_dsp_1_ip_u/U0/i_synth/ADDSUB_OP.ADDSUB/LOGIC_SPEED.OP/ALIGN_BLK/FRAC_ADDSUB/LOGIC_ADD.FRAC_ADDSUB/STRUCT_ADD1.ADD1/RESULT_REG.NORMAL.exp_op[1]_i_3            | CLB.LUT.LUT5      |
    | grp_node_0_0_Pipeline_l_S_t_1_t_fu_256/hadd_16ns_16ns_16_3_no_dsp_1_U1/node_0_0_hadd_16ns_16ns_16_3_no_dsp_1_ip_u/U0/i_synth/ADDSUB_OP.ADDSUB/LOGIC_SPEED.OP/ALIGN_BLK/FRAC_ADDSUB/LOGIC_ADD.FRAC_ADDSUB/STRUCT_ADD1.ADD1/CHAIN_GEN[0].C_MUX.CARRY_MUX_i_6__0        | CLB.LUT.LUT5      |
    | grp_node_0_0_Pipeline_l_S_t_1_t_fu_256/hadd_16ns_16ns_16_3_no_dsp_1_U1/node_0_0_hadd_16ns_16ns_16_3_no_dsp_1_ip_u/U0/i_synth/ADDSUB_OP.ADDSUB/LOGIC_SPEED.OP/ALIGN_BLK/FRAC_ADDSUB/LOGIC_ADD.FRAC_ADDSUB/STRUCT_ADD1.ADD1/CHAIN_GEN[0].C_MUX.CARRY_MUX_i_3__0        | CLB.LUT.LUT6      |
    | grp_node_0_0_Pipeline_l_S_t_1_t_fu_256/hadd_16ns_16ns_16_3_no_dsp_1_U1/node_0_0_hadd_16ns_16ns_16_3_no_dsp_1_ip_u/U0/i_synth/ADDSUB_OP.ADDSUB/LOGIC_SPEED.OP/ALIGN_BLK/FRAC_ADDSUB/LOGIC_ADD.FRAC_ADDSUB/STRUCT_ADD1.ADD1/CHAIN_GEN[0].C_MUX.CARRY_MUX_i_1__10       | CLB.LUT.LUT5      |
    | grp_node_0_0_Pipeline_l_S_t_1_t_fu_256/hadd_16ns_16ns_16_3_no_dsp_1_U1/node_0_0_hadd_16ns_16ns_16_3_no_dsp_1_ip_u/U0/i_synth/ADDSUB_OP.ADDSUB/LOGIC_SPEED.OP/NORM/ROUND/RND_BIT_GEN/NORM_2.RND_CHAIN/CHAIN_GEN[0].C_MUX.CARRY_MUX_CARRY4_CARRY8                      | CLB.CARRY.CARRY8  |
    | grp_node_0_0_Pipeline_l_S_t_1_t_fu_256/hadd_16ns_16ns_16_3_no_dsp_1_U1/node_0_0_hadd_16ns_16ns_16_3_no_dsp_1_ip_u/U0/i_synth/ADDSUB_OP.ADDSUB/LOGIC_SPEED.OP/NORM/ROUND/LOGIC.RND1/CHAIN_GEN[2].C_MUX.CARRY_MUX_CARRY4_CARRY8                                        | CLB.CARRY.CARRY8  |
    | grp_node_0_0_Pipeline_l_S_t_1_t_fu_256/hadd_16ns_16ns_16_3_no_dsp_1_U1/node_0_0_hadd_16ns_16ns_16_3_no_dsp_1_ip_u/U0/i_synth/ADDSUB_OP.ADDSUB/LOGIC_SPEED.OP/NORM/ROUND/LOGIC.RND2/CHAIN_GEN[5].Q_XOR.SUM_XOR_CARRY4_CARRY8                                          | CLB.CARRY.CARRY8  |
    | grp_node_0_0_Pipeline_l_S_t_1_t_fu_256/hadd_16ns_16ns_16_3_no_dsp_1_U1/node_0_0_hadd_16ns_16ns_16_3_no_dsp_1_ip_u/U0/i_synth/ADDSUB_OP.ADDSUB/LOGIC_SPEED.OP/NORM/ROUND/LOGIC.RND2/RESULT_REG.NORMAL.exp_op[1]_i_1                                                   | CLB.LUT.LUT6      |
    | grp_node_0_0_Pipeline_l_S_t_1_t_fu_256/hadd_16ns_16ns_16_3_no_dsp_1_U1/node_0_0_hadd_16ns_16ns_16_3_no_dsp_1_ip_u/U0/i_synth/ADDSUB_OP.ADDSUB/LOGIC_SPEED.OP/OP/RESULT_REG.NORMAL.exp_op_reg[1]                                                                      | REGISTER.SDR.FDRE |
    +----------------------------------------------------------------------------------------------------------------------------------------------------------------------------------------------------------------------------------------------------------------------+-------------------+

    +----------------------------------------------------------------------------------------------------------------------------------------------------------------------------------------------------------------------------------------------------------------------+-------------------+
    | Path10 Cells                                                                                                                                                                                                                                                         | Primitive Type    |
    +----------------------------------------------------------------------------------------------------------------------------------------------------------------------------------------------------------------------------------------------------------------------+-------------------+
    | grp_node_0_0_Pipeline_l_S_t_1_t_fu_256/hadd_16ns_16ns_16_3_no_dsp_1_U1/din1_buf1_reg[0]                                                                                                                                                                              | REGISTER.SDR.FDRE |
    | grp_node_0_0_Pipeline_l_S_t_1_t_fu_256/hadd_16ns_16ns_16_3_no_dsp_1_U1/node_0_0_hadd_16ns_16ns_16_3_no_dsp_1_ip_u/U0/i_synth/ADDSUB_OP.ADDSUB/LOGIC_SPEED.OP/EXP/NUMB_CMP/NOT_FAST.CMP/C_CHAIN/CHAIN_GEN[0].C_MUX.CARRY_MUX_i_2__1                                   | CLB.LUT.LUT4      |
    | grp_node_0_0_Pipeline_l_S_t_1_t_fu_256/hadd_16ns_16ns_16_3_no_dsp_1_U1/node_0_0_hadd_16ns_16ns_16_3_no_dsp_1_ip_u/U0/i_synth/ADDSUB_OP.ADDSUB/LOGIC_SPEED.OP/EXP/NUMB_CMP/NOT_FAST.CMP/C_CHAIN/CHAIN_GEN[0].C_MUX.CARRY_MUX_CARRY4_CARRY8                            | CLB.CARRY.CARRY8  |
    | grp_node_0_0_Pipeline_l_S_t_1_t_fu_256/hadd_16ns_16ns_16_3_no_dsp_1_U1/node_0_0_hadd_16ns_16ns_16_3_no_dsp_1_ip_u/U0/i_synth/ADDSUB_OP.ADDSUB/LOGIC_SPEED.OP/EXP/NUMB_CMP/NOT_FAST.CMP/C_CHAIN/CHAIN_GEN[1].C_MUX.CARRY_MUX_i_2__3                                   | CLB.LUT.LUT6      |
    | grp_node_0_0_Pipeline_l_S_t_1_t_fu_256/hadd_16ns_16ns_16_3_no_dsp_1_U1/node_0_0_hadd_16ns_16ns_16_3_no_dsp_1_ip_u/U0/i_synth/ADDSUB_OP.ADDSUB/LOGIC_SPEED.OP/EXP/NUMB_CMP/NOT_FAST.CMP/C_CHAIN/CHAIN_GEN[1].C_MUX.CARRY_MUX_i_1__5                                   | CLB.LUT.LUT4      |
    | grp_node_0_0_Pipeline_l_S_t_1_t_fu_256/hadd_16ns_16ns_16_3_no_dsp_1_U1/node_0_0_hadd_16ns_16ns_16_3_no_dsp_1_ip_u/U0/i_synth/ADDSUB_OP.ADDSUB/LOGIC_SPEED.OP/ALIGN_BLK/ALIGN_SHIFT/ALIGN_Z_D/EQ_ZERO/CARRY_ZERO_DET/CHAIN_GEN[0].C_MUX.CARRY_MUX_CARRY4_CARRY8       | CLB.CARRY.CARRY8  |
    | grp_node_0_0_Pipeline_l_S_t_1_t_fu_256/hadd_16ns_16ns_16_3_no_dsp_1_U1/node_0_0_hadd_16ns_16ns_16_3_no_dsp_1_ip_u/U0/i_synth/ADDSUB_OP.ADDSUB/LOGIC_SPEED.OP/EXP/NUMB_CMP/NOT_FAST.CMP/C_CHAIN/STRUCT_ADD1.CARRY_MUX2_i_7                                            | CLB.LUT.LUT5      |
    | grp_node_0_0_Pipeline_l_S_t_1_t_fu_256/hadd_16ns_16ns_16_3_no_dsp_1_U1/node_0_0_hadd_16ns_16ns_16_3_no_dsp_1_ip_u/U0/i_synth/ADDSUB_OP.ADDSUB/LOGIC_SPEED.OP/EXP/NUMB_CMP/NOT_FAST.CMP/C_CHAIN/STRUCT_ADD1.CARRY_MUX2_i_2                                            | CLB.LUT.LUT6      |
    | grp_node_0_0_Pipeline_l_S_t_1_t_fu_256/hadd_16ns_16ns_16_3_no_dsp_1_U1/node_0_0_hadd_16ns_16ns_16_3_no_dsp_1_ip_u/U0/i_synth/ADDSUB_OP.ADDSUB/LOGIC_SPEED.OP/EXP/NUMB_CMP/NOT_FAST.CMP/C_CHAIN/STRUCT_ADD1.CARRY_MUX2_i_1                                            | CLB.LUT.LUT6      |
    | grp_node_0_0_Pipeline_l_S_t_1_t_fu_256/hadd_16ns_16ns_16_3_no_dsp_1_U1/node_0_0_hadd_16ns_16ns_16_3_no_dsp_1_ip_u/U0/i_synth/ADDSUB_OP.ADDSUB/LOGIC_SPEED.OP/ALIGN_BLK/FRAC_ADDSUB/LOGIC_ADD.FRAC_ADDSUB/STRUCT_ADD1.CARRY_MUX1_CARRY4_CARRY8                        | CLB.CARRY.CARRY8  |
    | grp_node_0_0_Pipeline_l_S_t_1_t_fu_256/hadd_16ns_16ns_16_3_no_dsp_1_U1/node_0_0_hadd_16ns_16ns_16_3_no_dsp_1_ip_u/U0/i_synth/ADDSUB_OP.ADDSUB/LOGIC_SPEED.OP/ALIGN_BLK/FRAC_ADDSUB/LOGIC_ADD.FRAC_ADDSUB/STRUCT_ADD2.ADD1/CHAIN_GEN[0].C_MUX.CARRY_MUX_CARRY4_CARRY8 | CLB.CARRY.CARRY8  |
    | grp_node_0_0_Pipeline_l_S_t_1_t_fu_256/hadd_16ns_16ns_16_3_no_dsp_1_U1/node_0_0_hadd_16ns_16ns_16_3_no_dsp_1_ip_u/U0/i_synth/ADDSUB_OP.ADDSUB/LOGIC_SPEED.OP/ALIGN_BLK/FRAC_ADDSUB/LOGIC_ADD.FRAC_ADDSUB/STRUCT_ADD2.ADD1/CHAIN_GEN[0].C_MUX.CARRY_MUX_i_1__2        | CLB.LUT.LUT4      |
    | grp_node_0_0_Pipeline_l_S_t_1_t_fu_256/hadd_16ns_16ns_16_3_no_dsp_1_U1/node_0_0_hadd_16ns_16ns_16_3_no_dsp_1_ip_u/U0/i_synth/ADDSUB_OP.ADDSUB/LOGIC_SPEED.OP/NORM/LZE/ZERO_DET_CC_1/CHAIN_GEN[0].C_MUX.CARRY_MUX_CARRY4_CARRY8                                       | CLB.CARRY.CARRY8  |
    | grp_node_0_0_Pipeline_l_S_t_1_t_fu_256/hadd_16ns_16ns_16_3_no_dsp_1_U1/node_0_0_hadd_16ns_16ns_16_3_no_dsp_1_ip_u/U0/i_synth/ADDSUB_OP.ADDSUB/LOGIC_SPEED.OP/ALIGN_BLK/FRAC_ADDSUB/LOGIC_ADD.FRAC_ADDSUB/STRUCT_ADD2.ADD1/RESULT_REG.NORMAL.exp_op[2]_i_8            | CLB.LUT.LUT5      |
    | grp_node_0_0_Pipeline_l_S_t_1_t_fu_256/hadd_16ns_16ns_16_3_no_dsp_1_U1/node_0_0_hadd_16ns_16ns_16_3_no_dsp_1_ip_u/U0/i_synth/ADDSUB_OP.ADDSUB/LOGIC_SPEED.OP/ALIGN_BLK/FRAC_ADDSUB/LOGIC_ADD.FRAC_ADDSUB/STRUCT_ADD1.ADD1/RESULT_REG.NORMAL.exp_op[1]_i_3            | CLB.LUT.LUT5      |
    | grp_node_0_0_Pipeline_l_S_t_1_t_fu_256/hadd_16ns_16ns_16_3_no_dsp_1_U1/node_0_0_hadd_16ns_16ns_16_3_no_dsp_1_ip_u/U0/i_synth/ADDSUB_OP.ADDSUB/LOGIC_SPEED.OP/ALIGN_BLK/FRAC_ADDSUB/LOGIC_ADD.FRAC_ADDSUB/STRUCT_ADD1.ADD1/CHAIN_GEN[0].C_MUX.CARRY_MUX_i_6__0        | CLB.LUT.LUT5      |
    | grp_node_0_0_Pipeline_l_S_t_1_t_fu_256/hadd_16ns_16ns_16_3_no_dsp_1_U1/node_0_0_hadd_16ns_16ns_16_3_no_dsp_1_ip_u/U0/i_synth/ADDSUB_OP.ADDSUB/LOGIC_SPEED.OP/ALIGN_BLK/FRAC_ADDSUB/LOGIC_ADD.FRAC_ADDSUB/STRUCT_ADD1.ADD1/CHAIN_GEN[0].C_MUX.CARRY_MUX_i_3__0        | CLB.LUT.LUT6      |
    | grp_node_0_0_Pipeline_l_S_t_1_t_fu_256/hadd_16ns_16ns_16_3_no_dsp_1_U1/node_0_0_hadd_16ns_16ns_16_3_no_dsp_1_ip_u/U0/i_synth/ADDSUB_OP.ADDSUB/LOGIC_SPEED.OP/ALIGN_BLK/FRAC_ADDSUB/LOGIC_ADD.FRAC_ADDSUB/STRUCT_ADD1.ADD1/CHAIN_GEN[0].C_MUX.CARRY_MUX_i_1__10       | CLB.LUT.LUT5      |
    | grp_node_0_0_Pipeline_l_S_t_1_t_fu_256/hadd_16ns_16ns_16_3_no_dsp_1_U1/node_0_0_hadd_16ns_16ns_16_3_no_dsp_1_ip_u/U0/i_synth/ADDSUB_OP.ADDSUB/LOGIC_SPEED.OP/NORM/ROUND/RND_BIT_GEN/NORM_2.RND_CHAIN/CHAIN_GEN[0].C_MUX.CARRY_MUX_CARRY4_CARRY8                      | CLB.CARRY.CARRY8  |
    | grp_node_0_0_Pipeline_l_S_t_1_t_fu_256/hadd_16ns_16ns_16_3_no_dsp_1_U1/node_0_0_hadd_16ns_16ns_16_3_no_dsp_1_ip_u/U0/i_synth/ADDSUB_OP.ADDSUB/LOGIC_SPEED.OP/NORM/ROUND/LOGIC.RND1/CHAIN_GEN[2].C_MUX.CARRY_MUX_CARRY4_CARRY8                                        | CLB.CARRY.CARRY8  |
    | grp_node_0_0_Pipeline_l_S_t_1_t_fu_256/hadd_16ns_16ns_16_3_no_dsp_1_U1/node_0_0_hadd_16ns_16ns_16_3_no_dsp_1_ip_u/U0/i_synth/ADDSUB_OP.ADDSUB/LOGIC_SPEED.OP/NORM/ROUND/LOGIC.RND2/CHAIN_GEN[5].Q_XOR.SUM_XOR_CARRY4_CARRY8                                          | CLB.CARRY.CARRY8  |
    | grp_node_0_0_Pipeline_l_S_t_1_t_fu_256/hadd_16ns_16ns_16_3_no_dsp_1_U1/node_0_0_hadd_16ns_16ns_16_3_no_dsp_1_ip_u/U0/i_synth/ADDSUB_OP.ADDSUB/LOGIC_SPEED.OP/NORM/LZE/ZERO_DET_CC_1/RESULT_REG.NORMAL.exp_op[4]_i_3                                                  | CLB.LUT.LUT6      |
    | grp_node_0_0_Pipeline_l_S_t_1_t_fu_256/hadd_16ns_16ns_16_3_no_dsp_1_U1/node_0_0_hadd_16ns_16ns_16_3_no_dsp_1_ip_u/U0/i_synth/ADDSUB_OP.ADDSUB/LOGIC_SPEED.OP/NORM/LZE/ZERO_DET_CC_1/RESULT_REG.NORMAL.exp_op[3]_i_1                                                  | CLB.LUT.LUT6      |
    | grp_node_0_0_Pipeline_l_S_t_1_t_fu_256/hadd_16ns_16ns_16_3_no_dsp_1_U1/node_0_0_hadd_16ns_16ns_16_3_no_dsp_1_ip_u/U0/i_synth/ADDSUB_OP.ADDSUB/LOGIC_SPEED.OP/OP/RESULT_REG.NORMAL.exp_op_reg[3]                                                                      | REGISTER.SDR.FDRE |
    | grp_node_0_0_Pipeline_l_S_t_1_t_fu_256/hadd_16ns_16ns_16_3_no_dsp_1_U1/din1_buf1_reg[0]                                                                                                                                                                              | REGISTER.SDR.FDRE |
    | grp_node_0_0_Pipeline_l_S_t_1_t_fu_256/hadd_16ns_16ns_16_3_no_dsp_1_U1/node_0_0_hadd_16ns_16ns_16_3_no_dsp_1_ip_u/U0/i_synth/ADDSUB_OP.ADDSUB/LOGIC_SPEED.OP/EXP/NUMB_CMP/NOT_FAST.CMP/C_CHAIN/CHAIN_GEN[0].C_MUX.CARRY_MUX_i_2__1                                   | CLB.LUT.LUT4      |
    | grp_node_0_0_Pipeline_l_S_t_1_t_fu_256/hadd_16ns_16ns_16_3_no_dsp_1_U1/node_0_0_hadd_16ns_16ns_16_3_no_dsp_1_ip_u/U0/i_synth/ADDSUB_OP.ADDSUB/LOGIC_SPEED.OP/EXP/NUMB_CMP/NOT_FAST.CMP/C_CHAIN/CHAIN_GEN[0].C_MUX.CARRY_MUX_CARRY4_CARRY8                            | CLB.CARRY.CARRY8  |
    | grp_node_0_0_Pipeline_l_S_t_1_t_fu_256/hadd_16ns_16ns_16_3_no_dsp_1_U1/node_0_0_hadd_16ns_16ns_16_3_no_dsp_1_ip_u/U0/i_synth/ADDSUB_OP.ADDSUB/LOGIC_SPEED.OP/EXP/NUMB_CMP/NOT_FAST.CMP/C_CHAIN/CHAIN_GEN[1].C_MUX.CARRY_MUX_i_2__3                                   | CLB.LUT.LUT6      |
    | grp_node_0_0_Pipeline_l_S_t_1_t_fu_256/hadd_16ns_16ns_16_3_no_dsp_1_U1/node_0_0_hadd_16ns_16ns_16_3_no_dsp_1_ip_u/U0/i_synth/ADDSUB_OP.ADDSUB/LOGIC_SPEED.OP/EXP/NUMB_CMP/NOT_FAST.CMP/C_CHAIN/CHAIN_GEN[1].C_MUX.CARRY_MUX_i_1__5                                   | CLB.LUT.LUT4      |
    | grp_node_0_0_Pipeline_l_S_t_1_t_fu_256/hadd_16ns_16ns_16_3_no_dsp_1_U1/node_0_0_hadd_16ns_16ns_16_3_no_dsp_1_ip_u/U0/i_synth/ADDSUB_OP.ADDSUB/LOGIC_SPEED.OP/ALIGN_BLK/ALIGN_SHIFT/ALIGN_Z_D/EQ_ZERO/CARRY_ZERO_DET/CHAIN_GEN[0].C_MUX.CARRY_MUX_CARRY4_CARRY8       | CLB.CARRY.CARRY8  |
    | grp_node_0_0_Pipeline_l_S_t_1_t_fu_256/hadd_16ns_16ns_16_3_no_dsp_1_U1/node_0_0_hadd_16ns_16ns_16_3_no_dsp_1_ip_u/U0/i_synth/ADDSUB_OP.ADDSUB/LOGIC_SPEED.OP/EXP/NUMB_CMP/NOT_FAST.CMP/C_CHAIN/STRUCT_ADD1.CARRY_MUX2_i_7                                            | CLB.LUT.LUT5      |
    | grp_node_0_0_Pipeline_l_S_t_1_t_fu_256/hadd_16ns_16ns_16_3_no_dsp_1_U1/node_0_0_hadd_16ns_16ns_16_3_no_dsp_1_ip_u/U0/i_synth/ADDSUB_OP.ADDSUB/LOGIC_SPEED.OP/EXP/NUMB_CMP/NOT_FAST.CMP/C_CHAIN/STRUCT_ADD1.CARRY_MUX2_i_2                                            | CLB.LUT.LUT6      |
    | grp_node_0_0_Pipeline_l_S_t_1_t_fu_256/hadd_16ns_16ns_16_3_no_dsp_1_U1/node_0_0_hadd_16ns_16ns_16_3_no_dsp_1_ip_u/U0/i_synth/ADDSUB_OP.ADDSUB/LOGIC_SPEED.OP/EXP/NUMB_CMP/NOT_FAST.CMP/C_CHAIN/STRUCT_ADD1.CARRY_MUX2_i_1                                            | CLB.LUT.LUT6      |
    | grp_node_0_0_Pipeline_l_S_t_1_t_fu_256/hadd_16ns_16ns_16_3_no_dsp_1_U1/node_0_0_hadd_16ns_16ns_16_3_no_dsp_1_ip_u/U0/i_synth/ADDSUB_OP.ADDSUB/LOGIC_SPEED.OP/ALIGN_BLK/FRAC_ADDSUB/LOGIC_ADD.FRAC_ADDSUB/STRUCT_ADD1.CARRY_MUX1_CARRY4_CARRY8                        | CLB.CARRY.CARRY8  |
    | grp_node_0_0_Pipeline_l_S_t_1_t_fu_256/hadd_16ns_16ns_16_3_no_dsp_1_U1/node_0_0_hadd_16ns_16ns_16_3_no_dsp_1_ip_u/U0/i_synth/ADDSUB_OP.ADDSUB/LOGIC_SPEED.OP/ALIGN_BLK/FRAC_ADDSUB/LOGIC_ADD.FRAC_ADDSUB/STRUCT_ADD2.ADD1/CHAIN_GEN[0].C_MUX.CARRY_MUX_CARRY4_CARRY8 | CLB.CARRY.CARRY8  |
    | grp_node_0_0_Pipeline_l_S_t_1_t_fu_256/hadd_16ns_16ns_16_3_no_dsp_1_U1/node_0_0_hadd_16ns_16ns_16_3_no_dsp_1_ip_u/U0/i_synth/ADDSUB_OP.ADDSUB/LOGIC_SPEED.OP/ALIGN_BLK/FRAC_ADDSUB/LOGIC_ADD.FRAC_ADDSUB/STRUCT_ADD2.ADD1/CHAIN_GEN[0].C_MUX.CARRY_MUX_i_1__2        | CLB.LUT.LUT4      |
    | grp_node_0_0_Pipeline_l_S_t_1_t_fu_256/hadd_16ns_16ns_16_3_no_dsp_1_U1/node_0_0_hadd_16ns_16ns_16_3_no_dsp_1_ip_u/U0/i_synth/ADDSUB_OP.ADDSUB/LOGIC_SPEED.OP/NORM/LZE/ZERO_DET_CC_1/CHAIN_GEN[0].C_MUX.CARRY_MUX_CARRY4_CARRY8                                       | CLB.CARRY.CARRY8  |
    | grp_node_0_0_Pipeline_l_S_t_1_t_fu_256/hadd_16ns_16ns_16_3_no_dsp_1_U1/node_0_0_hadd_16ns_16ns_16_3_no_dsp_1_ip_u/U0/i_synth/ADDSUB_OP.ADDSUB/LOGIC_SPEED.OP/ALIGN_BLK/FRAC_ADDSUB/LOGIC_ADD.FRAC_ADDSUB/STRUCT_ADD2.ADD1/RESULT_REG.NORMAL.exp_op[2]_i_8            | CLB.LUT.LUT5      |
    | grp_node_0_0_Pipeline_l_S_t_1_t_fu_256/hadd_16ns_16ns_16_3_no_dsp_1_U1/node_0_0_hadd_16ns_16ns_16_3_no_dsp_1_ip_u/U0/i_synth/ADDSUB_OP.ADDSUB/LOGIC_SPEED.OP/ALIGN_BLK/FRAC_ADDSUB/LOGIC_ADD.FRAC_ADDSUB/STRUCT_ADD1.ADD1/RESULT_REG.NORMAL.exp_op[1]_i_3            | CLB.LUT.LUT5      |
    | grp_node_0_0_Pipeline_l_S_t_1_t_fu_256/hadd_16ns_16ns_16_3_no_dsp_1_U1/node_0_0_hadd_16ns_16ns_16_3_no_dsp_1_ip_u/U0/i_synth/ADDSUB_OP.ADDSUB/LOGIC_SPEED.OP/ALIGN_BLK/FRAC_ADDSUB/LOGIC_ADD.FRAC_ADDSUB/STRUCT_ADD1.ADD1/CHAIN_GEN[0].C_MUX.CARRY_MUX_i_6__0        | CLB.LUT.LUT5      |
    | grp_node_0_0_Pipeline_l_S_t_1_t_fu_256/hadd_16ns_16ns_16_3_no_dsp_1_U1/node_0_0_hadd_16ns_16ns_16_3_no_dsp_1_ip_u/U0/i_synth/ADDSUB_OP.ADDSUB/LOGIC_SPEED.OP/ALIGN_BLK/FRAC_ADDSUB/LOGIC_ADD.FRAC_ADDSUB/STRUCT_ADD1.ADD1/CHAIN_GEN[0].C_MUX.CARRY_MUX_i_3__0        | CLB.LUT.LUT6      |
    | grp_node_0_0_Pipeline_l_S_t_1_t_fu_256/hadd_16ns_16ns_16_3_no_dsp_1_U1/node_0_0_hadd_16ns_16ns_16_3_no_dsp_1_ip_u/U0/i_synth/ADDSUB_OP.ADDSUB/LOGIC_SPEED.OP/ALIGN_BLK/FRAC_ADDSUB/LOGIC_ADD.FRAC_ADDSUB/STRUCT_ADD1.ADD1/CHAIN_GEN[0].C_MUX.CARRY_MUX_i_1__10       | CLB.LUT.LUT5      |
    | grp_node_0_0_Pipeline_l_S_t_1_t_fu_256/hadd_16ns_16ns_16_3_no_dsp_1_U1/node_0_0_hadd_16ns_16ns_16_3_no_dsp_1_ip_u/U0/i_synth/ADDSUB_OP.ADDSUB/LOGIC_SPEED.OP/NORM/ROUND/RND_BIT_GEN/NORM_2.RND_CHAIN/CHAIN_GEN[0].C_MUX.CARRY_MUX_CARRY4_CARRY8                      | CLB.CARRY.CARRY8  |
    | grp_node_0_0_Pipeline_l_S_t_1_t_fu_256/hadd_16ns_16ns_16_3_no_dsp_1_U1/node_0_0_hadd_16ns_16ns_16_3_no_dsp_1_ip_u/U0/i_synth/ADDSUB_OP.ADDSUB/LOGIC_SPEED.OP/NORM/ROUND/LOGIC.RND1/CHAIN_GEN[2].C_MUX.CARRY_MUX_CARRY4_CARRY8                                        | CLB.CARRY.CARRY8  |
    | grp_node_0_0_Pipeline_l_S_t_1_t_fu_256/hadd_16ns_16ns_16_3_no_dsp_1_U1/node_0_0_hadd_16ns_16ns_16_3_no_dsp_1_ip_u/U0/i_synth/ADDSUB_OP.ADDSUB/LOGIC_SPEED.OP/NORM/ROUND/LOGIC.RND2/CHAIN_GEN[5].Q_XOR.SUM_XOR_CARRY4_CARRY8                                          | CLB.CARRY.CARRY8  |
    | grp_node_0_0_Pipeline_l_S_t_1_t_fu_256/hadd_16ns_16ns_16_3_no_dsp_1_U1/node_0_0_hadd_16ns_16ns_16_3_no_dsp_1_ip_u/U0/i_synth/ADDSUB_OP.ADDSUB/LOGIC_SPEED.OP/NORM/LZE/ZERO_DET_CC_1/RESULT_REG.NORMAL.exp_op[4]_i_3                                                  | CLB.LUT.LUT6      |
    | grp_node_0_0_Pipeline_l_S_t_1_t_fu_256/hadd_16ns_16ns_16_3_no_dsp_1_U1/node_0_0_hadd_16ns_16ns_16_3_no_dsp_1_ip_u/U0/i_synth/ADDSUB_OP.ADDSUB/LOGIC_SPEED.OP/NORM/LZE/ZERO_DET_CC_1/RESULT_REG.NORMAL.exp_op[4]_i_1                                                  | CLB.LUT.LUT6      |
    | grp_node_0_0_Pipeline_l_S_t_1_t_fu_256/hadd_16ns_16ns_16_3_no_dsp_1_U1/node_0_0_hadd_16ns_16ns_16_3_no_dsp_1_ip_u/U0/i_synth/ADDSUB_OP.ADDSUB/LOGIC_SPEED.OP/OP/RESULT_REG.NORMAL.exp_op_reg[4]                                                                      | REGISTER.SDR.FDRE |
    | grp_node_0_0_Pipeline_l_S_t_1_t_fu_256/hadd_16ns_16ns_16_3_no_dsp_1_U1/din1_buf1_reg[0]                                                                                                                                                                              | REGISTER.SDR.FDRE |
    | grp_node_0_0_Pipeline_l_S_t_1_t_fu_256/hsub_16ns_16ns_16_3_no_dsp_1_U2/node_0_0_hsub_16ns_16ns_16_3_no_dsp_1_ip_u/U0/i_synth/ADDSUB_OP.ADDSUB/LOGIC_SPEED.OP/EXP/NUMB_CMP/NOT_FAST.CMP/C_CHAIN/CHAIN_GEN[0].C_MUX.CARRY_MUX_i_2__1                                   | CLB.LUT.LUT4      |
    | grp_node_0_0_Pipeline_l_S_t_1_t_fu_256/hsub_16ns_16ns_16_3_no_dsp_1_U2/node_0_0_hsub_16ns_16ns_16_3_no_dsp_1_ip_u/U0/i_synth/ADDSUB_OP.ADDSUB/LOGIC_SPEED.OP/EXP/NUMB_CMP/NOT_FAST.CMP/C_CHAIN/CHAIN_GEN[0].C_MUX.CARRY_MUX_CARRY4_CARRY8                            | CLB.CARRY.CARRY8  |
    | grp_node_0_0_Pipeline_l_S_t_1_t_fu_256/hsub_16ns_16ns_16_3_no_dsp_1_U2/node_0_0_hsub_16ns_16ns_16_3_no_dsp_1_ip_u/U0/i_synth/ADDSUB_OP.ADDSUB/LOGIC_SPEED.OP/EXP/NUMB_CMP/NOT_FAST.CMP/C_CHAIN/CHAIN_GEN[1].C_MUX.CARRY_MUX_i_2__2                                   | CLB.LUT.LUT6      |
    | grp_node_0_0_Pipeline_l_S_t_1_t_fu_256/hsub_16ns_16ns_16_3_no_dsp_1_U2/node_0_0_hsub_16ns_16ns_16_3_no_dsp_1_ip_u/U0/i_synth/ADDSUB_OP.ADDSUB/LOGIC_SPEED.OP/EXP/NUMB_CMP/NOT_FAST.CMP/C_CHAIN/CHAIN_GEN[1].C_MUX.CARRY_MUX_i_1__1                                   | CLB.LUT.LUT4      |
    | grp_node_0_0_Pipeline_l_S_t_1_t_fu_256/hsub_16ns_16ns_16_3_no_dsp_1_U2/node_0_0_hsub_16ns_16ns_16_3_no_dsp_1_ip_u/U0/i_synth/ADDSUB_OP.ADDSUB/LOGIC_SPEED.OP/ALIGN_BLK/ALIGN_SHIFT/ALIGN_Z_D/EQ_ZERO/CARRY_ZERO_DET/CHAIN_GEN[0].C_MUX.CARRY_MUX_CARRY4_CARRY8       | CLB.CARRY.CARRY8  |
    | grp_node_0_0_Pipeline_l_S_t_1_t_fu_256/hsub_16ns_16ns_16_3_no_dsp_1_U2/node_0_0_hsub_16ns_16ns_16_3_no_dsp_1_ip_u/U0/i_synth/ADDSUB_OP.ADDSUB/LOGIC_SPEED.OP/ALIGN_BLK/ALIGN_SHIFT/ALIGN_Z_D/EQ_ZERO/CARRY_ZERO_DET/STRUCT_ADD1.CARRY_MUX2_i_7                       | CLB.LUT.LUT5      |
    | grp_node_0_0_Pipeline_l_S_t_1_t_fu_256/hsub_16ns_16ns_16_3_no_dsp_1_U2/node_0_0_hsub_16ns_16ns_16_3_no_dsp_1_ip_u/U0/i_synth/ADDSUB_OP.ADDSUB/LOGIC_SPEED.OP/EXP/NUMB_CMP/NOT_FAST.CMP/C_CHAIN/STRUCT_ADD1.CARRY_MUX2_i_1                                            | CLB.LUT.LUT6      |
    | grp_node_0_0_Pipeline_l_S_t_1_t_fu_256/hsub_16ns_16ns_16_3_no_dsp_1_U2/node_0_0_hsub_16ns_16ns_16_3_no_dsp_1_ip_u/U0/i_synth/ADDSUB_OP.ADDSUB/LOGIC_SPEED.OP/ALIGN_BLK/FRAC_ADDSUB/LOGIC_ADD.FRAC_ADDSUB/STRUCT_ADD1.CARRY_MUX1_CARRY4_CARRY8                        | CLB.CARRY.CARRY8  |
    | grp_node_0_0_Pipeline_l_S_t_1_t_fu_256/hsub_16ns_16ns_16_3_no_dsp_1_U2/node_0_0_hsub_16ns_16ns_16_3_no_dsp_1_ip_u/U0/i_synth/ADDSUB_OP.ADDSUB/LOGIC_SPEED.OP/ALIGN_BLK/FRAC_ADDSUB/LOGIC_ADD.FRAC_ADDSUB/STRUCT_ADD2.ADD1/CHAIN_GEN[0].C_MUX.CARRY_MUX_CARRY4_CARRY8 | CLB.CARRY.CARRY8  |
    | grp_node_0_0_Pipeline_l_S_t_1_t_fu_256/hsub_16ns_16ns_16_3_no_dsp_1_U2/node_0_0_hsub_16ns_16ns_16_3_no_dsp_1_ip_u/U0/i_synth/ADDSUB_OP.ADDSUB/LOGIC_SPEED.OP/ALIGN_BLK/FRAC_ADDSUB/LOGIC_ADD.FRAC_ADDSUB/STRUCT_ADD2.ADD1/CHAIN_GEN[0].C_MUX.CARRY_MUX_i_1__5        | CLB.LUT.LUT4      |
    | grp_node_0_0_Pipeline_l_S_t_1_t_fu_256/hsub_16ns_16ns_16_3_no_dsp_1_U2/node_0_0_hsub_16ns_16ns_16_3_no_dsp_1_ip_u/U0/i_synth/ADDSUB_OP.ADDSUB/LOGIC_SPEED.OP/NORM/LZE/ZERO_DET_CC_1/CHAIN_GEN[0].C_MUX.CARRY_MUX_CARRY4_CARRY8                                       | CLB.CARRY.CARRY8  |
    | grp_node_0_0_Pipeline_l_S_t_1_t_fu_256/hsub_16ns_16ns_16_3_no_dsp_1_U2/node_0_0_hsub_16ns_16ns_16_3_no_dsp_1_ip_u/U0/i_synth/ADDSUB_OP.ADDSUB/LOGIC_SPEED.OP/ALIGN_BLK/FRAC_ADDSUB/LOGIC_ADD.FRAC_ADDSUB/STRUCT_ADD1.ADD1/CHAIN_GEN[1].C_MUX.CARRY_MUX_i_6           | CLB.LUT.LUT6      |
    | grp_node_0_0_Pipeline_l_S_t_1_t_fu_256/hsub_16ns_16ns_16_3_no_dsp_1_U2/node_0_0_hsub_16ns_16ns_16_3_no_dsp_1_ip_u/U0/i_synth/ADDSUB_OP.ADDSUB/LOGIC_SPEED.OP/ALIGN_BLK/FRAC_ADDSUB/LOGIC_ADD.FRAC_ADDSUB/STRUCT_ADD2.ADD1/CHAIN_GEN[1].C_MUX.CARRY_MUX_i_2__3        | CLB.LUT.LUT6      |
    | grp_node_0_0_Pipeline_l_S_t_1_t_fu_256/hsub_16ns_16ns_16_3_no_dsp_1_U2/node_0_0_hsub_16ns_16ns_16_3_no_dsp_1_ip_u/U0/i_synth/ADDSUB_OP.ADDSUB/LOGIC_SPEED.OP/ALIGN_BLK/FRAC_ADDSUB/LOGIC_ADD.FRAC_ADDSUB/STRUCT_ADD2.ADD1/CHAIN_GEN[0].C_MUX.CARRY_MUX_i_7__0        | CLB.LUT.LUT5      |
    | grp_node_0_0_Pipeline_l_S_t_1_t_fu_256/hsub_16ns_16ns_16_3_no_dsp_1_U2/node_0_0_hsub_16ns_16ns_16_3_no_dsp_1_ip_u/U0/i_synth/ADDSUB_OP.ADDSUB/LOGIC_SPEED.OP/ALIGN_BLK/FRAC_ADDSUB/LOGIC_ADD.FRAC_ADDSUB/STRUCT_ADD1.ADD1/CHAIN_GEN[0].C_MUX.CARRY_MUX_i_5__0        | CLB.LUT.LUT6      |
    | grp_node_0_0_Pipeline_l_S_t_1_t_fu_256/hsub_16ns_16ns_16_3_no_dsp_1_U2/node_0_0_hsub_16ns_16ns_16_3_no_dsp_1_ip_u/U0/i_synth/ADDSUB_OP.ADDSUB/LOGIC_SPEED.OP/ALIGN_BLK/FRAC_ADDSUB/LOGIC_ADD.FRAC_ADDSUB/STRUCT_ADD1.ADD1/CHAIN_GEN[0].C_MUX.CARRY_MUX_i_1__9        | CLB.LUT.LUT6      |
    | grp_node_0_0_Pipeline_l_S_t_1_t_fu_256/hsub_16ns_16ns_16_3_no_dsp_1_U2/node_0_0_hsub_16ns_16ns_16_3_no_dsp_1_ip_u/U0/i_synth/ADDSUB_OP.ADDSUB/LOGIC_SPEED.OP/NORM/ROUND/RND_BIT_GEN/NORM_2.RND_CHAIN/CHAIN_GEN[0].C_MUX.CARRY_MUX_CARRY4_CARRY8                      | CLB.CARRY.CARRY8  |
    | grp_node_0_0_Pipeline_l_S_t_1_t_fu_256/hsub_16ns_16ns_16_3_no_dsp_1_U2/node_0_0_hsub_16ns_16ns_16_3_no_dsp_1_ip_u/U0/i_synth/ADDSUB_OP.ADDSUB/LOGIC_SPEED.OP/NORM/ROUND/LOGIC.RND1/CHAIN_GEN[2].C_MUX.CARRY_MUX_CARRY4_CARRY8                                        | CLB.CARRY.CARRY8  |
    | grp_node_0_0_Pipeline_l_S_t_1_t_fu_256/hsub_16ns_16ns_16_3_no_dsp_1_U2/node_0_0_hsub_16ns_16ns_16_3_no_dsp_1_ip_u/U0/i_synth/ADDSUB_OP.ADDSUB/LOGIC_SPEED.OP/NORM/ROUND/LOGIC.RND2/CHAIN_GEN[5].Q_XOR.SUM_XOR_CARRY4_CARRY8                                          | CLB.CARRY.CARRY8  |
    | grp_node_0_0_Pipeline_l_S_t_1_t_fu_256/hsub_16ns_16ns_16_3_no_dsp_1_U2/node_0_0_hsub_16ns_16ns_16_3_no_dsp_1_ip_u/U0/i_synth/ADDSUB_OP.ADDSUB/LOGIC_SPEED.OP/ALIGN_BLK/FRAC_ADDSUB/LOGIC_ADD.FRAC_ADDSUB/STRUCT_ADD1.ADD1/RESULT_REG.NORMAL.exp_op[0]_i_2            | CLB.LUT.LUT6      |
    | grp_node_0_0_Pipeline_l_S_t_1_t_fu_256/hsub_16ns_16ns_16_3_no_dsp_1_U2/node_0_0_hsub_16ns_16ns_16_3_no_dsp_1_ip_u/U0/i_synth/ADDSUB_OP.ADDSUB/LOGIC_SPEED.OP/EXP/EXP_OFF.STRUCT_ADD/RESULT_REG.NORMAL.exp_op[0]_i_1                                                  | CLB.LUT.LUT6      |
    | grp_node_0_0_Pipeline_l_S_t_1_t_fu_256/hsub_16ns_16ns_16_3_no_dsp_1_U2/node_0_0_hsub_16ns_16ns_16_3_no_dsp_1_ip_u/U0/i_synth/ADDSUB_OP.ADDSUB/LOGIC_SPEED.OP/OP/RESULT_REG.NORMAL.exp_op_reg[0]                                                                      | REGISTER.SDR.FDRE |
    | grp_node_0_0_Pipeline_l_S_t_1_t_fu_256/hadd_16ns_16ns_16_3_no_dsp_1_U1/din1_buf1_reg[0]                                                                                                                                                                              | REGISTER.SDR.FDRE |
    | grp_node_0_0_Pipeline_l_S_t_1_t_fu_256/hsub_16ns_16ns_16_3_no_dsp_1_U2/node_0_0_hsub_16ns_16ns_16_3_no_dsp_1_ip_u/U0/i_synth/ADDSUB_OP.ADDSUB/LOGIC_SPEED.OP/EXP/NUMB_CMP/NOT_FAST.CMP/C_CHAIN/CHAIN_GEN[0].C_MUX.CARRY_MUX_i_2__1                                   | CLB.LUT.LUT4      |
    | grp_node_0_0_Pipeline_l_S_t_1_t_fu_256/hsub_16ns_16ns_16_3_no_dsp_1_U2/node_0_0_hsub_16ns_16ns_16_3_no_dsp_1_ip_u/U0/i_synth/ADDSUB_OP.ADDSUB/LOGIC_SPEED.OP/EXP/NUMB_CMP/NOT_FAST.CMP/C_CHAIN/CHAIN_GEN[0].C_MUX.CARRY_MUX_CARRY4_CARRY8                            | CLB.CARRY.CARRY8  |
    | grp_node_0_0_Pipeline_l_S_t_1_t_fu_256/hsub_16ns_16ns_16_3_no_dsp_1_U2/node_0_0_hsub_16ns_16ns_16_3_no_dsp_1_ip_u/U0/i_synth/ADDSUB_OP.ADDSUB/LOGIC_SPEED.OP/EXP/NUMB_CMP/NOT_FAST.CMP/C_CHAIN/CHAIN_GEN[1].C_MUX.CARRY_MUX_i_2__2                                   | CLB.LUT.LUT6      |
    | grp_node_0_0_Pipeline_l_S_t_1_t_fu_256/hsub_16ns_16ns_16_3_no_dsp_1_U2/node_0_0_hsub_16ns_16ns_16_3_no_dsp_1_ip_u/U0/i_synth/ADDSUB_OP.ADDSUB/LOGIC_SPEED.OP/EXP/NUMB_CMP/NOT_FAST.CMP/C_CHAIN/CHAIN_GEN[1].C_MUX.CARRY_MUX_i_1__1                                   | CLB.LUT.LUT4      |
    | grp_node_0_0_Pipeline_l_S_t_1_t_fu_256/hsub_16ns_16ns_16_3_no_dsp_1_U2/node_0_0_hsub_16ns_16ns_16_3_no_dsp_1_ip_u/U0/i_synth/ADDSUB_OP.ADDSUB/LOGIC_SPEED.OP/ALIGN_BLK/ALIGN_SHIFT/ALIGN_Z_D/EQ_ZERO/CARRY_ZERO_DET/CHAIN_GEN[0].C_MUX.CARRY_MUX_CARRY4_CARRY8       | CLB.CARRY.CARRY8  |
    | grp_node_0_0_Pipeline_l_S_t_1_t_fu_256/hsub_16ns_16ns_16_3_no_dsp_1_U2/node_0_0_hsub_16ns_16ns_16_3_no_dsp_1_ip_u/U0/i_synth/ADDSUB_OP.ADDSUB/LOGIC_SPEED.OP/ALIGN_BLK/ALIGN_SHIFT/ALIGN_Z_D/EQ_ZERO/CARRY_ZERO_DET/STRUCT_ADD1.CARRY_MUX2_i_7                       | CLB.LUT.LUT5      |
    | grp_node_0_0_Pipeline_l_S_t_1_t_fu_256/hsub_16ns_16ns_16_3_no_dsp_1_U2/node_0_0_hsub_16ns_16ns_16_3_no_dsp_1_ip_u/U0/i_synth/ADDSUB_OP.ADDSUB/LOGIC_SPEED.OP/EXP/NUMB_CMP/NOT_FAST.CMP/C_CHAIN/STRUCT_ADD1.CARRY_MUX2_i_1                                            | CLB.LUT.LUT6      |
    | grp_node_0_0_Pipeline_l_S_t_1_t_fu_256/hsub_16ns_16ns_16_3_no_dsp_1_U2/node_0_0_hsub_16ns_16ns_16_3_no_dsp_1_ip_u/U0/i_synth/ADDSUB_OP.ADDSUB/LOGIC_SPEED.OP/ALIGN_BLK/FRAC_ADDSUB/LOGIC_ADD.FRAC_ADDSUB/STRUCT_ADD1.CARRY_MUX1_CARRY4_CARRY8                        | CLB.CARRY.CARRY8  |
    | grp_node_0_0_Pipeline_l_S_t_1_t_fu_256/hsub_16ns_16ns_16_3_no_dsp_1_U2/node_0_0_hsub_16ns_16ns_16_3_no_dsp_1_ip_u/U0/i_synth/ADDSUB_OP.ADDSUB/LOGIC_SPEED.OP/ALIGN_BLK/FRAC_ADDSUB/LOGIC_ADD.FRAC_ADDSUB/STRUCT_ADD2.ADD1/CHAIN_GEN[0].C_MUX.CARRY_MUX_CARRY4_CARRY8 | CLB.CARRY.CARRY8  |
    | grp_node_0_0_Pipeline_l_S_t_1_t_fu_256/hsub_16ns_16ns_16_3_no_dsp_1_U2/node_0_0_hsub_16ns_16ns_16_3_no_dsp_1_ip_u/U0/i_synth/ADDSUB_OP.ADDSUB/LOGIC_SPEED.OP/ALIGN_BLK/FRAC_ADDSUB/LOGIC_ADD.FRAC_ADDSUB/STRUCT_ADD2.ADD1/CHAIN_GEN[0].C_MUX.CARRY_MUX_i_1__5        | CLB.LUT.LUT4      |
    | grp_node_0_0_Pipeline_l_S_t_1_t_fu_256/hsub_16ns_16ns_16_3_no_dsp_1_U2/node_0_0_hsub_16ns_16ns_16_3_no_dsp_1_ip_u/U0/i_synth/ADDSUB_OP.ADDSUB/LOGIC_SPEED.OP/NORM/LZE/ZERO_DET_CC_1/CHAIN_GEN[0].C_MUX.CARRY_MUX_CARRY4_CARRY8                                       | CLB.CARRY.CARRY8  |
    | grp_node_0_0_Pipeline_l_S_t_1_t_fu_256/hsub_16ns_16ns_16_3_no_dsp_1_U2/node_0_0_hsub_16ns_16ns_16_3_no_dsp_1_ip_u/U0/i_synth/ADDSUB_OP.ADDSUB/LOGIC_SPEED.OP/ALIGN_BLK/FRAC_ADDSUB/LOGIC_ADD.FRAC_ADDSUB/STRUCT_ADD1.ADD1/CHAIN_GEN[1].C_MUX.CARRY_MUX_i_6           | CLB.LUT.LUT6      |
    | grp_node_0_0_Pipeline_l_S_t_1_t_fu_256/hsub_16ns_16ns_16_3_no_dsp_1_U2/node_0_0_hsub_16ns_16ns_16_3_no_dsp_1_ip_u/U0/i_synth/ADDSUB_OP.ADDSUB/LOGIC_SPEED.OP/ALIGN_BLK/FRAC_ADDSUB/LOGIC_ADD.FRAC_ADDSUB/STRUCT_ADD2.ADD1/CHAIN_GEN[1].C_MUX.CARRY_MUX_i_2__3        | CLB.LUT.LUT6      |
    | grp_node_0_0_Pipeline_l_S_t_1_t_fu_256/hsub_16ns_16ns_16_3_no_dsp_1_U2/node_0_0_hsub_16ns_16ns_16_3_no_dsp_1_ip_u/U0/i_synth/ADDSUB_OP.ADDSUB/LOGIC_SPEED.OP/ALIGN_BLK/FRAC_ADDSUB/LOGIC_ADD.FRAC_ADDSUB/STRUCT_ADD2.ADD1/CHAIN_GEN[0].C_MUX.CARRY_MUX_i_7__0        | CLB.LUT.LUT5      |
    | grp_node_0_0_Pipeline_l_S_t_1_t_fu_256/hsub_16ns_16ns_16_3_no_dsp_1_U2/node_0_0_hsub_16ns_16ns_16_3_no_dsp_1_ip_u/U0/i_synth/ADDSUB_OP.ADDSUB/LOGIC_SPEED.OP/ALIGN_BLK/FRAC_ADDSUB/LOGIC_ADD.FRAC_ADDSUB/STRUCT_ADD1.ADD1/CHAIN_GEN[0].C_MUX.CARRY_MUX_i_5__0        | CLB.LUT.LUT6      |
    | grp_node_0_0_Pipeline_l_S_t_1_t_fu_256/hsub_16ns_16ns_16_3_no_dsp_1_U2/node_0_0_hsub_16ns_16ns_16_3_no_dsp_1_ip_u/U0/i_synth/ADDSUB_OP.ADDSUB/LOGIC_SPEED.OP/ALIGN_BLK/FRAC_ADDSUB/LOGIC_ADD.FRAC_ADDSUB/STRUCT_ADD1.ADD1/CHAIN_GEN[0].C_MUX.CARRY_MUX_i_1__9        | CLB.LUT.LUT6      |
    | grp_node_0_0_Pipeline_l_S_t_1_t_fu_256/hsub_16ns_16ns_16_3_no_dsp_1_U2/node_0_0_hsub_16ns_16ns_16_3_no_dsp_1_ip_u/U0/i_synth/ADDSUB_OP.ADDSUB/LOGIC_SPEED.OP/NORM/ROUND/RND_BIT_GEN/NORM_2.RND_CHAIN/CHAIN_GEN[0].C_MUX.CARRY_MUX_CARRY4_CARRY8                      | CLB.CARRY.CARRY8  |
    | grp_node_0_0_Pipeline_l_S_t_1_t_fu_256/hsub_16ns_16ns_16_3_no_dsp_1_U2/node_0_0_hsub_16ns_16ns_16_3_no_dsp_1_ip_u/U0/i_synth/ADDSUB_OP.ADDSUB/LOGIC_SPEED.OP/NORM/ROUND/LOGIC.RND1/CHAIN_GEN[2].C_MUX.CARRY_MUX_CARRY4_CARRY8                                        | CLB.CARRY.CARRY8  |
    | grp_node_0_0_Pipeline_l_S_t_1_t_fu_256/hsub_16ns_16ns_16_3_no_dsp_1_U2/node_0_0_hsub_16ns_16ns_16_3_no_dsp_1_ip_u/U0/i_synth/ADDSUB_OP.ADDSUB/LOGIC_SPEED.OP/NORM/ROUND/LOGIC.RND2/CHAIN_GEN[5].Q_XOR.SUM_XOR_CARRY4_CARRY8                                          | CLB.CARRY.CARRY8  |
    | grp_node_0_0_Pipeline_l_S_t_1_t_fu_256/hsub_16ns_16ns_16_3_no_dsp_1_U2/node_0_0_hsub_16ns_16ns_16_3_no_dsp_1_ip_u/U0/i_synth/ADDSUB_OP.ADDSUB/LOGIC_SPEED.OP/EXP/EXP_OFF.STRUCT_ADD/RESULT_REG.NORMAL.exp_op[1]_i_2                                                  | CLB.LUT.LUT5      |
    | grp_node_0_0_Pipeline_l_S_t_1_t_fu_256/hsub_16ns_16ns_16_3_no_dsp_1_U2/node_0_0_hsub_16ns_16ns_16_3_no_dsp_1_ip_u/U0/i_synth/ADDSUB_OP.ADDSUB/LOGIC_SPEED.OP/EXP/EXP_OFF.STRUCT_ADD/RESULT_REG.NORMAL.exp_op[1]_i_1                                                  | CLB.LUT.LUT6      |
    | grp_node_0_0_Pipeline_l_S_t_1_t_fu_256/hsub_16ns_16ns_16_3_no_dsp_1_U2/node_0_0_hsub_16ns_16ns_16_3_no_dsp_1_ip_u/U0/i_synth/ADDSUB_OP.ADDSUB/LOGIC_SPEED.OP/OP/RESULT_REG.NORMAL.exp_op_reg[1]                                                                      | REGISTER.SDR.FDRE |
    | grp_node_0_0_Pipeline_l_S_t_1_t_fu_256/hadd_16ns_16ns_16_3_no_dsp_1_U1/din1_buf1_reg[0]                                                                                                                                                                              | REGISTER.SDR.FDRE |
    | grp_node_0_0_Pipeline_l_S_t_1_t_fu_256/hsub_16ns_16ns_16_3_no_dsp_1_U2/node_0_0_hsub_16ns_16ns_16_3_no_dsp_1_ip_u/U0/i_synth/ADDSUB_OP.ADDSUB/LOGIC_SPEED.OP/EXP/NUMB_CMP/NOT_FAST.CMP/C_CHAIN/CHAIN_GEN[0].C_MUX.CARRY_MUX_i_2__1                                   | CLB.LUT.LUT4      |
    | grp_node_0_0_Pipeline_l_S_t_1_t_fu_256/hsub_16ns_16ns_16_3_no_dsp_1_U2/node_0_0_hsub_16ns_16ns_16_3_no_dsp_1_ip_u/U0/i_synth/ADDSUB_OP.ADDSUB/LOGIC_SPEED.OP/EXP/NUMB_CMP/NOT_FAST.CMP/C_CHAIN/CHAIN_GEN[0].C_MUX.CARRY_MUX_CARRY4_CARRY8                            | CLB.CARRY.CARRY8  |
    | grp_node_0_0_Pipeline_l_S_t_1_t_fu_256/hsub_16ns_16ns_16_3_no_dsp_1_U2/node_0_0_hsub_16ns_16ns_16_3_no_dsp_1_ip_u/U0/i_synth/ADDSUB_OP.ADDSUB/LOGIC_SPEED.OP/EXP/NUMB_CMP/NOT_FAST.CMP/C_CHAIN/CHAIN_GEN[1].C_MUX.CARRY_MUX_i_2__2                                   | CLB.LUT.LUT6      |
    | grp_node_0_0_Pipeline_l_S_t_1_t_fu_256/hsub_16ns_16ns_16_3_no_dsp_1_U2/node_0_0_hsub_16ns_16ns_16_3_no_dsp_1_ip_u/U0/i_synth/ADDSUB_OP.ADDSUB/LOGIC_SPEED.OP/EXP/NUMB_CMP/NOT_FAST.CMP/C_CHAIN/CHAIN_GEN[1].C_MUX.CARRY_MUX_i_1__1                                   | CLB.LUT.LUT4      |
    | grp_node_0_0_Pipeline_l_S_t_1_t_fu_256/hsub_16ns_16ns_16_3_no_dsp_1_U2/node_0_0_hsub_16ns_16ns_16_3_no_dsp_1_ip_u/U0/i_synth/ADDSUB_OP.ADDSUB/LOGIC_SPEED.OP/ALIGN_BLK/ALIGN_SHIFT/ALIGN_Z_D/EQ_ZERO/CARRY_ZERO_DET/CHAIN_GEN[0].C_MUX.CARRY_MUX_CARRY4_CARRY8       | CLB.CARRY.CARRY8  |
    | grp_node_0_0_Pipeline_l_S_t_1_t_fu_256/hsub_16ns_16ns_16_3_no_dsp_1_U2/node_0_0_hsub_16ns_16ns_16_3_no_dsp_1_ip_u/U0/i_synth/ADDSUB_OP.ADDSUB/LOGIC_SPEED.OP/ALIGN_BLK/ALIGN_SHIFT/ALIGN_Z_D/EQ_ZERO/CARRY_ZERO_DET/STRUCT_ADD1.CARRY_MUX2_i_7                       | CLB.LUT.LUT5      |
    | grp_node_0_0_Pipeline_l_S_t_1_t_fu_256/hsub_16ns_16ns_16_3_no_dsp_1_U2/node_0_0_hsub_16ns_16ns_16_3_no_dsp_1_ip_u/U0/i_synth/ADDSUB_OP.ADDSUB/LOGIC_SPEED.OP/EXP/NUMB_CMP/NOT_FAST.CMP/C_CHAIN/STRUCT_ADD1.CARRY_MUX2_i_1                                            | CLB.LUT.LUT6      |
    | grp_node_0_0_Pipeline_l_S_t_1_t_fu_256/hsub_16ns_16ns_16_3_no_dsp_1_U2/node_0_0_hsub_16ns_16ns_16_3_no_dsp_1_ip_u/U0/i_synth/ADDSUB_OP.ADDSUB/LOGIC_SPEED.OP/ALIGN_BLK/FRAC_ADDSUB/LOGIC_ADD.FRAC_ADDSUB/STRUCT_ADD1.CARRY_MUX1_CARRY4_CARRY8                        | CLB.CARRY.CARRY8  |
    | grp_node_0_0_Pipeline_l_S_t_1_t_fu_256/hsub_16ns_16ns_16_3_no_dsp_1_U2/node_0_0_hsub_16ns_16ns_16_3_no_dsp_1_ip_u/U0/i_synth/ADDSUB_OP.ADDSUB/LOGIC_SPEED.OP/ALIGN_BLK/FRAC_ADDSUB/LOGIC_ADD.FRAC_ADDSUB/STRUCT_ADD2.ADD1/CHAIN_GEN[0].C_MUX.CARRY_MUX_CARRY4_CARRY8 | CLB.CARRY.CARRY8  |
    | grp_node_0_0_Pipeline_l_S_t_1_t_fu_256/hsub_16ns_16ns_16_3_no_dsp_1_U2/node_0_0_hsub_16ns_16ns_16_3_no_dsp_1_ip_u/U0/i_synth/ADDSUB_OP.ADDSUB/LOGIC_SPEED.OP/ALIGN_BLK/FRAC_ADDSUB/LOGIC_ADD.FRAC_ADDSUB/STRUCT_ADD2.ADD1/CHAIN_GEN[0].C_MUX.CARRY_MUX_i_1__5        | CLB.LUT.LUT4      |
    | grp_node_0_0_Pipeline_l_S_t_1_t_fu_256/hsub_16ns_16ns_16_3_no_dsp_1_U2/node_0_0_hsub_16ns_16ns_16_3_no_dsp_1_ip_u/U0/i_synth/ADDSUB_OP.ADDSUB/LOGIC_SPEED.OP/NORM/LZE/ZERO_DET_CC_1/CHAIN_GEN[0].C_MUX.CARRY_MUX_CARRY4_CARRY8                                       | CLB.CARRY.CARRY8  |
    | grp_node_0_0_Pipeline_l_S_t_1_t_fu_256/hsub_16ns_16ns_16_3_no_dsp_1_U2/node_0_0_hsub_16ns_16ns_16_3_no_dsp_1_ip_u/U0/i_synth/ADDSUB_OP.ADDSUB/LOGIC_SPEED.OP/ALIGN_BLK/FRAC_ADDSUB/LOGIC_ADD.FRAC_ADDSUB/STRUCT_ADD1.ADD1/CHAIN_GEN[1].C_MUX.CARRY_MUX_i_6           | CLB.LUT.LUT6      |
    | grp_node_0_0_Pipeline_l_S_t_1_t_fu_256/hsub_16ns_16ns_16_3_no_dsp_1_U2/node_0_0_hsub_16ns_16ns_16_3_no_dsp_1_ip_u/U0/i_synth/ADDSUB_OP.ADDSUB/LOGIC_SPEED.OP/ALIGN_BLK/FRAC_ADDSUB/LOGIC_ADD.FRAC_ADDSUB/STRUCT_ADD2.ADD1/CHAIN_GEN[1].C_MUX.CARRY_MUX_i_2__3        | CLB.LUT.LUT6      |
    | grp_node_0_0_Pipeline_l_S_t_1_t_fu_256/hsub_16ns_16ns_16_3_no_dsp_1_U2/node_0_0_hsub_16ns_16ns_16_3_no_dsp_1_ip_u/U0/i_synth/ADDSUB_OP.ADDSUB/LOGIC_SPEED.OP/ALIGN_BLK/FRAC_ADDSUB/LOGIC_ADD.FRAC_ADDSUB/STRUCT_ADD2.ADD1/CHAIN_GEN[0].C_MUX.CARRY_MUX_i_7__0        | CLB.LUT.LUT5      |
    | grp_node_0_0_Pipeline_l_S_t_1_t_fu_256/hsub_16ns_16ns_16_3_no_dsp_1_U2/node_0_0_hsub_16ns_16ns_16_3_no_dsp_1_ip_u/U0/i_synth/ADDSUB_OP.ADDSUB/LOGIC_SPEED.OP/ALIGN_BLK/FRAC_ADDSUB/LOGIC_ADD.FRAC_ADDSUB/STRUCT_ADD1.ADD1/CHAIN_GEN[0].C_MUX.CARRY_MUX_i_5__0        | CLB.LUT.LUT6      |
    | grp_node_0_0_Pipeline_l_S_t_1_t_fu_256/hsub_16ns_16ns_16_3_no_dsp_1_U2/node_0_0_hsub_16ns_16ns_16_3_no_dsp_1_ip_u/U0/i_synth/ADDSUB_OP.ADDSUB/LOGIC_SPEED.OP/ALIGN_BLK/FRAC_ADDSUB/LOGIC_ADD.FRAC_ADDSUB/STRUCT_ADD1.ADD1/CHAIN_GEN[0].C_MUX.CARRY_MUX_i_1__9        | CLB.LUT.LUT6      |
    | grp_node_0_0_Pipeline_l_S_t_1_t_fu_256/hsub_16ns_16ns_16_3_no_dsp_1_U2/node_0_0_hsub_16ns_16ns_16_3_no_dsp_1_ip_u/U0/i_synth/ADDSUB_OP.ADDSUB/LOGIC_SPEED.OP/NORM/ROUND/RND_BIT_GEN/NORM_2.RND_CHAIN/CHAIN_GEN[0].C_MUX.CARRY_MUX_CARRY4_CARRY8                      | CLB.CARRY.CARRY8  |
    | grp_node_0_0_Pipeline_l_S_t_1_t_fu_256/hsub_16ns_16ns_16_3_no_dsp_1_U2/node_0_0_hsub_16ns_16ns_16_3_no_dsp_1_ip_u/U0/i_synth/ADDSUB_OP.ADDSUB/LOGIC_SPEED.OP/NORM/ROUND/LOGIC.RND1/CHAIN_GEN[2].C_MUX.CARRY_MUX_CARRY4_CARRY8                                        | CLB.CARRY.CARRY8  |
    | grp_node_0_0_Pipeline_l_S_t_1_t_fu_256/hsub_16ns_16ns_16_3_no_dsp_1_U2/node_0_0_hsub_16ns_16ns_16_3_no_dsp_1_ip_u/U0/i_synth/ADDSUB_OP.ADDSUB/LOGIC_SPEED.OP/NORM/ROUND/LOGIC.RND2/CHAIN_GEN[5].Q_XOR.SUM_XOR_CARRY4_CARRY8                                          | CLB.CARRY.CARRY8  |
    | grp_node_0_0_Pipeline_l_S_t_1_t_fu_256/hsub_16ns_16ns_16_3_no_dsp_1_U2/node_0_0_hsub_16ns_16ns_16_3_no_dsp_1_ip_u/U0/i_synth/ADDSUB_OP.ADDSUB/LOGIC_SPEED.OP/ALIGN_BLK/FRAC_ADDSUB/LOGIC_ADD.FRAC_ADDSUB/STRUCT_ADD1.ADD1/RESULT_REG.NORMAL.exp_op[2]_i_2            | CLB.LUT.LUT6      |
    | grp_node_0_0_Pipeline_l_S_t_1_t_fu_256/hsub_16ns_16ns_16_3_no_dsp_1_U2/node_0_0_hsub_16ns_16ns_16_3_no_dsp_1_ip_u/U0/i_synth/ADDSUB_OP.ADDSUB/LOGIC_SPEED.OP/ALIGN_BLK/FRAC_ADDSUB/LOGIC_ADD.FRAC_ADDSUB/STRUCT_ADD1.ADD1/RESULT_REG.NORMAL.exp_op[2]_i_1            | CLB.LUT.LUT6      |
    | grp_node_0_0_Pipeline_l_S_t_1_t_fu_256/hsub_16ns_16ns_16_3_no_dsp_1_U2/node_0_0_hsub_16ns_16ns_16_3_no_dsp_1_ip_u/U0/i_synth/ADDSUB_OP.ADDSUB/LOGIC_SPEED.OP/OP/RESULT_REG.NORMAL.exp_op_reg[2]                                                                      | REGISTER.SDR.FDRE |
    | grp_node_0_0_Pipeline_l_S_t_1_t_fu_256/hadd_16ns_16ns_16_3_no_dsp_1_U1/din1_buf1_reg[0]                                                                                                                                                                              | REGISTER.SDR.FDRE |
    | grp_node_0_0_Pipeline_l_S_t_1_t_fu_256/hsub_16ns_16ns_16_3_no_dsp_1_U2/node_0_0_hsub_16ns_16ns_16_3_no_dsp_1_ip_u/U0/i_synth/ADDSUB_OP.ADDSUB/LOGIC_SPEED.OP/EXP/NUMB_CMP/NOT_FAST.CMP/C_CHAIN/CHAIN_GEN[0].C_MUX.CARRY_MUX_i_2__1                                   | CLB.LUT.LUT4      |
    | grp_node_0_0_Pipeline_l_S_t_1_t_fu_256/hsub_16ns_16ns_16_3_no_dsp_1_U2/node_0_0_hsub_16ns_16ns_16_3_no_dsp_1_ip_u/U0/i_synth/ADDSUB_OP.ADDSUB/LOGIC_SPEED.OP/EXP/NUMB_CMP/NOT_FAST.CMP/C_CHAIN/CHAIN_GEN[0].C_MUX.CARRY_MUX_CARRY4_CARRY8                            | CLB.CARRY.CARRY8  |
    | grp_node_0_0_Pipeline_l_S_t_1_t_fu_256/hsub_16ns_16ns_16_3_no_dsp_1_U2/node_0_0_hsub_16ns_16ns_16_3_no_dsp_1_ip_u/U0/i_synth/ADDSUB_OP.ADDSUB/LOGIC_SPEED.OP/EXP/NUMB_CMP/NOT_FAST.CMP/C_CHAIN/CHAIN_GEN[1].C_MUX.CARRY_MUX_i_2__2                                   | CLB.LUT.LUT6      |
    | grp_node_0_0_Pipeline_l_S_t_1_t_fu_256/hsub_16ns_16ns_16_3_no_dsp_1_U2/node_0_0_hsub_16ns_16ns_16_3_no_dsp_1_ip_u/U0/i_synth/ADDSUB_OP.ADDSUB/LOGIC_SPEED.OP/EXP/NUMB_CMP/NOT_FAST.CMP/C_CHAIN/CHAIN_GEN[1].C_MUX.CARRY_MUX_i_1__1                                   | CLB.LUT.LUT4      |
    | grp_node_0_0_Pipeline_l_S_t_1_t_fu_256/hsub_16ns_16ns_16_3_no_dsp_1_U2/node_0_0_hsub_16ns_16ns_16_3_no_dsp_1_ip_u/U0/i_synth/ADDSUB_OP.ADDSUB/LOGIC_SPEED.OP/ALIGN_BLK/ALIGN_SHIFT/ALIGN_Z_D/EQ_ZERO/CARRY_ZERO_DET/CHAIN_GEN[0].C_MUX.CARRY_MUX_CARRY4_CARRY8       | CLB.CARRY.CARRY8  |
    | grp_node_0_0_Pipeline_l_S_t_1_t_fu_256/hsub_16ns_16ns_16_3_no_dsp_1_U2/node_0_0_hsub_16ns_16ns_16_3_no_dsp_1_ip_u/U0/i_synth/ADDSUB_OP.ADDSUB/LOGIC_SPEED.OP/ALIGN_BLK/ALIGN_SHIFT/ALIGN_Z_D/EQ_ZERO/CARRY_ZERO_DET/STRUCT_ADD1.CARRY_MUX2_i_7                       | CLB.LUT.LUT5      |
    | grp_node_0_0_Pipeline_l_S_t_1_t_fu_256/hsub_16ns_16ns_16_3_no_dsp_1_U2/node_0_0_hsub_16ns_16ns_16_3_no_dsp_1_ip_u/U0/i_synth/ADDSUB_OP.ADDSUB/LOGIC_SPEED.OP/EXP/NUMB_CMP/NOT_FAST.CMP/C_CHAIN/STRUCT_ADD1.CARRY_MUX2_i_1                                            | CLB.LUT.LUT6      |
    | grp_node_0_0_Pipeline_l_S_t_1_t_fu_256/hsub_16ns_16ns_16_3_no_dsp_1_U2/node_0_0_hsub_16ns_16ns_16_3_no_dsp_1_ip_u/U0/i_synth/ADDSUB_OP.ADDSUB/LOGIC_SPEED.OP/ALIGN_BLK/FRAC_ADDSUB/LOGIC_ADD.FRAC_ADDSUB/STRUCT_ADD1.CARRY_MUX1_CARRY4_CARRY8                        | CLB.CARRY.CARRY8  |
    | grp_node_0_0_Pipeline_l_S_t_1_t_fu_256/hsub_16ns_16ns_16_3_no_dsp_1_U2/node_0_0_hsub_16ns_16ns_16_3_no_dsp_1_ip_u/U0/i_synth/ADDSUB_OP.ADDSUB/LOGIC_SPEED.OP/ALIGN_BLK/FRAC_ADDSUB/LOGIC_ADD.FRAC_ADDSUB/STRUCT_ADD2.ADD1/CHAIN_GEN[0].C_MUX.CARRY_MUX_CARRY4_CARRY8 | CLB.CARRY.CARRY8  |
    | grp_node_0_0_Pipeline_l_S_t_1_t_fu_256/hsub_16ns_16ns_16_3_no_dsp_1_U2/node_0_0_hsub_16ns_16ns_16_3_no_dsp_1_ip_u/U0/i_synth/ADDSUB_OP.ADDSUB/LOGIC_SPEED.OP/ALIGN_BLK/FRAC_ADDSUB/LOGIC_ADD.FRAC_ADDSUB/STRUCT_ADD2.ADD1/CHAIN_GEN[0].C_MUX.CARRY_MUX_i_1__5        | CLB.LUT.LUT4      |
    | grp_node_0_0_Pipeline_l_S_t_1_t_fu_256/hsub_16ns_16ns_16_3_no_dsp_1_U2/node_0_0_hsub_16ns_16ns_16_3_no_dsp_1_ip_u/U0/i_synth/ADDSUB_OP.ADDSUB/LOGIC_SPEED.OP/NORM/LZE/ZERO_DET_CC_1/CHAIN_GEN[0].C_MUX.CARRY_MUX_CARRY4_CARRY8                                       | CLB.CARRY.CARRY8  |
    | grp_node_0_0_Pipeline_l_S_t_1_t_fu_256/hsub_16ns_16ns_16_3_no_dsp_1_U2/node_0_0_hsub_16ns_16ns_16_3_no_dsp_1_ip_u/U0/i_synth/ADDSUB_OP.ADDSUB/LOGIC_SPEED.OP/ALIGN_BLK/FRAC_ADDSUB/LOGIC_ADD.FRAC_ADDSUB/STRUCT_ADD1.ADD1/CHAIN_GEN[1].C_MUX.CARRY_MUX_i_6           | CLB.LUT.LUT6      |
    | grp_node_0_0_Pipeline_l_S_t_1_t_fu_256/hsub_16ns_16ns_16_3_no_dsp_1_U2/node_0_0_hsub_16ns_16ns_16_3_no_dsp_1_ip_u/U0/i_synth/ADDSUB_OP.ADDSUB/LOGIC_SPEED.OP/ALIGN_BLK/FRAC_ADDSUB/LOGIC_ADD.FRAC_ADDSUB/STRUCT_ADD2.ADD1/CHAIN_GEN[1].C_MUX.CARRY_MUX_i_2__3        | CLB.LUT.LUT6      |
    | grp_node_0_0_Pipeline_l_S_t_1_t_fu_256/hsub_16ns_16ns_16_3_no_dsp_1_U2/node_0_0_hsub_16ns_16ns_16_3_no_dsp_1_ip_u/U0/i_synth/ADDSUB_OP.ADDSUB/LOGIC_SPEED.OP/ALIGN_BLK/FRAC_ADDSUB/LOGIC_ADD.FRAC_ADDSUB/STRUCT_ADD2.ADD1/CHAIN_GEN[0].C_MUX.CARRY_MUX_i_7__0        | CLB.LUT.LUT5      |
    | grp_node_0_0_Pipeline_l_S_t_1_t_fu_256/hsub_16ns_16ns_16_3_no_dsp_1_U2/node_0_0_hsub_16ns_16ns_16_3_no_dsp_1_ip_u/U0/i_synth/ADDSUB_OP.ADDSUB/LOGIC_SPEED.OP/ALIGN_BLK/FRAC_ADDSUB/LOGIC_ADD.FRAC_ADDSUB/STRUCT_ADD1.ADD1/CHAIN_GEN[0].C_MUX.CARRY_MUX_i_5__0        | CLB.LUT.LUT6      |
    | grp_node_0_0_Pipeline_l_S_t_1_t_fu_256/hsub_16ns_16ns_16_3_no_dsp_1_U2/node_0_0_hsub_16ns_16ns_16_3_no_dsp_1_ip_u/U0/i_synth/ADDSUB_OP.ADDSUB/LOGIC_SPEED.OP/ALIGN_BLK/FRAC_ADDSUB/LOGIC_ADD.FRAC_ADDSUB/STRUCT_ADD1.ADD1/CHAIN_GEN[0].C_MUX.CARRY_MUX_i_1__9        | CLB.LUT.LUT6      |
    | grp_node_0_0_Pipeline_l_S_t_1_t_fu_256/hsub_16ns_16ns_16_3_no_dsp_1_U2/node_0_0_hsub_16ns_16ns_16_3_no_dsp_1_ip_u/U0/i_synth/ADDSUB_OP.ADDSUB/LOGIC_SPEED.OP/NORM/ROUND/RND_BIT_GEN/NORM_2.RND_CHAIN/CHAIN_GEN[0].C_MUX.CARRY_MUX_CARRY4_CARRY8                      | CLB.CARRY.CARRY8  |
    | grp_node_0_0_Pipeline_l_S_t_1_t_fu_256/hsub_16ns_16ns_16_3_no_dsp_1_U2/node_0_0_hsub_16ns_16ns_16_3_no_dsp_1_ip_u/U0/i_synth/ADDSUB_OP.ADDSUB/LOGIC_SPEED.OP/NORM/ROUND/LOGIC.RND1/CHAIN_GEN[2].C_MUX.CARRY_MUX_CARRY4_CARRY8                                        | CLB.CARRY.CARRY8  |
    | grp_node_0_0_Pipeline_l_S_t_1_t_fu_256/hsub_16ns_16ns_16_3_no_dsp_1_U2/node_0_0_hsub_16ns_16ns_16_3_no_dsp_1_ip_u/U0/i_synth/ADDSUB_OP.ADDSUB/LOGIC_SPEED.OP/NORM/ROUND/LOGIC.RND2/CHAIN_GEN[5].Q_XOR.SUM_XOR_CARRY4_CARRY8                                          | CLB.CARRY.CARRY8  |
    | grp_node_0_0_Pipeline_l_S_t_1_t_fu_256/hsub_16ns_16ns_16_3_no_dsp_1_U2/node_0_0_hsub_16ns_16ns_16_3_no_dsp_1_ip_u/U0/i_synth/ADDSUB_OP.ADDSUB/LOGIC_SPEED.OP/NORM/LZE/ZERO_DET_CC_1/RESULT_REG.NORMAL.exp_op[4]_i_3                                                  | CLB.LUT.LUT6      |
    | grp_node_0_0_Pipeline_l_S_t_1_t_fu_256/hsub_16ns_16ns_16_3_no_dsp_1_U2/node_0_0_hsub_16ns_16ns_16_3_no_dsp_1_ip_u/U0/i_synth/ADDSUB_OP.ADDSUB/LOGIC_SPEED.OP/EXP/EXP_OFF.STRUCT_ADD/RESULT_REG.NORMAL.exp_op[3]_i_1                                                  | CLB.LUT.LUT6      |
    | grp_node_0_0_Pipeline_l_S_t_1_t_fu_256/hsub_16ns_16ns_16_3_no_dsp_1_U2/node_0_0_hsub_16ns_16ns_16_3_no_dsp_1_ip_u/U0/i_synth/ADDSUB_OP.ADDSUB/LOGIC_SPEED.OP/OP/RESULT_REG.NORMAL.exp_op_reg[3]                                                                      | REGISTER.SDR.FDRE |
    | grp_node_0_0_Pipeline_l_S_t_1_t_fu_256/hadd_16ns_16ns_16_3_no_dsp_1_U1/din1_buf1_reg[0]                                                                                                                                                                              | REGISTER.SDR.FDRE |
    | grp_node_0_0_Pipeline_l_S_t_1_t_fu_256/hsub_16ns_16ns_16_3_no_dsp_1_U2/node_0_0_hsub_16ns_16ns_16_3_no_dsp_1_ip_u/U0/i_synth/ADDSUB_OP.ADDSUB/LOGIC_SPEED.OP/EXP/NUMB_CMP/NOT_FAST.CMP/C_CHAIN/CHAIN_GEN[0].C_MUX.CARRY_MUX_i_2__1                                   | CLB.LUT.LUT4      |
    | grp_node_0_0_Pipeline_l_S_t_1_t_fu_256/hsub_16ns_16ns_16_3_no_dsp_1_U2/node_0_0_hsub_16ns_16ns_16_3_no_dsp_1_ip_u/U0/i_synth/ADDSUB_OP.ADDSUB/LOGIC_SPEED.OP/EXP/NUMB_CMP/NOT_FAST.CMP/C_CHAIN/CHAIN_GEN[0].C_MUX.CARRY_MUX_CARRY4_CARRY8                            | CLB.CARRY.CARRY8  |
    | grp_node_0_0_Pipeline_l_S_t_1_t_fu_256/hsub_16ns_16ns_16_3_no_dsp_1_U2/node_0_0_hsub_16ns_16ns_16_3_no_dsp_1_ip_u/U0/i_synth/ADDSUB_OP.ADDSUB/LOGIC_SPEED.OP/EXP/NUMB_CMP/NOT_FAST.CMP/C_CHAIN/CHAIN_GEN[1].C_MUX.CARRY_MUX_i_2__2                                   | CLB.LUT.LUT6      |
    | grp_node_0_0_Pipeline_l_S_t_1_t_fu_256/hsub_16ns_16ns_16_3_no_dsp_1_U2/node_0_0_hsub_16ns_16ns_16_3_no_dsp_1_ip_u/U0/i_synth/ADDSUB_OP.ADDSUB/LOGIC_SPEED.OP/EXP/NUMB_CMP/NOT_FAST.CMP/C_CHAIN/CHAIN_GEN[1].C_MUX.CARRY_MUX_i_1__1                                   | CLB.LUT.LUT4      |
    | grp_node_0_0_Pipeline_l_S_t_1_t_fu_256/hsub_16ns_16ns_16_3_no_dsp_1_U2/node_0_0_hsub_16ns_16ns_16_3_no_dsp_1_ip_u/U0/i_synth/ADDSUB_OP.ADDSUB/LOGIC_SPEED.OP/ALIGN_BLK/ALIGN_SHIFT/ALIGN_Z_D/EQ_ZERO/CARRY_ZERO_DET/CHAIN_GEN[0].C_MUX.CARRY_MUX_CARRY4_CARRY8       | CLB.CARRY.CARRY8  |
    | grp_node_0_0_Pipeline_l_S_t_1_t_fu_256/hsub_16ns_16ns_16_3_no_dsp_1_U2/node_0_0_hsub_16ns_16ns_16_3_no_dsp_1_ip_u/U0/i_synth/ADDSUB_OP.ADDSUB/LOGIC_SPEED.OP/ALIGN_BLK/ALIGN_SHIFT/ALIGN_Z_D/EQ_ZERO/CARRY_ZERO_DET/STRUCT_ADD1.CARRY_MUX2_i_7                       | CLB.LUT.LUT5      |
    | grp_node_0_0_Pipeline_l_S_t_1_t_fu_256/hsub_16ns_16ns_16_3_no_dsp_1_U2/node_0_0_hsub_16ns_16ns_16_3_no_dsp_1_ip_u/U0/i_synth/ADDSUB_OP.ADDSUB/LOGIC_SPEED.OP/EXP/NUMB_CMP/NOT_FAST.CMP/C_CHAIN/STRUCT_ADD1.CARRY_MUX2_i_1                                            | CLB.LUT.LUT6      |
    | grp_node_0_0_Pipeline_l_S_t_1_t_fu_256/hsub_16ns_16ns_16_3_no_dsp_1_U2/node_0_0_hsub_16ns_16ns_16_3_no_dsp_1_ip_u/U0/i_synth/ADDSUB_OP.ADDSUB/LOGIC_SPEED.OP/ALIGN_BLK/FRAC_ADDSUB/LOGIC_ADD.FRAC_ADDSUB/STRUCT_ADD1.CARRY_MUX1_CARRY4_CARRY8                        | CLB.CARRY.CARRY8  |
    | grp_node_0_0_Pipeline_l_S_t_1_t_fu_256/hsub_16ns_16ns_16_3_no_dsp_1_U2/node_0_0_hsub_16ns_16ns_16_3_no_dsp_1_ip_u/U0/i_synth/ADDSUB_OP.ADDSUB/LOGIC_SPEED.OP/ALIGN_BLK/FRAC_ADDSUB/LOGIC_ADD.FRAC_ADDSUB/STRUCT_ADD2.ADD1/CHAIN_GEN[0].C_MUX.CARRY_MUX_CARRY4_CARRY8 | CLB.CARRY.CARRY8  |
    | grp_node_0_0_Pipeline_l_S_t_1_t_fu_256/hsub_16ns_16ns_16_3_no_dsp_1_U2/node_0_0_hsub_16ns_16ns_16_3_no_dsp_1_ip_u/U0/i_synth/ADDSUB_OP.ADDSUB/LOGIC_SPEED.OP/ALIGN_BLK/FRAC_ADDSUB/LOGIC_ADD.FRAC_ADDSUB/STRUCT_ADD2.ADD1/CHAIN_GEN[0].C_MUX.CARRY_MUX_i_1__5        | CLB.LUT.LUT4      |
    | grp_node_0_0_Pipeline_l_S_t_1_t_fu_256/hsub_16ns_16ns_16_3_no_dsp_1_U2/node_0_0_hsub_16ns_16ns_16_3_no_dsp_1_ip_u/U0/i_synth/ADDSUB_OP.ADDSUB/LOGIC_SPEED.OP/NORM/LZE/ZERO_DET_CC_1/CHAIN_GEN[0].C_MUX.CARRY_MUX_CARRY4_CARRY8                                       | CLB.CARRY.CARRY8  |
    | grp_node_0_0_Pipeline_l_S_t_1_t_fu_256/hsub_16ns_16ns_16_3_no_dsp_1_U2/node_0_0_hsub_16ns_16ns_16_3_no_dsp_1_ip_u/U0/i_synth/ADDSUB_OP.ADDSUB/LOGIC_SPEED.OP/ALIGN_BLK/FRAC_ADDSUB/LOGIC_ADD.FRAC_ADDSUB/STRUCT_ADD1.ADD1/CHAIN_GEN[1].C_MUX.CARRY_MUX_i_6           | CLB.LUT.LUT6      |
    | grp_node_0_0_Pipeline_l_S_t_1_t_fu_256/hsub_16ns_16ns_16_3_no_dsp_1_U2/node_0_0_hsub_16ns_16ns_16_3_no_dsp_1_ip_u/U0/i_synth/ADDSUB_OP.ADDSUB/LOGIC_SPEED.OP/ALIGN_BLK/FRAC_ADDSUB/LOGIC_ADD.FRAC_ADDSUB/STRUCT_ADD2.ADD1/CHAIN_GEN[1].C_MUX.CARRY_MUX_i_2__3        | CLB.LUT.LUT6      |
    | grp_node_0_0_Pipeline_l_S_t_1_t_fu_256/hsub_16ns_16ns_16_3_no_dsp_1_U2/node_0_0_hsub_16ns_16ns_16_3_no_dsp_1_ip_u/U0/i_synth/ADDSUB_OP.ADDSUB/LOGIC_SPEED.OP/ALIGN_BLK/FRAC_ADDSUB/LOGIC_ADD.FRAC_ADDSUB/STRUCT_ADD2.ADD1/CHAIN_GEN[0].C_MUX.CARRY_MUX_i_7__0        | CLB.LUT.LUT5      |
    | grp_node_0_0_Pipeline_l_S_t_1_t_fu_256/hsub_16ns_16ns_16_3_no_dsp_1_U2/node_0_0_hsub_16ns_16ns_16_3_no_dsp_1_ip_u/U0/i_synth/ADDSUB_OP.ADDSUB/LOGIC_SPEED.OP/ALIGN_BLK/FRAC_ADDSUB/LOGIC_ADD.FRAC_ADDSUB/STRUCT_ADD1.ADD1/CHAIN_GEN[0].C_MUX.CARRY_MUX_i_5__0        | CLB.LUT.LUT6      |
    | grp_node_0_0_Pipeline_l_S_t_1_t_fu_256/hsub_16ns_16ns_16_3_no_dsp_1_U2/node_0_0_hsub_16ns_16ns_16_3_no_dsp_1_ip_u/U0/i_synth/ADDSUB_OP.ADDSUB/LOGIC_SPEED.OP/ALIGN_BLK/FRAC_ADDSUB/LOGIC_ADD.FRAC_ADDSUB/STRUCT_ADD1.ADD1/CHAIN_GEN[0].C_MUX.CARRY_MUX_i_1__9        | CLB.LUT.LUT6      |
    | grp_node_0_0_Pipeline_l_S_t_1_t_fu_256/hsub_16ns_16ns_16_3_no_dsp_1_U2/node_0_0_hsub_16ns_16ns_16_3_no_dsp_1_ip_u/U0/i_synth/ADDSUB_OP.ADDSUB/LOGIC_SPEED.OP/NORM/ROUND/RND_BIT_GEN/NORM_2.RND_CHAIN/CHAIN_GEN[0].C_MUX.CARRY_MUX_CARRY4_CARRY8                      | CLB.CARRY.CARRY8  |
    | grp_node_0_0_Pipeline_l_S_t_1_t_fu_256/hsub_16ns_16ns_16_3_no_dsp_1_U2/node_0_0_hsub_16ns_16ns_16_3_no_dsp_1_ip_u/U0/i_synth/ADDSUB_OP.ADDSUB/LOGIC_SPEED.OP/NORM/ROUND/LOGIC.RND1/CHAIN_GEN[2].C_MUX.CARRY_MUX_CARRY4_CARRY8                                        | CLB.CARRY.CARRY8  |
    | grp_node_0_0_Pipeline_l_S_t_1_t_fu_256/hsub_16ns_16ns_16_3_no_dsp_1_U2/node_0_0_hsub_16ns_16ns_16_3_no_dsp_1_ip_u/U0/i_synth/ADDSUB_OP.ADDSUB/LOGIC_SPEED.OP/NORM/ROUND/LOGIC.RND2/CHAIN_GEN[5].Q_XOR.SUM_XOR_CARRY4_CARRY8                                          | CLB.CARRY.CARRY8  |
    | grp_node_0_0_Pipeline_l_S_t_1_t_fu_256/hsub_16ns_16ns_16_3_no_dsp_1_U2/node_0_0_hsub_16ns_16ns_16_3_no_dsp_1_ip_u/U0/i_synth/ADDSUB_OP.ADDSUB/LOGIC_SPEED.OP/NORM/LZE/ZERO_DET_CC_1/RESULT_REG.NORMAL.exp_op[4]_i_3                                                  | CLB.LUT.LUT6      |
    | grp_node_0_0_Pipeline_l_S_t_1_t_fu_256/hsub_16ns_16ns_16_3_no_dsp_1_U2/node_0_0_hsub_16ns_16ns_16_3_no_dsp_1_ip_u/U0/i_synth/ADDSUB_OP.ADDSUB/LOGIC_SPEED.OP/EXP/EXP_OFF.STRUCT_ADD/RESULT_REG.NORMAL.exp_op[4]_i_1                                                  | CLB.LUT.LUT6      |
    | grp_node_0_0_Pipeline_l_S_t_1_t_fu_256/hsub_16ns_16ns_16_3_no_dsp_1_U2/node_0_0_hsub_16ns_16ns_16_3_no_dsp_1_ip_u/U0/i_synth/ADDSUB_OP.ADDSUB/LOGIC_SPEED.OP/OP/RESULT_REG.NORMAL.exp_op_reg[4]                                                                      | REGISTER.SDR.FDRE |
    | grp_node_0_0_Pipeline_l_S_t_1_t_fu_256/hadd_16ns_16ns_16_3_no_dsp_1_U1/din1_buf1_reg[0]                                                                                                                                                                              | REGISTER.SDR.FDRE |
    | grp_node_0_0_Pipeline_l_S_t_1_t_fu_256/hsub_16ns_16ns_16_3_no_dsp_1_U2/node_0_0_hsub_16ns_16ns_16_3_no_dsp_1_ip_u/U0/i_synth/ADDSUB_OP.ADDSUB/LOGIC_SPEED.OP/EXP/NUMB_CMP/NOT_FAST.CMP/C_CHAIN/CHAIN_GEN[0].C_MUX.CARRY_MUX_i_2__1                                   | CLB.LUT.LUT4      |
    | grp_node_0_0_Pipeline_l_S_t_1_t_fu_256/hsub_16ns_16ns_16_3_no_dsp_1_U2/node_0_0_hsub_16ns_16ns_16_3_no_dsp_1_ip_u/U0/i_synth/ADDSUB_OP.ADDSUB/LOGIC_SPEED.OP/EXP/NUMB_CMP/NOT_FAST.CMP/C_CHAIN/CHAIN_GEN[0].C_MUX.CARRY_MUX_CARRY4_CARRY8                            | CLB.CARRY.CARRY8  |
    | grp_node_0_0_Pipeline_l_S_t_1_t_fu_256/hsub_16ns_16ns_16_3_no_dsp_1_U2/node_0_0_hsub_16ns_16ns_16_3_no_dsp_1_ip_u/U0/i_synth/ADDSUB_OP.ADDSUB/LOGIC_SPEED.OP/EXP/NUMB_CMP/NOT_FAST.CMP/C_CHAIN/CHAIN_GEN[1].C_MUX.CARRY_MUX_i_2__2                                   | CLB.LUT.LUT6      |
    | grp_node_0_0_Pipeline_l_S_t_1_t_fu_256/hsub_16ns_16ns_16_3_no_dsp_1_U2/node_0_0_hsub_16ns_16ns_16_3_no_dsp_1_ip_u/U0/i_synth/ADDSUB_OP.ADDSUB/LOGIC_SPEED.OP/EXP/NUMB_CMP/NOT_FAST.CMP/C_CHAIN/CHAIN_GEN[1].C_MUX.CARRY_MUX_i_1__1                                   | CLB.LUT.LUT4      |
    | grp_node_0_0_Pipeline_l_S_t_1_t_fu_256/hsub_16ns_16ns_16_3_no_dsp_1_U2/node_0_0_hsub_16ns_16ns_16_3_no_dsp_1_ip_u/U0/i_synth/ADDSUB_OP.ADDSUB/LOGIC_SPEED.OP/ALIGN_BLK/ALIGN_SHIFT/ALIGN_Z_D/EQ_ZERO/CARRY_ZERO_DET/CHAIN_GEN[0].C_MUX.CARRY_MUX_CARRY4_CARRY8       | CLB.CARRY.CARRY8  |
    | grp_node_0_0_Pipeline_l_S_t_1_t_fu_256/hsub_16ns_16ns_16_3_no_dsp_1_U2/node_0_0_hsub_16ns_16ns_16_3_no_dsp_1_ip_u/U0/i_synth/ADDSUB_OP.ADDSUB/LOGIC_SPEED.OP/ALIGN_BLK/ALIGN_SHIFT/ALIGN_Z_D/EQ_ZERO/CARRY_ZERO_DET/STRUCT_ADD1.CARRY_MUX2_i_7                       | CLB.LUT.LUT5      |
    | grp_node_0_0_Pipeline_l_S_t_1_t_fu_256/hsub_16ns_16ns_16_3_no_dsp_1_U2/node_0_0_hsub_16ns_16ns_16_3_no_dsp_1_ip_u/U0/i_synth/ADDSUB_OP.ADDSUB/LOGIC_SPEED.OP/EXP/NUMB_CMP/NOT_FAST.CMP/C_CHAIN/STRUCT_ADD1.CARRY_MUX2_i_1                                            | CLB.LUT.LUT6      |
    | grp_node_0_0_Pipeline_l_S_t_1_t_fu_256/hsub_16ns_16ns_16_3_no_dsp_1_U2/node_0_0_hsub_16ns_16ns_16_3_no_dsp_1_ip_u/U0/i_synth/ADDSUB_OP.ADDSUB/LOGIC_SPEED.OP/ALIGN_BLK/FRAC_ADDSUB/LOGIC_ADD.FRAC_ADDSUB/STRUCT_ADD1.CARRY_MUX1_CARRY4_CARRY8                        | CLB.CARRY.CARRY8  |
    | grp_node_0_0_Pipeline_l_S_t_1_t_fu_256/hsub_16ns_16ns_16_3_no_dsp_1_U2/node_0_0_hsub_16ns_16ns_16_3_no_dsp_1_ip_u/U0/i_synth/ADDSUB_OP.ADDSUB/LOGIC_SPEED.OP/ALIGN_BLK/FRAC_ADDSUB/LOGIC_ADD.FRAC_ADDSUB/STRUCT_ADD2.ADD1/CHAIN_GEN[0].C_MUX.CARRY_MUX_CARRY4_CARRY8 | CLB.CARRY.CARRY8  |
    | grp_node_0_0_Pipeline_l_S_t_1_t_fu_256/hsub_16ns_16ns_16_3_no_dsp_1_U2/node_0_0_hsub_16ns_16ns_16_3_no_dsp_1_ip_u/U0/i_synth/ADDSUB_OP.ADDSUB/LOGIC_SPEED.OP/ALIGN_BLK/FRAC_ADDSUB/LOGIC_ADD.FRAC_ADDSUB/STRUCT_ADD2.ADD1/CHAIN_GEN[0].C_MUX.CARRY_MUX_i_1__5        | CLB.LUT.LUT4      |
    | grp_node_0_0_Pipeline_l_S_t_1_t_fu_256/hsub_16ns_16ns_16_3_no_dsp_1_U2/node_0_0_hsub_16ns_16ns_16_3_no_dsp_1_ip_u/U0/i_synth/ADDSUB_OP.ADDSUB/LOGIC_SPEED.OP/NORM/LZE/ZERO_DET_CC_1/CHAIN_GEN[0].C_MUX.CARRY_MUX_CARRY4_CARRY8                                       | CLB.CARRY.CARRY8  |
    | grp_node_0_0_Pipeline_l_S_t_1_t_fu_256/hsub_16ns_16ns_16_3_no_dsp_1_U2/node_0_0_hsub_16ns_16ns_16_3_no_dsp_1_ip_u/U0/i_synth/ADDSUB_OP.ADDSUB/LOGIC_SPEED.OP/ALIGN_BLK/FRAC_ADDSUB/LOGIC_ADD.FRAC_ADDSUB/STRUCT_ADD1.ADD1/CHAIN_GEN[1].C_MUX.CARRY_MUX_i_6           | CLB.LUT.LUT6      |
    | grp_node_0_0_Pipeline_l_S_t_1_t_fu_256/hsub_16ns_16ns_16_3_no_dsp_1_U2/node_0_0_hsub_16ns_16ns_16_3_no_dsp_1_ip_u/U0/i_synth/ADDSUB_OP.ADDSUB/LOGIC_SPEED.OP/ALIGN_BLK/FRAC_ADDSUB/LOGIC_ADD.FRAC_ADDSUB/STRUCT_ADD2.ADD1/CHAIN_GEN[1].C_MUX.CARRY_MUX_i_2__3        | CLB.LUT.LUT6      |
    | grp_node_0_0_Pipeline_l_S_t_1_t_fu_256/hsub_16ns_16ns_16_3_no_dsp_1_U2/node_0_0_hsub_16ns_16ns_16_3_no_dsp_1_ip_u/U0/i_synth/ADDSUB_OP.ADDSUB/LOGIC_SPEED.OP/ALIGN_BLK/FRAC_ADDSUB/LOGIC_ADD.FRAC_ADDSUB/STRUCT_ADD2.ADD1/CHAIN_GEN[0].C_MUX.CARRY_MUX_i_7__0        | CLB.LUT.LUT5      |
    | grp_node_0_0_Pipeline_l_S_t_1_t_fu_256/hsub_16ns_16ns_16_3_no_dsp_1_U2/node_0_0_hsub_16ns_16ns_16_3_no_dsp_1_ip_u/U0/i_synth/ADDSUB_OP.ADDSUB/LOGIC_SPEED.OP/ALIGN_BLK/FRAC_ADDSUB/LOGIC_ADD.FRAC_ADDSUB/STRUCT_ADD1.ADD1/CHAIN_GEN[0].C_MUX.CARRY_MUX_i_5__0        | CLB.LUT.LUT6      |
    | grp_node_0_0_Pipeline_l_S_t_1_t_fu_256/hsub_16ns_16ns_16_3_no_dsp_1_U2/node_0_0_hsub_16ns_16ns_16_3_no_dsp_1_ip_u/U0/i_synth/ADDSUB_OP.ADDSUB/LOGIC_SPEED.OP/ALIGN_BLK/FRAC_ADDSUB/LOGIC_ADD.FRAC_ADDSUB/STRUCT_ADD1.ADD1/CHAIN_GEN[0].C_MUX.CARRY_MUX_i_1__9        | CLB.LUT.LUT6      |
    | grp_node_0_0_Pipeline_l_S_t_1_t_fu_256/hsub_16ns_16ns_16_3_no_dsp_1_U2/node_0_0_hsub_16ns_16ns_16_3_no_dsp_1_ip_u/U0/i_synth/ADDSUB_OP.ADDSUB/LOGIC_SPEED.OP/NORM/ROUND/RND_BIT_GEN/NORM_2.RND_CHAIN/CHAIN_GEN[0].C_MUX.CARRY_MUX_CARRY4_CARRY8                      | CLB.CARRY.CARRY8  |
    | grp_node_0_0_Pipeline_l_S_t_1_t_fu_256/hsub_16ns_16ns_16_3_no_dsp_1_U2/node_0_0_hsub_16ns_16ns_16_3_no_dsp_1_ip_u/U0/i_synth/ADDSUB_OP.ADDSUB/LOGIC_SPEED.OP/NORM/ROUND/LOGIC.RND1/CHAIN_GEN[2].C_MUX.CARRY_MUX_CARRY4_CARRY8                                        | CLB.CARRY.CARRY8  |
    | grp_node_0_0_Pipeline_l_S_t_1_t_fu_256/hsub_16ns_16ns_16_3_no_dsp_1_U2/node_0_0_hsub_16ns_16ns_16_3_no_dsp_1_ip_u/U0/i_synth/ADDSUB_OP.ADDSUB/LOGIC_SPEED.OP/NORM/ROUND/LOGIC.RND2/RESULT_REG.NORMAL.mant_op[9]_i_2                                                  | CLB.LUT.LUT3      |
    | grp_node_0_0_Pipeline_l_S_t_1_t_fu_256/hsub_16ns_16ns_16_3_no_dsp_1_U2/node_0_0_hsub_16ns_16ns_16_3_no_dsp_1_ip_u/U0/i_synth/ADDSUB_OP.ADDSUB/LOGIC_SPEED.OP/EXP/EXP_OFF.STRUCT_ADD/RESULT_REG.NORMAL.mant_op[9]_i_1                                                 | CLB.LUT.LUT6      |
    | grp_node_0_0_Pipeline_l_S_t_1_t_fu_256/hsub_16ns_16ns_16_3_no_dsp_1_U2/node_0_0_hsub_16ns_16ns_16_3_no_dsp_1_ip_u/U0/i_synth/ADDSUB_OP.ADDSUB/LOGIC_SPEED.OP/OP/RESULT_REG.NORMAL.mant_op_reg[9]                                                                     | REGISTER.SDR.FDRE |
    | grp_node_0_0_Pipeline_l_S_t_1_t_fu_256/hadd_16ns_16ns_16_3_no_dsp_1_U1/din1_buf1_reg[0]                                                                                                                                                                              | REGISTER.SDR.FDRE |
    | grp_node_0_0_Pipeline_l_S_t_1_t_fu_256/hadd_16ns_16ns_16_3_no_dsp_1_U1/node_0_0_hadd_16ns_16ns_16_3_no_dsp_1_ip_u/U0/i_synth/ADDSUB_OP.ADDSUB/LOGIC_SPEED.OP/EXP/NUMB_CMP/NOT_FAST.CMP/C_CHAIN/CHAIN_GEN[0].C_MUX.CARRY_MUX_i_2__1                                   | CLB.LUT.LUT4      |
    | grp_node_0_0_Pipeline_l_S_t_1_t_fu_256/hadd_16ns_16ns_16_3_no_dsp_1_U1/node_0_0_hadd_16ns_16ns_16_3_no_dsp_1_ip_u/U0/i_synth/ADDSUB_OP.ADDSUB/LOGIC_SPEED.OP/EXP/NUMB_CMP/NOT_FAST.CMP/C_CHAIN/CHAIN_GEN[0].C_MUX.CARRY_MUX_CARRY4_CARRY8                            | CLB.CARRY.CARRY8  |
    | grp_node_0_0_Pipeline_l_S_t_1_t_fu_256/hadd_16ns_16ns_16_3_no_dsp_1_U1/node_0_0_hadd_16ns_16ns_16_3_no_dsp_1_ip_u/U0/i_synth/ADDSUB_OP.ADDSUB/LOGIC_SPEED.OP/EXP/NUMB_CMP/NOT_FAST.CMP/C_CHAIN/CHAIN_GEN[1].C_MUX.CARRY_MUX_i_2__3                                   | CLB.LUT.LUT6      |
    | grp_node_0_0_Pipeline_l_S_t_1_t_fu_256/hadd_16ns_16ns_16_3_no_dsp_1_U1/node_0_0_hadd_16ns_16ns_16_3_no_dsp_1_ip_u/U0/i_synth/ADDSUB_OP.ADDSUB/LOGIC_SPEED.OP/EXP/NUMB_CMP/NOT_FAST.CMP/C_CHAIN/CHAIN_GEN[1].C_MUX.CARRY_MUX_i_1__5                                   | CLB.LUT.LUT4      |
    | grp_node_0_0_Pipeline_l_S_t_1_t_fu_256/hadd_16ns_16ns_16_3_no_dsp_1_U1/node_0_0_hadd_16ns_16ns_16_3_no_dsp_1_ip_u/U0/i_synth/ADDSUB_OP.ADDSUB/LOGIC_SPEED.OP/ALIGN_BLK/ALIGN_SHIFT/ALIGN_Z_D/EQ_ZERO/CARRY_ZERO_DET/CHAIN_GEN[0].C_MUX.CARRY_MUX_CARRY4_CARRY8       | CLB.CARRY.CARRY8  |
    | grp_node_0_0_Pipeline_l_S_t_1_t_fu_256/hadd_16ns_16ns_16_3_no_dsp_1_U1/node_0_0_hadd_16ns_16ns_16_3_no_dsp_1_ip_u/U0/i_synth/ADDSUB_OP.ADDSUB/LOGIC_SPEED.OP/EXP/NUMB_CMP/NOT_FAST.CMP/C_CHAIN/STRUCT_ADD1.CARRY_MUX2_i_7                                            | CLB.LUT.LUT5      |
    | grp_node_0_0_Pipeline_l_S_t_1_t_fu_256/hadd_16ns_16ns_16_3_no_dsp_1_U1/node_0_0_hadd_16ns_16ns_16_3_no_dsp_1_ip_u/U0/i_synth/ADDSUB_OP.ADDSUB/LOGIC_SPEED.OP/EXP/NUMB_CMP/NOT_FAST.CMP/C_CHAIN/STRUCT_ADD1.CARRY_MUX2_i_2                                            | CLB.LUT.LUT6      |
    | grp_node_0_0_Pipeline_l_S_t_1_t_fu_256/hadd_16ns_16ns_16_3_no_dsp_1_U1/node_0_0_hadd_16ns_16ns_16_3_no_dsp_1_ip_u/U0/i_synth/ADDSUB_OP.ADDSUB/LOGIC_SPEED.OP/EXP/NUMB_CMP/NOT_FAST.CMP/C_CHAIN/STRUCT_ADD1.CARRY_MUX2_i_1                                            | CLB.LUT.LUT6      |
    | grp_node_0_0_Pipeline_l_S_t_1_t_fu_256/hadd_16ns_16ns_16_3_no_dsp_1_U1/node_0_0_hadd_16ns_16ns_16_3_no_dsp_1_ip_u/U0/i_synth/ADDSUB_OP.ADDSUB/LOGIC_SPEED.OP/ALIGN_BLK/FRAC_ADDSUB/LOGIC_ADD.FRAC_ADDSUB/STRUCT_ADD1.CARRY_MUX1_CARRY4_CARRY8                        | CLB.CARRY.CARRY8  |
    | grp_node_0_0_Pipeline_l_S_t_1_t_fu_256/hadd_16ns_16ns_16_3_no_dsp_1_U1/node_0_0_hadd_16ns_16ns_16_3_no_dsp_1_ip_u/U0/i_synth/ADDSUB_OP.ADDSUB/LOGIC_SPEED.OP/ALIGN_BLK/FRAC_ADDSUB/LOGIC_ADD.FRAC_ADDSUB/STRUCT_ADD2.ADD1/CHAIN_GEN[0].C_MUX.CARRY_MUX_CARRY4_CARRY8 | CLB.CARRY.CARRY8  |
    | grp_node_0_0_Pipeline_l_S_t_1_t_fu_256/hadd_16ns_16ns_16_3_no_dsp_1_U1/node_0_0_hadd_16ns_16ns_16_3_no_dsp_1_ip_u/U0/i_synth/ADDSUB_OP.ADDSUB/LOGIC_SPEED.OP/ALIGN_BLK/FRAC_ADDSUB/LOGIC_ADD.FRAC_ADDSUB/STRUCT_ADD2.ADD1/CHAIN_GEN[0].C_MUX.CARRY_MUX_i_1__2        | CLB.LUT.LUT4      |
    | grp_node_0_0_Pipeline_l_S_t_1_t_fu_256/hadd_16ns_16ns_16_3_no_dsp_1_U1/node_0_0_hadd_16ns_16ns_16_3_no_dsp_1_ip_u/U0/i_synth/ADDSUB_OP.ADDSUB/LOGIC_SPEED.OP/NORM/LZE/ZERO_DET_CC_1/CHAIN_GEN[0].C_MUX.CARRY_MUX_CARRY4_CARRY8                                       | CLB.CARRY.CARRY8  |
    | grp_node_0_0_Pipeline_l_S_t_1_t_fu_256/hadd_16ns_16ns_16_3_no_dsp_1_U1/node_0_0_hadd_16ns_16ns_16_3_no_dsp_1_ip_u/U0/i_synth/ADDSUB_OP.ADDSUB/LOGIC_SPEED.OP/ALIGN_BLK/FRAC_ADDSUB/LOGIC_ADD.FRAC_ADDSUB/STRUCT_ADD2.ADD1/RESULT_REG.NORMAL.exp_op[2]_i_8            | CLB.LUT.LUT5      |
    | grp_node_0_0_Pipeline_l_S_t_1_t_fu_256/hadd_16ns_16ns_16_3_no_dsp_1_U1/node_0_0_hadd_16ns_16ns_16_3_no_dsp_1_ip_u/U0/i_synth/ADDSUB_OP.ADDSUB/LOGIC_SPEED.OP/ALIGN_BLK/FRAC_ADDSUB/LOGIC_ADD.FRAC_ADDSUB/STRUCT_ADD1.ADD1/RESULT_REG.NORMAL.exp_op[1]_i_3            | CLB.LUT.LUT5      |
    | grp_node_0_0_Pipeline_l_S_t_1_t_fu_256/hadd_16ns_16ns_16_3_no_dsp_1_U1/node_0_0_hadd_16ns_16ns_16_3_no_dsp_1_ip_u/U0/i_synth/ADDSUB_OP.ADDSUB/LOGIC_SPEED.OP/ALIGN_BLK/FRAC_ADDSUB/LOGIC_ADD.FRAC_ADDSUB/STRUCT_ADD1.ADD1/CHAIN_GEN[0].C_MUX.CARRY_MUX_i_6__0        | CLB.LUT.LUT5      |
    | grp_node_0_0_Pipeline_l_S_t_1_t_fu_256/hadd_16ns_16ns_16_3_no_dsp_1_U1/node_0_0_hadd_16ns_16ns_16_3_no_dsp_1_ip_u/U0/i_synth/ADDSUB_OP.ADDSUB/LOGIC_SPEED.OP/ALIGN_BLK/FRAC_ADDSUB/LOGIC_ADD.FRAC_ADDSUB/STRUCT_ADD1.ADD1/CHAIN_GEN[0].C_MUX.CARRY_MUX_i_3__0        | CLB.LUT.LUT6      |
    | grp_node_0_0_Pipeline_l_S_t_1_t_fu_256/hadd_16ns_16ns_16_3_no_dsp_1_U1/node_0_0_hadd_16ns_16ns_16_3_no_dsp_1_ip_u/U0/i_synth/ADDSUB_OP.ADDSUB/LOGIC_SPEED.OP/ALIGN_BLK/FRAC_ADDSUB/LOGIC_ADD.FRAC_ADDSUB/STRUCT_ADD1.ADD1/CHAIN_GEN[0].C_MUX.CARRY_MUX_i_1__10       | CLB.LUT.LUT5      |
    | grp_node_0_0_Pipeline_l_S_t_1_t_fu_256/hadd_16ns_16ns_16_3_no_dsp_1_U1/node_0_0_hadd_16ns_16ns_16_3_no_dsp_1_ip_u/U0/i_synth/ADDSUB_OP.ADDSUB/LOGIC_SPEED.OP/NORM/ROUND/RND_BIT_GEN/NORM_2.RND_CHAIN/CHAIN_GEN[0].C_MUX.CARRY_MUX_CARRY4_CARRY8                      | CLB.CARRY.CARRY8  |
    | grp_node_0_0_Pipeline_l_S_t_1_t_fu_256/hadd_16ns_16ns_16_3_no_dsp_1_U1/node_0_0_hadd_16ns_16ns_16_3_no_dsp_1_ip_u/U0/i_synth/ADDSUB_OP.ADDSUB/LOGIC_SPEED.OP/NORM/ROUND/LOGIC.RND1/CHAIN_GEN[2].C_MUX.CARRY_MUX_CARRY4_CARRY8                                        | CLB.CARRY.CARRY8  |
    | grp_node_0_0_Pipeline_l_S_t_1_t_fu_256/hadd_16ns_16ns_16_3_no_dsp_1_U1/node_0_0_hadd_16ns_16ns_16_3_no_dsp_1_ip_u/U0/i_synth/ADDSUB_OP.ADDSUB/LOGIC_SPEED.OP/NORM/ROUND/LOGIC.RND2/CHAIN_GEN[5].Q_XOR.SUM_XOR_CARRY4_CARRY8                                          | CLB.CARRY.CARRY8  |
    | grp_node_0_0_Pipeline_l_S_t_1_t_fu_256/hadd_16ns_16ns_16_3_no_dsp_1_U1/node_0_0_hadd_16ns_16ns_16_3_no_dsp_1_ip_u/U0/i_synth/ADDSUB_OP.ADDSUB/LOGIC_SPEED.OP/EXP/EXP_OFF.STRUCT_ADD/RESULT_REG.NORMAL.exp_op[0]_i_1                                                  | CLB.LUT.LUT5      |
    | grp_node_0_0_Pipeline_l_S_t_1_t_fu_256/hadd_16ns_16ns_16_3_no_dsp_1_U1/node_0_0_hadd_16ns_16ns_16_3_no_dsp_1_ip_u/U0/i_synth/ADDSUB_OP.ADDSUB/LOGIC_SPEED.OP/OP/RESULT_REG.NORMAL.exp_op_reg[0]                                                                      | REGISTER.SDR.FDRE |
    | grp_node_0_0_Pipeline_l_S_t_1_t_fu_256/hadd_16ns_16ns_16_3_no_dsp_1_U1/din1_buf1_reg[0]                                                                                                                                                                              | REGISTER.SDR.FDRE |
    | grp_node_0_0_Pipeline_l_S_t_1_t_fu_256/hadd_16ns_16ns_16_3_no_dsp_1_U1/node_0_0_hadd_16ns_16ns_16_3_no_dsp_1_ip_u/U0/i_synth/ADDSUB_OP.ADDSUB/LOGIC_SPEED.OP/EXP/NUMB_CMP/NOT_FAST.CMP/C_CHAIN/CHAIN_GEN[0].C_MUX.CARRY_MUX_i_2__1                                   | CLB.LUT.LUT4      |
    | grp_node_0_0_Pipeline_l_S_t_1_t_fu_256/hadd_16ns_16ns_16_3_no_dsp_1_U1/node_0_0_hadd_16ns_16ns_16_3_no_dsp_1_ip_u/U0/i_synth/ADDSUB_OP.ADDSUB/LOGIC_SPEED.OP/EXP/NUMB_CMP/NOT_FAST.CMP/C_CHAIN/CHAIN_GEN[0].C_MUX.CARRY_MUX_CARRY4_CARRY8                            | CLB.CARRY.CARRY8  |
    | grp_node_0_0_Pipeline_l_S_t_1_t_fu_256/hadd_16ns_16ns_16_3_no_dsp_1_U1/node_0_0_hadd_16ns_16ns_16_3_no_dsp_1_ip_u/U0/i_synth/ADDSUB_OP.ADDSUB/LOGIC_SPEED.OP/EXP/NUMB_CMP/NOT_FAST.CMP/C_CHAIN/CHAIN_GEN[1].C_MUX.CARRY_MUX_i_2__3                                   | CLB.LUT.LUT6      |
    | grp_node_0_0_Pipeline_l_S_t_1_t_fu_256/hadd_16ns_16ns_16_3_no_dsp_1_U1/node_0_0_hadd_16ns_16ns_16_3_no_dsp_1_ip_u/U0/i_synth/ADDSUB_OP.ADDSUB/LOGIC_SPEED.OP/EXP/NUMB_CMP/NOT_FAST.CMP/C_CHAIN/CHAIN_GEN[1].C_MUX.CARRY_MUX_i_1__5                                   | CLB.LUT.LUT4      |
    | grp_node_0_0_Pipeline_l_S_t_1_t_fu_256/hadd_16ns_16ns_16_3_no_dsp_1_U1/node_0_0_hadd_16ns_16ns_16_3_no_dsp_1_ip_u/U0/i_synth/ADDSUB_OP.ADDSUB/LOGIC_SPEED.OP/ALIGN_BLK/ALIGN_SHIFT/ALIGN_Z_D/EQ_ZERO/CARRY_ZERO_DET/CHAIN_GEN[0].C_MUX.CARRY_MUX_CARRY4_CARRY8       | CLB.CARRY.CARRY8  |
    | grp_node_0_0_Pipeline_l_S_t_1_t_fu_256/hadd_16ns_16ns_16_3_no_dsp_1_U1/node_0_0_hadd_16ns_16ns_16_3_no_dsp_1_ip_u/U0/i_synth/ADDSUB_OP.ADDSUB/LOGIC_SPEED.OP/EXP/NUMB_CMP/NOT_FAST.CMP/C_CHAIN/STRUCT_ADD1.CARRY_MUX2_i_7                                            | CLB.LUT.LUT5      |
    | grp_node_0_0_Pipeline_l_S_t_1_t_fu_256/hadd_16ns_16ns_16_3_no_dsp_1_U1/node_0_0_hadd_16ns_16ns_16_3_no_dsp_1_ip_u/U0/i_synth/ADDSUB_OP.ADDSUB/LOGIC_SPEED.OP/EXP/NUMB_CMP/NOT_FAST.CMP/C_CHAIN/STRUCT_ADD1.CARRY_MUX2_i_2                                            | CLB.LUT.LUT6      |
    | grp_node_0_0_Pipeline_l_S_t_1_t_fu_256/hadd_16ns_16ns_16_3_no_dsp_1_U1/node_0_0_hadd_16ns_16ns_16_3_no_dsp_1_ip_u/U0/i_synth/ADDSUB_OP.ADDSUB/LOGIC_SPEED.OP/EXP/NUMB_CMP/NOT_FAST.CMP/C_CHAIN/STRUCT_ADD1.CARRY_MUX2_i_1                                            | CLB.LUT.LUT6      |
    | grp_node_0_0_Pipeline_l_S_t_1_t_fu_256/hadd_16ns_16ns_16_3_no_dsp_1_U1/node_0_0_hadd_16ns_16ns_16_3_no_dsp_1_ip_u/U0/i_synth/ADDSUB_OP.ADDSUB/LOGIC_SPEED.OP/ALIGN_BLK/FRAC_ADDSUB/LOGIC_ADD.FRAC_ADDSUB/STRUCT_ADD1.CARRY_MUX1_CARRY4_CARRY8                        | CLB.CARRY.CARRY8  |
    | grp_node_0_0_Pipeline_l_S_t_1_t_fu_256/hadd_16ns_16ns_16_3_no_dsp_1_U1/node_0_0_hadd_16ns_16ns_16_3_no_dsp_1_ip_u/U0/i_synth/ADDSUB_OP.ADDSUB/LOGIC_SPEED.OP/ALIGN_BLK/FRAC_ADDSUB/LOGIC_ADD.FRAC_ADDSUB/STRUCT_ADD2.ADD1/CHAIN_GEN[0].C_MUX.CARRY_MUX_CARRY4_CARRY8 | CLB.CARRY.CARRY8  |
    | grp_node_0_0_Pipeline_l_S_t_1_t_fu_256/hadd_16ns_16ns_16_3_no_dsp_1_U1/node_0_0_hadd_16ns_16ns_16_3_no_dsp_1_ip_u/U0/i_synth/ADDSUB_OP.ADDSUB/LOGIC_SPEED.OP/ALIGN_BLK/FRAC_ADDSUB/LOGIC_ADD.FRAC_ADDSUB/STRUCT_ADD2.ADD1/CHAIN_GEN[0].C_MUX.CARRY_MUX_i_1__2        | CLB.LUT.LUT4      |
    | grp_node_0_0_Pipeline_l_S_t_1_t_fu_256/hadd_16ns_16ns_16_3_no_dsp_1_U1/node_0_0_hadd_16ns_16ns_16_3_no_dsp_1_ip_u/U0/i_synth/ADDSUB_OP.ADDSUB/LOGIC_SPEED.OP/NORM/LZE/ZERO_DET_CC_1/CHAIN_GEN[0].C_MUX.CARRY_MUX_CARRY4_CARRY8                                       | CLB.CARRY.CARRY8  |
    | grp_node_0_0_Pipeline_l_S_t_1_t_fu_256/hadd_16ns_16ns_16_3_no_dsp_1_U1/node_0_0_hadd_16ns_16ns_16_3_no_dsp_1_ip_u/U0/i_synth/ADDSUB_OP.ADDSUB/LOGIC_SPEED.OP/ALIGN_BLK/FRAC_ADDSUB/LOGIC_ADD.FRAC_ADDSUB/STRUCT_ADD2.ADD1/RESULT_REG.NORMAL.exp_op[2]_i_8            | CLB.LUT.LUT5      |
    | grp_node_0_0_Pipeline_l_S_t_1_t_fu_256/hadd_16ns_16ns_16_3_no_dsp_1_U1/node_0_0_hadd_16ns_16ns_16_3_no_dsp_1_ip_u/U0/i_synth/ADDSUB_OP.ADDSUB/LOGIC_SPEED.OP/ALIGN_BLK/FRAC_ADDSUB/LOGIC_ADD.FRAC_ADDSUB/STRUCT_ADD1.ADD1/RESULT_REG.NORMAL.exp_op[1]_i_3            | CLB.LUT.LUT5      |
    | grp_node_0_0_Pipeline_l_S_t_1_t_fu_256/hadd_16ns_16ns_16_3_no_dsp_1_U1/node_0_0_hadd_16ns_16ns_16_3_no_dsp_1_ip_u/U0/i_synth/ADDSUB_OP.ADDSUB/LOGIC_SPEED.OP/ALIGN_BLK/FRAC_ADDSUB/LOGIC_ADD.FRAC_ADDSUB/STRUCT_ADD1.ADD1/CHAIN_GEN[0].C_MUX.CARRY_MUX_i_6__0        | CLB.LUT.LUT5      |
    | grp_node_0_0_Pipeline_l_S_t_1_t_fu_256/hadd_16ns_16ns_16_3_no_dsp_1_U1/node_0_0_hadd_16ns_16ns_16_3_no_dsp_1_ip_u/U0/i_synth/ADDSUB_OP.ADDSUB/LOGIC_SPEED.OP/ALIGN_BLK/FRAC_ADDSUB/LOGIC_ADD.FRAC_ADDSUB/STRUCT_ADD1.ADD1/CHAIN_GEN[0].C_MUX.CARRY_MUX_i_3__0        | CLB.LUT.LUT6      |
    | grp_node_0_0_Pipeline_l_S_t_1_t_fu_256/hadd_16ns_16ns_16_3_no_dsp_1_U1/node_0_0_hadd_16ns_16ns_16_3_no_dsp_1_ip_u/U0/i_synth/ADDSUB_OP.ADDSUB/LOGIC_SPEED.OP/ALIGN_BLK/FRAC_ADDSUB/LOGIC_ADD.FRAC_ADDSUB/STRUCT_ADD1.ADD1/CHAIN_GEN[0].C_MUX.CARRY_MUX_i_1__10       | CLB.LUT.LUT5      |
    | grp_node_0_0_Pipeline_l_S_t_1_t_fu_256/hadd_16ns_16ns_16_3_no_dsp_1_U1/node_0_0_hadd_16ns_16ns_16_3_no_dsp_1_ip_u/U0/i_synth/ADDSUB_OP.ADDSUB/LOGIC_SPEED.OP/NORM/ROUND/RND_BIT_GEN/NORM_2.RND_CHAIN/CHAIN_GEN[0].C_MUX.CARRY_MUX_CARRY4_CARRY8                      | CLB.CARRY.CARRY8  |
    | grp_node_0_0_Pipeline_l_S_t_1_t_fu_256/hadd_16ns_16ns_16_3_no_dsp_1_U1/node_0_0_hadd_16ns_16ns_16_3_no_dsp_1_ip_u/U0/i_synth/ADDSUB_OP.ADDSUB/LOGIC_SPEED.OP/NORM/ROUND/LOGIC.RND1/CHAIN_GEN[2].C_MUX.CARRY_MUX_CARRY4_CARRY8                                        | CLB.CARRY.CARRY8  |
    | grp_node_0_0_Pipeline_l_S_t_1_t_fu_256/hadd_16ns_16ns_16_3_no_dsp_1_U1/node_0_0_hadd_16ns_16ns_16_3_no_dsp_1_ip_u/U0/i_synth/ADDSUB_OP.ADDSUB/LOGIC_SPEED.OP/NORM/ROUND/LOGIC.RND2/CHAIN_GEN[5].Q_XOR.SUM_XOR_CARRY4_CARRY8                                          | CLB.CARRY.CARRY8  |
    | grp_node_0_0_Pipeline_l_S_t_1_t_fu_256/hadd_16ns_16ns_16_3_no_dsp_1_U1/node_0_0_hadd_16ns_16ns_16_3_no_dsp_1_ip_u/U0/i_synth/ADDSUB_OP.ADDSUB/LOGIC_SPEED.OP/NORM/ROUND/LOGIC.RND2/RESULT_REG.NORMAL.exp_op[1]_i_1                                                   | CLB.LUT.LUT6      |
    | grp_node_0_0_Pipeline_l_S_t_1_t_fu_256/hadd_16ns_16ns_16_3_no_dsp_1_U1/node_0_0_hadd_16ns_16ns_16_3_no_dsp_1_ip_u/U0/i_synth/ADDSUB_OP.ADDSUB/LOGIC_SPEED.OP/OP/RESULT_REG.NORMAL.exp_op_reg[1]                                                                      | REGISTER.SDR.FDRE |
    +----------------------------------------------------------------------------------------------------------------------------------------------------------------------------------------------------------------------------------------------------------------------+-------------------+


================================================================
== RTL Synthesis Vivado Reports
================================================================
+--------------------------+-----------------------------------------------------------------+
| Report Type              | Report Location                                                 |
+--------------------------+-----------------------------------------------------------------+
| design_analysis          | impl/verilog/report/node_0_0_design_analysis_synth.rpt          |
| failfast                 | impl/verilog/report/node_0_0_failfast_synth.rpt                 |
| power                    | impl/verilog/report/node_0_0_power_synth.rpt                    |
| timing                   | impl/verilog/report/node_0_0_timing_synth.rpt                   |
| timing_paths             | impl/verilog/report/node_0_0_timing_paths_synth.rpt             |
| utilization              | impl/verilog/report/node_0_0_utilization_synth.rpt              |
| utilization_hierarchical | impl/verilog/report/node_0_0_utilization_hierarchical_synth.rpt |
+--------------------------+-----------------------------------------------------------------+


