================================================================
== Vivado Place & Route Results
================================================================
+ General Information:
    * Date:            Thu Jul 23 16:30:44 EDT 2026
    * Version:         2025.1 (Build 6135595 on May 21 2025)
    * Project:         ii2_pnr_node
    * Solution:        hls (Vivado IP Flow Target)
    * Product family:  zynquplus
    * Target device:   xczu7ev-ffvc1156-2-e


================================================================
== Run Constraints & Options
================================================================
+ Design Constraints & Options:
    * Place & Route target clock:  3.33 ns
    * C-Synthesis target clock:    3.33 ns
    * C-Synthesis uncertainty:     27%

+ RTL Synthesis Options:
    * config_export -vivado_synth_strategy:     default
    * config_export -vivado_synth_design_args:  -directive sdx_optimization_effort_high

+ Place & Route Options:
    * config_export -vivado_impl_strategy:  default
    * config_export -vivado_phys_opt:       auto

+ Reporting Options:
    * config_export -vivado_report_level:      2
    * config_export -vivado_max_timing_paths:  10


================================================================
== Place & Route Resource Summary
================================================================
LUT:              3349
FF:               2715
DSP:              2
BRAM:             0
URAM:             0
SRL:              6


================================================================
== Place & Route Timing Summary
================================================================
* Timing was NOT met
+----------------+-------------+
| Timing         | Period (ns) |
+----------------+-------------+
| Target         | 3.330       |
| Post-Synthesis | 4.760       |
| Post-Route     | 4.462       |
+----------------+-------------+


================================================================
== Place & Route Resources
================================================================
+----------------------------------------------+------+------+-----+------+------+-----+--------+------+---------+----------+--------+
| Name                                         | LUT  | FF   | DSP | BRAM | URAM | SRL | Pragma | Impl | Latency | Variable | Source |
+----------------------------------------------+------+------+-----+------+------+-----+--------+------+---------+----------+--------+
| inst                                         | 3349 | 2715 | 2   |      |      |     |        |      |         |          |        |
|   (inst)                                     | 52   | 68   |     |      |      |     |        |      |         |          |        |
|   grp_node_0_0_Pipeline_l_S_t_1_t_fu_256     | 3297 | 2647 | 2   |      |      |     |        |      |         |          |        |
|     (grp_node_0_0_Pipeline_l_S_t_1_t_fu_256) | 1851 | 2443 |     |      |      |     |        |      |         |          |        |
|     bitselect_1ns_32ns_5ns_1_1_1_U7          |      |      |     |      |      |     |        |      |         |          |        |
|     flow_control_loop_pipe_sequential_init_U |      |      |     |      |      |     |        |      |         |          |        |
|     hadd_16ns_16ns_16_3_no_dsp_1_U1          | 967  | 102  |     |      |      |     |        |      |         |          |        |
|     hcmp_16ns_16ns_1_2_no_dsp_1_U4           |      |      |     |      |      |     |        |      |         |          |        |
|     hcmp_16ns_16ns_1_2_no_dsp_1_U5           |      |      |     |      |      |     |        |      |         |          |        |
|     hmul_16ns_16ns_16_3_max_dsp_1_U3         |      |      |     |      |      |     |        |      |         |          |        |
|     hsub_16ns_16ns_16_3_no_dsp_1_U2          | 196  | 32   |     |      |      |     |        |      |         |          |        |
+----------------------------------------------+------+------+-----+------+------+-----+--------+------+---------+----------+--------+


================================================================
== Place & Route Fail Fast
================================================================
+-----------------------------------------------------------+-----------+--------+--------+
| Criteria                                                  | Guideline | Actual | Status |
+-----------------------------------------------------------+-----------+--------+--------+
| LUT                                                       | 70%       | 1.45%  | OK     |
| FD                                                        | 50%       | 0.59%  | OK     |
| LUTRAM+SRL                                                | 25%       | 0.01%  | OK     |
| CARRY8                                                    | 25%       | 0.34%  | OK     |
| MUXF7                                                     | 15%       | 0.06%  | OK     |
| DSP                                                       | 80%       | 0.12%  | OK     |
| RAMB/FIFO                                                 | 80%       | 0.00%  | OK     |
| URAM                                                      | 80%       | 0.00%  | OK     |
| DSP+RAMB+URAM (Avg)                                       | 70%       | 0.12%  | OK     |
| BUFGCE* + BUFGCTRL                                        | 24        | 0      | OK     |
| DONT_TOUCH (cells/nets)                                   | 0         | 0      | OK     |
| MARK_DEBUG (nets)                                         | 0         | 0      | OK     |
| Control Sets                                              | 4320      | 104    | OK     |
| Average Fanout for modules > 100k cells                   | 4         | 2.75   | OK     |
| Max Average Fanout for modules > 100k cells               | 4         | 0      | OK     |
| Non-FD high fanout nets > 10k loads                       | 0         | 0      | OK     |
+-----------------------------------------------------------+-----------+--------+--------+
| TIMING-6 (No common primary clock between related clocks) | 0         | 0      | OK     |
| TIMING-7 (No common node between related clocks)          | 0         | 0      | OK     |
| TIMING-8 (No common period between related clocks)        | 0         | 0      | OK     |
| TIMING-14 (LUT on the clock tree)                         | 0         | 0      | OK     |
| TIMING-35 (No common node in paths with the same clock)   | 0         | 0      | OK     |
+-----------------------------------------------------------+-----------+--------+--------+
| Number of paths above max LUT budgeting (0.300ns)         | 0         | 65     | REVIEW |
| Number of paths above max Net budgeting (0.208ns)         | 0         | 81     | REVIEW |
+-----------------------------------------------------------+-----------+--------+--------+


================================================================
== Place & Route Timing Paths
================================================================
* Timing was NOT met
+--------+----------------------+---------------------------------------------------------------------------------------------------+----------------------------------------------------------------------------------------------------------------------------------------------------------------------------------------------------+--------------+------------+---------------------+---------------------+---------------------+
| Path   |                SLACK | STARTPOINT PIN                                                                                    | ENDPOINT PIN                                                                                                                                                                                       | LOGIC LEVELS | MAX FANOUT |      DATAPATH DELAY |      DATAPATH LOGIC |        DATAPATH NET |
|        |                      |                                                                                                   |                                                                                                                                                                                                    |              |            |                     |               DELAY |               DELAY |
+--------+----------------------+---------------------------------------------------------------------------------------------------+----------------------------------------------------------------------------------------------------------------------------------------------------------------------------------------------------+--------------+------------+---------------------+---------------------+---------------------+
| Path1  | -1.13245141506195068 | grp_node_0_0_Pipeline_l_S_t_1_t_fu_256/hadd_16ns_16ns_16_3_no_dsp_1_U1/din0_buf1_reg[7]_replica/C | grp_node_0_0_Pipeline_l_S_t_1_t_fu_256/hmul_16ns_16ns_16_3_max_dsp_1_U3/node_0_0_hmul_16ns_16ns_16_3_max_dsp_1_ip_u/U0/i_synth/MULT.OP/i_non_prim.OP/RESULT_REG.NORMAL.exp_op_reg[3]/D             |           13 |          3 | 4.44509649276733398 | 3.08500003814697266 | 1.36009597778320312 |
| Path2  | -1.08945167064666748 | grp_node_0_0_Pipeline_l_S_t_1_t_fu_256/hadd_16ns_16ns_16_3_no_dsp_1_U1/din0_buf1_reg[7]_replica/C | grp_node_0_0_Pipeline_l_S_t_1_t_fu_256/hmul_16ns_16ns_16_3_max_dsp_1_U3/node_0_0_hmul_16ns_16ns_16_3_max_dsp_1_ip_u/U0/i_synth/MULT.OP/i_non_prim.OP/RESULT_REG.NORMAL.exp_op_reg[4]/D             |           13 |          3 | 4.40209627151489258 | 3.05699992179870605 | 1.34509599208831787 |
| Path3  | -1.05145132541656494 | grp_node_0_0_Pipeline_l_S_t_1_t_fu_256/hadd_16ns_16ns_16_3_no_dsp_1_U1/din0_buf1_reg[7]_replica/C | grp_node_0_0_Pipeline_l_S_t_1_t_fu_256/hmul_16ns_16ns_16_3_max_dsp_1_U3/node_0_0_hmul_16ns_16ns_16_3_max_dsp_1_ip_u/U0/i_synth/MULT.OP/i_non_prim.OP/RESULT_REG.NORMAL.exp_op_reg[1]/D             |           13 |          3 | 4.36409616470336914 | 3.01200008392333984 | 1.35209608078002930 |
| Path4  | -1.04545176029205322 | grp_node_0_0_Pipeline_l_S_t_1_t_fu_256/hadd_16ns_16ns_16_3_no_dsp_1_U1/din0_buf1_reg[7]_replica/C | grp_node_0_0_Pipeline_l_S_t_1_t_fu_256/hmul_16ns_16ns_16_3_max_dsp_1_U3/node_0_0_hmul_16ns_16ns_16_3_max_dsp_1_ip_u/U0/i_synth/MULT.OP/i_non_prim.OP/RESULT_REG.NORMAL.exp_op_reg[2]/D             |           13 |          3 | 4.35809659957885742 | 3.00999999046325684 | 1.34809613227844238 |
| Path5  | -1.00845158100128174 | grp_node_0_0_Pipeline_l_S_t_1_t_fu_256/hadd_16ns_16ns_16_3_no_dsp_1_U1/din0_buf1_reg[7]_replica/C | grp_node_0_0_Pipeline_l_S_t_1_t_fu_256/hmul_16ns_16ns_16_3_max_dsp_1_U3/node_0_0_hmul_16ns_16ns_16_3_max_dsp_1_ip_u/U0/i_synth/MULT.OP/i_non_prim.OP/RESULT_REG.NORMAL.exp_op_reg[0]/D             |           13 |          3 | 4.32009649276733398 | 2.98699998855590820 | 1.33309602737426758 |
| Path6  | -0.95605480670928955 | grp_node_0_0_Pipeline_l_S_t_1_t_fu_256/hadd_16ns_16ns_16_3_no_dsp_1_U1/din1_buf1_reg[9]_replica/C | grp_node_0_0_Pipeline_l_S_t_1_t_fu_256/hadd_16ns_16ns_16_3_no_dsp_1_U1/node_0_0_hadd_16ns_16ns_16_3_no_dsp_1_ip_u/U0/i_synth/ADDSUB_OP.ADDSUB/LOGIC_SPEED.OP/OP/RESULT_REG.NORMAL.exp_op_reg[4]/D  |           22 |         29 | 4.26769971847534180 | 1.90299999713897705 | 2.36469960212707520 |
| Path7  | -0.95305496454238892 | grp_node_0_0_Pipeline_l_S_t_1_t_fu_256/hadd_16ns_16ns_16_3_no_dsp_1_U1/din1_buf1_reg[9]_replica/C | grp_node_0_0_Pipeline_l_S_t_1_t_fu_256/hadd_16ns_16ns_16_3_no_dsp_1_U1/node_0_0_hadd_16ns_16ns_16_3_no_dsp_1_ip_u/U0/i_synth/ADDSUB_OP.ADDSUB/LOGIC_SPEED.OP/OP/RESULT_REG.NORMAL.exp_op_reg[3]/D  |           22 |         29 | 4.26469993591308594 | 1.90299999713897705 | 2.36169981956481934 |
| Path8  | -0.93878149986267090 | grp_node_0_0_Pipeline_l_S_t_1_t_fu_256/hadd_16ns_16ns_16_3_no_dsp_1_U1/din0_buf1_reg[8]/C         | grp_node_0_0_Pipeline_l_S_t_1_t_fu_256/hsub_16ns_16ns_16_3_no_dsp_1_U2/node_0_0_hsub_16ns_16ns_16_3_no_dsp_1_ip_u/U0/i_synth/ADDSUB_OP.ADDSUB/LOGIC_SPEED.OP/OP/RESULT_REG.NORMAL.exp_op_reg[0]/D  |           21 |         33 | 4.24842596054077148 | 1.88999998569488525 | 2.35842561721801758 |
| Path9  | -0.89600723981857300 | grp_node_0_0_Pipeline_l_S_t_1_t_fu_256/hadd_16ns_16ns_16_3_no_dsp_1_U1/din1_buf1_reg[9]_replica/C | grp_node_0_0_Pipeline_l_S_t_1_t_fu_256/hadd_16ns_16ns_16_3_no_dsp_1_U1/node_0_0_hadd_16ns_16ns_16_3_no_dsp_1_ip_u/U0/i_synth/ADDSUB_OP.ADDSUB/LOGIC_SPEED.OP/OP/RESULT_REG.NORMAL.mant_op_reg[9]/D |           20 |         29 | 4.20765209197998047 | 1.92700016498565674 | 2.28065204620361328 |
| Path10 | -0.89578169584274292 | grp_node_0_0_Pipeline_l_S_t_1_t_fu_256/hadd_16ns_16ns_16_3_no_dsp_1_U1/din0_buf1_reg[8]/C         | grp_node_0_0_Pipeline_l_S_t_1_t_fu_256/hsub_16ns_16ns_16_3_no_dsp_1_U2/node_0_0_hsub_16ns_16ns_16_3_no_dsp_1_ip_u/U0/i_synth/ADDSUB_OP.ADDSUB/LOGIC_SPEED.OP/OP/RESULT_REG.NORMAL.exp_op_reg[1]/D  |           21 |         33 | 4.20642614364624023 | 1.82799983024597168 | 2.37842559814453125 |
+--------+----------------------+---------------------------------------------------------------------------------------------------+----------------------------------------------------------------------------------------------------------------------------------------------------------------------------------------------------+--------------+------------+---------------------+---------------------+---------------------+

    +------------------------------------------------------------------------------------------------------------------------------------------------------------------------------------------------------------------------------------------------------------------------------------------+------------------------+
    | Path1 Cells                                                                                                                                                                                                                                                                              | Primitive Type         |
    +------------------------------------------------------------------------------------------------------------------------------------------------------------------------------------------------------------------------------------------------------------------------------------------+------------------------+
    | grp_node_0_0_Pipeline_l_S_t_1_t_fu_256/hadd_16ns_16ns_16_3_no_dsp_1_U1/din0_buf1_reg[7]_replica                                                                                                                                                                                          | REGISTER.SDR.FDRE      |
    | grp_node_0_0_Pipeline_l_S_t_1_t_fu_256/hmul_16ns_16ns_16_3_max_dsp_1_U3/node_0_0_hmul_16ns_16ns_16_3_max_dsp_1_ip_u/U0/i_synth/MULT.OP/i_non_prim.MULT/MULT_GEN_VARIANT.FIX_MULT/MULT/gDSP.gDSP_only.iDSP/use_prim.appDSP[0].bppDSP[0].use_dsp.use_dsp48e2.iDSP48E2/DSP_A_B_DATA_INST    | ARITHMETIC.DSP.DSP48E2 |
    | grp_node_0_0_Pipeline_l_S_t_1_t_fu_256/hmul_16ns_16ns_16_3_max_dsp_1_U3/node_0_0_hmul_16ns_16ns_16_3_max_dsp_1_ip_u/U0/i_synth/MULT.OP/i_non_prim.MULT/MULT_GEN_VARIANT.FIX_MULT/MULT/gDSP.gDSP_only.iDSP/use_prim.appDSP[0].bppDSP[0].use_dsp.use_dsp48e2.iDSP48E2/DSP_PREADD_DATA_INST | ARITHMETIC.DSP.DSP48E2 |
    | grp_node_0_0_Pipeline_l_S_t_1_t_fu_256/hmul_16ns_16ns_16_3_max_dsp_1_U3/node_0_0_hmul_16ns_16ns_16_3_max_dsp_1_ip_u/U0/i_synth/MULT.OP/i_non_prim.MULT/MULT_GEN_VARIANT.FIX_MULT/MULT/gDSP.gDSP_only.iDSP/use_prim.appDSP[0].bppDSP[0].use_dsp.use_dsp48e2.iDSP48E2/DSP_MULTIPLIER_INST  | ARITHMETIC.DSP.DSP48E2 |
    | grp_node_0_0_Pipeline_l_S_t_1_t_fu_256/hmul_16ns_16ns_16_3_max_dsp_1_U3/node_0_0_hmul_16ns_16ns_16_3_max_dsp_1_ip_u/U0/i_synth/MULT.OP/i_non_prim.MULT/MULT_GEN_VARIANT.FIX_MULT/MULT/gDSP.gDSP_only.iDSP/use_prim.appDSP[0].bppDSP[0].use_dsp.use_dsp48e2.iDSP48E2/DSP_M_DATA_INST      | ARITHMETIC.DSP.DSP48E2 |
    | grp_node_0_0_Pipeline_l_S_t_1_t_fu_256/hmul_16ns_16ns_16_3_max_dsp_1_U3/node_0_0_hmul_16ns_16ns_16_3_max_dsp_1_ip_u/U0/i_synth/MULT.OP/i_non_prim.MULT/MULT_GEN_VARIANT.FIX_MULT/MULT/gDSP.gDSP_only.iDSP/use_prim.appDSP[0].bppDSP[0].use_dsp.use_dsp48e2.iDSP48E2/DSP_ALU_INST         | ARITHMETIC.DSP.DSP48E2 |
    | grp_node_0_0_Pipeline_l_S_t_1_t_fu_256/hmul_16ns_16ns_16_3_max_dsp_1_U3/node_0_0_hmul_16ns_16ns_16_3_max_dsp_1_ip_u/U0/i_synth/MULT.OP/i_non_prim.MULT/MULT_GEN_VARIANT.FIX_MULT/MULT/gDSP.gDSP_only.iDSP/use_prim.appDSP[0].bppDSP[0].use_dsp.use_dsp48e2.iDSP48E2/DSP_OUTPUT_INST      | ARITHMETIC.DSP.DSP48E2 |
    | grp_node_0_0_Pipeline_l_S_t_1_t_fu_256/hmul_16ns_16ns_16_3_max_dsp_1_U3/node_0_0_hmul_16ns_16ns_16_3_max_dsp_1_ip_u/U0/i_synth/MULT.OP/i_non_prim.MULT/MULT_GEN_VARIANT.FIX_MULT/CHAIN_GEN[0].C_MUX.CARRY_MUX_i_1__0                                                                     | CLB.LUT.LUT3           |
    | grp_node_0_0_Pipeline_l_S_t_1_t_fu_256/hmul_16ns_16ns_16_3_max_dsp_1_U3/node_0_0_hmul_16ns_16ns_16_3_max_dsp_1_ip_u/U0/i_synth/MULT.OP/i_non_prim.R_AND_R/LOGIC.R_AND_R/RND_BIT_GEN/NORM_1_OR_0.STRUCT_REQ.GENERAL.RND1/CHAIN_GEN[0].C_MUX.CARRY_MUX_CARRY4_CARRY8                       | CLB.CARRY.CARRY8       |
    | grp_node_0_0_Pipeline_l_S_t_1_t_fu_256/hmul_16ns_16ns_16_3_max_dsp_1_U3/node_0_0_hmul_16ns_16ns_16_3_max_dsp_1_ip_u/U0/i_synth/MULT.OP/i_non_prim.R_AND_R/LOGIC.R_AND_R/DSP48_E1.DSP48E1_ADD.DSP48E1_ADD/i_no_versal_es1_workaround.DSP/DSP_A_B_DATA_INST                                | ARITHMETIC.DSP.DSP48E2 |
    | grp_node_0_0_Pipeline_l_S_t_1_t_fu_256/hmul_16ns_16ns_16_3_max_dsp_1_U3/node_0_0_hmul_16ns_16ns_16_3_max_dsp_1_ip_u/U0/i_synth/MULT.OP/i_non_prim.R_AND_R/LOGIC.R_AND_R/DSP48_E1.DSP48E1_ADD.DSP48E1_ADD/i_no_versal_es1_workaround.DSP/DSP_ALU_INST                                     | ARITHMETIC.DSP.DSP48E2 |
    | grp_node_0_0_Pipeline_l_S_t_1_t_fu_256/hmul_16ns_16ns_16_3_max_dsp_1_U3/node_0_0_hmul_16ns_16ns_16_3_max_dsp_1_ip_u/U0/i_synth/MULT.OP/i_non_prim.R_AND_R/LOGIC.R_AND_R/DSP48_E1.DSP48E1_ADD.DSP48E1_ADD/i_no_versal_es1_workaround.DSP/DSP_OUTPUT_INST                                  | ARITHMETIC.DSP.DSP48E2 |
    | grp_node_0_0_Pipeline_l_S_t_1_t_fu_256/hmul_16ns_16ns_16_3_max_dsp_1_U3/node_0_0_hmul_16ns_16ns_16_3_max_dsp_1_ip_u/U0/i_synth/MULT.OP/i_non_prim.R_AND_R/LOGIC.R_AND_R/EXP_ADD.ADD/CHAIN_GEN[0].C_MUX.CARRY_MUX_CARRY4_CARRY8                                                           | CLB.CARRY.CARRY8       |
    | grp_node_0_0_Pipeline_l_S_t_1_t_fu_256/hmul_16ns_16ns_16_3_max_dsp_1_U3/node_0_0_hmul_16ns_16ns_16_3_max_dsp_1_ip_u/U0/i_synth/MULT.OP/i_non_prim.R_AND_R/LOGIC.R_AND_R/EXP_ADD.ADD/RESULT_REG.NORMAL.exp_op[3]_i_1                                                                      | CLB.LUT.LUT2           |
    | grp_node_0_0_Pipeline_l_S_t_1_t_fu_256/hmul_16ns_16ns_16_3_max_dsp_1_U3/node_0_0_hmul_16ns_16ns_16_3_max_dsp_1_ip_u/U0/i_synth/MULT.OP/i_non_prim.OP/RESULT_REG.NORMAL.exp_op_reg[3]                                                                                                     | REGISTER.SDR.FDRE      |
    | grp_node_0_0_Pipeline_l_S_t_1_t_fu_256/hadd_16ns_16ns_16_3_no_dsp_1_U1/din0_buf1_reg[7]_replica                                                                                                                                                                                          | REGISTER.SDR.FDRE      |
    | grp_node_0_0_Pipeline_l_S_t_1_t_fu_256/hmul_16ns_16ns_16_3_max_dsp_1_U3/node_0_0_hmul_16ns_16ns_16_3_max_dsp_1_ip_u/U0/i_synth/MULT.OP/i_non_prim.MULT/MULT_GEN_VARIANT.FIX_MULT/MULT/gDSP.gDSP_only.iDSP/use_prim.appDSP[0].bppDSP[0].use_dsp.use_dsp48e2.iDSP48E2/DSP_A_B_DATA_INST    | ARITHMETIC.DSP.DSP48E2 |
    | grp_node_0_0_Pipeline_l_S_t_1_t_fu_256/hmul_16ns_16ns_16_3_max_dsp_1_U3/node_0_0_hmul_16ns_16ns_16_3_max_dsp_1_ip_u/U0/i_synth/MULT.OP/i_non_prim.MULT/MULT_GEN_VARIANT.FIX_MULT/MULT/gDSP.gDSP_only.iDSP/use_prim.appDSP[0].bppDSP[0].use_dsp.use_dsp48e2.iDSP48E2/DSP_PREADD_DATA_INST | ARITHMETIC.DSP.DSP48E2 |
    | grp_node_0_0_Pipeline_l_S_t_1_t_fu_256/hmul_16ns_16ns_16_3_max_dsp_1_U3/node_0_0_hmul_16ns_16ns_16_3_max_dsp_1_ip_u/U0/i_synth/MULT.OP/i_non_prim.MULT/MULT_GEN_VARIANT.FIX_MULT/MULT/gDSP.gDSP_only.iDSP/use_prim.appDSP[0].bppDSP[0].use_dsp.use_dsp48e2.iDSP48E2/DSP_MULTIPLIER_INST  | ARITHMETIC.DSP.DSP48E2 |
    | grp_node_0_0_Pipeline_l_S_t_1_t_fu_256/hmul_16ns_16ns_16_3_max_dsp_1_U3/node_0_0_hmul_16ns_16ns_16_3_max_dsp_1_ip_u/U0/i_synth/MULT.OP/i_non_prim.MULT/MULT_GEN_VARIANT.FIX_MULT/MULT/gDSP.gDSP_only.iDSP/use_prim.appDSP[0].bppDSP[0].use_dsp.use_dsp48e2.iDSP48E2/DSP_M_DATA_INST      | ARITHMETIC.DSP.DSP48E2 |
    | grp_node_0_0_Pipeline_l_S_t_1_t_fu_256/hmul_16ns_16ns_16_3_max_dsp_1_U3/node_0_0_hmul_16ns_16ns_16_3_max_dsp_1_ip_u/U0/i_synth/MULT.OP/i_non_prim.MULT/MULT_GEN_VARIANT.FIX_MULT/MULT/gDSP.gDSP_only.iDSP/use_prim.appDSP[0].bppDSP[0].use_dsp.use_dsp48e2.iDSP48E2/DSP_ALU_INST         | ARITHMETIC.DSP.DSP48E2 |
    | grp_node_0_0_Pipeline_l_S_t_1_t_fu_256/hmul_16ns_16ns_16_3_max_dsp_1_U3/node_0_0_hmul_16ns_16ns_16_3_max_dsp_1_ip_u/U0/i_synth/MULT.OP/i_non_prim.MULT/MULT_GEN_VARIANT.FIX_MULT/MULT/gDSP.gDSP_only.iDSP/use_prim.appDSP[0].bppDSP[0].use_dsp.use_dsp48e2.iDSP48E2/DSP_OUTPUT_INST      | ARITHMETIC.DSP.DSP48E2 |
    | grp_node_0_0_Pipeline_l_S_t_1_t_fu_256/hmul_16ns_16ns_16_3_max_dsp_1_U3/node_0_0_hmul_16ns_16ns_16_3_max_dsp_1_ip_u/U0/i_synth/MULT.OP/i_non_prim.MULT/MULT_GEN_VARIANT.FIX_MULT/CHAIN_GEN[0].C_MUX.CARRY_MUX_i_1__0                                                                     | CLB.LUT.LUT3           |
    | grp_node_0_0_Pipeline_l_S_t_1_t_fu_256/hmul_16ns_16ns_16_3_max_dsp_1_U3/node_0_0_hmul_16ns_16ns_16_3_max_dsp_1_ip_u/U0/i_synth/MULT.OP/i_non_prim.R_AND_R/LOGIC.R_AND_R/RND_BIT_GEN/NORM_1_OR_0.STRUCT_REQ.GENERAL.RND1/CHAIN_GEN[0].C_MUX.CARRY_MUX_CARRY4_CARRY8                       | CLB.CARRY.CARRY8       |
    | grp_node_0_0_Pipeline_l_S_t_1_t_fu_256/hmul_16ns_16ns_16_3_max_dsp_1_U3/node_0_0_hmul_16ns_16ns_16_3_max_dsp_1_ip_u/U0/i_synth/MULT.OP/i_non_prim.R_AND_R/LOGIC.R_AND_R/DSP48_E1.DSP48E1_ADD.DSP48E1_ADD/i_no_versal_es1_workaround.DSP/DSP_A_B_DATA_INST                                | ARITHMETIC.DSP.DSP48E2 |
    | grp_node_0_0_Pipeline_l_S_t_1_t_fu_256/hmul_16ns_16ns_16_3_max_dsp_1_U3/node_0_0_hmul_16ns_16ns_16_3_max_dsp_1_ip_u/U0/i_synth/MULT.OP/i_non_prim.R_AND_R/LOGIC.R_AND_R/DSP48_E1.DSP48E1_ADD.DSP48E1_ADD/i_no_versal_es1_workaround.DSP/DSP_ALU_INST                                     | ARITHMETIC.DSP.DSP48E2 |
    | grp_node_0_0_Pipeline_l_S_t_1_t_fu_256/hmul_16ns_16ns_16_3_max_dsp_1_U3/node_0_0_hmul_16ns_16ns_16_3_max_dsp_1_ip_u/U0/i_synth/MULT.OP/i_non_prim.R_AND_R/LOGIC.R_AND_R/DSP48_E1.DSP48E1_ADD.DSP48E1_ADD/i_no_versal_es1_workaround.DSP/DSP_OUTPUT_INST                                  | ARITHMETIC.DSP.DSP48E2 |
    | grp_node_0_0_Pipeline_l_S_t_1_t_fu_256/hmul_16ns_16ns_16_3_max_dsp_1_U3/node_0_0_hmul_16ns_16ns_16_3_max_dsp_1_ip_u/U0/i_synth/MULT.OP/i_non_prim.R_AND_R/LOGIC.R_AND_R/EXP_ADD.ADD/CHAIN_GEN[0].C_MUX.CARRY_MUX_CARRY4_CARRY8                                                           | CLB.CARRY.CARRY8       |
    | grp_node_0_0_Pipeline_l_S_t_1_t_fu_256/hmul_16ns_16ns_16_3_max_dsp_1_U3/node_0_0_hmul_16ns_16ns_16_3_max_dsp_1_ip_u/U0/i_synth/MULT.OP/i_non_prim.R_AND_R/LOGIC.R_AND_R/EXP_ADD.ADD/RESULT_REG.NORMAL.exp_op[4]_i_2                                                                      | CLB.LUT.LUT2           |
    | grp_node_0_0_Pipeline_l_S_t_1_t_fu_256/hmul_16ns_16ns_16_3_max_dsp_1_U3/node_0_0_hmul_16ns_16ns_16_3_max_dsp_1_ip_u/U0/i_synth/MULT.OP/i_non_prim.OP/RESULT_REG.NORMAL.exp_op_reg[4]                                                                                                     | REGISTER.SDR.FDRE      |
    | grp_node_0_0_Pipeline_l_S_t_1_t_fu_256/hadd_16ns_16ns_16_3_no_dsp_1_U1/din0_buf1_reg[7]_replica                                                                                                                                                                                          | REGISTER.SDR.FDRE      |
    | grp_node_0_0_Pipeline_l_S_t_1_t_fu_256/hmul_16ns_16ns_16_3_max_dsp_1_U3/node_0_0_hmul_16ns_16ns_16_3_max_dsp_1_ip_u/U0/i_synth/MULT.OP/i_non_prim.MULT/MULT_GEN_VARIANT.FIX_MULT/MULT/gDSP.gDSP_only.iDSP/use_prim.appDSP[0].bppDSP[0].use_dsp.use_dsp48e2.iDSP48E2/DSP_A_B_DATA_INST    | ARITHMETIC.DSP.DSP48E2 |
    | grp_node_0_0_Pipeline_l_S_t_1_t_fu_256/hmul_16ns_16ns_16_3_max_dsp_1_U3/node_0_0_hmul_16ns_16ns_16_3_max_dsp_1_ip_u/U0/i_synth/MULT.OP/i_non_prim.MULT/MULT_GEN_VARIANT.FIX_MULT/MULT/gDSP.gDSP_only.iDSP/use_prim.appDSP[0].bppDSP[0].use_dsp.use_dsp48e2.iDSP48E2/DSP_PREADD_DATA_INST | ARITHMETIC.DSP.DSP48E2 |
    | grp_node_0_0_Pipeline_l_S_t_1_t_fu_256/hmul_16ns_16ns_16_3_max_dsp_1_U3/node_0_0_hmul_16ns_16ns_16_3_max_dsp_1_ip_u/U0/i_synth/MULT.OP/i_non_prim.MULT/MULT_GEN_VARIANT.FIX_MULT/MULT/gDSP.gDSP_only.iDSP/use_prim.appDSP[0].bppDSP[0].use_dsp.use_dsp48e2.iDSP48E2/DSP_MULTIPLIER_INST  | ARITHMETIC.DSP.DSP48E2 |
    | grp_node_0_0_Pipeline_l_S_t_1_t_fu_256/hmul_16ns_16ns_16_3_max_dsp_1_U3/node_0_0_hmul_16ns_16ns_16_3_max_dsp_1_ip_u/U0/i_synth/MULT.OP/i_non_prim.MULT/MULT_GEN_VARIANT.FIX_MULT/MULT/gDSP.gDSP_only.iDSP/use_prim.appDSP[0].bppDSP[0].use_dsp.use_dsp48e2.iDSP48E2/DSP_M_DATA_INST      | ARITHMETIC.DSP.DSP48E2 |
    | grp_node_0_0_Pipeline_l_S_t_1_t_fu_256/hmul_16ns_16ns_16_3_max_dsp_1_U3/node_0_0_hmul_16ns_16ns_16_3_max_dsp_1_ip_u/U0/i_synth/MULT.OP/i_non_prim.MULT/MULT_GEN_VARIANT.FIX_MULT/MULT/gDSP.gDSP_only.iDSP/use_prim.appDSP[0].bppDSP[0].use_dsp.use_dsp48e2.iDSP48E2/DSP_ALU_INST         | ARITHMETIC.DSP.DSP48E2 |
    | grp_node_0_0_Pipeline_l_S_t_1_t_fu_256/hmul_16ns_16ns_16_3_max_dsp_1_U3/node_0_0_hmul_16ns_16ns_16_3_max_dsp_1_ip_u/U0/i_synth/MULT.OP/i_non_prim.MULT/MULT_GEN_VARIANT.FIX_MULT/MULT/gDSP.gDSP_only.iDSP/use_prim.appDSP[0].bppDSP[0].use_dsp.use_dsp48e2.iDSP48E2/DSP_OUTPUT_INST      | ARITHMETIC.DSP.DSP48E2 |
    | grp_node_0_0_Pipeline_l_S_t_1_t_fu_256/hmul_16ns_16ns_16_3_max_dsp_1_U3/node_0_0_hmul_16ns_16ns_16_3_max_dsp_1_ip_u/U0/i_synth/MULT.OP/i_non_prim.MULT/MULT_GEN_VARIANT.FIX_MULT/CHAIN_GEN[0].C_MUX.CARRY_MUX_i_1__0                                                                     | CLB.LUT.LUT3           |
    | grp_node_0_0_Pipeline_l_S_t_1_t_fu_256/hmul_16ns_16ns_16_3_max_dsp_1_U3/node_0_0_hmul_16ns_16ns_16_3_max_dsp_1_ip_u/U0/i_synth/MULT.OP/i_non_prim.R_AND_R/LOGIC.R_AND_R/RND_BIT_GEN/NORM_1_OR_0.STRUCT_REQ.GENERAL.RND1/CHAIN_GEN[0].C_MUX.CARRY_MUX_CARRY4_CARRY8                       | CLB.CARRY.CARRY8       |
    | grp_node_0_0_Pipeline_l_S_t_1_t_fu_256/hmul_16ns_16ns_16_3_max_dsp_1_U3/node_0_0_hmul_16ns_16ns_16_3_max_dsp_1_ip_u/U0/i_synth/MULT.OP/i_non_prim.R_AND_R/LOGIC.R_AND_R/DSP48_E1.DSP48E1_ADD.DSP48E1_ADD/i_no_versal_es1_workaround.DSP/DSP_A_B_DATA_INST                                | ARITHMETIC.DSP.DSP48E2 |
    | grp_node_0_0_Pipeline_l_S_t_1_t_fu_256/hmul_16ns_16ns_16_3_max_dsp_1_U3/node_0_0_hmul_16ns_16ns_16_3_max_dsp_1_ip_u/U0/i_synth/MULT.OP/i_non_prim.R_AND_R/LOGIC.R_AND_R/DSP48_E1.DSP48E1_ADD.DSP48E1_ADD/i_no_versal_es1_workaround.DSP/DSP_ALU_INST                                     | ARITHMETIC.DSP.DSP48E2 |
    | grp_node_0_0_Pipeline_l_S_t_1_t_fu_256/hmul_16ns_16ns_16_3_max_dsp_1_U3/node_0_0_hmul_16ns_16ns_16_3_max_dsp_1_ip_u/U0/i_synth/MULT.OP/i_non_prim.R_AND_R/LOGIC.R_AND_R/DSP48_E1.DSP48E1_ADD.DSP48E1_ADD/i_no_versal_es1_workaround.DSP/DSP_OUTPUT_INST                                  | ARITHMETIC.DSP.DSP48E2 |
    | grp_node_0_0_Pipeline_l_S_t_1_t_fu_256/hmul_16ns_16ns_16_3_max_dsp_1_U3/node_0_0_hmul_16ns_16ns_16_3_max_dsp_1_ip_u/U0/i_synth/MULT.OP/i_non_prim.R_AND_R/LOGIC.R_AND_R/EXP_ADD.ADD/CHAIN_GEN[0].C_MUX.CARRY_MUX_CARRY4_CARRY8                                                           | CLB.CARRY.CARRY8       |
    | grp_node_0_0_Pipeline_l_S_t_1_t_fu_256/hmul_16ns_16ns_16_3_max_dsp_1_U3/node_0_0_hmul_16ns_16ns_16_3_max_dsp_1_ip_u/U0/i_synth/MULT.OP/i_non_prim.R_AND_R/LOGIC.R_AND_R/EXP_ADD.ADD/RESULT_REG.NORMAL.exp_op[1]_i_1                                                                      | CLB.LUT.LUT2           |
    | grp_node_0_0_Pipeline_l_S_t_1_t_fu_256/hmul_16ns_16ns_16_3_max_dsp_1_U3/node_0_0_hmul_16ns_16ns_16_3_max_dsp_1_ip_u/U0/i_synth/MULT.OP/i_non_prim.OP/RESULT_REG.NORMAL.exp_op_reg[1]                                                                                                     | REGISTER.SDR.FDRE      |
    | grp_node_0_0_Pipeline_l_S_t_1_t_fu_256/hadd_16ns_16ns_16_3_no_dsp_1_U1/din0_buf1_reg[7]_replica                                                                                                                                                                                          | REGISTER.SDR.FDRE      |
    | grp_node_0_0_Pipeline_l_S_t_1_t_fu_256/hmul_16ns_16ns_16_3_max_dsp_1_U3/node_0_0_hmul_16ns_16ns_16_3_max_dsp_1_ip_u/U0/i_synth/MULT.OP/i_non_prim.MULT/MULT_GEN_VARIANT.FIX_MULT/MULT/gDSP.gDSP_only.iDSP/use_prim.appDSP[0].bppDSP[0].use_dsp.use_dsp48e2.iDSP48E2/DSP_A_B_DATA_INST    | ARITHMETIC.DSP.DSP48E2 |
    | grp_node_0_0_Pipeline_l_S_t_1_t_fu_256/hmul_16ns_16ns_16_3_max_dsp_1_U3/node_0_0_hmul_16ns_16ns_16_3_max_dsp_1_ip_u/U0/i_synth/MULT.OP/i_non_prim.MULT/MULT_GEN_VARIANT.FIX_MULT/MULT/gDSP.gDSP_only.iDSP/use_prim.appDSP[0].bppDSP[0].use_dsp.use_dsp48e2.iDSP48E2/DSP_PREADD_DATA_INST | ARITHMETIC.DSP.DSP48E2 |
    | grp_node_0_0_Pipeline_l_S_t_1_t_fu_256/hmul_16ns_16ns_16_3_max_dsp_1_U3/node_0_0_hmul_16ns_16ns_16_3_max_dsp_1_ip_u/U0/i_synth/MULT.OP/i_non_prim.MULT/MULT_GEN_VARIANT.FIX_MULT/MULT/gDSP.gDSP_only.iDSP/use_prim.appDSP[0].bppDSP[0].use_dsp.use_dsp48e2.iDSP48E2/DSP_MULTIPLIER_INST  | ARITHMETIC.DSP.DSP48E2 |
    | grp_node_0_0_Pipeline_l_S_t_1_t_fu_256/hmul_16ns_16ns_16_3_max_dsp_1_U3/node_0_0_hmul_16ns_16ns_16_3_max_dsp_1_ip_u/U0/i_synth/MULT.OP/i_non_prim.MULT/MULT_GEN_VARIANT.FIX_MULT/MULT/gDSP.gDSP_only.iDSP/use_prim.appDSP[0].bppDSP[0].use_dsp.use_dsp48e2.iDSP48E2/DSP_M_DATA_INST      | ARITHMETIC.DSP.DSP48E2 |
    | grp_node_0_0_Pipeline_l_S_t_1_t_fu_256/hmul_16ns_16ns_16_3_max_dsp_1_U3/node_0_0_hmul_16ns_16ns_16_3_max_dsp_1_ip_u/U0/i_synth/MULT.OP/i_non_prim.MULT/MULT_GEN_VARIANT.FIX_MULT/MULT/gDSP.gDSP_only.iDSP/use_prim.appDSP[0].bppDSP[0].use_dsp.use_dsp48e2.iDSP48E2/DSP_ALU_INST         | ARITHMETIC.DSP.DSP48E2 |
    | grp_node_0_0_Pipeline_l_S_t_1_t_fu_256/hmul_16ns_16ns_16_3_max_dsp_1_U3/node_0_0_hmul_16ns_16ns_16_3_max_dsp_1_ip_u/U0/i_synth/MULT.OP/i_non_prim.MULT/MULT_GEN_VARIANT.FIX_MULT/MULT/gDSP.gDSP_only.iDSP/use_prim.appDSP[0].bppDSP[0].use_dsp.use_dsp48e2.iDSP48E2/DSP_OUTPUT_INST      | ARITHMETIC.DSP.DSP48E2 |
    | grp_node_0_0_Pipeline_l_S_t_1_t_fu_256/hmul_16ns_16ns_16_3_max_dsp_1_U3/node_0_0_hmul_16ns_16ns_16_3_max_dsp_1_ip_u/U0/i_synth/MULT.OP/i_non_prim.MULT/MULT_GEN_VARIANT.FIX_MULT/CHAIN_GEN[0].C_MUX.CARRY_MUX_i_1__0                                                                     | CLB.LUT.LUT3           |
    | grp_node_0_0_Pipeline_l_S_t_1_t_fu_256/hmul_16ns_16ns_16_3_max_dsp_1_U3/node_0_0_hmul_16ns_16ns_16_3_max_dsp_1_ip_u/U0/i_synth/MULT.OP/i_non_prim.R_AND_R/LOGIC.R_AND_R/RND_BIT_GEN/NORM_1_OR_0.STRUCT_REQ.GENERAL.RND1/CHAIN_GEN[0].C_MUX.CARRY_MUX_CARRY4_CARRY8                       | CLB.CARRY.CARRY8       |
    | grp_node_0_0_Pipeline_l_S_t_1_t_fu_256/hmul_16ns_16ns_16_3_max_dsp_1_U3/node_0_0_hmul_16ns_16ns_16_3_max_dsp_1_ip_u/U0/i_synth/MULT.OP/i_non_prim.R_AND_R/LOGIC.R_AND_R/DSP48_E1.DSP48E1_ADD.DSP48E1_ADD/i_no_versal_es1_workaround.DSP/DSP_A_B_DATA_INST                                | ARITHMETIC.DSP.DSP48E2 |
    | grp_node_0_0_Pipeline_l_S_t_1_t_fu_256/hmul_16ns_16ns_16_3_max_dsp_1_U3/node_0_0_hmul_16ns_16ns_16_3_max_dsp_1_ip_u/U0/i_synth/MULT.OP/i_non_prim.R_AND_R/LOGIC.R_AND_R/DSP48_E1.DSP48E1_ADD.DSP48E1_ADD/i_no_versal_es1_workaround.DSP/DSP_ALU_INST                                     | ARITHMETIC.DSP.DSP48E2 |
    | grp_node_0_0_Pipeline_l_S_t_1_t_fu_256/hmul_16ns_16ns_16_3_max_dsp_1_U3/node_0_0_hmul_16ns_16ns_16_3_max_dsp_1_ip_u/U0/i_synth/MULT.OP/i_non_prim.R_AND_R/LOGIC.R_AND_R/DSP48_E1.DSP48E1_ADD.DSP48E1_ADD/i_no_versal_es1_workaround.DSP/DSP_OUTPUT_INST                                  | ARITHMETIC.DSP.DSP48E2 |
    | grp_node_0_0_Pipeline_l_S_t_1_t_fu_256/hmul_16ns_16ns_16_3_max_dsp_1_U3/node_0_0_hmul_16ns_16ns_16_3_max_dsp_1_ip_u/U0/i_synth/MULT.OP/i_non_prim.R_AND_R/LOGIC.R_AND_R/EXP_ADD.ADD/CHAIN_GEN[0].C_MUX.CARRY_MUX_CARRY4_CARRY8                                                           | CLB.CARRY.CARRY8       |
    | grp_node_0_0_Pipeline_l_S_t_1_t_fu_256/hmul_16ns_16ns_16_3_max_dsp_1_U3/node_0_0_hmul_16ns_16ns_16_3_max_dsp_1_ip_u/U0/i_synth/MULT.OP/i_non_prim.R_AND_R/LOGIC.R_AND_R/EXP_ADD.ADD/RESULT_REG.NORMAL.exp_op[2]_i_1                                                                      | CLB.LUT.LUT2           |
    | grp_node_0_0_Pipeline_l_S_t_1_t_fu_256/hmul_16ns_16ns_16_3_max_dsp_1_U3/node_0_0_hmul_16ns_16ns_16_3_max_dsp_1_ip_u/U0/i_synth/MULT.OP/i_non_prim.OP/RESULT_REG.NORMAL.exp_op_reg[2]                                                                                                     | REGISTER.SDR.FDRE      |
    | grp_node_0_0_Pipeline_l_S_t_1_t_fu_256/hadd_16ns_16ns_16_3_no_dsp_1_U1/din0_buf1_reg[7]_replica                                                                                                                                                                                          | REGISTER.SDR.FDRE      |
    | grp_node_0_0_Pipeline_l_S_t_1_t_fu_256/hmul_16ns_16ns_16_3_max_dsp_1_U3/node_0_0_hmul_16ns_16ns_16_3_max_dsp_1_ip_u/U0/i_synth/MULT.OP/i_non_prim.MULT/MULT_GEN_VARIANT.FIX_MULT/MULT/gDSP.gDSP_only.iDSP/use_prim.appDSP[0].bppDSP[0].use_dsp.use_dsp48e2.iDSP48E2/DSP_A_B_DATA_INST    | ARITHMETIC.DSP.DSP48E2 |
    | grp_node_0_0_Pipeline_l_S_t_1_t_fu_256/hmul_16ns_16ns_16_3_max_dsp_1_U3/node_0_0_hmul_16ns_16ns_16_3_max_dsp_1_ip_u/U0/i_synth/MULT.OP/i_non_prim.MULT/MULT_GEN_VARIANT.FIX_MULT/MULT/gDSP.gDSP_only.iDSP/use_prim.appDSP[0].bppDSP[0].use_dsp.use_dsp48e2.iDSP48E2/DSP_PREADD_DATA_INST | ARITHMETIC.DSP.DSP48E2 |
    | grp_node_0_0_Pipeline_l_S_t_1_t_fu_256/hmul_16ns_16ns_16_3_max_dsp_1_U3/node_0_0_hmul_16ns_16ns_16_3_max_dsp_1_ip_u/U0/i_synth/MULT.OP/i_non_prim.MULT/MULT_GEN_VARIANT.FIX_MULT/MULT/gDSP.gDSP_only.iDSP/use_prim.appDSP[0].bppDSP[0].use_dsp.use_dsp48e2.iDSP48E2/DSP_MULTIPLIER_INST  | ARITHMETIC.DSP.DSP48E2 |
    | grp_node_0_0_Pipeline_l_S_t_1_t_fu_256/hmul_16ns_16ns_16_3_max_dsp_1_U3/node_0_0_hmul_16ns_16ns_16_3_max_dsp_1_ip_u/U0/i_synth/MULT.OP/i_non_prim.MULT/MULT_GEN_VARIANT.FIX_MULT/MULT/gDSP.gDSP_only.iDSP/use_prim.appDSP[0].bppDSP[0].use_dsp.use_dsp48e2.iDSP48E2/DSP_M_DATA_INST      | ARITHMETIC.DSP.DSP48E2 |
    | grp_node_0_0_Pipeline_l_S_t_1_t_fu_256/hmul_16ns_16ns_16_3_max_dsp_1_U3/node_0_0_hmul_16ns_16ns_16_3_max_dsp_1_ip_u/U0/i_synth/MULT.OP/i_non_prim.MULT/MULT_GEN_VARIANT.FIX_MULT/MULT/gDSP.gDSP_only.iDSP/use_prim.appDSP[0].bppDSP[0].use_dsp.use_dsp48e2.iDSP48E2/DSP_ALU_INST         | ARITHMETIC.DSP.DSP48E2 |
    | grp_node_0_0_Pipeline_l_S_t_1_t_fu_256/hmul_16ns_16ns_16_3_max_dsp_1_U3/node_0_0_hmul_16ns_16ns_16_3_max_dsp_1_ip_u/U0/i_synth/MULT.OP/i_non_prim.MULT/MULT_GEN_VARIANT.FIX_MULT/MULT/gDSP.gDSP_only.iDSP/use_prim.appDSP[0].bppDSP[0].use_dsp.use_dsp48e2.iDSP48E2/DSP_OUTPUT_INST      | ARITHMETIC.DSP.DSP48E2 |
    | grp_node_0_0_Pipeline_l_S_t_1_t_fu_256/hmul_16ns_16ns_16_3_max_dsp_1_U3/node_0_0_hmul_16ns_16ns_16_3_max_dsp_1_ip_u/U0/i_synth/MULT.OP/i_non_prim.MULT/MULT_GEN_VARIANT.FIX_MULT/CHAIN_GEN[0].C_MUX.CARRY_MUX_i_1__0                                                                     | CLB.LUT.LUT3           |
    | grp_node_0_0_Pipeline_l_S_t_1_t_fu_256/hmul_16ns_16ns_16_3_max_dsp_1_U3/node_0_0_hmul_16ns_16ns_16_3_max_dsp_1_ip_u/U0/i_synth/MULT.OP/i_non_prim.R_AND_R/LOGIC.R_AND_R/RND_BIT_GEN/NORM_1_OR_0.STRUCT_REQ.GENERAL.RND1/CHAIN_GEN[0].C_MUX.CARRY_MUX_CARRY4_CARRY8                       | CLB.CARRY.CARRY8       |
    | grp_node_0_0_Pipeline_l_S_t_1_t_fu_256/hmul_16ns_16ns_16_3_max_dsp_1_U3/node_0_0_hmul_16ns_16ns_16_3_max_dsp_1_ip_u/U0/i_synth/MULT.OP/i_non_prim.R_AND_R/LOGIC.R_AND_R/DSP48_E1.DSP48E1_ADD.DSP48E1_ADD/i_no_versal_es1_workaround.DSP/DSP_A_B_DATA_INST                                | ARITHMETIC.DSP.DSP48E2 |
    | grp_node_0_0_Pipeline_l_S_t_1_t_fu_256/hmul_16ns_16ns_16_3_max_dsp_1_U3/node_0_0_hmul_16ns_16ns_16_3_max_dsp_1_ip_u/U0/i_synth/MULT.OP/i_non_prim.R_AND_R/LOGIC.R_AND_R/DSP48_E1.DSP48E1_ADD.DSP48E1_ADD/i_no_versal_es1_workaround.DSP/DSP_ALU_INST                                     | ARITHMETIC.DSP.DSP48E2 |
    | grp_node_0_0_Pipeline_l_S_t_1_t_fu_256/hmul_16ns_16ns_16_3_max_dsp_1_U3/node_0_0_hmul_16ns_16ns_16_3_max_dsp_1_ip_u/U0/i_synth/MULT.OP/i_non_prim.R_AND_R/LOGIC.R_AND_R/DSP48_E1.DSP48E1_ADD.DSP48E1_ADD/i_no_versal_es1_workaround.DSP/DSP_OUTPUT_INST                                  | ARITHMETIC.DSP.DSP48E2 |
    | grp_node_0_0_Pipeline_l_S_t_1_t_fu_256/hmul_16ns_16ns_16_3_max_dsp_1_U3/node_0_0_hmul_16ns_16ns_16_3_max_dsp_1_ip_u/U0/i_synth/MULT.OP/i_non_prim.R_AND_R/LOGIC.R_AND_R/EXP_ADD.ADD/CHAIN_GEN[0].C_MUX.CARRY_MUX_CARRY4_CARRY8                                                           | CLB.CARRY.CARRY8       |
    | grp_node_0_0_Pipeline_l_S_t_1_t_fu_256/hmul_16ns_16ns_16_3_max_dsp_1_U3/node_0_0_hmul_16ns_16ns_16_3_max_dsp_1_ip_u/U0/i_synth/MULT.OP/i_non_prim.EXP/EXP_ADD.C_CHAIN/RESULT_REG.NORMAL.exp_op[0]_i_1                                                                                    | CLB.LUT.LUT6           |
    | grp_node_0_0_Pipeline_l_S_t_1_t_fu_256/hmul_16ns_16ns_16_3_max_dsp_1_U3/node_0_0_hmul_16ns_16ns_16_3_max_dsp_1_ip_u/U0/i_synth/MULT.OP/i_non_prim.OP/RESULT_REG.NORMAL.exp_op_reg[0]                                                                                                     | REGISTER.SDR.FDRE      |
    | grp_node_0_0_Pipeline_l_S_t_1_t_fu_256/hadd_16ns_16ns_16_3_no_dsp_1_U1/din1_buf1_reg[9]_replica                                                                                                                                                                                          | REGISTER.SDR.FDRE      |
    | grp_node_0_0_Pipeline_l_S_t_1_t_fu_256/hadd_16ns_16ns_16_3_no_dsp_1_U1/node_0_0_hadd_16ns_16ns_16_3_no_dsp_1_ip_u/U0/i_synth/ADDSUB_OP.ADDSUB/LOGIC_SPEED.OP/EXP/NUMB_CMP/NOT_FAST.CMP/C_CHAIN/CHAIN_GEN[4].C_MUX.CARRY_MUX_i_1__3                                                       | CLB.LUT.LUT4           |
    | grp_node_0_0_Pipeline_l_S_t_1_t_fu_256/hadd_16ns_16ns_16_3_no_dsp_1_U1/node_0_0_hadd_16ns_16ns_16_3_no_dsp_1_ip_u/U0/i_synth/ADDSUB_OP.ADDSUB/LOGIC_SPEED.OP/EXP/NUMB_CMP/NOT_FAST.CMP/C_CHAIN/CHAIN_GEN[0].C_MUX.CARRY_MUX_CARRY4_CARRY8                                                | CLB.CARRY.CARRY8       |
    | grp_node_0_0_Pipeline_l_S_t_1_t_fu_256/hadd_16ns_16ns_16_3_no_dsp_1_U1/node_0_0_hadd_16ns_16ns_16_3_no_dsp_1_ip_u/U0/i_synth/ADDSUB_OP.ADDSUB/LOGIC_SPEED.OP/EXP/NUMB_CMP/NOT_FAST.CMP/C_CHAIN/CHAIN_GEN[1].C_MUX.CARRY_MUX_i_2__3                                                       | CLB.LUT.LUT6           |
    | grp_node_0_0_Pipeline_l_S_t_1_t_fu_256/hadd_16ns_16ns_16_3_no_dsp_1_U1/node_0_0_hadd_16ns_16ns_16_3_no_dsp_1_ip_u/U0/i_synth/ADDSUB_OP.ADDSUB/LOGIC_SPEED.OP/EXP/NUMB_CMP/NOT_FAST.CMP/C_CHAIN/CHAIN_GEN[1].C_MUX.CARRY_MUX_i_1__5                                                       | CLB.LUT.LUT4           |
    | grp_node_0_0_Pipeline_l_S_t_1_t_fu_256/hadd_16ns_16ns_16_3_no_dsp_1_U1/node_0_0_hadd_16ns_16ns_16_3_no_dsp_1_ip_u/U0/i_synth/ADDSUB_OP.ADDSUB/LOGIC_SPEED.OP/ALIGN_BLK/ALIGN_SHIFT/ALIGN_Z_D/EQ_ZERO/CARRY_ZERO_DET/CHAIN_GEN[0].C_MUX.CARRY_MUX_CARRY4_CARRY8                           | CLB.CARRY.CARRY8       |
    | grp_node_0_0_Pipeline_l_S_t_1_t_fu_256/hadd_16ns_16ns_16_3_no_dsp_1_U1/node_0_0_hadd_16ns_16ns_16_3_no_dsp_1_ip_u/U0/i_synth/ADDSUB_OP.ADDSUB/LOGIC_SPEED.OP/EXP/NUMB_CMP/NOT_FAST.CMP/C_CHAIN/STRUCT_ADD1.CARRY_MUX2_i_7                                                                | CLB.LUT.LUT5           |
    | grp_node_0_0_Pipeline_l_S_t_1_t_fu_256/hadd_16ns_16ns_16_3_no_dsp_1_U1/node_0_0_hadd_16ns_16ns_16_3_no_dsp_1_ip_u/U0/i_synth/ADDSUB_OP.ADDSUB/LOGIC_SPEED.OP/EXP/NUMB_CMP/NOT_FAST.CMP/C_CHAIN/STRUCT_ADD1.CARRY_MUX2_i_2                                                                | CLB.LUT.LUT6           |
    | grp_node_0_0_Pipeline_l_S_t_1_t_fu_256/hadd_16ns_16ns_16_3_no_dsp_1_U1/node_0_0_hadd_16ns_16ns_16_3_no_dsp_1_ip_u/U0/i_synth/ADDSUB_OP.ADDSUB/LOGIC_SPEED.OP/EXP/NUMB_CMP/NOT_FAST.CMP/C_CHAIN/STRUCT_ADD1.CARRY_MUX2_i_1                                                                | CLB.LUT.LUT6           |
    | grp_node_0_0_Pipeline_l_S_t_1_t_fu_256/hadd_16ns_16ns_16_3_no_dsp_1_U1/node_0_0_hadd_16ns_16ns_16_3_no_dsp_1_ip_u/U0/i_synth/ADDSUB_OP.ADDSUB/LOGIC_SPEED.OP/ALIGN_BLK/FRAC_ADDSUB/LOGIC_ADD.FRAC_ADDSUB/STRUCT_ADD1.CARRY_MUX1_CARRY4_CARRY8                                            | CLB.CARRY.CARRY8       |
    | grp_node_0_0_Pipeline_l_S_t_1_t_fu_256/hadd_16ns_16ns_16_3_no_dsp_1_U1/node_0_0_hadd_16ns_16ns_16_3_no_dsp_1_ip_u/U0/i_synth/ADDSUB_OP.ADDSUB/LOGIC_SPEED.OP/ALIGN_BLK/FRAC_ADDSUB/LOGIC_ADD.FRAC_ADDSUB/STRUCT_ADD2.ADD1/CHAIN_GEN[0].C_MUX.CARRY_MUX_CARRY4_CARRY8                     | CLB.CARRY.CARRY8       |
    | grp_node_0_0_Pipeline_l_S_t_1_t_fu_256/hadd_16ns_16ns_16_3_no_dsp_1_U1/node_0_0_hadd_16ns_16ns_16_3_no_dsp_1_ip_u/U0/i_synth/ADDSUB_OP.ADDSUB/LOGIC_SPEED.OP/ALIGN_BLK/FRAC_ADDSUB/LOGIC_ADD.FRAC_ADDSUB/STRUCT_ADD2.ADD1/CHAIN_GEN[0].C_MUX.CARRY_MUX_i_1__2                            | CLB.LUT.LUT4           |
    | grp_node_0_0_Pipeline_l_S_t_1_t_fu_256/hadd_16ns_16ns_16_3_no_dsp_1_U1/node_0_0_hadd_16ns_16ns_16_3_no_dsp_1_ip_u/U0/i_synth/ADDSUB_OP.ADDSUB/LOGIC_SPEED.OP/NORM/LZE/ZERO_DET_CC_1/CHAIN_GEN[0].C_MUX.CARRY_MUX_CARRY4_CARRY8                                                           | CLB.CARRY.CARRY8       |
    | grp_node_0_0_Pipeline_l_S_t_1_t_fu_256/hadd_16ns_16ns_16_3_no_dsp_1_U1/node_0_0_hadd_16ns_16ns_16_3_no_dsp_1_ip_u/U0/i_synth/ADDSUB_OP.ADDSUB/LOGIC_SPEED.OP/ALIGN_BLK/FRAC_ADDSUB/LOGIC_ADD.FRAC_ADDSUB/STRUCT_ADD2.ADD1/RESULT_REG.NORMAL.exp_op[2]_i_7                                | CLB.LUT.LUT5           |
    | grp_node_0_0_Pipeline_l_S_t_1_t_fu_256/hadd_16ns_16ns_16_3_no_dsp_1_U1/node_0_0_hadd_16ns_16ns_16_3_no_dsp_1_ip_u/U0/i_synth/ADDSUB_OP.ADDSUB/LOGIC_SPEED.OP/ALIGN_BLK/FRAC_ADDSUB/LOGIC_ADD.FRAC_ADDSUB/STRUCT_ADD1.ADD1/RESULT_REG.NORMAL.exp_op[1]_i_3                                | CLB.LUT.LUT5           |
    | grp_node_0_0_Pipeline_l_S_t_1_t_fu_256/hadd_16ns_16ns_16_3_no_dsp_1_U1/node_0_0_hadd_16ns_16ns_16_3_no_dsp_1_ip_u/U0/i_synth/ADDSUB_OP.ADDSUB/LOGIC_SPEED.OP/ALIGN_BLK/FRAC_ADDSUB/LOGIC_ADD.FRAC_ADDSUB/STRUCT_ADD1.ADD1/CHAIN_GEN[0].C_MUX.CARRY_MUX_i_6__0                            | CLB.LUT.LUT5           |
    | grp_node_0_0_Pipeline_l_S_t_1_t_fu_256/hadd_16ns_16ns_16_3_no_dsp_1_U1/node_0_0_hadd_16ns_16ns_16_3_no_dsp_1_ip_u/U0/i_synth/ADDSUB_OP.ADDSUB/LOGIC_SPEED.OP/ALIGN_BLK/FRAC_ADDSUB/LOGIC_ADD.FRAC_ADDSUB/STRUCT_ADD1.ADD1/CHAIN_GEN[0].C_MUX.CARRY_MUX_i_3__0                            | CLB.LUT.LUT6           |
    | grp_node_0_0_Pipeline_l_S_t_1_t_fu_256/hadd_16ns_16ns_16_3_no_dsp_1_U1/node_0_0_hadd_16ns_16ns_16_3_no_dsp_1_ip_u/U0/i_synth/ADDSUB_OP.ADDSUB/LOGIC_SPEED.OP/ALIGN_BLK/FRAC_ADDSUB/LOGIC_ADD.FRAC_ADDSUB/STRUCT_ADD1.ADD1/CHAIN_GEN[0].C_MUX.CARRY_MUX_i_1__10                           | CLB.LUT.LUT5           |
    | grp_node_0_0_Pipeline_l_S_t_1_t_fu_256/hadd_16ns_16ns_16_3_no_dsp_1_U1/node_0_0_hadd_16ns_16ns_16_3_no_dsp_1_ip_u/U0/i_synth/ADDSUB_OP.ADDSUB/LOGIC_SPEED.OP/NORM/ROUND/RND_BIT_GEN/NORM_2.RND_CHAIN/CHAIN_GEN[0].C_MUX.CARRY_MUX_CARRY4_CARRY8                                          | CLB.CARRY.CARRY8       |
    | grp_node_0_0_Pipeline_l_S_t_1_t_fu_256/hadd_16ns_16ns_16_3_no_dsp_1_U1/node_0_0_hadd_16ns_16ns_16_3_no_dsp_1_ip_u/U0/i_synth/ADDSUB_OP.ADDSUB/LOGIC_SPEED.OP/NORM/ROUND/LOGIC.RND1/CHAIN_GEN[2].C_MUX.CARRY_MUX_CARRY4_CARRY8                                                            | CLB.CARRY.CARRY8       |
    | grp_node_0_0_Pipeline_l_S_t_1_t_fu_256/hadd_16ns_16ns_16_3_no_dsp_1_U1/node_0_0_hadd_16ns_16ns_16_3_no_dsp_1_ip_u/U0/i_synth/ADDSUB_OP.ADDSUB/LOGIC_SPEED.OP/NORM/ROUND/LOGIC.RND2/CHAIN_GEN[5].Q_XOR.SUM_XOR_CARRY4_CARRY8                                                              | CLB.CARRY.CARRY8       |
    | grp_node_0_0_Pipeline_l_S_t_1_t_fu_256/hadd_16ns_16ns_16_3_no_dsp_1_U1/node_0_0_hadd_16ns_16ns_16_3_no_dsp_1_ip_u/U0/i_synth/ADDSUB_OP.ADDSUB/LOGIC_SPEED.OP/NORM/LZE/ZERO_DET_CC_1/RESULT_REG.NORMAL.exp_op[4]_i_3                                                                      | CLB.LUT.LUT6           |
    | grp_node_0_0_Pipeline_l_S_t_1_t_fu_256/hadd_16ns_16ns_16_3_no_dsp_1_U1/node_0_0_hadd_16ns_16ns_16_3_no_dsp_1_ip_u/U0/i_synth/ADDSUB_OP.ADDSUB/LOGIC_SPEED.OP/NORM/LZE/ZERO_DET_CC_1/RESULT_REG.NORMAL.exp_op[4]_i_1                                                                      | CLB.LUT.LUT6           |
    | grp_node_0_0_Pipeline_l_S_t_1_t_fu_256/hadd_16ns_16ns_16_3_no_dsp_1_U1/node_0_0_hadd_16ns_16ns_16_3_no_dsp_1_ip_u/U0/i_synth/ADDSUB_OP.ADDSUB/LOGIC_SPEED.OP/OP/RESULT_REG.NORMAL.exp_op_reg[4]                                                                                          | REGISTER.SDR.FDRE      |
    | grp_node_0_0_Pipeline_l_S_t_1_t_fu_256/hadd_16ns_16ns_16_3_no_dsp_1_U1/din1_buf1_reg[9]_replica                                                                                                                                                                                          | REGISTER.SDR.FDRE      |
    | grp_node_0_0_Pipeline_l_S_t_1_t_fu_256/hadd_16ns_16ns_16_3_no_dsp_1_U1/node_0_0_hadd_16ns_16ns_16_3_no_dsp_1_ip_u/U0/i_synth/ADDSUB_OP.ADDSUB/LOGIC_SPEED.OP/EXP/NUMB_CMP/NOT_FAST.CMP/C_CHAIN/CHAIN_GEN[4].C_MUX.CARRY_MUX_i_1__3                                                       | CLB.LUT.LUT4           |
    | grp_node_0_0_Pipeline_l_S_t_1_t_fu_256/hadd_16ns_16ns_16_3_no_dsp_1_U1/node_0_0_hadd_16ns_16ns_16_3_no_dsp_1_ip_u/U0/i_synth/ADDSUB_OP.ADDSUB/LOGIC_SPEED.OP/EXP/NUMB_CMP/NOT_FAST.CMP/C_CHAIN/CHAIN_GEN[0].C_MUX.CARRY_MUX_CARRY4_CARRY8                                                | CLB.CARRY.CARRY8       |
    | grp_node_0_0_Pipeline_l_S_t_1_t_fu_256/hadd_16ns_16ns_16_3_no_dsp_1_U1/node_0_0_hadd_16ns_16ns_16_3_no_dsp_1_ip_u/U0/i_synth/ADDSUB_OP.ADDSUB/LOGIC_SPEED.OP/EXP/NUMB_CMP/NOT_FAST.CMP/C_CHAIN/CHAIN_GEN[1].C_MUX.CARRY_MUX_i_2__3                                                       | CLB.LUT.LUT6           |
    | grp_node_0_0_Pipeline_l_S_t_1_t_fu_256/hadd_16ns_16ns_16_3_no_dsp_1_U1/node_0_0_hadd_16ns_16ns_16_3_no_dsp_1_ip_u/U0/i_synth/ADDSUB_OP.ADDSUB/LOGIC_SPEED.OP/EXP/NUMB_CMP/NOT_FAST.CMP/C_CHAIN/CHAIN_GEN[1].C_MUX.CARRY_MUX_i_1__5                                                       | CLB.LUT.LUT4           |
    | grp_node_0_0_Pipeline_l_S_t_1_t_fu_256/hadd_16ns_16ns_16_3_no_dsp_1_U1/node_0_0_hadd_16ns_16ns_16_3_no_dsp_1_ip_u/U0/i_synth/ADDSUB_OP.ADDSUB/LOGIC_SPEED.OP/ALIGN_BLK/ALIGN_SHIFT/ALIGN_Z_D/EQ_ZERO/CARRY_ZERO_DET/CHAIN_GEN[0].C_MUX.CARRY_MUX_CARRY4_CARRY8                           | CLB.CARRY.CARRY8       |
    | grp_node_0_0_Pipeline_l_S_t_1_t_fu_256/hadd_16ns_16ns_16_3_no_dsp_1_U1/node_0_0_hadd_16ns_16ns_16_3_no_dsp_1_ip_u/U0/i_synth/ADDSUB_OP.ADDSUB/LOGIC_SPEED.OP/EXP/NUMB_CMP/NOT_FAST.CMP/C_CHAIN/STRUCT_ADD1.CARRY_MUX2_i_7                                                                | CLB.LUT.LUT5           |
    | grp_node_0_0_Pipeline_l_S_t_1_t_fu_256/hadd_16ns_16ns_16_3_no_dsp_1_U1/node_0_0_hadd_16ns_16ns_16_3_no_dsp_1_ip_u/U0/i_synth/ADDSUB_OP.ADDSUB/LOGIC_SPEED.OP/EXP/NUMB_CMP/NOT_FAST.CMP/C_CHAIN/STRUCT_ADD1.CARRY_MUX2_i_2                                                                | CLB.LUT.LUT6           |
    | grp_node_0_0_Pipeline_l_S_t_1_t_fu_256/hadd_16ns_16ns_16_3_no_dsp_1_U1/node_0_0_hadd_16ns_16ns_16_3_no_dsp_1_ip_u/U0/i_synth/ADDSUB_OP.ADDSUB/LOGIC_SPEED.OP/EXP/NUMB_CMP/NOT_FAST.CMP/C_CHAIN/STRUCT_ADD1.CARRY_MUX2_i_1                                                                | CLB.LUT.LUT6           |
    | grp_node_0_0_Pipeline_l_S_t_1_t_fu_256/hadd_16ns_16ns_16_3_no_dsp_1_U1/node_0_0_hadd_16ns_16ns_16_3_no_dsp_1_ip_u/U0/i_synth/ADDSUB_OP.ADDSUB/LOGIC_SPEED.OP/ALIGN_BLK/FRAC_ADDSUB/LOGIC_ADD.FRAC_ADDSUB/STRUCT_ADD1.CARRY_MUX1_CARRY4_CARRY8                                            | CLB.CARRY.CARRY8       |
    | grp_node_0_0_Pipeline_l_S_t_1_t_fu_256/hadd_16ns_16ns_16_3_no_dsp_1_U1/node_0_0_hadd_16ns_16ns_16_3_no_dsp_1_ip_u/U0/i_synth/ADDSUB_OP.ADDSUB/LOGIC_SPEED.OP/ALIGN_BLK/FRAC_ADDSUB/LOGIC_ADD.FRAC_ADDSUB/STRUCT_ADD2.ADD1/CHAIN_GEN[0].C_MUX.CARRY_MUX_CARRY4_CARRY8                     | CLB.CARRY.CARRY8       |
    | grp_node_0_0_Pipeline_l_S_t_1_t_fu_256/hadd_16ns_16ns_16_3_no_dsp_1_U1/node_0_0_hadd_16ns_16ns_16_3_no_dsp_1_ip_u/U0/i_synth/ADDSUB_OP.ADDSUB/LOGIC_SPEED.OP/ALIGN_BLK/FRAC_ADDSUB/LOGIC_ADD.FRAC_ADDSUB/STRUCT_ADD2.ADD1/CHAIN_GEN[0].C_MUX.CARRY_MUX_i_1__2                            | CLB.LUT.LUT4           |
    | grp_node_0_0_Pipeline_l_S_t_1_t_fu_256/hadd_16ns_16ns_16_3_no_dsp_1_U1/node_0_0_hadd_16ns_16ns_16_3_no_dsp_1_ip_u/U0/i_synth/ADDSUB_OP.ADDSUB/LOGIC_SPEED.OP/NORM/LZE/ZERO_DET_CC_1/CHAIN_GEN[0].C_MUX.CARRY_MUX_CARRY4_CARRY8                                                           | CLB.CARRY.CARRY8       |
    | grp_node_0_0_Pipeline_l_S_t_1_t_fu_256/hadd_16ns_16ns_16_3_no_dsp_1_U1/node_0_0_hadd_16ns_16ns_16_3_no_dsp_1_ip_u/U0/i_synth/ADDSUB_OP.ADDSUB/LOGIC_SPEED.OP/ALIGN_BLK/FRAC_ADDSUB/LOGIC_ADD.FRAC_ADDSUB/STRUCT_ADD2.ADD1/RESULT_REG.NORMAL.exp_op[2]_i_7                                | CLB.LUT.LUT5           |
    | grp_node_0_0_Pipeline_l_S_t_1_t_fu_256/hadd_16ns_16ns_16_3_no_dsp_1_U1/node_0_0_hadd_16ns_16ns_16_3_no_dsp_1_ip_u/U0/i_synth/ADDSUB_OP.ADDSUB/LOGIC_SPEED.OP/ALIGN_BLK/FRAC_ADDSUB/LOGIC_ADD.FRAC_ADDSUB/STRUCT_ADD1.ADD1/RESULT_REG.NORMAL.exp_op[1]_i_3                                | CLB.LUT.LUT5           |
    | grp_node_0_0_Pipeline_l_S_t_1_t_fu_256/hadd_16ns_16ns_16_3_no_dsp_1_U1/node_0_0_hadd_16ns_16ns_16_3_no_dsp_1_ip_u/U0/i_synth/ADDSUB_OP.ADDSUB/LOGIC_SPEED.OP/ALIGN_BLK/FRAC_ADDSUB/LOGIC_ADD.FRAC_ADDSUB/STRUCT_ADD1.ADD1/CHAIN_GEN[0].C_MUX.CARRY_MUX_i_6__0                            | CLB.LUT.LUT5           |
    | grp_node_0_0_Pipeline_l_S_t_1_t_fu_256/hadd_16ns_16ns_16_3_no_dsp_1_U1/node_0_0_hadd_16ns_16ns_16_3_no_dsp_1_ip_u/U0/i_synth/ADDSUB_OP.ADDSUB/LOGIC_SPEED.OP/ALIGN_BLK/FRAC_ADDSUB/LOGIC_ADD.FRAC_ADDSUB/STRUCT_ADD1.ADD1/CHAIN_GEN[0].C_MUX.CARRY_MUX_i_3__0                            | CLB.LUT.LUT6           |
    | grp_node_0_0_Pipeline_l_S_t_1_t_fu_256/hadd_16ns_16ns_16_3_no_dsp_1_U1/node_0_0_hadd_16ns_16ns_16_3_no_dsp_1_ip_u/U0/i_synth/ADDSUB_OP.ADDSUB/LOGIC_SPEED.OP/ALIGN_BLK/FRAC_ADDSUB/LOGIC_ADD.FRAC_ADDSUB/STRUCT_ADD1.ADD1/CHAIN_GEN[0].C_MUX.CARRY_MUX_i_1__10                           | CLB.LUT.LUT5           |
    | grp_node_0_0_Pipeline_l_S_t_1_t_fu_256/hadd_16ns_16ns_16_3_no_dsp_1_U1/node_0_0_hadd_16ns_16ns_16_3_no_dsp_1_ip_u/U0/i_synth/ADDSUB_OP.ADDSUB/LOGIC_SPEED.OP/NORM/ROUND/RND_BIT_GEN/NORM_2.RND_CHAIN/CHAIN_GEN[0].C_MUX.CARRY_MUX_CARRY4_CARRY8                                          | CLB.CARRY.CARRY8       |
    | grp_node_0_0_Pipeline_l_S_t_1_t_fu_256/hadd_16ns_16ns_16_3_no_dsp_1_U1/node_0_0_hadd_16ns_16ns_16_3_no_dsp_1_ip_u/U0/i_synth/ADDSUB_OP.ADDSUB/LOGIC_SPEED.OP/NORM/ROUND/LOGIC.RND1/CHAIN_GEN[2].C_MUX.CARRY_MUX_CARRY4_CARRY8                                                            | CLB.CARRY.CARRY8       |
    | grp_node_0_0_Pipeline_l_S_t_1_t_fu_256/hadd_16ns_16ns_16_3_no_dsp_1_U1/node_0_0_hadd_16ns_16ns_16_3_no_dsp_1_ip_u/U0/i_synth/ADDSUB_OP.ADDSUB/LOGIC_SPEED.OP/NORM/ROUND/LOGIC.RND2/CHAIN_GEN[5].Q_XOR.SUM_XOR_CARRY4_CARRY8                                                              | CLB.CARRY.CARRY8       |
    | grp_node_0_0_Pipeline_l_S_t_1_t_fu_256/hadd_16ns_16ns_16_3_no_dsp_1_U1/node_0_0_hadd_16ns_16ns_16_3_no_dsp_1_ip_u/U0/i_synth/ADDSUB_OP.ADDSUB/LOGIC_SPEED.OP/NORM/LZE/ZERO_DET_CC_1/RESULT_REG.NORMAL.exp_op[4]_i_3                                                                      | CLB.LUT.LUT6           |
    | grp_node_0_0_Pipeline_l_S_t_1_t_fu_256/hadd_16ns_16ns_16_3_no_dsp_1_U1/node_0_0_hadd_16ns_16ns_16_3_no_dsp_1_ip_u/U0/i_synth/ADDSUB_OP.ADDSUB/LOGIC_SPEED.OP/NORM/LZE/ZERO_DET_CC_1/RESULT_REG.NORMAL.exp_op[3]_i_1                                                                      | CLB.LUT.LUT6           |
    | grp_node_0_0_Pipeline_l_S_t_1_t_fu_256/hadd_16ns_16ns_16_3_no_dsp_1_U1/node_0_0_hadd_16ns_16ns_16_3_no_dsp_1_ip_u/U0/i_synth/ADDSUB_OP.ADDSUB/LOGIC_SPEED.OP/OP/RESULT_REG.NORMAL.exp_op_reg[3]                                                                                          | REGISTER.SDR.FDRE      |
    | grp_node_0_0_Pipeline_l_S_t_1_t_fu_256/hadd_16ns_16ns_16_3_no_dsp_1_U1/din0_buf1_reg[8]                                                                                                                                                                                                  | REGISTER.SDR.FDRE      |
    | grp_node_0_0_Pipeline_l_S_t_1_t_fu_256/hsub_16ns_16ns_16_3_no_dsp_1_U2/node_0_0_hsub_16ns_16ns_16_3_no_dsp_1_ip_u/U0/i_synth/ADDSUB_OP.ADDSUB/LOGIC_SPEED.OP/EXP/NUMB_CMP/NOT_FAST.CMP/C_CHAIN/CHAIN_GEN[4].C_MUX.CARRY_MUX_i_1__3                                                       | CLB.LUT.LUT4           |
    | grp_node_0_0_Pipeline_l_S_t_1_t_fu_256/hsub_16ns_16ns_16_3_no_dsp_1_U2/node_0_0_hsub_16ns_16ns_16_3_no_dsp_1_ip_u/U0/i_synth/ADDSUB_OP.ADDSUB/LOGIC_SPEED.OP/EXP/NUMB_CMP/NOT_FAST.CMP/C_CHAIN/CHAIN_GEN[0].C_MUX.CARRY_MUX_CARRY4_CARRY8                                                | CLB.CARRY.CARRY8       |
    | grp_node_0_0_Pipeline_l_S_t_1_t_fu_256/hsub_16ns_16ns_16_3_no_dsp_1_U2/node_0_0_hsub_16ns_16ns_16_3_no_dsp_1_ip_u/U0/i_synth/ADDSUB_OP.ADDSUB/LOGIC_SPEED.OP/EXP/NUMB_CMP/NOT_FAST.CMP/C_CHAIN/CHAIN_GEN[1].C_MUX.CARRY_MUX_i_3__1                                                       | CLB.LUT.LUT6           |
    | grp_node_0_0_Pipeline_l_S_t_1_t_fu_256/hsub_16ns_16ns_16_3_no_dsp_1_U2/node_0_0_hsub_16ns_16ns_16_3_no_dsp_1_ip_u/U0/i_synth/ADDSUB_OP.ADDSUB/LOGIC_SPEED.OP/EXP/NUMB_CMP/NOT_FAST.CMP/C_CHAIN/CHAIN_GEN[1].C_MUX.CARRY_MUX_i_1__1                                                       | CLB.LUT.LUT4           |
    | grp_node_0_0_Pipeline_l_S_t_1_t_fu_256/hsub_16ns_16ns_16_3_no_dsp_1_U2/node_0_0_hsub_16ns_16ns_16_3_no_dsp_1_ip_u/U0/i_synth/ADDSUB_OP.ADDSUB/LOGIC_SPEED.OP/ALIGN_BLK/ALIGN_SHIFT/ALIGN_Z_D/EQ_ZERO/CARRY_ZERO_DET/CHAIN_GEN[0].C_MUX.CARRY_MUX_CARRY4_CARRY8                           | CLB.CARRY.CARRY8       |
    | grp_node_0_0_Pipeline_l_S_t_1_t_fu_256/hsub_16ns_16ns_16_3_no_dsp_1_U2/node_0_0_hsub_16ns_16ns_16_3_no_dsp_1_ip_u/U0/i_synth/ADDSUB_OP.ADDSUB/LOGIC_SPEED.OP/EXP/NUMB_CMP/NOT_FAST.CMP/C_CHAIN/STRUCT_ADD1.CARRY_MUX2_i_2                                                                | CLB.LUT.LUT5           |
    | grp_node_0_0_Pipeline_l_S_t_1_t_fu_256/hsub_16ns_16ns_16_3_no_dsp_1_U2/node_0_0_hsub_16ns_16ns_16_3_no_dsp_1_ip_u/U0/i_synth/ADDSUB_OP.ADDSUB/LOGIC_SPEED.OP/EXP/NUMB_CMP/NOT_FAST.CMP/C_CHAIN/STRUCT_ADD1.CARRY_MUX2_i_1                                                                | CLB.LUT.LUT6           |
    | grp_node_0_0_Pipeline_l_S_t_1_t_fu_256/hsub_16ns_16ns_16_3_no_dsp_1_U2/node_0_0_hsub_16ns_16ns_16_3_no_dsp_1_ip_u/U0/i_synth/ADDSUB_OP.ADDSUB/LOGIC_SPEED.OP/ALIGN_BLK/FRAC_ADDSUB/LOGIC_ADD.FRAC_ADDSUB/STRUCT_ADD1.CARRY_MUX1_CARRY4_CARRY8                                            | CLB.CARRY.CARRY8       |
    | grp_node_0_0_Pipeline_l_S_t_1_t_fu_256/hsub_16ns_16ns_16_3_no_dsp_1_U2/node_0_0_hsub_16ns_16ns_16_3_no_dsp_1_ip_u/U0/i_synth/ADDSUB_OP.ADDSUB/LOGIC_SPEED.OP/ALIGN_BLK/FRAC_ADDSUB/LOGIC_ADD.FRAC_ADDSUB/STRUCT_ADD2.ADD1/CHAIN_GEN[0].C_MUX.CARRY_MUX_CARRY4_CARRY8                     | CLB.CARRY.CARRY8       |
    | grp_node_0_0_Pipeline_l_S_t_1_t_fu_256/hsub_16ns_16ns_16_3_no_dsp_1_U2/node_0_0_hsub_16ns_16ns_16_3_no_dsp_1_ip_u/U0/i_synth/ADDSUB_OP.ADDSUB/LOGIC_SPEED.OP/ALIGN_BLK/FRAC_ADDSUB/LOGIC_ADD.FRAC_ADDSUB/STRUCT_ADD2.ADD1/CHAIN_GEN[1].C_MUX.CARRY_MUX_i_1__4                            | CLB.LUT.LUT4           |
    | grp_node_0_0_Pipeline_l_S_t_1_t_fu_256/hsub_16ns_16ns_16_3_no_dsp_1_U2/node_0_0_hsub_16ns_16ns_16_3_no_dsp_1_ip_u/U0/i_synth/ADDSUB_OP.ADDSUB/LOGIC_SPEED.OP/NORM/LZE/ZERO_DET_CC_1/CHAIN_GEN[0].C_MUX.CARRY_MUX_CARRY4_CARRY8                                                           | CLB.CARRY.CARRY8       |
    | grp_node_0_0_Pipeline_l_S_t_1_t_fu_256/hsub_16ns_16ns_16_3_no_dsp_1_U2/node_0_0_hsub_16ns_16ns_16_3_no_dsp_1_ip_u/U0/i_synth/ADDSUB_OP.ADDSUB/LOGIC_SPEED.OP/ALIGN_BLK/FRAC_ADDSUB/LOGIC_ADD.FRAC_ADDSUB/STRUCT_ADD2.ADD1/CHAIN_GEN[1].C_MUX.CARRY_MUX_i_5__1                            | CLB.LUT.LUT6           |
    | grp_node_0_0_Pipeline_l_S_t_1_t_fu_256/hsub_16ns_16ns_16_3_no_dsp_1_U2/node_0_0_hsub_16ns_16ns_16_3_no_dsp_1_ip_u/U0/i_synth/ADDSUB_OP.ADDSUB/LOGIC_SPEED.OP/ALIGN_BLK/FRAC_ADDSUB/LOGIC_ADD.FRAC_ADDSUB/STRUCT_ADD2.ADD1/CHAIN_GEN[1].C_MUX.CARRY_MUX_i_2__3                            | CLB.LUT.LUT6           |
    | grp_node_0_0_Pipeline_l_S_t_1_t_fu_256/hsub_16ns_16ns_16_3_no_dsp_1_U2/node_0_0_hsub_16ns_16ns_16_3_no_dsp_1_ip_u/U0/i_synth/ADDSUB_OP.ADDSUB/LOGIC_SPEED.OP/ALIGN_BLK/FRAC_ADDSUB/LOGIC_ADD.FRAC_ADDSUB/STRUCT_ADD2.ADD1/CHAIN_GEN[0].C_MUX.CARRY_MUX_i_6__0                            | CLB.LUT.LUT5           |
    | grp_node_0_0_Pipeline_l_S_t_1_t_fu_256/hsub_16ns_16ns_16_3_no_dsp_1_U2/node_0_0_hsub_16ns_16ns_16_3_no_dsp_1_ip_u/U0/i_synth/ADDSUB_OP.ADDSUB/LOGIC_SPEED.OP/ALIGN_BLK/FRAC_ADDSUB/LOGIC_ADD.FRAC_ADDSUB/STRUCT_ADD1.ADD1/CHAIN_GEN[0].C_MUX.CARRY_MUX_i_5__0                            | CLB.LUT.LUT6           |
    | grp_node_0_0_Pipeline_l_S_t_1_t_fu_256/hsub_16ns_16ns_16_3_no_dsp_1_U2/node_0_0_hsub_16ns_16ns_16_3_no_dsp_1_ip_u/U0/i_synth/ADDSUB_OP.ADDSUB/LOGIC_SPEED.OP/ALIGN_BLK/FRAC_ADDSUB/LOGIC_ADD.FRAC_ADDSUB/STRUCT_ADD1.ADD1/CHAIN_GEN[0].C_MUX.CARRY_MUX_i_1__9                            | CLB.LUT.LUT6           |
    | grp_node_0_0_Pipeline_l_S_t_1_t_fu_256/hsub_16ns_16ns_16_3_no_dsp_1_U2/node_0_0_hsub_16ns_16ns_16_3_no_dsp_1_ip_u/U0/i_synth/ADDSUB_OP.ADDSUB/LOGIC_SPEED.OP/NORM/ROUND/RND_BIT_GEN/NORM_2.RND_CHAIN/CHAIN_GEN[0].C_MUX.CARRY_MUX_CARRY4_CARRY8                                          | CLB.CARRY.CARRY8       |
    | grp_node_0_0_Pipeline_l_S_t_1_t_fu_256/hsub_16ns_16ns_16_3_no_dsp_1_U2/node_0_0_hsub_16ns_16ns_16_3_no_dsp_1_ip_u/U0/i_synth/ADDSUB_OP.ADDSUB/LOGIC_SPEED.OP/NORM/ROUND/LOGIC.RND1/CHAIN_GEN[2].C_MUX.CARRY_MUX_CARRY4_CARRY8                                                            | CLB.CARRY.CARRY8       |
    | grp_node_0_0_Pipeline_l_S_t_1_t_fu_256/hsub_16ns_16ns_16_3_no_dsp_1_U2/node_0_0_hsub_16ns_16ns_16_3_no_dsp_1_ip_u/U0/i_synth/ADDSUB_OP.ADDSUB/LOGIC_SPEED.OP/NORM/ROUND/LOGIC.RND2/CHAIN_GEN[5].Q_XOR.SUM_XOR_CARRY4_CARRY8                                                              | CLB.CARRY.CARRY8       |
    | grp_node_0_0_Pipeline_l_S_t_1_t_fu_256/hsub_16ns_16ns_16_3_no_dsp_1_U2/node_0_0_hsub_16ns_16ns_16_3_no_dsp_1_ip_u/U0/i_synth/ADDSUB_OP.ADDSUB/LOGIC_SPEED.OP/ALIGN_BLK/FRAC_ADDSUB/LOGIC_ADD.FRAC_ADDSUB/STRUCT_ADD1.ADD1/RESULT_REG.NORMAL.exp_op[0]_i_2                                | CLB.LUT.LUT6           |
    | grp_node_0_0_Pipeline_l_S_t_1_t_fu_256/hsub_16ns_16ns_16_3_no_dsp_1_U2/node_0_0_hsub_16ns_16ns_16_3_no_dsp_1_ip_u/U0/i_synth/ADDSUB_OP.ADDSUB/LOGIC_SPEED.OP/EXP/EXP_OFF.STRUCT_ADD/RESULT_REG.NORMAL.exp_op[0]_i_1                                                                      | CLB.LUT.LUT6           |
    | grp_node_0_0_Pipeline_l_S_t_1_t_fu_256/hsub_16ns_16ns_16_3_no_dsp_1_U2/node_0_0_hsub_16ns_16ns_16_3_no_dsp_1_ip_u/U0/i_synth/ADDSUB_OP.ADDSUB/LOGIC_SPEED.OP/OP/RESULT_REG.NORMAL.exp_op_reg[0]                                                                                          | REGISTER.SDR.FDRE      |
    | grp_node_0_0_Pipeline_l_S_t_1_t_fu_256/hadd_16ns_16ns_16_3_no_dsp_1_U1/din1_buf1_reg[9]_replica                                                                                                                                                                                          | REGISTER.SDR.FDRE      |
    | grp_node_0_0_Pipeline_l_S_t_1_t_fu_256/hadd_16ns_16ns_16_3_no_dsp_1_U1/node_0_0_hadd_16ns_16ns_16_3_no_dsp_1_ip_u/U0/i_synth/ADDSUB_OP.ADDSUB/LOGIC_SPEED.OP/EXP/NUMB_CMP/NOT_FAST.CMP/C_CHAIN/CHAIN_GEN[4].C_MUX.CARRY_MUX_i_1__3                                                       | CLB.LUT.LUT4           |
    | grp_node_0_0_Pipeline_l_S_t_1_t_fu_256/hadd_16ns_16ns_16_3_no_dsp_1_U1/node_0_0_hadd_16ns_16ns_16_3_no_dsp_1_ip_u/U0/i_synth/ADDSUB_OP.ADDSUB/LOGIC_SPEED.OP/EXP/NUMB_CMP/NOT_FAST.CMP/C_CHAIN/CHAIN_GEN[0].C_MUX.CARRY_MUX_CARRY4_CARRY8                                                | CLB.CARRY.CARRY8       |
    | grp_node_0_0_Pipeline_l_S_t_1_t_fu_256/hadd_16ns_16ns_16_3_no_dsp_1_U1/node_0_0_hadd_16ns_16ns_16_3_no_dsp_1_ip_u/U0/i_synth/ADDSUB_OP.ADDSUB/LOGIC_SPEED.OP/EXP/NUMB_CMP/NOT_FAST.CMP/C_CHAIN/CHAIN_GEN[1].C_MUX.CARRY_MUX_i_2__3                                                       | CLB.LUT.LUT6           |
    | grp_node_0_0_Pipeline_l_S_t_1_t_fu_256/hadd_16ns_16ns_16_3_no_dsp_1_U1/node_0_0_hadd_16ns_16ns_16_3_no_dsp_1_ip_u/U0/i_synth/ADDSUB_OP.ADDSUB/LOGIC_SPEED.OP/EXP/NUMB_CMP/NOT_FAST.CMP/C_CHAIN/CHAIN_GEN[1].C_MUX.CARRY_MUX_i_1__5                                                       | CLB.LUT.LUT4           |
    | grp_node_0_0_Pipeline_l_S_t_1_t_fu_256/hadd_16ns_16ns_16_3_no_dsp_1_U1/node_0_0_hadd_16ns_16ns_16_3_no_dsp_1_ip_u/U0/i_synth/ADDSUB_OP.ADDSUB/LOGIC_SPEED.OP/ALIGN_BLK/ALIGN_SHIFT/ALIGN_Z_D/EQ_ZERO/CARRY_ZERO_DET/CHAIN_GEN[0].C_MUX.CARRY_MUX_CARRY4_CARRY8                           | CLB.CARRY.CARRY8       |
    | grp_node_0_0_Pipeline_l_S_t_1_t_fu_256/hadd_16ns_16ns_16_3_no_dsp_1_U1/node_0_0_hadd_16ns_16ns_16_3_no_dsp_1_ip_u/U0/i_synth/ADDSUB_OP.ADDSUB/LOGIC_SPEED.OP/EXP/NUMB_CMP/NOT_FAST.CMP/C_CHAIN/STRUCT_ADD1.CARRY_MUX2_i_7                                                                | CLB.LUT.LUT5           |
    | grp_node_0_0_Pipeline_l_S_t_1_t_fu_256/hadd_16ns_16ns_16_3_no_dsp_1_U1/node_0_0_hadd_16ns_16ns_16_3_no_dsp_1_ip_u/U0/i_synth/ADDSUB_OP.ADDSUB/LOGIC_SPEED.OP/EXP/NUMB_CMP/NOT_FAST.CMP/C_CHAIN/STRUCT_ADD1.CARRY_MUX2_i_2                                                                | CLB.LUT.LUT6           |
    | grp_node_0_0_Pipeline_l_S_t_1_t_fu_256/hadd_16ns_16ns_16_3_no_dsp_1_U1/node_0_0_hadd_16ns_16ns_16_3_no_dsp_1_ip_u/U0/i_synth/ADDSUB_OP.ADDSUB/LOGIC_SPEED.OP/EXP/NUMB_CMP/NOT_FAST.CMP/C_CHAIN/STRUCT_ADD1.CARRY_MUX2_i_1                                                                | CLB.LUT.LUT6           |
    | grp_node_0_0_Pipeline_l_S_t_1_t_fu_256/hadd_16ns_16ns_16_3_no_dsp_1_U1/node_0_0_hadd_16ns_16ns_16_3_no_dsp_1_ip_u/U0/i_synth/ADDSUB_OP.ADDSUB/LOGIC_SPEED.OP/ALIGN_BLK/FRAC_ADDSUB/LOGIC_ADD.FRAC_ADDSUB/STRUCT_ADD1.CARRY_MUX1_CARRY4_CARRY8                                            | CLB.CARRY.CARRY8       |
    | grp_node_0_0_Pipeline_l_S_t_1_t_fu_256/hadd_16ns_16ns_16_3_no_dsp_1_U1/node_0_0_hadd_16ns_16ns_16_3_no_dsp_1_ip_u/U0/i_synth/ADDSUB_OP.ADDSUB/LOGIC_SPEED.OP/ALIGN_BLK/FRAC_ADDSUB/LOGIC_ADD.FRAC_ADDSUB/STRUCT_ADD2.ADD1/CHAIN_GEN[0].C_MUX.CARRY_MUX_CARRY4_CARRY8                     | CLB.CARRY.CARRY8       |
    | grp_node_0_0_Pipeline_l_S_t_1_t_fu_256/hadd_16ns_16ns_16_3_no_dsp_1_U1/node_0_0_hadd_16ns_16ns_16_3_no_dsp_1_ip_u/U0/i_synth/ADDSUB_OP.ADDSUB/LOGIC_SPEED.OP/ALIGN_BLK/FRAC_ADDSUB/LOGIC_ADD.FRAC_ADDSUB/STRUCT_ADD2.ADD1/CHAIN_GEN[0].C_MUX.CARRY_MUX_i_1__2                            | CLB.LUT.LUT4           |
    | grp_node_0_0_Pipeline_l_S_t_1_t_fu_256/hadd_16ns_16ns_16_3_no_dsp_1_U1/node_0_0_hadd_16ns_16ns_16_3_no_dsp_1_ip_u/U0/i_synth/ADDSUB_OP.ADDSUB/LOGIC_SPEED.OP/NORM/LZE/ZERO_DET_CC_1/CHAIN_GEN[0].C_MUX.CARRY_MUX_CARRY4_CARRY8                                                           | CLB.CARRY.CARRY8       |
    | grp_node_0_0_Pipeline_l_S_t_1_t_fu_256/hadd_16ns_16ns_16_3_no_dsp_1_U1/node_0_0_hadd_16ns_16ns_16_3_no_dsp_1_ip_u/U0/i_synth/ADDSUB_OP.ADDSUB/LOGIC_SPEED.OP/ALIGN_BLK/FRAC_ADDSUB/LOGIC_ADD.FRAC_ADDSUB/STRUCT_ADD2.ADD1/RESULT_REG.NORMAL.exp_op[2]_i_7                                | CLB.LUT.LUT5           |
    | grp_node_0_0_Pipeline_l_S_t_1_t_fu_256/hadd_16ns_16ns_16_3_no_dsp_1_U1/node_0_0_hadd_16ns_16ns_16_3_no_dsp_1_ip_u/U0/i_synth/ADDSUB_OP.ADDSUB/LOGIC_SPEED.OP/ALIGN_BLK/FRAC_ADDSUB/LOGIC_ADD.FRAC_ADDSUB/STRUCT_ADD1.ADD1/RESULT_REG.NORMAL.exp_op[1]_i_3                                | CLB.LUT.LUT5           |
    | grp_node_0_0_Pipeline_l_S_t_1_t_fu_256/hadd_16ns_16ns_16_3_no_dsp_1_U1/node_0_0_hadd_16ns_16ns_16_3_no_dsp_1_ip_u/U0/i_synth/ADDSUB_OP.ADDSUB/LOGIC_SPEED.OP/ALIGN_BLK/FRAC_ADDSUB/LOGIC_ADD.FRAC_ADDSUB/STRUCT_ADD1.ADD1/CHAIN_GEN[0].C_MUX.CARRY_MUX_i_6__0                            | CLB.LUT.LUT5           |
    | grp_node_0_0_Pipeline_l_S_t_1_t_fu_256/hadd_16ns_16ns_16_3_no_dsp_1_U1/node_0_0_hadd_16ns_16ns_16_3_no_dsp_1_ip_u/U0/i_synth/ADDSUB_OP.ADDSUB/LOGIC_SPEED.OP/ALIGN_BLK/FRAC_ADDSUB/LOGIC_ADD.FRAC_ADDSUB/STRUCT_ADD1.ADD1/CHAIN_GEN[0].C_MUX.CARRY_MUX_i_3__0                            | CLB.LUT.LUT6           |
    | grp_node_0_0_Pipeline_l_S_t_1_t_fu_256/hadd_16ns_16ns_16_3_no_dsp_1_U1/node_0_0_hadd_16ns_16ns_16_3_no_dsp_1_ip_u/U0/i_synth/ADDSUB_OP.ADDSUB/LOGIC_SPEED.OP/ALIGN_BLK/FRAC_ADDSUB/LOGIC_ADD.FRAC_ADDSUB/STRUCT_ADD1.ADD1/CHAIN_GEN[0].C_MUX.CARRY_MUX_i_1__10                           | CLB.LUT.LUT5           |
    | grp_node_0_0_Pipeline_l_S_t_1_t_fu_256/hadd_16ns_16ns_16_3_no_dsp_1_U1/node_0_0_hadd_16ns_16ns_16_3_no_dsp_1_ip_u/U0/i_synth/ADDSUB_OP.ADDSUB/LOGIC_SPEED.OP/NORM/ROUND/RND_BIT_GEN/NORM_2.RND_CHAIN/CHAIN_GEN[0].C_MUX.CARRY_MUX_CARRY4_CARRY8                                          | CLB.CARRY.CARRY8       |
    | grp_node_0_0_Pipeline_l_S_t_1_t_fu_256/hadd_16ns_16ns_16_3_no_dsp_1_U1/node_0_0_hadd_16ns_16ns_16_3_no_dsp_1_ip_u/U0/i_synth/ADDSUB_OP.ADDSUB/LOGIC_SPEED.OP/NORM/ROUND/LOGIC.RND1/CHAIN_GEN[2].C_MUX.CARRY_MUX_CARRY4_CARRY8                                                            | CLB.CARRY.CARRY8       |
    | grp_node_0_0_Pipeline_l_S_t_1_t_fu_256/hadd_16ns_16ns_16_3_no_dsp_1_U1/node_0_0_hadd_16ns_16ns_16_3_no_dsp_1_ip_u/U0/i_synth/ADDSUB_OP.ADDSUB/LOGIC_SPEED.OP/EXP/COND_DET_A/MANT_CARRY.MANT_ALL_ZERO_DET/CARRY_ZERO_DET/RESULT_REG.NORMAL.mant_op[9]_i_1                                 | CLB.LUT.LUT6           |
    | grp_node_0_0_Pipeline_l_S_t_1_t_fu_256/hadd_16ns_16ns_16_3_no_dsp_1_U1/node_0_0_hadd_16ns_16ns_16_3_no_dsp_1_ip_u/U0/i_synth/ADDSUB_OP.ADDSUB/LOGIC_SPEED.OP/OP/RESULT_REG.NORMAL.mant_op_reg[9]                                                                                         | REGISTER.SDR.FDRE      |
    | grp_node_0_0_Pipeline_l_S_t_1_t_fu_256/hadd_16ns_16ns_16_3_no_dsp_1_U1/din0_buf1_reg[8]                                                                                                                                                                                                  | REGISTER.SDR.FDRE      |
    | grp_node_0_0_Pipeline_l_S_t_1_t_fu_256/hsub_16ns_16ns_16_3_no_dsp_1_U2/node_0_0_hsub_16ns_16ns_16_3_no_dsp_1_ip_u/U0/i_synth/ADDSUB_OP.ADDSUB/LOGIC_SPEED.OP/EXP/NUMB_CMP/NOT_FAST.CMP/C_CHAIN/CHAIN_GEN[4].C_MUX.CARRY_MUX_i_1__3                                                       | CLB.LUT.LUT4           |
    | grp_node_0_0_Pipeline_l_S_t_1_t_fu_256/hsub_16ns_16ns_16_3_no_dsp_1_U2/node_0_0_hsub_16ns_16ns_16_3_no_dsp_1_ip_u/U0/i_synth/ADDSUB_OP.ADDSUB/LOGIC_SPEED.OP/EXP/NUMB_CMP/NOT_FAST.CMP/C_CHAIN/CHAIN_GEN[0].C_MUX.CARRY_MUX_CARRY4_CARRY8                                                | CLB.CARRY.CARRY8       |
    | grp_node_0_0_Pipeline_l_S_t_1_t_fu_256/hsub_16ns_16ns_16_3_no_dsp_1_U2/node_0_0_hsub_16ns_16ns_16_3_no_dsp_1_ip_u/U0/i_synth/ADDSUB_OP.ADDSUB/LOGIC_SPEED.OP/EXP/NUMB_CMP/NOT_FAST.CMP/C_CHAIN/CHAIN_GEN[1].C_MUX.CARRY_MUX_i_3__1                                                       | CLB.LUT.LUT6           |
    | grp_node_0_0_Pipeline_l_S_t_1_t_fu_256/hsub_16ns_16ns_16_3_no_dsp_1_U2/node_0_0_hsub_16ns_16ns_16_3_no_dsp_1_ip_u/U0/i_synth/ADDSUB_OP.ADDSUB/LOGIC_SPEED.OP/EXP/NUMB_CMP/NOT_FAST.CMP/C_CHAIN/CHAIN_GEN[1].C_MUX.CARRY_MUX_i_1__1                                                       | CLB.LUT.LUT4           |
    | grp_node_0_0_Pipeline_l_S_t_1_t_fu_256/hsub_16ns_16ns_16_3_no_dsp_1_U2/node_0_0_hsub_16ns_16ns_16_3_no_dsp_1_ip_u/U0/i_synth/ADDSUB_OP.ADDSUB/LOGIC_SPEED.OP/ALIGN_BLK/ALIGN_SHIFT/ALIGN_Z_D/EQ_ZERO/CARRY_ZERO_DET/CHAIN_GEN[0].C_MUX.CARRY_MUX_CARRY4_CARRY8                           | CLB.CARRY.CARRY8       |
    | grp_node_0_0_Pipeline_l_S_t_1_t_fu_256/hsub_16ns_16ns_16_3_no_dsp_1_U2/node_0_0_hsub_16ns_16ns_16_3_no_dsp_1_ip_u/U0/i_synth/ADDSUB_OP.ADDSUB/LOGIC_SPEED.OP/EXP/NUMB_CMP/NOT_FAST.CMP/C_CHAIN/STRUCT_ADD1.CARRY_MUX2_i_2                                                                | CLB.LUT.LUT5           |
    | grp_node_0_0_Pipeline_l_S_t_1_t_fu_256/hsub_16ns_16ns_16_3_no_dsp_1_U2/node_0_0_hsub_16ns_16ns_16_3_no_dsp_1_ip_u/U0/i_synth/ADDSUB_OP.ADDSUB/LOGIC_SPEED.OP/EXP/NUMB_CMP/NOT_FAST.CMP/C_CHAIN/STRUCT_ADD1.CARRY_MUX2_i_1                                                                | CLB.LUT.LUT6           |
    | grp_node_0_0_Pipeline_l_S_t_1_t_fu_256/hsub_16ns_16ns_16_3_no_dsp_1_U2/node_0_0_hsub_16ns_16ns_16_3_no_dsp_1_ip_u/U0/i_synth/ADDSUB_OP.ADDSUB/LOGIC_SPEED.OP/ALIGN_BLK/FRAC_ADDSUB/LOGIC_ADD.FRAC_ADDSUB/STRUCT_ADD1.CARRY_MUX1_CARRY4_CARRY8                                            | CLB.CARRY.CARRY8       |
    | grp_node_0_0_Pipeline_l_S_t_1_t_fu_256/hsub_16ns_16ns_16_3_no_dsp_1_U2/node_0_0_hsub_16ns_16ns_16_3_no_dsp_1_ip_u/U0/i_synth/ADDSUB_OP.ADDSUB/LOGIC_SPEED.OP/ALIGN_BLK/FRAC_ADDSUB/LOGIC_ADD.FRAC_ADDSUB/STRUCT_ADD2.ADD1/CHAIN_GEN[0].C_MUX.CARRY_MUX_CARRY4_CARRY8                     | CLB.CARRY.CARRY8       |
    | grp_node_0_0_Pipeline_l_S_t_1_t_fu_256/hsub_16ns_16ns_16_3_no_dsp_1_U2/node_0_0_hsub_16ns_16ns_16_3_no_dsp_1_ip_u/U0/i_synth/ADDSUB_OP.ADDSUB/LOGIC_SPEED.OP/ALIGN_BLK/FRAC_ADDSUB/LOGIC_ADD.FRAC_ADDSUB/STRUCT_ADD2.ADD1/CHAIN_GEN[1].C_MUX.CARRY_MUX_i_1__4                            | CLB.LUT.LUT4           |
    | grp_node_0_0_Pipeline_l_S_t_1_t_fu_256/hsub_16ns_16ns_16_3_no_dsp_1_U2/node_0_0_hsub_16ns_16ns_16_3_no_dsp_1_ip_u/U0/i_synth/ADDSUB_OP.ADDSUB/LOGIC_SPEED.OP/NORM/LZE/ZERO_DET_CC_1/CHAIN_GEN[0].C_MUX.CARRY_MUX_CARRY4_CARRY8                                                           | CLB.CARRY.CARRY8       |
    | grp_node_0_0_Pipeline_l_S_t_1_t_fu_256/hsub_16ns_16ns_16_3_no_dsp_1_U2/node_0_0_hsub_16ns_16ns_16_3_no_dsp_1_ip_u/U0/i_synth/ADDSUB_OP.ADDSUB/LOGIC_SPEED.OP/ALIGN_BLK/FRAC_ADDSUB/LOGIC_ADD.FRAC_ADDSUB/STRUCT_ADD2.ADD1/CHAIN_GEN[1].C_MUX.CARRY_MUX_i_5__1                            | CLB.LUT.LUT6           |
    | grp_node_0_0_Pipeline_l_S_t_1_t_fu_256/hsub_16ns_16ns_16_3_no_dsp_1_U2/node_0_0_hsub_16ns_16ns_16_3_no_dsp_1_ip_u/U0/i_synth/ADDSUB_OP.ADDSUB/LOGIC_SPEED.OP/ALIGN_BLK/FRAC_ADDSUB/LOGIC_ADD.FRAC_ADDSUB/STRUCT_ADD2.ADD1/CHAIN_GEN[1].C_MUX.CARRY_MUX_i_2__3                            | CLB.LUT.LUT6           |
    | grp_node_0_0_Pipeline_l_S_t_1_t_fu_256/hsub_16ns_16ns_16_3_no_dsp_1_U2/node_0_0_hsub_16ns_16ns_16_3_no_dsp_1_ip_u/U0/i_synth/ADDSUB_OP.ADDSUB/LOGIC_SPEED.OP/ALIGN_BLK/FRAC_ADDSUB/LOGIC_ADD.FRAC_ADDSUB/STRUCT_ADD2.ADD1/CHAIN_GEN[0].C_MUX.CARRY_MUX_i_6__0                            | CLB.LUT.LUT5           |
    | grp_node_0_0_Pipeline_l_S_t_1_t_fu_256/hsub_16ns_16ns_16_3_no_dsp_1_U2/node_0_0_hsub_16ns_16ns_16_3_no_dsp_1_ip_u/U0/i_synth/ADDSUB_OP.ADDSUB/LOGIC_SPEED.OP/ALIGN_BLK/FRAC_ADDSUB/LOGIC_ADD.FRAC_ADDSUB/STRUCT_ADD1.ADD1/CHAIN_GEN[0].C_MUX.CARRY_MUX_i_5__0                            | CLB.LUT.LUT6           |
    | grp_node_0_0_Pipeline_l_S_t_1_t_fu_256/hsub_16ns_16ns_16_3_no_dsp_1_U2/node_0_0_hsub_16ns_16ns_16_3_no_dsp_1_ip_u/U0/i_synth/ADDSUB_OP.ADDSUB/LOGIC_SPEED.OP/ALIGN_BLK/FRAC_ADDSUB/LOGIC_ADD.FRAC_ADDSUB/STRUCT_ADD1.ADD1/CHAIN_GEN[0].C_MUX.CARRY_MUX_i_1__9                            | CLB.LUT.LUT6           |
    | grp_node_0_0_Pipeline_l_S_t_1_t_fu_256/hsub_16ns_16ns_16_3_no_dsp_1_U2/node_0_0_hsub_16ns_16ns_16_3_no_dsp_1_ip_u/U0/i_synth/ADDSUB_OP.ADDSUB/LOGIC_SPEED.OP/NORM/ROUND/RND_BIT_GEN/NORM_2.RND_CHAIN/CHAIN_GEN[0].C_MUX.CARRY_MUX_CARRY4_CARRY8                                          | CLB.CARRY.CARRY8       |
    | grp_node_0_0_Pipeline_l_S_t_1_t_fu_256/hsub_16ns_16ns_16_3_no_dsp_1_U2/node_0_0_hsub_16ns_16ns_16_3_no_dsp_1_ip_u/U0/i_synth/ADDSUB_OP.ADDSUB/LOGIC_SPEED.OP/NORM/ROUND/LOGIC.RND1/CHAIN_GEN[2].C_MUX.CARRY_MUX_CARRY4_CARRY8                                                            | CLB.CARRY.CARRY8       |
    | grp_node_0_0_Pipeline_l_S_t_1_t_fu_256/hsub_16ns_16ns_16_3_no_dsp_1_U2/node_0_0_hsub_16ns_16ns_16_3_no_dsp_1_ip_u/U0/i_synth/ADDSUB_OP.ADDSUB/LOGIC_SPEED.OP/NORM/ROUND/LOGIC.RND2/CHAIN_GEN[5].Q_XOR.SUM_XOR_CARRY4_CARRY8                                                              | CLB.CARRY.CARRY8       |
    | grp_node_0_0_Pipeline_l_S_t_1_t_fu_256/hsub_16ns_16ns_16_3_no_dsp_1_U2/node_0_0_hsub_16ns_16ns_16_3_no_dsp_1_ip_u/U0/i_synth/ADDSUB_OP.ADDSUB/LOGIC_SPEED.OP/EXP/EXP_OFF.STRUCT_ADD/RESULT_REG.NORMAL.exp_op[1]_i_2                                                                      | CLB.LUT.LUT5           |
    | grp_node_0_0_Pipeline_l_S_t_1_t_fu_256/hsub_16ns_16ns_16_3_no_dsp_1_U2/node_0_0_hsub_16ns_16ns_16_3_no_dsp_1_ip_u/U0/i_synth/ADDSUB_OP.ADDSUB/LOGIC_SPEED.OP/EXP/EXP_OFF.STRUCT_ADD/RESULT_REG.NORMAL.exp_op[1]_i_1                                                                      | CLB.LUT.LUT6           |
    | grp_node_0_0_Pipeline_l_S_t_1_t_fu_256/hsub_16ns_16ns_16_3_no_dsp_1_U2/node_0_0_hsub_16ns_16ns_16_3_no_dsp_1_ip_u/U0/i_synth/ADDSUB_OP.ADDSUB/LOGIC_SPEED.OP/OP/RESULT_REG.NORMAL.exp_op_reg[1]                                                                                          | REGISTER.SDR.FDRE      |
    +------------------------------------------------------------------------------------------------------------------------------------------------------------------------------------------------------------------------------------------------------------------------------------------+------------------------+

    +------------------------------------------------------------------------------------------------------------------------------------------------------------------------------------------------------------------------------------------------------------------------------------------+------------------------+
    | Path2 Cells                                                                                                                                                                                                                                                                              | Primitive Type         |
    +------------------------------------------------------------------------------------------------------------------------------------------------------------------------------------------------------------------------------------------------------------------------------------------+------------------------+
    | grp_node_0_0_Pipeline_l_S_t_1_t_fu_256/hadd_16ns_16ns_16_3_no_dsp_1_U1/din0_buf1_reg[7]_replica                                                                                                                                                                                          | REGISTER.SDR.FDRE      |
    | grp_node_0_0_Pipeline_l_S_t_1_t_fu_256/hmul_16ns_16ns_16_3_max_dsp_1_U3/node_0_0_hmul_16ns_16ns_16_3_max_dsp_1_ip_u/U0/i_synth/MULT.OP/i_non_prim.MULT/MULT_GEN_VARIANT.FIX_MULT/MULT/gDSP.gDSP_only.iDSP/use_prim.appDSP[0].bppDSP[0].use_dsp.use_dsp48e2.iDSP48E2/DSP_A_B_DATA_INST    | ARITHMETIC.DSP.DSP48E2 |
    | grp_node_0_0_Pipeline_l_S_t_1_t_fu_256/hmul_16ns_16ns_16_3_max_dsp_1_U3/node_0_0_hmul_16ns_16ns_16_3_max_dsp_1_ip_u/U0/i_synth/MULT.OP/i_non_prim.MULT/MULT_GEN_VARIANT.FIX_MULT/MULT/gDSP.gDSP_only.iDSP/use_prim.appDSP[0].bppDSP[0].use_dsp.use_dsp48e2.iDSP48E2/DSP_PREADD_DATA_INST | ARITHMETIC.DSP.DSP48E2 |
    | grp_node_0_0_Pipeline_l_S_t_1_t_fu_256/hmul_16ns_16ns_16_3_max_dsp_1_U3/node_0_0_hmul_16ns_16ns_16_3_max_dsp_1_ip_u/U0/i_synth/MULT.OP/i_non_prim.MULT/MULT_GEN_VARIANT.FIX_MULT/MULT/gDSP.gDSP_only.iDSP/use_prim.appDSP[0].bppDSP[0].use_dsp.use_dsp48e2.iDSP48E2/DSP_MULTIPLIER_INST  | ARITHMETIC.DSP.DSP48E2 |
    | grp_node_0_0_Pipeline_l_S_t_1_t_fu_256/hmul_16ns_16ns_16_3_max_dsp_1_U3/node_0_0_hmul_16ns_16ns_16_3_max_dsp_1_ip_u/U0/i_synth/MULT.OP/i_non_prim.MULT/MULT_GEN_VARIANT.FIX_MULT/MULT/gDSP.gDSP_only.iDSP/use_prim.appDSP[0].bppDSP[0].use_dsp.use_dsp48e2.iDSP48E2/DSP_M_DATA_INST      | ARITHMETIC.DSP.DSP48E2 |
    | grp_node_0_0_Pipeline_l_S_t_1_t_fu_256/hmul_16ns_16ns_16_3_max_dsp_1_U3/node_0_0_hmul_16ns_16ns_16_3_max_dsp_1_ip_u/U0/i_synth/MULT.OP/i_non_prim.MULT/MULT_GEN_VARIANT.FIX_MULT/MULT/gDSP.gDSP_only.iDSP/use_prim.appDSP[0].bppDSP[0].use_dsp.use_dsp48e2.iDSP48E2/DSP_ALU_INST         | ARITHMETIC.DSP.DSP48E2 |
    | grp_node_0_0_Pipeline_l_S_t_1_t_fu_256/hmul_16ns_16ns_16_3_max_dsp_1_U3/node_0_0_hmul_16ns_16ns_16_3_max_dsp_1_ip_u/U0/i_synth/MULT.OP/i_non_prim.MULT/MULT_GEN_VARIANT.FIX_MULT/MULT/gDSP.gDSP_only.iDSP/use_prim.appDSP[0].bppDSP[0].use_dsp.use_dsp48e2.iDSP48E2/DSP_OUTPUT_INST      | ARITHMETIC.DSP.DSP48E2 |
    | grp_node_0_0_Pipeline_l_S_t_1_t_fu_256/hmul_16ns_16ns_16_3_max_dsp_1_U3/node_0_0_hmul_16ns_16ns_16_3_max_dsp_1_ip_u/U0/i_synth/MULT.OP/i_non_prim.MULT/MULT_GEN_VARIANT.FIX_MULT/CHAIN_GEN[0].C_MUX.CARRY_MUX_i_1__0                                                                     | CLB.LUT.LUT3           |
    | grp_node_0_0_Pipeline_l_S_t_1_t_fu_256/hmul_16ns_16ns_16_3_max_dsp_1_U3/node_0_0_hmul_16ns_16ns_16_3_max_dsp_1_ip_u/U0/i_synth/MULT.OP/i_non_prim.R_AND_R/LOGIC.R_AND_R/RND_BIT_GEN/NORM_1_OR_0.STRUCT_REQ.GENERAL.RND1/CHAIN_GEN[0].C_MUX.CARRY_MUX_CARRY4_CARRY8                       | CLB.CARRY.CARRY8       |
    | grp_node_0_0_Pipeline_l_S_t_1_t_fu_256/hmul_16ns_16ns_16_3_max_dsp_1_U3/node_0_0_hmul_16ns_16ns_16_3_max_dsp_1_ip_u/U0/i_synth/MULT.OP/i_non_prim.R_AND_R/LOGIC.R_AND_R/DSP48_E1.DSP48E1_ADD.DSP48E1_ADD/i_no_versal_es1_workaround.DSP/DSP_A_B_DATA_INST                                | ARITHMETIC.DSP.DSP48E2 |
    | grp_node_0_0_Pipeline_l_S_t_1_t_fu_256/hmul_16ns_16ns_16_3_max_dsp_1_U3/node_0_0_hmul_16ns_16ns_16_3_max_dsp_1_ip_u/U0/i_synth/MULT.OP/i_non_prim.R_AND_R/LOGIC.R_AND_R/DSP48_E1.DSP48E1_ADD.DSP48E1_ADD/i_no_versal_es1_workaround.DSP/DSP_ALU_INST                                     | ARITHMETIC.DSP.DSP48E2 |
    | grp_node_0_0_Pipeline_l_S_t_1_t_fu_256/hmul_16ns_16ns_16_3_max_dsp_1_U3/node_0_0_hmul_16ns_16ns_16_3_max_dsp_1_ip_u/U0/i_synth/MULT.OP/i_non_prim.R_AND_R/LOGIC.R_AND_R/DSP48_E1.DSP48E1_ADD.DSP48E1_ADD/i_no_versal_es1_workaround.DSP/DSP_OUTPUT_INST                                  | ARITHMETIC.DSP.DSP48E2 |
    | grp_node_0_0_Pipeline_l_S_t_1_t_fu_256/hmul_16ns_16ns_16_3_max_dsp_1_U3/node_0_0_hmul_16ns_16ns_16_3_max_dsp_1_ip_u/U0/i_synth/MULT.OP/i_non_prim.R_AND_R/LOGIC.R_AND_R/EXP_ADD.ADD/CHAIN_GEN[0].C_MUX.CARRY_MUX_CARRY4_CARRY8                                                           | CLB.CARRY.CARRY8       |
    | grp_node_0_0_Pipeline_l_S_t_1_t_fu_256/hmul_16ns_16ns_16_3_max_dsp_1_U3/node_0_0_hmul_16ns_16ns_16_3_max_dsp_1_ip_u/U0/i_synth/MULT.OP/i_non_prim.R_AND_R/LOGIC.R_AND_R/EXP_ADD.ADD/RESULT_REG.NORMAL.exp_op[3]_i_1                                                                      | CLB.LUT.LUT2           |
    | grp_node_0_0_Pipeline_l_S_t_1_t_fu_256/hmul_16ns_16ns_16_3_max_dsp_1_U3/node_0_0_hmul_16ns_16ns_16_3_max_dsp_1_ip_u/U0/i_synth/MULT.OP/i_non_prim.OP/RESULT_REG.NORMAL.exp_op_reg[3]                                                                                                     | REGISTER.SDR.FDRE      |
    | grp_node_0_0_Pipeline_l_S_t_1_t_fu_256/hadd_16ns_16ns_16_3_no_dsp_1_U1/din0_buf1_reg[7]_replica                                                                                                                                                                                          | REGISTER.SDR.FDRE      |
    | grp_node_0_0_Pipeline_l_S_t_1_t_fu_256/hmul_16ns_16ns_16_3_max_dsp_1_U3/node_0_0_hmul_16ns_16ns_16_3_max_dsp_1_ip_u/U0/i_synth/MULT.OP/i_non_prim.MULT/MULT_GEN_VARIANT.FIX_MULT/MULT/gDSP.gDSP_only.iDSP/use_prim.appDSP[0].bppDSP[0].use_dsp.use_dsp48e2.iDSP48E2/DSP_A_B_DATA_INST    | ARITHMETIC.DSP.DSP48E2 |
    | grp_node_0_0_Pipeline_l_S_t_1_t_fu_256/hmul_16ns_16ns_16_3_max_dsp_1_U3/node_0_0_hmul_16ns_16ns_16_3_max_dsp_1_ip_u/U0/i_synth/MULT.OP/i_non_prim.MULT/MULT_GEN_VARIANT.FIX_MULT/MULT/gDSP.gDSP_only.iDSP/use_prim.appDSP[0].bppDSP[0].use_dsp.use_dsp48e2.iDSP48E2/DSP_PREADD_DATA_INST | ARITHMETIC.DSP.DSP48E2 |
    | grp_node_0_0_Pipeline_l_S_t_1_t_fu_256/hmul_16ns_16ns_16_3_max_dsp_1_U3/node_0_0_hmul_16ns_16ns_16_3_max_dsp_1_ip_u/U0/i_synth/MULT.OP/i_non_prim.MULT/MULT_GEN_VARIANT.FIX_MULT/MULT/gDSP.gDSP_only.iDSP/use_prim.appDSP[0].bppDSP[0].use_dsp.use_dsp48e2.iDSP48E2/DSP_MULTIPLIER_INST  | ARITHMETIC.DSP.DSP48E2 |
    | grp_node_0_0_Pipeline_l_S_t_1_t_fu_256/hmul_16ns_16ns_16_3_max_dsp_1_U3/node_0_0_hmul_16ns_16ns_16_3_max_dsp_1_ip_u/U0/i_synth/MULT.OP/i_non_prim.MULT/MULT_GEN_VARIANT.FIX_MULT/MULT/gDSP.gDSP_only.iDSP/use_prim.appDSP[0].bppDSP[0].use_dsp.use_dsp48e2.iDSP48E2/DSP_M_DATA_INST      | ARITHMETIC.DSP.DSP48E2 |
    | grp_node_0_0_Pipeline_l_S_t_1_t_fu_256/hmul_16ns_16ns_16_3_max_dsp_1_U3/node_0_0_hmul_16ns_16ns_16_3_max_dsp_1_ip_u/U0/i_synth/MULT.OP/i_non_prim.MULT/MULT_GEN_VARIANT.FIX_MULT/MULT/gDSP.gDSP_only.iDSP/use_prim.appDSP[0].bppDSP[0].use_dsp.use_dsp48e2.iDSP48E2/DSP_ALU_INST         | ARITHMETIC.DSP.DSP48E2 |
    | grp_node_0_0_Pipeline_l_S_t_1_t_fu_256/hmul_16ns_16ns_16_3_max_dsp_1_U3/node_0_0_hmul_16ns_16ns_16_3_max_dsp_1_ip_u/U0/i_synth/MULT.OP/i_non_prim.MULT/MULT_GEN_VARIANT.FIX_MULT/MULT/gDSP.gDSP_only.iDSP/use_prim.appDSP[0].bppDSP[0].use_dsp.use_dsp48e2.iDSP48E2/DSP_OUTPUT_INST      | ARITHMETIC.DSP.DSP48E2 |
    | grp_node_0_0_Pipeline_l_S_t_1_t_fu_256/hmul_16ns_16ns_16_3_max_dsp_1_U3/node_0_0_hmul_16ns_16ns_16_3_max_dsp_1_ip_u/U0/i_synth/MULT.OP/i_non_prim.MULT/MULT_GEN_VARIANT.FIX_MULT/CHAIN_GEN[0].C_MUX.CARRY_MUX_i_1__0                                                                     | CLB.LUT.LUT3           |
    | grp_node_0_0_Pipeline_l_S_t_1_t_fu_256/hmul_16ns_16ns_16_3_max_dsp_1_U3/node_0_0_hmul_16ns_16ns_16_3_max_dsp_1_ip_u/U0/i_synth/MULT.OP/i_non_prim.R_AND_R/LOGIC.R_AND_R/RND_BIT_GEN/NORM_1_OR_0.STRUCT_REQ.GENERAL.RND1/CHAIN_GEN[0].C_MUX.CARRY_MUX_CARRY4_CARRY8                       | CLB.CARRY.CARRY8       |
    | grp_node_0_0_Pipeline_l_S_t_1_t_fu_256/hmul_16ns_16ns_16_3_max_dsp_1_U3/node_0_0_hmul_16ns_16ns_16_3_max_dsp_1_ip_u/U0/i_synth/MULT.OP/i_non_prim.R_AND_R/LOGIC.R_AND_R/DSP48_E1.DSP48E1_ADD.DSP48E1_ADD/i_no_versal_es1_workaround.DSP/DSP_A_B_DATA_INST                                | ARITHMETIC.DSP.DSP48E2 |
    | grp_node_0_0_Pipeline_l_S_t_1_t_fu_256/hmul_16ns_16ns_16_3_max_dsp_1_U3/node_0_0_hmul_16ns_16ns_16_3_max_dsp_1_ip_u/U0/i_synth/MULT.OP/i_non_prim.R_AND_R/LOGIC.R_AND_R/DSP48_E1.DSP48E1_ADD.DSP48E1_ADD/i_no_versal_es1_workaround.DSP/DSP_ALU_INST                                     | ARITHMETIC.DSP.DSP48E2 |
    | grp_node_0_0_Pipeline_l_S_t_1_t_fu_256/hmul_16ns_16ns_16_3_max_dsp_1_U3/node_0_0_hmul_16ns_16ns_16_3_max_dsp_1_ip_u/U0/i_synth/MULT.OP/i_non_prim.R_AND_R/LOGIC.R_AND_R/DSP48_E1.DSP48E1_ADD.DSP48E1_ADD/i_no_versal_es1_workaround.DSP/DSP_OUTPUT_INST                                  | ARITHMETIC.DSP.DSP48E2 |
    | grp_node_0_0_Pipeline_l_S_t_1_t_fu_256/hmul_16ns_16ns_16_3_max_dsp_1_U3/node_0_0_hmul_16ns_16ns_16_3_max_dsp_1_ip_u/U0/i_synth/MULT.OP/i_non_prim.R_AND_R/LOGIC.R_AND_R/EXP_ADD.ADD/CHAIN_GEN[0].C_MUX.CARRY_MUX_CARRY4_CARRY8                                                           | CLB.CARRY.CARRY8       |
    | grp_node_0_0_Pipeline_l_S_t_1_t_fu_256/hmul_16ns_16ns_16_3_max_dsp_1_U3/node_0_0_hmul_16ns_16ns_16_3_max_dsp_1_ip_u/U0/i_synth/MULT.OP/i_non_prim.R_AND_R/LOGIC.R_AND_R/EXP_ADD.ADD/RESULT_REG.NORMAL.exp_op[4]_i_2                                                                      | CLB.LUT.LUT2           |
    | grp_node_0_0_Pipeline_l_S_t_1_t_fu_256/hmul_16ns_16ns_16_3_max_dsp_1_U3/node_0_0_hmul_16ns_16ns_16_3_max_dsp_1_ip_u/U0/i_synth/MULT.OP/i_non_prim.OP/RESULT_REG.NORMAL.exp_op_reg[4]                                                                                                     | REGISTER.SDR.FDRE      |
    | grp_node_0_0_Pipeline_l_S_t_1_t_fu_256/hadd_16ns_16ns_16_3_no_dsp_1_U1/din0_buf1_reg[7]_replica                                                                                                                                                                                          | REGISTER.SDR.FDRE      |
    | grp_node_0_0_Pipeline_l_S_t_1_t_fu_256/hmul_16ns_16ns_16_3_max_dsp_1_U3/node_0_0_hmul_16ns_16ns_16_3_max_dsp_1_ip_u/U0/i_synth/MULT.OP/i_non_prim.MULT/MULT_GEN_VARIANT.FIX_MULT/MULT/gDSP.gDSP_only.iDSP/use_prim.appDSP[0].bppDSP[0].use_dsp.use_dsp48e2.iDSP48E2/DSP_A_B_DATA_INST    | ARITHMETIC.DSP.DSP48E2 |
    | grp_node_0_0_Pipeline_l_S_t_1_t_fu_256/hmul_16ns_16ns_16_3_max_dsp_1_U3/node_0_0_hmul_16ns_16ns_16_3_max_dsp_1_ip_u/U0/i_synth/MULT.OP/i_non_prim.MULT/MULT_GEN_VARIANT.FIX_MULT/MULT/gDSP.gDSP_only.iDSP/use_prim.appDSP[0].bppDSP[0].use_dsp.use_dsp48e2.iDSP48E2/DSP_PREADD_DATA_INST | ARITHMETIC.DSP.DSP48E2 |
    | grp_node_0_0_Pipeline_l_S_t_1_t_fu_256/hmul_16ns_16ns_16_3_max_dsp_1_U3/node_0_0_hmul_16ns_16ns_16_3_max_dsp_1_ip_u/U0/i_synth/MULT.OP/i_non_prim.MULT/MULT_GEN_VARIANT.FIX_MULT/MULT/gDSP.gDSP_only.iDSP/use_prim.appDSP[0].bppDSP[0].use_dsp.use_dsp48e2.iDSP48E2/DSP_MULTIPLIER_INST  | ARITHMETIC.DSP.DSP48E2 |
    | grp_node_0_0_Pipeline_l_S_t_1_t_fu_256/hmul_16ns_16ns_16_3_max_dsp_1_U3/node_0_0_hmul_16ns_16ns_16_3_max_dsp_1_ip_u/U0/i_synth/MULT.OP/i_non_prim.MULT/MULT_GEN_VARIANT.FIX_MULT/MULT/gDSP.gDSP_only.iDSP/use_prim.appDSP[0].bppDSP[0].use_dsp.use_dsp48e2.iDSP48E2/DSP_M_DATA_INST      | ARITHMETIC.DSP.DSP48E2 |
    | grp_node_0_0_Pipeline_l_S_t_1_t_fu_256/hmul_16ns_16ns_16_3_max_dsp_1_U3/node_0_0_hmul_16ns_16ns_16_3_max_dsp_1_ip_u/U0/i_synth/MULT.OP/i_non_prim.MULT/MULT_GEN_VARIANT.FIX_MULT/MULT/gDSP.gDSP_only.iDSP/use_prim.appDSP[0].bppDSP[0].use_dsp.use_dsp48e2.iDSP48E2/DSP_ALU_INST         | ARITHMETIC.DSP.DSP48E2 |
    | grp_node_0_0_Pipeline_l_S_t_1_t_fu_256/hmul_16ns_16ns_16_3_max_dsp_1_U3/node_0_0_hmul_16ns_16ns_16_3_max_dsp_1_ip_u/U0/i_synth/MULT.OP/i_non_prim.MULT/MULT_GEN_VARIANT.FIX_MULT/MULT/gDSP.gDSP_only.iDSP/use_prim.appDSP[0].bppDSP[0].use_dsp.use_dsp48e2.iDSP48E2/DSP_OUTPUT_INST      | ARITHMETIC.DSP.DSP48E2 |
    | grp_node_0_0_Pipeline_l_S_t_1_t_fu_256/hmul_16ns_16ns_16_3_max_dsp_1_U3/node_0_0_hmul_16ns_16ns_16_3_max_dsp_1_ip_u/U0/i_synth/MULT.OP/i_non_prim.MULT/MULT_GEN_VARIANT.FIX_MULT/CHAIN_GEN[0].C_MUX.CARRY_MUX_i_1__0                                                                     | CLB.LUT.LUT3           |
    | grp_node_0_0_Pipeline_l_S_t_1_t_fu_256/hmul_16ns_16ns_16_3_max_dsp_1_U3/node_0_0_hmul_16ns_16ns_16_3_max_dsp_1_ip_u/U0/i_synth/MULT.OP/i_non_prim.R_AND_R/LOGIC.R_AND_R/RND_BIT_GEN/NORM_1_OR_0.STRUCT_REQ.GENERAL.RND1/CHAIN_GEN[0].C_MUX.CARRY_MUX_CARRY4_CARRY8                       | CLB.CARRY.CARRY8       |
    | grp_node_0_0_Pipeline_l_S_t_1_t_fu_256/hmul_16ns_16ns_16_3_max_dsp_1_U3/node_0_0_hmul_16ns_16ns_16_3_max_dsp_1_ip_u/U0/i_synth/MULT.OP/i_non_prim.R_AND_R/LOGIC.R_AND_R/DSP48_E1.DSP48E1_ADD.DSP48E1_ADD/i_no_versal_es1_workaround.DSP/DSP_A_B_DATA_INST                                | ARITHMETIC.DSP.DSP48E2 |
    | grp_node_0_0_Pipeline_l_S_t_1_t_fu_256/hmul_16ns_16ns_16_3_max_dsp_1_U3/node_0_0_hmul_16ns_16ns_16_3_max_dsp_1_ip_u/U0/i_synth/MULT.OP/i_non_prim.R_AND_R/LOGIC.R_AND_R/DSP48_E1.DSP48E1_ADD.DSP48E1_ADD/i_no_versal_es1_workaround.DSP/DSP_ALU_INST                                     | ARITHMETIC.DSP.DSP48E2 |
    | grp_node_0_0_Pipeline_l_S_t_1_t_fu_256/hmul_16ns_16ns_16_3_max_dsp_1_U3/node_0_0_hmul_16ns_16ns_16_3_max_dsp_1_ip_u/U0/i_synth/MULT.OP/i_non_prim.R_AND_R/LOGIC.R_AND_R/DSP48_E1.DSP48E1_ADD.DSP48E1_ADD/i_no_versal_es1_workaround.DSP/DSP_OUTPUT_INST                                  | ARITHMETIC.DSP.DSP48E2 |
    | grp_node_0_0_Pipeline_l_S_t_1_t_fu_256/hmul_16ns_16ns_16_3_max_dsp_1_U3/node_0_0_hmul_16ns_16ns_16_3_max_dsp_1_ip_u/U0/i_synth/MULT.OP/i_non_prim.R_AND_R/LOGIC.R_AND_R/EXP_ADD.ADD/CHAIN_GEN[0].C_MUX.CARRY_MUX_CARRY4_CARRY8                                                           | CLB.CARRY.CARRY8       |
    | grp_node_0_0_Pipeline_l_S_t_1_t_fu_256/hmul_16ns_16ns_16_3_max_dsp_1_U3/node_0_0_hmul_16ns_16ns_16_3_max_dsp_1_ip_u/U0/i_synth/MULT.OP/i_non_prim.R_AND_R/LOGIC.R_AND_R/EXP_ADD.ADD/RESULT_REG.NORMAL.exp_op[1]_i_1                                                                      | CLB.LUT.LUT2           |
    | grp_node_0_0_Pipeline_l_S_t_1_t_fu_256/hmul_16ns_16ns_16_3_max_dsp_1_U3/node_0_0_hmul_16ns_16ns_16_3_max_dsp_1_ip_u/U0/i_synth/MULT.OP/i_non_prim.OP/RESULT_REG.NORMAL.exp_op_reg[1]                                                                                                     | REGISTER.SDR.FDRE      |
    | grp_node_0_0_Pipeline_l_S_t_1_t_fu_256/hadd_16ns_16ns_16_3_no_dsp_1_U1/din0_buf1_reg[7]_replica                                                                                                                                                                                          | REGISTER.SDR.FDRE      |
    | grp_node_0_0_Pipeline_l_S_t_1_t_fu_256/hmul_16ns_16ns_16_3_max_dsp_1_U3/node_0_0_hmul_16ns_16ns_16_3_max_dsp_1_ip_u/U0/i_synth/MULT.OP/i_non_prim.MULT/MULT_GEN_VARIANT.FIX_MULT/MULT/gDSP.gDSP_only.iDSP/use_prim.appDSP[0].bppDSP[0].use_dsp.use_dsp48e2.iDSP48E2/DSP_A_B_DATA_INST    | ARITHMETIC.DSP.DSP48E2 |
    | grp_node_0_0_Pipeline_l_S_t_1_t_fu_256/hmul_16ns_16ns_16_3_max_dsp_1_U3/node_0_0_hmul_16ns_16ns_16_3_max_dsp_1_ip_u/U0/i_synth/MULT.OP/i_non_prim.MULT/MULT_GEN_VARIANT.FIX_MULT/MULT/gDSP.gDSP_only.iDSP/use_prim.appDSP[0].bppDSP[0].use_dsp.use_dsp48e2.iDSP48E2/DSP_PREADD_DATA_INST | ARITHMETIC.DSP.DSP48E2 |
    | grp_node_0_0_Pipeline_l_S_t_1_t_fu_256/hmul_16ns_16ns_16_3_max_dsp_1_U3/node_0_0_hmul_16ns_16ns_16_3_max_dsp_1_ip_u/U0/i_synth/MULT.OP/i_non_prim.MULT/MULT_GEN_VARIANT.FIX_MULT/MULT/gDSP.gDSP_only.iDSP/use_prim.appDSP[0].bppDSP[0].use_dsp.use_dsp48e2.iDSP48E2/DSP_MULTIPLIER_INST  | ARITHMETIC.DSP.DSP48E2 |
    | grp_node_0_0_Pipeline_l_S_t_1_t_fu_256/hmul_16ns_16ns_16_3_max_dsp_1_U3/node_0_0_hmul_16ns_16ns_16_3_max_dsp_1_ip_u/U0/i_synth/MULT.OP/i_non_prim.MULT/MULT_GEN_VARIANT.FIX_MULT/MULT/gDSP.gDSP_only.iDSP/use_prim.appDSP[0].bppDSP[0].use_dsp.use_dsp48e2.iDSP48E2/DSP_M_DATA_INST      | ARITHMETIC.DSP.DSP48E2 |
    | grp_node_0_0_Pipeline_l_S_t_1_t_fu_256/hmul_16ns_16ns_16_3_max_dsp_1_U3/node_0_0_hmul_16ns_16ns_16_3_max_dsp_1_ip_u/U0/i_synth/MULT.OP/i_non_prim.MULT/MULT_GEN_VARIANT.FIX_MULT/MULT/gDSP.gDSP_only.iDSP/use_prim.appDSP[0].bppDSP[0].use_dsp.use_dsp48e2.iDSP48E2/DSP_ALU_INST         | ARITHMETIC.DSP.DSP48E2 |
    | grp_node_0_0_Pipeline_l_S_t_1_t_fu_256/hmul_16ns_16ns_16_3_max_dsp_1_U3/node_0_0_hmul_16ns_16ns_16_3_max_dsp_1_ip_u/U0/i_synth/MULT.OP/i_non_prim.MULT/MULT_GEN_VARIANT.FIX_MULT/MULT/gDSP.gDSP_only.iDSP/use_prim.appDSP[0].bppDSP[0].use_dsp.use_dsp48e2.iDSP48E2/DSP_OUTPUT_INST      | ARITHMETIC.DSP.DSP48E2 |
    | grp_node_0_0_Pipeline_l_S_t_1_t_fu_256/hmul_16ns_16ns_16_3_max_dsp_1_U3/node_0_0_hmul_16ns_16ns_16_3_max_dsp_1_ip_u/U0/i_synth/MULT.OP/i_non_prim.MULT/MULT_GEN_VARIANT.FIX_MULT/CHAIN_GEN[0].C_MUX.CARRY_MUX_i_1__0                                                                     | CLB.LUT.LUT3           |
    | grp_node_0_0_Pipeline_l_S_t_1_t_fu_256/hmul_16ns_16ns_16_3_max_dsp_1_U3/node_0_0_hmul_16ns_16ns_16_3_max_dsp_1_ip_u/U0/i_synth/MULT.OP/i_non_prim.R_AND_R/LOGIC.R_AND_R/RND_BIT_GEN/NORM_1_OR_0.STRUCT_REQ.GENERAL.RND1/CHAIN_GEN[0].C_MUX.CARRY_MUX_CARRY4_CARRY8                       | CLB.CARRY.CARRY8       |
    | grp_node_0_0_Pipeline_l_S_t_1_t_fu_256/hmul_16ns_16ns_16_3_max_dsp_1_U3/node_0_0_hmul_16ns_16ns_16_3_max_dsp_1_ip_u/U0/i_synth/MULT.OP/i_non_prim.R_AND_R/LOGIC.R_AND_R/DSP48_E1.DSP48E1_ADD.DSP48E1_ADD/i_no_versal_es1_workaround.DSP/DSP_A_B_DATA_INST                                | ARITHMETIC.DSP.DSP48E2 |
    | grp_node_0_0_Pipeline_l_S_t_1_t_fu_256/hmul_16ns_16ns_16_3_max_dsp_1_U3/node_0_0_hmul_16ns_16ns_16_3_max_dsp_1_ip_u/U0/i_synth/MULT.OP/i_non_prim.R_AND_R/LOGIC.R_AND_R/DSP48_E1.DSP48E1_ADD.DSP48E1_ADD/i_no_versal_es1_workaround.DSP/DSP_ALU_INST                                     | ARITHMETIC.DSP.DSP48E2 |
    | grp_node_0_0_Pipeline_l_S_t_1_t_fu_256/hmul_16ns_16ns_16_3_max_dsp_1_U3/node_0_0_hmul_16ns_16ns_16_3_max_dsp_1_ip_u/U0/i_synth/MULT.OP/i_non_prim.R_AND_R/LOGIC.R_AND_R/DSP48_E1.DSP48E1_ADD.DSP48E1_ADD/i_no_versal_es1_workaround.DSP/DSP_OUTPUT_INST                                  | ARITHMETIC.DSP.DSP48E2 |
    | grp_node_0_0_Pipeline_l_S_t_1_t_fu_256/hmul_16ns_16ns_16_3_max_dsp_1_U3/node_0_0_hmul_16ns_16ns_16_3_max_dsp_1_ip_u/U0/i_synth/MULT.OP/i_non_prim.R_AND_R/LOGIC.R_AND_R/EXP_ADD.ADD/CHAIN_GEN[0].C_MUX.CARRY_MUX_CARRY4_CARRY8                                                           | CLB.CARRY.CARRY8       |
    | grp_node_0_0_Pipeline_l_S_t_1_t_fu_256/hmul_16ns_16ns_16_3_max_dsp_1_U3/node_0_0_hmul_16ns_16ns_16_3_max_dsp_1_ip_u/U0/i_synth/MULT.OP/i_non_prim.R_AND_R/LOGIC.R_AND_R/EXP_ADD.ADD/RESULT_REG.NORMAL.exp_op[2]_i_1                                                                      | CLB.LUT.LUT2           |
    | grp_node_0_0_Pipeline_l_S_t_1_t_fu_256/hmul_16ns_16ns_16_3_max_dsp_1_U3/node_0_0_hmul_16ns_16ns_16_3_max_dsp_1_ip_u/U0/i_synth/MULT.OP/i_non_prim.OP/RESULT_REG.NORMAL.exp_op_reg[2]                                                                                                     | REGISTER.SDR.FDRE      |
    | grp_node_0_0_Pipeline_l_S_t_1_t_fu_256/hadd_16ns_16ns_16_3_no_dsp_1_U1/din0_buf1_reg[7]_replica                                                                                                                                                                                          | REGISTER.SDR.FDRE      |
    | grp_node_0_0_Pipeline_l_S_t_1_t_fu_256/hmul_16ns_16ns_16_3_max_dsp_1_U3/node_0_0_hmul_16ns_16ns_16_3_max_dsp_1_ip_u/U0/i_synth/MULT.OP/i_non_prim.MULT/MULT_GEN_VARIANT.FIX_MULT/MULT/gDSP.gDSP_only.iDSP/use_prim.appDSP[0].bppDSP[0].use_dsp.use_dsp48e2.iDSP48E2/DSP_A_B_DATA_INST    | ARITHMETIC.DSP.DSP48E2 |
    | grp_node_0_0_Pipeline_l_S_t_1_t_fu_256/hmul_16ns_16ns_16_3_max_dsp_1_U3/node_0_0_hmul_16ns_16ns_16_3_max_dsp_1_ip_u/U0/i_synth/MULT.OP/i_non_prim.MULT/MULT_GEN_VARIANT.FIX_MULT/MULT/gDSP.gDSP_only.iDSP/use_prim.appDSP[0].bppDSP[0].use_dsp.use_dsp48e2.iDSP48E2/DSP_PREADD_DATA_INST | ARITHMETIC.DSP.DSP48E2 |
    | grp_node_0_0_Pipeline_l_S_t_1_t_fu_256/hmul_16ns_16ns_16_3_max_dsp_1_U3/node_0_0_hmul_16ns_16ns_16_3_max_dsp_1_ip_u/U0/i_synth/MULT.OP/i_non_prim.MULT/MULT_GEN_VARIANT.FIX_MULT/MULT/gDSP.gDSP_only.iDSP/use_prim.appDSP[0].bppDSP[0].use_dsp.use_dsp48e2.iDSP48E2/DSP_MULTIPLIER_INST  | ARITHMETIC.DSP.DSP48E2 |
    | grp_node_0_0_Pipeline_l_S_t_1_t_fu_256/hmul_16ns_16ns_16_3_max_dsp_1_U3/node_0_0_hmul_16ns_16ns_16_3_max_dsp_1_ip_u/U0/i_synth/MULT.OP/i_non_prim.MULT/MULT_GEN_VARIANT.FIX_MULT/MULT/gDSP.gDSP_only.iDSP/use_prim.appDSP[0].bppDSP[0].use_dsp.use_dsp48e2.iDSP48E2/DSP_M_DATA_INST      | ARITHMETIC.DSP.DSP48E2 |
    | grp_node_0_0_Pipeline_l_S_t_1_t_fu_256/hmul_16ns_16ns_16_3_max_dsp_1_U3/node_0_0_hmul_16ns_16ns_16_3_max_dsp_1_ip_u/U0/i_synth/MULT.OP/i_non_prim.MULT/MULT_GEN_VARIANT.FIX_MULT/MULT/gDSP.gDSP_only.iDSP/use_prim.appDSP[0].bppDSP[0].use_dsp.use_dsp48e2.iDSP48E2/DSP_ALU_INST         | ARITHMETIC.DSP.DSP48E2 |
    | grp_node_0_0_Pipeline_l_S_t_1_t_fu_256/hmul_16ns_16ns_16_3_max_dsp_1_U3/node_0_0_hmul_16ns_16ns_16_3_max_dsp_1_ip_u/U0/i_synth/MULT.OP/i_non_prim.MULT/MULT_GEN_VARIANT.FIX_MULT/MULT/gDSP.gDSP_only.iDSP/use_prim.appDSP[0].bppDSP[0].use_dsp.use_dsp48e2.iDSP48E2/DSP_OUTPUT_INST      | ARITHMETIC.DSP.DSP48E2 |
    | grp_node_0_0_Pipeline_l_S_t_1_t_fu_256/hmul_16ns_16ns_16_3_max_dsp_1_U3/node_0_0_hmul_16ns_16ns_16_3_max_dsp_1_ip_u/U0/i_synth/MULT.OP/i_non_prim.MULT/MULT_GEN_VARIANT.FIX_MULT/CHAIN_GEN[0].C_MUX.CARRY_MUX_i_1__0                                                                     | CLB.LUT.LUT3           |
    | grp_node_0_0_Pipeline_l_S_t_1_t_fu_256/hmul_16ns_16ns_16_3_max_dsp_1_U3/node_0_0_hmul_16ns_16ns_16_3_max_dsp_1_ip_u/U0/i_synth/MULT.OP/i_non_prim.R_AND_R/LOGIC.R_AND_R/RND_BIT_GEN/NORM_1_OR_0.STRUCT_REQ.GENERAL.RND1/CHAIN_GEN[0].C_MUX.CARRY_MUX_CARRY4_CARRY8                       | CLB.CARRY.CARRY8       |
    | grp_node_0_0_Pipeline_l_S_t_1_t_fu_256/hmul_16ns_16ns_16_3_max_dsp_1_U3/node_0_0_hmul_16ns_16ns_16_3_max_dsp_1_ip_u/U0/i_synth/MULT.OP/i_non_prim.R_AND_R/LOGIC.R_AND_R/DSP48_E1.DSP48E1_ADD.DSP48E1_ADD/i_no_versal_es1_workaround.DSP/DSP_A_B_DATA_INST                                | ARITHMETIC.DSP.DSP48E2 |
    | grp_node_0_0_Pipeline_l_S_t_1_t_fu_256/hmul_16ns_16ns_16_3_max_dsp_1_U3/node_0_0_hmul_16ns_16ns_16_3_max_dsp_1_ip_u/U0/i_synth/MULT.OP/i_non_prim.R_AND_R/LOGIC.R_AND_R/DSP48_E1.DSP48E1_ADD.DSP48E1_ADD/i_no_versal_es1_workaround.DSP/DSP_ALU_INST                                     | ARITHMETIC.DSP.DSP48E2 |
    | grp_node_0_0_Pipeline_l_S_t_1_t_fu_256/hmul_16ns_16ns_16_3_max_dsp_1_U3/node_0_0_hmul_16ns_16ns_16_3_max_dsp_1_ip_u/U0/i_synth/MULT.OP/i_non_prim.R_AND_R/LOGIC.R_AND_R/DSP48_E1.DSP48E1_ADD.DSP48E1_ADD/i_no_versal_es1_workaround.DSP/DSP_OUTPUT_INST                                  | ARITHMETIC.DSP.DSP48E2 |
    | grp_node_0_0_Pipeline_l_S_t_1_t_fu_256/hmul_16ns_16ns_16_3_max_dsp_1_U3/node_0_0_hmul_16ns_16ns_16_3_max_dsp_1_ip_u/U0/i_synth/MULT.OP/i_non_prim.R_AND_R/LOGIC.R_AND_R/EXP_ADD.ADD/CHAIN_GEN[0].C_MUX.CARRY_MUX_CARRY4_CARRY8                                                           | CLB.CARRY.CARRY8       |
    | grp_node_0_0_Pipeline_l_S_t_1_t_fu_256/hmul_16ns_16ns_16_3_max_dsp_1_U3/node_0_0_hmul_16ns_16ns_16_3_max_dsp_1_ip_u/U0/i_synth/MULT.OP/i_non_prim.EXP/EXP_ADD.C_CHAIN/RESULT_REG.NORMAL.exp_op[0]_i_1                                                                                    | CLB.LUT.LUT6           |
    | grp_node_0_0_Pipeline_l_S_t_1_t_fu_256/hmul_16ns_16ns_16_3_max_dsp_1_U3/node_0_0_hmul_16ns_16ns_16_3_max_dsp_1_ip_u/U0/i_synth/MULT.OP/i_non_prim.OP/RESULT_REG.NORMAL.exp_op_reg[0]                                                                                                     | REGISTER.SDR.FDRE      |
    | grp_node_0_0_Pipeline_l_S_t_1_t_fu_256/hadd_16ns_16ns_16_3_no_dsp_1_U1/din1_buf1_reg[9]_replica                                                                                                                                                                                          | REGISTER.SDR.FDRE      |
    | grp_node_0_0_Pipeline_l_S_t_1_t_fu_256/hadd_16ns_16ns_16_3_no_dsp_1_U1/node_0_0_hadd_16ns_16ns_16_3_no_dsp_1_ip_u/U0/i_synth/ADDSUB_OP.ADDSUB/LOGIC_SPEED.OP/EXP/NUMB_CMP/NOT_FAST.CMP/C_CHAIN/CHAIN_GEN[4].C_MUX.CARRY_MUX_i_1__3                                                       | CLB.LUT.LUT4           |
    | grp_node_0_0_Pipeline_l_S_t_1_t_fu_256/hadd_16ns_16ns_16_3_no_dsp_1_U1/node_0_0_hadd_16ns_16ns_16_3_no_dsp_1_ip_u/U0/i_synth/ADDSUB_OP.ADDSUB/LOGIC_SPEED.OP/EXP/NUMB_CMP/NOT_FAST.CMP/C_CHAIN/CHAIN_GEN[0].C_MUX.CARRY_MUX_CARRY4_CARRY8                                                | CLB.CARRY.CARRY8       |
    | grp_node_0_0_Pipeline_l_S_t_1_t_fu_256/hadd_16ns_16ns_16_3_no_dsp_1_U1/node_0_0_hadd_16ns_16ns_16_3_no_dsp_1_ip_u/U0/i_synth/ADDSUB_OP.ADDSUB/LOGIC_SPEED.OP/EXP/NUMB_CMP/NOT_FAST.CMP/C_CHAIN/CHAIN_GEN[1].C_MUX.CARRY_MUX_i_2__3                                                       | CLB.LUT.LUT6           |
    | grp_node_0_0_Pipeline_l_S_t_1_t_fu_256/hadd_16ns_16ns_16_3_no_dsp_1_U1/node_0_0_hadd_16ns_16ns_16_3_no_dsp_1_ip_u/U0/i_synth/ADDSUB_OP.ADDSUB/LOGIC_SPEED.OP/EXP/NUMB_CMP/NOT_FAST.CMP/C_CHAIN/CHAIN_GEN[1].C_MUX.CARRY_MUX_i_1__5                                                       | CLB.LUT.LUT4           |
    | grp_node_0_0_Pipeline_l_S_t_1_t_fu_256/hadd_16ns_16ns_16_3_no_dsp_1_U1/node_0_0_hadd_16ns_16ns_16_3_no_dsp_1_ip_u/U0/i_synth/ADDSUB_OP.ADDSUB/LOGIC_SPEED.OP/ALIGN_BLK/ALIGN_SHIFT/ALIGN_Z_D/EQ_ZERO/CARRY_ZERO_DET/CHAIN_GEN[0].C_MUX.CARRY_MUX_CARRY4_CARRY8                           | CLB.CARRY.CARRY8       |
    | grp_node_0_0_Pipeline_l_S_t_1_t_fu_256/hadd_16ns_16ns_16_3_no_dsp_1_U1/node_0_0_hadd_16ns_16ns_16_3_no_dsp_1_ip_u/U0/i_synth/ADDSUB_OP.ADDSUB/LOGIC_SPEED.OP/EXP/NUMB_CMP/NOT_FAST.CMP/C_CHAIN/STRUCT_ADD1.CARRY_MUX2_i_7                                                                | CLB.LUT.LUT5           |
    | grp_node_0_0_Pipeline_l_S_t_1_t_fu_256/hadd_16ns_16ns_16_3_no_dsp_1_U1/node_0_0_hadd_16ns_16ns_16_3_no_dsp_1_ip_u/U0/i_synth/ADDSUB_OP.ADDSUB/LOGIC_SPEED.OP/EXP/NUMB_CMP/NOT_FAST.CMP/C_CHAIN/STRUCT_ADD1.CARRY_MUX2_i_2                                                                | CLB.LUT.LUT6           |
    | grp_node_0_0_Pipeline_l_S_t_1_t_fu_256/hadd_16ns_16ns_16_3_no_dsp_1_U1/node_0_0_hadd_16ns_16ns_16_3_no_dsp_1_ip_u/U0/i_synth/ADDSUB_OP.ADDSUB/LOGIC_SPEED.OP/EXP/NUMB_CMP/NOT_FAST.CMP/C_CHAIN/STRUCT_ADD1.CARRY_MUX2_i_1                                                                | CLB.LUT.LUT6           |
    | grp_node_0_0_Pipeline_l_S_t_1_t_fu_256/hadd_16ns_16ns_16_3_no_dsp_1_U1/node_0_0_hadd_16ns_16ns_16_3_no_dsp_1_ip_u/U0/i_synth/ADDSUB_OP.ADDSUB/LOGIC_SPEED.OP/ALIGN_BLK/FRAC_ADDSUB/LOGIC_ADD.FRAC_ADDSUB/STRUCT_ADD1.CARRY_MUX1_CARRY4_CARRY8                                            | CLB.CARRY.CARRY8       |
    | grp_node_0_0_Pipeline_l_S_t_1_t_fu_256/hadd_16ns_16ns_16_3_no_dsp_1_U1/node_0_0_hadd_16ns_16ns_16_3_no_dsp_1_ip_u/U0/i_synth/ADDSUB_OP.ADDSUB/LOGIC_SPEED.OP/ALIGN_BLK/FRAC_ADDSUB/LOGIC_ADD.FRAC_ADDSUB/STRUCT_ADD2.ADD1/CHAIN_GEN[0].C_MUX.CARRY_MUX_CARRY4_CARRY8                     | CLB.CARRY.CARRY8       |
    | grp_node_0_0_Pipeline_l_S_t_1_t_fu_256/hadd_16ns_16ns_16_3_no_dsp_1_U1/node_0_0_hadd_16ns_16ns_16_3_no_dsp_1_ip_u/U0/i_synth/ADDSUB_OP.ADDSUB/LOGIC_SPEED.OP/ALIGN_BLK/FRAC_ADDSUB/LOGIC_ADD.FRAC_ADDSUB/STRUCT_ADD2.ADD1/CHAIN_GEN[0].C_MUX.CARRY_MUX_i_1__2                            | CLB.LUT.LUT4           |
    | grp_node_0_0_Pipeline_l_S_t_1_t_fu_256/hadd_16ns_16ns_16_3_no_dsp_1_U1/node_0_0_hadd_16ns_16ns_16_3_no_dsp_1_ip_u/U0/i_synth/ADDSUB_OP.ADDSUB/LOGIC_SPEED.OP/NORM/LZE/ZERO_DET_CC_1/CHAIN_GEN[0].C_MUX.CARRY_MUX_CARRY4_CARRY8                                                           | CLB.CARRY.CARRY8       |
    | grp_node_0_0_Pipeline_l_S_t_1_t_fu_256/hadd_16ns_16ns_16_3_no_dsp_1_U1/node_0_0_hadd_16ns_16ns_16_3_no_dsp_1_ip_u/U0/i_synth/ADDSUB_OP.ADDSUB/LOGIC_SPEED.OP/ALIGN_BLK/FRAC_ADDSUB/LOGIC_ADD.FRAC_ADDSUB/STRUCT_ADD2.ADD1/RESULT_REG.NORMAL.exp_op[2]_i_7                                | CLB.LUT.LUT5           |
    | grp_node_0_0_Pipeline_l_S_t_1_t_fu_256/hadd_16ns_16ns_16_3_no_dsp_1_U1/node_0_0_hadd_16ns_16ns_16_3_no_dsp_1_ip_u/U0/i_synth/ADDSUB_OP.ADDSUB/LOGIC_SPEED.OP/ALIGN_BLK/FRAC_ADDSUB/LOGIC_ADD.FRAC_ADDSUB/STRUCT_ADD1.ADD1/RESULT_REG.NORMAL.exp_op[1]_i_3                                | CLB.LUT.LUT5           |
    | grp_node_0_0_Pipeline_l_S_t_1_t_fu_256/hadd_16ns_16ns_16_3_no_dsp_1_U1/node_0_0_hadd_16ns_16ns_16_3_no_dsp_1_ip_u/U0/i_synth/ADDSUB_OP.ADDSUB/LOGIC_SPEED.OP/ALIGN_BLK/FRAC_ADDSUB/LOGIC_ADD.FRAC_ADDSUB/STRUCT_ADD1.ADD1/CHAIN_GEN[0].C_MUX.CARRY_MUX_i_6__0                            | CLB.LUT.LUT5           |
    | grp_node_0_0_Pipeline_l_S_t_1_t_fu_256/hadd_16ns_16ns_16_3_no_dsp_1_U1/node_0_0_hadd_16ns_16ns_16_3_no_dsp_1_ip_u/U0/i_synth/ADDSUB_OP.ADDSUB/LOGIC_SPEED.OP/ALIGN_BLK/FRAC_ADDSUB/LOGIC_ADD.FRAC_ADDSUB/STRUCT_ADD1.ADD1/CHAIN_GEN[0].C_MUX.CARRY_MUX_i_3__0                            | CLB.LUT.LUT6           |
    | grp_node_0_0_Pipeline_l_S_t_1_t_fu_256/hadd_16ns_16ns_16_3_no_dsp_1_U1/node_0_0_hadd_16ns_16ns_16_3_no_dsp_1_ip_u/U0/i_synth/ADDSUB_OP.ADDSUB/LOGIC_SPEED.OP/ALIGN_BLK/FRAC_ADDSUB/LOGIC_ADD.FRAC_ADDSUB/STRUCT_ADD1.ADD1/CHAIN_GEN[0].C_MUX.CARRY_MUX_i_1__10                           | CLB.LUT.LUT5           |
    | grp_node_0_0_Pipeline_l_S_t_1_t_fu_256/hadd_16ns_16ns_16_3_no_dsp_1_U1/node_0_0_hadd_16ns_16ns_16_3_no_dsp_1_ip_u/U0/i_synth/ADDSUB_OP.ADDSUB/LOGIC_SPEED.OP/NORM/ROUND/RND_BIT_GEN/NORM_2.RND_CHAIN/CHAIN_GEN[0].C_MUX.CARRY_MUX_CARRY4_CARRY8                                          | CLB.CARRY.CARRY8       |
    | grp_node_0_0_Pipeline_l_S_t_1_t_fu_256/hadd_16ns_16ns_16_3_no_dsp_1_U1/node_0_0_hadd_16ns_16ns_16_3_no_dsp_1_ip_u/U0/i_synth/ADDSUB_OP.ADDSUB/LOGIC_SPEED.OP/NORM/ROUND/LOGIC.RND1/CHAIN_GEN[2].C_MUX.CARRY_MUX_CARRY4_CARRY8                                                            | CLB.CARRY.CARRY8       |
    | grp_node_0_0_Pipeline_l_S_t_1_t_fu_256/hadd_16ns_16ns_16_3_no_dsp_1_U1/node_0_0_hadd_16ns_16ns_16_3_no_dsp_1_ip_u/U0/i_synth/ADDSUB_OP.ADDSUB/LOGIC_SPEED.OP/NORM/ROUND/LOGIC.RND2/CHAIN_GEN[5].Q_XOR.SUM_XOR_CARRY4_CARRY8                                                              | CLB.CARRY.CARRY8       |
    | grp_node_0_0_Pipeline_l_S_t_1_t_fu_256/hadd_16ns_16ns_16_3_no_dsp_1_U1/node_0_0_hadd_16ns_16ns_16_3_no_dsp_1_ip_u/U0/i_synth/ADDSUB_OP.ADDSUB/LOGIC_SPEED.OP/NORM/LZE/ZERO_DET_CC_1/RESULT_REG.NORMAL.exp_op[4]_i_3                                                                      | CLB.LUT.LUT6           |
    | grp_node_0_0_Pipeline_l_S_t_1_t_fu_256/hadd_16ns_16ns_16_3_no_dsp_1_U1/node_0_0_hadd_16ns_16ns_16_3_no_dsp_1_ip_u/U0/i_synth/ADDSUB_OP.ADDSUB/LOGIC_SPEED.OP/NORM/LZE/ZERO_DET_CC_1/RESULT_REG.NORMAL.exp_op[4]_i_1                                                                      | CLB.LUT.LUT6           |
    | grp_node_0_0_Pipeline_l_S_t_1_t_fu_256/hadd_16ns_16ns_16_3_no_dsp_1_U1/node_0_0_hadd_16ns_16ns_16_3_no_dsp_1_ip_u/U0/i_synth/ADDSUB_OP.ADDSUB/LOGIC_SPEED.OP/OP/RESULT_REG.NORMAL.exp_op_reg[4]                                                                                          | REGISTER.SDR.FDRE      |
    | grp_node_0_0_Pipeline_l_S_t_1_t_fu_256/hadd_16ns_16ns_16_3_no_dsp_1_U1/din1_buf1_reg[9]_replica                                                                                                                                                                                          | REGISTER.SDR.FDRE      |
    | grp_node_0_0_Pipeline_l_S_t_1_t_fu_256/hadd_16ns_16ns_16_3_no_dsp_1_U1/node_0_0_hadd_16ns_16ns_16_3_no_dsp_1_ip_u/U0/i_synth/ADDSUB_OP.ADDSUB/LOGIC_SPEED.OP/EXP/NUMB_CMP/NOT_FAST.CMP/C_CHAIN/CHAIN_GEN[4].C_MUX.CARRY_MUX_i_1__3                                                       | CLB.LUT.LUT4           |
    | grp_node_0_0_Pipeline_l_S_t_1_t_fu_256/hadd_16ns_16ns_16_3_no_dsp_1_U1/node_0_0_hadd_16ns_16ns_16_3_no_dsp_1_ip_u/U0/i_synth/ADDSUB_OP.ADDSUB/LOGIC_SPEED.OP/EXP/NUMB_CMP/NOT_FAST.CMP/C_CHAIN/CHAIN_GEN[0].C_MUX.CARRY_MUX_CARRY4_CARRY8                                                | CLB.CARRY.CARRY8       |
    | grp_node_0_0_Pipeline_l_S_t_1_t_fu_256/hadd_16ns_16ns_16_3_no_dsp_1_U1/node_0_0_hadd_16ns_16ns_16_3_no_dsp_1_ip_u/U0/i_synth/ADDSUB_OP.ADDSUB/LOGIC_SPEED.OP/EXP/NUMB_CMP/NOT_FAST.CMP/C_CHAIN/CHAIN_GEN[1].C_MUX.CARRY_MUX_i_2__3                                                       | CLB.LUT.LUT6           |
    | grp_node_0_0_Pipeline_l_S_t_1_t_fu_256/hadd_16ns_16ns_16_3_no_dsp_1_U1/node_0_0_hadd_16ns_16ns_16_3_no_dsp_1_ip_u/U0/i_synth/ADDSUB_OP.ADDSUB/LOGIC_SPEED.OP/EXP/NUMB_CMP/NOT_FAST.CMP/C_CHAIN/CHAIN_GEN[1].C_MUX.CARRY_MUX_i_1__5                                                       | CLB.LUT.LUT4           |
    | grp_node_0_0_Pipeline_l_S_t_1_t_fu_256/hadd_16ns_16ns_16_3_no_dsp_1_U1/node_0_0_hadd_16ns_16ns_16_3_no_dsp_1_ip_u/U0/i_synth/ADDSUB_OP.ADDSUB/LOGIC_SPEED.OP/ALIGN_BLK/ALIGN_SHIFT/ALIGN_Z_D/EQ_ZERO/CARRY_ZERO_DET/CHAIN_GEN[0].C_MUX.CARRY_MUX_CARRY4_CARRY8                           | CLB.CARRY.CARRY8       |
    | grp_node_0_0_Pipeline_l_S_t_1_t_fu_256/hadd_16ns_16ns_16_3_no_dsp_1_U1/node_0_0_hadd_16ns_16ns_16_3_no_dsp_1_ip_u/U0/i_synth/ADDSUB_OP.ADDSUB/LOGIC_SPEED.OP/EXP/NUMB_CMP/NOT_FAST.CMP/C_CHAIN/STRUCT_ADD1.CARRY_MUX2_i_7                                                                | CLB.LUT.LUT5           |
    | grp_node_0_0_Pipeline_l_S_t_1_t_fu_256/hadd_16ns_16ns_16_3_no_dsp_1_U1/node_0_0_hadd_16ns_16ns_16_3_no_dsp_1_ip_u/U0/i_synth/ADDSUB_OP.ADDSUB/LOGIC_SPEED.OP/EXP/NUMB_CMP/NOT_FAST.CMP/C_CHAIN/STRUCT_ADD1.CARRY_MUX2_i_2                                                                | CLB.LUT.LUT6           |
    | grp_node_0_0_Pipeline_l_S_t_1_t_fu_256/hadd_16ns_16ns_16_3_no_dsp_1_U1/node_0_0_hadd_16ns_16ns_16_3_no_dsp_1_ip_u/U0/i_synth/ADDSUB_OP.ADDSUB/LOGIC_SPEED.OP/EXP/NUMB_CMP/NOT_FAST.CMP/C_CHAIN/STRUCT_ADD1.CARRY_MUX2_i_1                                                                | CLB.LUT.LUT6           |
    | grp_node_0_0_Pipeline_l_S_t_1_t_fu_256/hadd_16ns_16ns_16_3_no_dsp_1_U1/node_0_0_hadd_16ns_16ns_16_3_no_dsp_1_ip_u/U0/i_synth/ADDSUB_OP.ADDSUB/LOGIC_SPEED.OP/ALIGN_BLK/FRAC_ADDSUB/LOGIC_ADD.FRAC_ADDSUB/STRUCT_ADD1.CARRY_MUX1_CARRY4_CARRY8                                            | CLB.CARRY.CARRY8       |
    | grp_node_0_0_Pipeline_l_S_t_1_t_fu_256/hadd_16ns_16ns_16_3_no_dsp_1_U1/node_0_0_hadd_16ns_16ns_16_3_no_dsp_1_ip_u/U0/i_synth/ADDSUB_OP.ADDSUB/LOGIC_SPEED.OP/ALIGN_BLK/FRAC_ADDSUB/LOGIC_ADD.FRAC_ADDSUB/STRUCT_ADD2.ADD1/CHAIN_GEN[0].C_MUX.CARRY_MUX_CARRY4_CARRY8                     | CLB.CARRY.CARRY8       |
    | grp_node_0_0_Pipeline_l_S_t_1_t_fu_256/hadd_16ns_16ns_16_3_no_dsp_1_U1/node_0_0_hadd_16ns_16ns_16_3_no_dsp_1_ip_u/U0/i_synth/ADDSUB_OP.ADDSUB/LOGIC_SPEED.OP/ALIGN_BLK/FRAC_ADDSUB/LOGIC_ADD.FRAC_ADDSUB/STRUCT_ADD2.ADD1/CHAIN_GEN[0].C_MUX.CARRY_MUX_i_1__2                            | CLB.LUT.LUT4           |
    | grp_node_0_0_Pipeline_l_S_t_1_t_fu_256/hadd_16ns_16ns_16_3_no_dsp_1_U1/node_0_0_hadd_16ns_16ns_16_3_no_dsp_1_ip_u/U0/i_synth/ADDSUB_OP.ADDSUB/LOGIC_SPEED.OP/NORM/LZE/ZERO_DET_CC_1/CHAIN_GEN[0].C_MUX.CARRY_MUX_CARRY4_CARRY8                                                           | CLB.CARRY.CARRY8       |
    | grp_node_0_0_Pipeline_l_S_t_1_t_fu_256/hadd_16ns_16ns_16_3_no_dsp_1_U1/node_0_0_hadd_16ns_16ns_16_3_no_dsp_1_ip_u/U0/i_synth/ADDSUB_OP.ADDSUB/LOGIC_SPEED.OP/ALIGN_BLK/FRAC_ADDSUB/LOGIC_ADD.FRAC_ADDSUB/STRUCT_ADD2.ADD1/RESULT_REG.NORMAL.exp_op[2]_i_7                                | CLB.LUT.LUT5           |
    | grp_node_0_0_Pipeline_l_S_t_1_t_fu_256/hadd_16ns_16ns_16_3_no_dsp_1_U1/node_0_0_hadd_16ns_16ns_16_3_no_dsp_1_ip_u/U0/i_synth/ADDSUB_OP.ADDSUB/LOGIC_SPEED.OP/ALIGN_BLK/FRAC_ADDSUB/LOGIC_ADD.FRAC_ADDSUB/STRUCT_ADD1.ADD1/RESULT_REG.NORMAL.exp_op[1]_i_3                                | CLB.LUT.LUT5           |
    | grp_node_0_0_Pipeline_l_S_t_1_t_fu_256/hadd_16ns_16ns_16_3_no_dsp_1_U1/node_0_0_hadd_16ns_16ns_16_3_no_dsp_1_ip_u/U0/i_synth/ADDSUB_OP.ADDSUB/LOGIC_SPEED.OP/ALIGN_BLK/FRAC_ADDSUB/LOGIC_ADD.FRAC_ADDSUB/STRUCT_ADD1.ADD1/CHAIN_GEN[0].C_MUX.CARRY_MUX_i_6__0                            | CLB.LUT.LUT5           |
    | grp_node_0_0_Pipeline_l_S_t_1_t_fu_256/hadd_16ns_16ns_16_3_no_dsp_1_U1/node_0_0_hadd_16ns_16ns_16_3_no_dsp_1_ip_u/U0/i_synth/ADDSUB_OP.ADDSUB/LOGIC_SPEED.OP/ALIGN_BLK/FRAC_ADDSUB/LOGIC_ADD.FRAC_ADDSUB/STRUCT_ADD1.ADD1/CHAIN_GEN[0].C_MUX.CARRY_MUX_i_3__0                            | CLB.LUT.LUT6           |
    | grp_node_0_0_Pipeline_l_S_t_1_t_fu_256/hadd_16ns_16ns_16_3_no_dsp_1_U1/node_0_0_hadd_16ns_16ns_16_3_no_dsp_1_ip_u/U0/i_synth/ADDSUB_OP.ADDSUB/LOGIC_SPEED.OP/ALIGN_BLK/FRAC_ADDSUB/LOGIC_ADD.FRAC_ADDSUB/STRUCT_ADD1.ADD1/CHAIN_GEN[0].C_MUX.CARRY_MUX_i_1__10                           | CLB.LUT.LUT5           |
    | grp_node_0_0_Pipeline_l_S_t_1_t_fu_256/hadd_16ns_16ns_16_3_no_dsp_1_U1/node_0_0_hadd_16ns_16ns_16_3_no_dsp_1_ip_u/U0/i_synth/ADDSUB_OP.ADDSUB/LOGIC_SPEED.OP/NORM/ROUND/RND_BIT_GEN/NORM_2.RND_CHAIN/CHAIN_GEN[0].C_MUX.CARRY_MUX_CARRY4_CARRY8                                          | CLB.CARRY.CARRY8       |
    | grp_node_0_0_Pipeline_l_S_t_1_t_fu_256/hadd_16ns_16ns_16_3_no_dsp_1_U1/node_0_0_hadd_16ns_16ns_16_3_no_dsp_1_ip_u/U0/i_synth/ADDSUB_OP.ADDSUB/LOGIC_SPEED.OP/NORM/ROUND/LOGIC.RND1/CHAIN_GEN[2].C_MUX.CARRY_MUX_CARRY4_CARRY8                                                            | CLB.CARRY.CARRY8       |
    | grp_node_0_0_Pipeline_l_S_t_1_t_fu_256/hadd_16ns_16ns_16_3_no_dsp_1_U1/node_0_0_hadd_16ns_16ns_16_3_no_dsp_1_ip_u/U0/i_synth/ADDSUB_OP.ADDSUB/LOGIC_SPEED.OP/NORM/ROUND/LOGIC.RND2/CHAIN_GEN[5].Q_XOR.SUM_XOR_CARRY4_CARRY8                                                              | CLB.CARRY.CARRY8       |
    | grp_node_0_0_Pipeline_l_S_t_1_t_fu_256/hadd_16ns_16ns_16_3_no_dsp_1_U1/node_0_0_hadd_16ns_16ns_16_3_no_dsp_1_ip_u/U0/i_synth/ADDSUB_OP.ADDSUB/LOGIC_SPEED.OP/NORM/LZE/ZERO_DET_CC_1/RESULT_REG.NORMAL.exp_op[4]_i_3                                                                      | CLB.LUT.LUT6           |
    | grp_node_0_0_Pipeline_l_S_t_1_t_fu_256/hadd_16ns_16ns_16_3_no_dsp_1_U1/node_0_0_hadd_16ns_16ns_16_3_no_dsp_1_ip_u/U0/i_synth/ADDSUB_OP.ADDSUB/LOGIC_SPEED.OP/NORM/LZE/ZERO_DET_CC_1/RESULT_REG.NORMAL.exp_op[3]_i_1                                                                      | CLB.LUT.LUT6           |
    | grp_node_0_0_Pipeline_l_S_t_1_t_fu_256/hadd_16ns_16ns_16_3_no_dsp_1_U1/node_0_0_hadd_16ns_16ns_16_3_no_dsp_1_ip_u/U0/i_synth/ADDSUB_OP.ADDSUB/LOGIC_SPEED.OP/OP/RESULT_REG.NORMAL.exp_op_reg[3]                                                                                          | REGISTER.SDR.FDRE      |
    | grp_node_0_0_Pipeline_l_S_t_1_t_fu_256/hadd_16ns_16ns_16_3_no_dsp_1_U1/din0_buf1_reg[8]                                                                                                                                                                                                  | REGISTER.SDR.FDRE      |
    | grp_node_0_0_Pipeline_l_S_t_1_t_fu_256/hsub_16ns_16ns_16_3_no_dsp_1_U2/node_0_0_hsub_16ns_16ns_16_3_no_dsp_1_ip_u/U0/i_synth/ADDSUB_OP.ADDSUB/LOGIC_SPEED.OP/EXP/NUMB_CMP/NOT_FAST.CMP/C_CHAIN/CHAIN_GEN[4].C_MUX.CARRY_MUX_i_1__3                                                       | CLB.LUT.LUT4           |
    | grp_node_0_0_Pipeline_l_S_t_1_t_fu_256/hsub_16ns_16ns_16_3_no_dsp_1_U2/node_0_0_hsub_16ns_16ns_16_3_no_dsp_1_ip_u/U0/i_synth/ADDSUB_OP.ADDSUB/LOGIC_SPEED.OP/EXP/NUMB_CMP/NOT_FAST.CMP/C_CHAIN/CHAIN_GEN[0].C_MUX.CARRY_MUX_CARRY4_CARRY8                                                | CLB.CARRY.CARRY8       |
    | grp_node_0_0_Pipeline_l_S_t_1_t_fu_256/hsub_16ns_16ns_16_3_no_dsp_1_U2/node_0_0_hsub_16ns_16ns_16_3_no_dsp_1_ip_u/U0/i_synth/ADDSUB_OP.ADDSUB/LOGIC_SPEED.OP/EXP/NUMB_CMP/NOT_FAST.CMP/C_CHAIN/CHAIN_GEN[1].C_MUX.CARRY_MUX_i_3__1                                                       | CLB.LUT.LUT6           |
    | grp_node_0_0_Pipeline_l_S_t_1_t_fu_256/hsub_16ns_16ns_16_3_no_dsp_1_U2/node_0_0_hsub_16ns_16ns_16_3_no_dsp_1_ip_u/U0/i_synth/ADDSUB_OP.ADDSUB/LOGIC_SPEED.OP/EXP/NUMB_CMP/NOT_FAST.CMP/C_CHAIN/CHAIN_GEN[1].C_MUX.CARRY_MUX_i_1__1                                                       | CLB.LUT.LUT4           |
    | grp_node_0_0_Pipeline_l_S_t_1_t_fu_256/hsub_16ns_16ns_16_3_no_dsp_1_U2/node_0_0_hsub_16ns_16ns_16_3_no_dsp_1_ip_u/U0/i_synth/ADDSUB_OP.ADDSUB/LOGIC_SPEED.OP/ALIGN_BLK/ALIGN_SHIFT/ALIGN_Z_D/EQ_ZERO/CARRY_ZERO_DET/CHAIN_GEN[0].C_MUX.CARRY_MUX_CARRY4_CARRY8                           | CLB.CARRY.CARRY8       |
    | grp_node_0_0_Pipeline_l_S_t_1_t_fu_256/hsub_16ns_16ns_16_3_no_dsp_1_U2/node_0_0_hsub_16ns_16ns_16_3_no_dsp_1_ip_u/U0/i_synth/ADDSUB_OP.ADDSUB/LOGIC_SPEED.OP/EXP/NUMB_CMP/NOT_FAST.CMP/C_CHAIN/STRUCT_ADD1.CARRY_MUX2_i_2                                                                | CLB.LUT.LUT5           |
    | grp_node_0_0_Pipeline_l_S_t_1_t_fu_256/hsub_16ns_16ns_16_3_no_dsp_1_U2/node_0_0_hsub_16ns_16ns_16_3_no_dsp_1_ip_u/U0/i_synth/ADDSUB_OP.ADDSUB/LOGIC_SPEED.OP/EXP/NUMB_CMP/NOT_FAST.CMP/C_CHAIN/STRUCT_ADD1.CARRY_MUX2_i_1                                                                | CLB.LUT.LUT6           |
    | grp_node_0_0_Pipeline_l_S_t_1_t_fu_256/hsub_16ns_16ns_16_3_no_dsp_1_U2/node_0_0_hsub_16ns_16ns_16_3_no_dsp_1_ip_u/U0/i_synth/ADDSUB_OP.ADDSUB/LOGIC_SPEED.OP/ALIGN_BLK/FRAC_ADDSUB/LOGIC_ADD.FRAC_ADDSUB/STRUCT_ADD1.CARRY_MUX1_CARRY4_CARRY8                                            | CLB.CARRY.CARRY8       |
    | grp_node_0_0_Pipeline_l_S_t_1_t_fu_256/hsub_16ns_16ns_16_3_no_dsp_1_U2/node_0_0_hsub_16ns_16ns_16_3_no_dsp_1_ip_u/U0/i_synth/ADDSUB_OP.ADDSUB/LOGIC_SPEED.OP/ALIGN_BLK/FRAC_ADDSUB/LOGIC_ADD.FRAC_ADDSUB/STRUCT_ADD2.ADD1/CHAIN_GEN[0].C_MUX.CARRY_MUX_CARRY4_CARRY8                     | CLB.CARRY.CARRY8       |
    | grp_node_0_0_Pipeline_l_S_t_1_t_fu_256/hsub_16ns_16ns_16_3_no_dsp_1_U2/node_0_0_hsub_16ns_16ns_16_3_no_dsp_1_ip_u/U0/i_synth/ADDSUB_OP.ADDSUB/LOGIC_SPEED.OP/ALIGN_BLK/FRAC_ADDSUB/LOGIC_ADD.FRAC_ADDSUB/STRUCT_ADD2.ADD1/CHAIN_GEN[1].C_MUX.CARRY_MUX_i_1__4                            | CLB.LUT.LUT4           |
    | grp_node_0_0_Pipeline_l_S_t_1_t_fu_256/hsub_16ns_16ns_16_3_no_dsp_1_U2/node_0_0_hsub_16ns_16ns_16_3_no_dsp_1_ip_u/U0/i_synth/ADDSUB_OP.ADDSUB/LOGIC_SPEED.OP/NORM/LZE/ZERO_DET_CC_1/CHAIN_GEN[0].C_MUX.CARRY_MUX_CARRY4_CARRY8                                                           | CLB.CARRY.CARRY8       |
    | grp_node_0_0_Pipeline_l_S_t_1_t_fu_256/hsub_16ns_16ns_16_3_no_dsp_1_U2/node_0_0_hsub_16ns_16ns_16_3_no_dsp_1_ip_u/U0/i_synth/ADDSUB_OP.ADDSUB/LOGIC_SPEED.OP/ALIGN_BLK/FRAC_ADDSUB/LOGIC_ADD.FRAC_ADDSUB/STRUCT_ADD2.ADD1/CHAIN_GEN[1].C_MUX.CARRY_MUX_i_5__1                            | CLB.LUT.LUT6           |
    | grp_node_0_0_Pipeline_l_S_t_1_t_fu_256/hsub_16ns_16ns_16_3_no_dsp_1_U2/node_0_0_hsub_16ns_16ns_16_3_no_dsp_1_ip_u/U0/i_synth/ADDSUB_OP.ADDSUB/LOGIC_SPEED.OP/ALIGN_BLK/FRAC_ADDSUB/LOGIC_ADD.FRAC_ADDSUB/STRUCT_ADD2.ADD1/CHAIN_GEN[1].C_MUX.CARRY_MUX_i_2__3                            | CLB.LUT.LUT6           |
    | grp_node_0_0_Pipeline_l_S_t_1_t_fu_256/hsub_16ns_16ns_16_3_no_dsp_1_U2/node_0_0_hsub_16ns_16ns_16_3_no_dsp_1_ip_u/U0/i_synth/ADDSUB_OP.ADDSUB/LOGIC_SPEED.OP/ALIGN_BLK/FRAC_ADDSUB/LOGIC_ADD.FRAC_ADDSUB/STRUCT_ADD2.ADD1/CHAIN_GEN[0].C_MUX.CARRY_MUX_i_6__0                            | CLB.LUT.LUT5           |
    | grp_node_0_0_Pipeline_l_S_t_1_t_fu_256/hsub_16ns_16ns_16_3_no_dsp_1_U2/node_0_0_hsub_16ns_16ns_16_3_no_dsp_1_ip_u/U0/i_synth/ADDSUB_OP.ADDSUB/LOGIC_SPEED.OP/ALIGN_BLK/FRAC_ADDSUB/LOGIC_ADD.FRAC_ADDSUB/STRUCT_ADD1.ADD1/CHAIN_GEN[0].C_MUX.CARRY_MUX_i_5__0                            | CLB.LUT.LUT6           |
    | grp_node_0_0_Pipeline_l_S_t_1_t_fu_256/hsub_16ns_16ns_16_3_no_dsp_1_U2/node_0_0_hsub_16ns_16ns_16_3_no_dsp_1_ip_u/U0/i_synth/ADDSUB_OP.ADDSUB/LOGIC_SPEED.OP/ALIGN_BLK/FRAC_ADDSUB/LOGIC_ADD.FRAC_ADDSUB/STRUCT_ADD1.ADD1/CHAIN_GEN[0].C_MUX.CARRY_MUX_i_1__9                            | CLB.LUT.LUT6           |
    | grp_node_0_0_Pipeline_l_S_t_1_t_fu_256/hsub_16ns_16ns_16_3_no_dsp_1_U2/node_0_0_hsub_16ns_16ns_16_3_no_dsp_1_ip_u/U0/i_synth/ADDSUB_OP.ADDSUB/LOGIC_SPEED.OP/NORM/ROUND/RND_BIT_GEN/NORM_2.RND_CHAIN/CHAIN_GEN[0].C_MUX.CARRY_MUX_CARRY4_CARRY8                                          | CLB.CARRY.CARRY8       |
    | grp_node_0_0_Pipeline_l_S_t_1_t_fu_256/hsub_16ns_16ns_16_3_no_dsp_1_U2/node_0_0_hsub_16ns_16ns_16_3_no_dsp_1_ip_u/U0/i_synth/ADDSUB_OP.ADDSUB/LOGIC_SPEED.OP/NORM/ROUND/LOGIC.RND1/CHAIN_GEN[2].C_MUX.CARRY_MUX_CARRY4_CARRY8                                                            | CLB.CARRY.CARRY8       |
    | grp_node_0_0_Pipeline_l_S_t_1_t_fu_256/hsub_16ns_16ns_16_3_no_dsp_1_U2/node_0_0_hsub_16ns_16ns_16_3_no_dsp_1_ip_u/U0/i_synth/ADDSUB_OP.ADDSUB/LOGIC_SPEED.OP/NORM/ROUND/LOGIC.RND2/CHAIN_GEN[5].Q_XOR.SUM_XOR_CARRY4_CARRY8                                                              | CLB.CARRY.CARRY8       |
    | grp_node_0_0_Pipeline_l_S_t_1_t_fu_256/hsub_16ns_16ns_16_3_no_dsp_1_U2/node_0_0_hsub_16ns_16ns_16_3_no_dsp_1_ip_u/U0/i_synth/ADDSUB_OP.ADDSUB/LOGIC_SPEED.OP/ALIGN_BLK/FRAC_ADDSUB/LOGIC_ADD.FRAC_ADDSUB/STRUCT_ADD1.ADD1/RESULT_REG.NORMAL.exp_op[0]_i_2                                | CLB.LUT.LUT6           |
    | grp_node_0_0_Pipeline_l_S_t_1_t_fu_256/hsub_16ns_16ns_16_3_no_dsp_1_U2/node_0_0_hsub_16ns_16ns_16_3_no_dsp_1_ip_u/U0/i_synth/ADDSUB_OP.ADDSUB/LOGIC_SPEED.OP/EXP/EXP_OFF.STRUCT_ADD/RESULT_REG.NORMAL.exp_op[0]_i_1                                                                      | CLB.LUT.LUT6           |
    | grp_node_0_0_Pipeline_l_S_t_1_t_fu_256/hsub_16ns_16ns_16_3_no_dsp_1_U2/node_0_0_hsub_16ns_16ns_16_3_no_dsp_1_ip_u/U0/i_synth/ADDSUB_OP.ADDSUB/LOGIC_SPEED.OP/OP/RESULT_REG.NORMAL.exp_op_reg[0]                                                                                          | REGISTER.SDR.FDRE      |
    | grp_node_0_0_Pipeline_l_S_t_1_t_fu_256/hadd_16ns_16ns_16_3_no_dsp_1_U1/din1_buf1_reg[9]_replica                                                                                                                                                                                          | REGISTER.SDR.FDRE      |
    | grp_node_0_0_Pipeline_l_S_t_1_t_fu_256/hadd_16ns_16ns_16_3_no_dsp_1_U1/node_0_0_hadd_16ns_16ns_16_3_no_dsp_1_ip_u/U0/i_synth/ADDSUB_OP.ADDSUB/LOGIC_SPEED.OP/EXP/NUMB_CMP/NOT_FAST.CMP/C_CHAIN/CHAIN_GEN[4].C_MUX.CARRY_MUX_i_1__3                                                       | CLB.LUT.LUT4           |
    | grp_node_0_0_Pipeline_l_S_t_1_t_fu_256/hadd_16ns_16ns_16_3_no_dsp_1_U1/node_0_0_hadd_16ns_16ns_16_3_no_dsp_1_ip_u/U0/i_synth/ADDSUB_OP.ADDSUB/LOGIC_SPEED.OP/EXP/NUMB_CMP/NOT_FAST.CMP/C_CHAIN/CHAIN_GEN[0].C_MUX.CARRY_MUX_CARRY4_CARRY8                                                | CLB.CARRY.CARRY8       |
    | grp_node_0_0_Pipeline_l_S_t_1_t_fu_256/hadd_16ns_16ns_16_3_no_dsp_1_U1/node_0_0_hadd_16ns_16ns_16_3_no_dsp_1_ip_u/U0/i_synth/ADDSUB_OP.ADDSUB/LOGIC_SPEED.OP/EXP/NUMB_CMP/NOT_FAST.CMP/C_CHAIN/CHAIN_GEN[1].C_MUX.CARRY_MUX_i_2__3                                                       | CLB.LUT.LUT6           |
    | grp_node_0_0_Pipeline_l_S_t_1_t_fu_256/hadd_16ns_16ns_16_3_no_dsp_1_U1/node_0_0_hadd_16ns_16ns_16_3_no_dsp_1_ip_u/U0/i_synth/ADDSUB_OP.ADDSUB/LOGIC_SPEED.OP/EXP/NUMB_CMP/NOT_FAST.CMP/C_CHAIN/CHAIN_GEN[1].C_MUX.CARRY_MUX_i_1__5                                                       | CLB.LUT.LUT4           |
    | grp_node_0_0_Pipeline_l_S_t_1_t_fu_256/hadd_16ns_16ns_16_3_no_dsp_1_U1/node_0_0_hadd_16ns_16ns_16_3_no_dsp_1_ip_u/U0/i_synth/ADDSUB_OP.ADDSUB/LOGIC_SPEED.OP/ALIGN_BLK/ALIGN_SHIFT/ALIGN_Z_D/EQ_ZERO/CARRY_ZERO_DET/CHAIN_GEN[0].C_MUX.CARRY_MUX_CARRY4_CARRY8                           | CLB.CARRY.CARRY8       |
    | grp_node_0_0_Pipeline_l_S_t_1_t_fu_256/hadd_16ns_16ns_16_3_no_dsp_1_U1/node_0_0_hadd_16ns_16ns_16_3_no_dsp_1_ip_u/U0/i_synth/ADDSUB_OP.ADDSUB/LOGIC_SPEED.OP/EXP/NUMB_CMP/NOT_FAST.CMP/C_CHAIN/STRUCT_ADD1.CARRY_MUX2_i_7                                                                | CLB.LUT.LUT5           |
    | grp_node_0_0_Pipeline_l_S_t_1_t_fu_256/hadd_16ns_16ns_16_3_no_dsp_1_U1/node_0_0_hadd_16ns_16ns_16_3_no_dsp_1_ip_u/U0/i_synth/ADDSUB_OP.ADDSUB/LOGIC_SPEED.OP/EXP/NUMB_CMP/NOT_FAST.CMP/C_CHAIN/STRUCT_ADD1.CARRY_MUX2_i_2                                                                | CLB.LUT.LUT6           |
    | grp_node_0_0_Pipeline_l_S_t_1_t_fu_256/hadd_16ns_16ns_16_3_no_dsp_1_U1/node_0_0_hadd_16ns_16ns_16_3_no_dsp_1_ip_u/U0/i_synth/ADDSUB_OP.ADDSUB/LOGIC_SPEED.OP/EXP/NUMB_CMP/NOT_FAST.CMP/C_CHAIN/STRUCT_ADD1.CARRY_MUX2_i_1                                                                | CLB.LUT.LUT6           |
    | grp_node_0_0_Pipeline_l_S_t_1_t_fu_256/hadd_16ns_16ns_16_3_no_dsp_1_U1/node_0_0_hadd_16ns_16ns_16_3_no_dsp_1_ip_u/U0/i_synth/ADDSUB_OP.ADDSUB/LOGIC_SPEED.OP/ALIGN_BLK/FRAC_ADDSUB/LOGIC_ADD.FRAC_ADDSUB/STRUCT_ADD1.CARRY_MUX1_CARRY4_CARRY8                                            | CLB.CARRY.CARRY8       |
    | grp_node_0_0_Pipeline_l_S_t_1_t_fu_256/hadd_16ns_16ns_16_3_no_dsp_1_U1/node_0_0_hadd_16ns_16ns_16_3_no_dsp_1_ip_u/U0/i_synth/ADDSUB_OP.ADDSUB/LOGIC_SPEED.OP/ALIGN_BLK/FRAC_ADDSUB/LOGIC_ADD.FRAC_ADDSUB/STRUCT_ADD2.ADD1/CHAIN_GEN[0].C_MUX.CARRY_MUX_CARRY4_CARRY8                     | CLB.CARRY.CARRY8       |
    | grp_node_0_0_Pipeline_l_S_t_1_t_fu_256/hadd_16ns_16ns_16_3_no_dsp_1_U1/node_0_0_hadd_16ns_16ns_16_3_no_dsp_1_ip_u/U0/i_synth/ADDSUB_OP.ADDSUB/LOGIC_SPEED.OP/ALIGN_BLK/FRAC_ADDSUB/LOGIC_ADD.FRAC_ADDSUB/STRUCT_ADD2.ADD1/CHAIN_GEN[0].C_MUX.CARRY_MUX_i_1__2                            | CLB.LUT.LUT4           |
    | grp_node_0_0_Pipeline_l_S_t_1_t_fu_256/hadd_16ns_16ns_16_3_no_dsp_1_U1/node_0_0_hadd_16ns_16ns_16_3_no_dsp_1_ip_u/U0/i_synth/ADDSUB_OP.ADDSUB/LOGIC_SPEED.OP/NORM/LZE/ZERO_DET_CC_1/CHAIN_GEN[0].C_MUX.CARRY_MUX_CARRY4_CARRY8                                                           | CLB.CARRY.CARRY8       |
    | grp_node_0_0_Pipeline_l_S_t_1_t_fu_256/hadd_16ns_16ns_16_3_no_dsp_1_U1/node_0_0_hadd_16ns_16ns_16_3_no_dsp_1_ip_u/U0/i_synth/ADDSUB_OP.ADDSUB/LOGIC_SPEED.OP/ALIGN_BLK/FRAC_ADDSUB/LOGIC_ADD.FRAC_ADDSUB/STRUCT_ADD2.ADD1/RESULT_REG.NORMAL.exp_op[2]_i_7                                | CLB.LUT.LUT5           |
    | grp_node_0_0_Pipeline_l_S_t_1_t_fu_256/hadd_16ns_16ns_16_3_no_dsp_1_U1/node_0_0_hadd_16ns_16ns_16_3_no_dsp_1_ip_u/U0/i_synth/ADDSUB_OP.ADDSUB/LOGIC_SPEED.OP/ALIGN_BLK/FRAC_ADDSUB/LOGIC_ADD.FRAC_ADDSUB/STRUCT_ADD1.ADD1/RESULT_REG.NORMAL.exp_op[1]_i_3                                | CLB.LUT.LUT5           |
    | grp_node_0_0_Pipeline_l_S_t_1_t_fu_256/hadd_16ns_16ns_16_3_no_dsp_1_U1/node_0_0_hadd_16ns_16ns_16_3_no_dsp_1_ip_u/U0/i_synth/ADDSUB_OP.ADDSUB/LOGIC_SPEED.OP/ALIGN_BLK/FRAC_ADDSUB/LOGIC_ADD.FRAC_ADDSUB/STRUCT_ADD1.ADD1/CHAIN_GEN[0].C_MUX.CARRY_MUX_i_6__0                            | CLB.LUT.LUT5           |
    | grp_node_0_0_Pipeline_l_S_t_1_t_fu_256/hadd_16ns_16ns_16_3_no_dsp_1_U1/node_0_0_hadd_16ns_16ns_16_3_no_dsp_1_ip_u/U0/i_synth/ADDSUB_OP.ADDSUB/LOGIC_SPEED.OP/ALIGN_BLK/FRAC_ADDSUB/LOGIC_ADD.FRAC_ADDSUB/STRUCT_ADD1.ADD1/CHAIN_GEN[0].C_MUX.CARRY_MUX_i_3__0                            | CLB.LUT.LUT6           |
    | grp_node_0_0_Pipeline_l_S_t_1_t_fu_256/hadd_16ns_16ns_16_3_no_dsp_1_U1/node_0_0_hadd_16ns_16ns_16_3_no_dsp_1_ip_u/U0/i_synth/ADDSUB_OP.ADDSUB/LOGIC_SPEED.OP/ALIGN_BLK/FRAC_ADDSUB/LOGIC_ADD.FRAC_ADDSUB/STRUCT_ADD1.ADD1/CHAIN_GEN[0].C_MUX.CARRY_MUX_i_1__10                           | CLB.LUT.LUT5           |
    | grp_node_0_0_Pipeline_l_S_t_1_t_fu_256/hadd_16ns_16ns_16_3_no_dsp_1_U1/node_0_0_hadd_16ns_16ns_16_3_no_dsp_1_ip_u/U0/i_synth/ADDSUB_OP.ADDSUB/LOGIC_SPEED.OP/NORM/ROUND/RND_BIT_GEN/NORM_2.RND_CHAIN/CHAIN_GEN[0].C_MUX.CARRY_MUX_CARRY4_CARRY8                                          | CLB.CARRY.CARRY8       |
    | grp_node_0_0_Pipeline_l_S_t_1_t_fu_256/hadd_16ns_16ns_16_3_no_dsp_1_U1/node_0_0_hadd_16ns_16ns_16_3_no_dsp_1_ip_u/U0/i_synth/ADDSUB_OP.ADDSUB/LOGIC_SPEED.OP/NORM/ROUND/LOGIC.RND1/CHAIN_GEN[2].C_MUX.CARRY_MUX_CARRY4_CARRY8                                                            | CLB.CARRY.CARRY8       |
    | grp_node_0_0_Pipeline_l_S_t_1_t_fu_256/hadd_16ns_16ns_16_3_no_dsp_1_U1/node_0_0_hadd_16ns_16ns_16_3_no_dsp_1_ip_u/U0/i_synth/ADDSUB_OP.ADDSUB/LOGIC_SPEED.OP/EXP/COND_DET_A/MANT_CARRY.MANT_ALL_ZERO_DET/CARRY_ZERO_DET/RESULT_REG.NORMAL.mant_op[9]_i_1                                 | CLB.LUT.LUT6           |
    | grp_node_0_0_Pipeline_l_S_t_1_t_fu_256/hadd_16ns_16ns_16_3_no_dsp_1_U1/node_0_0_hadd_16ns_16ns_16_3_no_dsp_1_ip_u/U0/i_synth/ADDSUB_OP.ADDSUB/LOGIC_SPEED.OP/OP/RESULT_REG.NORMAL.mant_op_reg[9]                                                                                         | REGISTER.SDR.FDRE      |
    | grp_node_0_0_Pipeline_l_S_t_1_t_fu_256/hadd_16ns_16ns_16_3_no_dsp_1_U1/din0_buf1_reg[8]                                                                                                                                                                                                  | REGISTER.SDR.FDRE      |
    | grp_node_0_0_Pipeline_l_S_t_1_t_fu_256/hsub_16ns_16ns_16_3_no_dsp_1_U2/node_0_0_hsub_16ns_16ns_16_3_no_dsp_1_ip_u/U0/i_synth/ADDSUB_OP.ADDSUB/LOGIC_SPEED.OP/EXP/NUMB_CMP/NOT_FAST.CMP/C_CHAIN/CHAIN_GEN[4].C_MUX.CARRY_MUX_i_1__3                                                       | CLB.LUT.LUT4           |
    | grp_node_0_0_Pipeline_l_S_t_1_t_fu_256/hsub_16ns_16ns_16_3_no_dsp_1_U2/node_0_0_hsub_16ns_16ns_16_3_no_dsp_1_ip_u/U0/i_synth/ADDSUB_OP.ADDSUB/LOGIC_SPEED.OP/EXP/NUMB_CMP/NOT_FAST.CMP/C_CHAIN/CHAIN_GEN[0].C_MUX.CARRY_MUX_CARRY4_CARRY8                                                | CLB.CARRY.CARRY8       |
    | grp_node_0_0_Pipeline_l_S_t_1_t_fu_256/hsub_16ns_16ns_16_3_no_dsp_1_U2/node_0_0_hsub_16ns_16ns_16_3_no_dsp_1_ip_u/U0/i_synth/ADDSUB_OP.ADDSUB/LOGIC_SPEED.OP/EXP/NUMB_CMP/NOT_FAST.CMP/C_CHAIN/CHAIN_GEN[1].C_MUX.CARRY_MUX_i_3__1                                                       | CLB.LUT.LUT6           |
    | grp_node_0_0_Pipeline_l_S_t_1_t_fu_256/hsub_16ns_16ns_16_3_no_dsp_1_U2/node_0_0_hsub_16ns_16ns_16_3_no_dsp_1_ip_u/U0/i_synth/ADDSUB_OP.ADDSUB/LOGIC_SPEED.OP/EXP/NUMB_CMP/NOT_FAST.CMP/C_CHAIN/CHAIN_GEN[1].C_MUX.CARRY_MUX_i_1__1                                                       | CLB.LUT.LUT4           |
    | grp_node_0_0_Pipeline_l_S_t_1_t_fu_256/hsub_16ns_16ns_16_3_no_dsp_1_U2/node_0_0_hsub_16ns_16ns_16_3_no_dsp_1_ip_u/U0/i_synth/ADDSUB_OP.ADDSUB/LOGIC_SPEED.OP/ALIGN_BLK/ALIGN_SHIFT/ALIGN_Z_D/EQ_ZERO/CARRY_ZERO_DET/CHAIN_GEN[0].C_MUX.CARRY_MUX_CARRY4_CARRY8                           | CLB.CARRY.CARRY8       |
    | grp_node_0_0_Pipeline_l_S_t_1_t_fu_256/hsub_16ns_16ns_16_3_no_dsp_1_U2/node_0_0_hsub_16ns_16ns_16_3_no_dsp_1_ip_u/U0/i_synth/ADDSUB_OP.ADDSUB/LOGIC_SPEED.OP/EXP/NUMB_CMP/NOT_FAST.CMP/C_CHAIN/STRUCT_ADD1.CARRY_MUX2_i_2                                                                | CLB.LUT.LUT5           |
    | grp_node_0_0_Pipeline_l_S_t_1_t_fu_256/hsub_16ns_16ns_16_3_no_dsp_1_U2/node_0_0_hsub_16ns_16ns_16_3_no_dsp_1_ip_u/U0/i_synth/ADDSUB_OP.ADDSUB/LOGIC_SPEED.OP/EXP/NUMB_CMP/NOT_FAST.CMP/C_CHAIN/STRUCT_ADD1.CARRY_MUX2_i_1                                                                | CLB.LUT.LUT6           |
    | grp_node_0_0_Pipeline_l_S_t_1_t_fu_256/hsub_16ns_16ns_16_3_no_dsp_1_U2/node_0_0_hsub_16ns_16ns_16_3_no_dsp_1_ip_u/U0/i_synth/ADDSUB_OP.ADDSUB/LOGIC_SPEED.OP/ALIGN_BLK/FRAC_ADDSUB/LOGIC_ADD.FRAC_ADDSUB/STRUCT_ADD1.CARRY_MUX1_CARRY4_CARRY8                                            | CLB.CARRY.CARRY8       |
    | grp_node_0_0_Pipeline_l_S_t_1_t_fu_256/hsub_16ns_16ns_16_3_no_dsp_1_U2/node_0_0_hsub_16ns_16ns_16_3_no_dsp_1_ip_u/U0/i_synth/ADDSUB_OP.ADDSUB/LOGIC_SPEED.OP/ALIGN_BLK/FRAC_ADDSUB/LOGIC_ADD.FRAC_ADDSUB/STRUCT_ADD2.ADD1/CHAIN_GEN[0].C_MUX.CARRY_MUX_CARRY4_CARRY8                     | CLB.CARRY.CARRY8       |
    | grp_node_0_0_Pipeline_l_S_t_1_t_fu_256/hsub_16ns_16ns_16_3_no_dsp_1_U2/node_0_0_hsub_16ns_16ns_16_3_no_dsp_1_ip_u/U0/i_synth/ADDSUB_OP.ADDSUB/LOGIC_SPEED.OP/ALIGN_BLK/FRAC_ADDSUB/LOGIC_ADD.FRAC_ADDSUB/STRUCT_ADD2.ADD1/CHAIN_GEN[1].C_MUX.CARRY_MUX_i_1__4                            | CLB.LUT.LUT4           |
    | grp_node_0_0_Pipeline_l_S_t_1_t_fu_256/hsub_16ns_16ns_16_3_no_dsp_1_U2/node_0_0_hsub_16ns_16ns_16_3_no_dsp_1_ip_u/U0/i_synth/ADDSUB_OP.ADDSUB/LOGIC_SPEED.OP/NORM/LZE/ZERO_DET_CC_1/CHAIN_GEN[0].C_MUX.CARRY_MUX_CARRY4_CARRY8                                                           | CLB.CARRY.CARRY8       |
    | grp_node_0_0_Pipeline_l_S_t_1_t_fu_256/hsub_16ns_16ns_16_3_no_dsp_1_U2/node_0_0_hsub_16ns_16ns_16_3_no_dsp_1_ip_u/U0/i_synth/ADDSUB_OP.ADDSUB/LOGIC_SPEED.OP/ALIGN_BLK/FRAC_ADDSUB/LOGIC_ADD.FRAC_ADDSUB/STRUCT_ADD2.ADD1/CHAIN_GEN[1].C_MUX.CARRY_MUX_i_5__1                            | CLB.LUT.LUT6           |
    | grp_node_0_0_Pipeline_l_S_t_1_t_fu_256/hsub_16ns_16ns_16_3_no_dsp_1_U2/node_0_0_hsub_16ns_16ns_16_3_no_dsp_1_ip_u/U0/i_synth/ADDSUB_OP.ADDSUB/LOGIC_SPEED.OP/ALIGN_BLK/FRAC_ADDSUB/LOGIC_ADD.FRAC_ADDSUB/STRUCT_ADD2.ADD1/CHAIN_GEN[1].C_MUX.CARRY_MUX_i_2__3                            | CLB.LUT.LUT6           |
    | grp_node_0_0_Pipeline_l_S_t_1_t_fu_256/hsub_16ns_16ns_16_3_no_dsp_1_U2/node_0_0_hsub_16ns_16ns_16_3_no_dsp_1_ip_u/U0/i_synth/ADDSUB_OP.ADDSUB/LOGIC_SPEED.OP/ALIGN_BLK/FRAC_ADDSUB/LOGIC_ADD.FRAC_ADDSUB/STRUCT_ADD2.ADD1/CHAIN_GEN[0].C_MUX.CARRY_MUX_i_6__0                            | CLB.LUT.LUT5           |
    | grp_node_0_0_Pipeline_l_S_t_1_t_fu_256/hsub_16ns_16ns_16_3_no_dsp_1_U2/node_0_0_hsub_16ns_16ns_16_3_no_dsp_1_ip_u/U0/i_synth/ADDSUB_OP.ADDSUB/LOGIC_SPEED.OP/ALIGN_BLK/FRAC_ADDSUB/LOGIC_ADD.FRAC_ADDSUB/STRUCT_ADD1.ADD1/CHAIN_GEN[0].C_MUX.CARRY_MUX_i_5__0                            | CLB.LUT.LUT6           |
    | grp_node_0_0_Pipeline_l_S_t_1_t_fu_256/hsub_16ns_16ns_16_3_no_dsp_1_U2/node_0_0_hsub_16ns_16ns_16_3_no_dsp_1_ip_u/U0/i_synth/ADDSUB_OP.ADDSUB/LOGIC_SPEED.OP/ALIGN_BLK/FRAC_ADDSUB/LOGIC_ADD.FRAC_ADDSUB/STRUCT_ADD1.ADD1/CHAIN_GEN[0].C_MUX.CARRY_MUX_i_1__9                            | CLB.LUT.LUT6           |
    | grp_node_0_0_Pipeline_l_S_t_1_t_fu_256/hsub_16ns_16ns_16_3_no_dsp_1_U2/node_0_0_hsub_16ns_16ns_16_3_no_dsp_1_ip_u/U0/i_synth/ADDSUB_OP.ADDSUB/LOGIC_SPEED.OP/NORM/ROUND/RND_BIT_GEN/NORM_2.RND_CHAIN/CHAIN_GEN[0].C_MUX.CARRY_MUX_CARRY4_CARRY8                                          | CLB.CARRY.CARRY8       |
    | grp_node_0_0_Pipeline_l_S_t_1_t_fu_256/hsub_16ns_16ns_16_3_no_dsp_1_U2/node_0_0_hsub_16ns_16ns_16_3_no_dsp_1_ip_u/U0/i_synth/ADDSUB_OP.ADDSUB/LOGIC_SPEED.OP/NORM/ROUND/LOGIC.RND1/CHAIN_GEN[2].C_MUX.CARRY_MUX_CARRY4_CARRY8                                                            | CLB.CARRY.CARRY8       |
    | grp_node_0_0_Pipeline_l_S_t_1_t_fu_256/hsub_16ns_16ns_16_3_no_dsp_1_U2/node_0_0_hsub_16ns_16ns_16_3_no_dsp_1_ip_u/U0/i_synth/ADDSUB_OP.ADDSUB/LOGIC_SPEED.OP/NORM/ROUND/LOGIC.RND2/CHAIN_GEN[5].Q_XOR.SUM_XOR_CARRY4_CARRY8                                                              | CLB.CARRY.CARRY8       |
    | grp_node_0_0_Pipeline_l_S_t_1_t_fu_256/hsub_16ns_16ns_16_3_no_dsp_1_U2/node_0_0_hsub_16ns_16ns_16_3_no_dsp_1_ip_u/U0/i_synth/ADDSUB_OP.ADDSUB/LOGIC_SPEED.OP/EXP/EXP_OFF.STRUCT_ADD/RESULT_REG.NORMAL.exp_op[1]_i_2                                                                      | CLB.LUT.LUT5           |
    | grp_node_0_0_Pipeline_l_S_t_1_t_fu_256/hsub_16ns_16ns_16_3_no_dsp_1_U2/node_0_0_hsub_16ns_16ns_16_3_no_dsp_1_ip_u/U0/i_synth/ADDSUB_OP.ADDSUB/LOGIC_SPEED.OP/EXP/EXP_OFF.STRUCT_ADD/RESULT_REG.NORMAL.exp_op[1]_i_1                                                                      | CLB.LUT.LUT6           |
    | grp_node_0_0_Pipeline_l_S_t_1_t_fu_256/hsub_16ns_16ns_16_3_no_dsp_1_U2/node_0_0_hsub_16ns_16ns_16_3_no_dsp_1_ip_u/U0/i_synth/ADDSUB_OP.ADDSUB/LOGIC_SPEED.OP/OP/RESULT_REG.NORMAL.exp_op_reg[1]                                                                                          | REGISTER.SDR.FDRE      |
    +------------------------------------------------------------------------------------------------------------------------------------------------------------------------------------------------------------------------------------------------------------------------------------------+------------------------+

    +------------------------------------------------------------------------------------------------------------------------------------------------------------------------------------------------------------------------------------------------------------------------------------------+------------------------+
    | Path3 Cells                                                                                                                                                                                                                                                                              | Primitive Type         |
    +------------------------------------------------------------------------------------------------------------------------------------------------------------------------------------------------------------------------------------------------------------------------------------------+------------------------+
    | grp_node_0_0_Pipeline_l_S_t_1_t_fu_256/hadd_16ns_16ns_16_3_no_dsp_1_U1/din0_buf1_reg[7]_replica                                                                                                                                                                                          | REGISTER.SDR.FDRE      |
    | grp_node_0_0_Pipeline_l_S_t_1_t_fu_256/hmul_16ns_16ns_16_3_max_dsp_1_U3/node_0_0_hmul_16ns_16ns_16_3_max_dsp_1_ip_u/U0/i_synth/MULT.OP/i_non_prim.MULT/MULT_GEN_VARIANT.FIX_MULT/MULT/gDSP.gDSP_only.iDSP/use_prim.appDSP[0].bppDSP[0].use_dsp.use_dsp48e2.iDSP48E2/DSP_A_B_DATA_INST    | ARITHMETIC.DSP.DSP48E2 |
    | grp_node_0_0_Pipeline_l_S_t_1_t_fu_256/hmul_16ns_16ns_16_3_max_dsp_1_U3/node_0_0_hmul_16ns_16ns_16_3_max_dsp_1_ip_u/U0/i_synth/MULT.OP/i_non_prim.MULT/MULT_GEN_VARIANT.FIX_MULT/MULT/gDSP.gDSP_only.iDSP/use_prim.appDSP[0].bppDSP[0].use_dsp.use_dsp48e2.iDSP48E2/DSP_PREADD_DATA_INST | ARITHMETIC.DSP.DSP48E2 |
    | grp_node_0_0_Pipeline_l_S_t_1_t_fu_256/hmul_16ns_16ns_16_3_max_dsp_1_U3/node_0_0_hmul_16ns_16ns_16_3_max_dsp_1_ip_u/U0/i_synth/MULT.OP/i_non_prim.MULT/MULT_GEN_VARIANT.FIX_MULT/MULT/gDSP.gDSP_only.iDSP/use_prim.appDSP[0].bppDSP[0].use_dsp.use_dsp48e2.iDSP48E2/DSP_MULTIPLIER_INST  | ARITHMETIC.DSP.DSP48E2 |
    | grp_node_0_0_Pipeline_l_S_t_1_t_fu_256/hmul_16ns_16ns_16_3_max_dsp_1_U3/node_0_0_hmul_16ns_16ns_16_3_max_dsp_1_ip_u/U0/i_synth/MULT.OP/i_non_prim.MULT/MULT_GEN_VARIANT.FIX_MULT/MULT/gDSP.gDSP_only.iDSP/use_prim.appDSP[0].bppDSP[0].use_dsp.use_dsp48e2.iDSP48E2/DSP_M_DATA_INST      | ARITHMETIC.DSP.DSP48E2 |
    | grp_node_0_0_Pipeline_l_S_t_1_t_fu_256/hmul_16ns_16ns_16_3_max_dsp_1_U3/node_0_0_hmul_16ns_16ns_16_3_max_dsp_1_ip_u/U0/i_synth/MULT.OP/i_non_prim.MULT/MULT_GEN_VARIANT.FIX_MULT/MULT/gDSP.gDSP_only.iDSP/use_prim.appDSP[0].bppDSP[0].use_dsp.use_dsp48e2.iDSP48E2/DSP_ALU_INST         | ARITHMETIC.DSP.DSP48E2 |
    | grp_node_0_0_Pipeline_l_S_t_1_t_fu_256/hmul_16ns_16ns_16_3_max_dsp_1_U3/node_0_0_hmul_16ns_16ns_16_3_max_dsp_1_ip_u/U0/i_synth/MULT.OP/i_non_prim.MULT/MULT_GEN_VARIANT.FIX_MULT/MULT/gDSP.gDSP_only.iDSP/use_prim.appDSP[0].bppDSP[0].use_dsp.use_dsp48e2.iDSP48E2/DSP_OUTPUT_INST      | ARITHMETIC.DSP.DSP48E2 |
    | grp_node_0_0_Pipeline_l_S_t_1_t_fu_256/hmul_16ns_16ns_16_3_max_dsp_1_U3/node_0_0_hmul_16ns_16ns_16_3_max_dsp_1_ip_u/U0/i_synth/MULT.OP/i_non_prim.MULT/MULT_GEN_VARIANT.FIX_MULT/CHAIN_GEN[0].C_MUX.CARRY_MUX_i_1__0                                                                     | CLB.LUT.LUT3           |
    | grp_node_0_0_Pipeline_l_S_t_1_t_fu_256/hmul_16ns_16ns_16_3_max_dsp_1_U3/node_0_0_hmul_16ns_16ns_16_3_max_dsp_1_ip_u/U0/i_synth/MULT.OP/i_non_prim.R_AND_R/LOGIC.R_AND_R/RND_BIT_GEN/NORM_1_OR_0.STRUCT_REQ.GENERAL.RND1/CHAIN_GEN[0].C_MUX.CARRY_MUX_CARRY4_CARRY8                       | CLB.CARRY.CARRY8       |
    | grp_node_0_0_Pipeline_l_S_t_1_t_fu_256/hmul_16ns_16ns_16_3_max_dsp_1_U3/node_0_0_hmul_16ns_16ns_16_3_max_dsp_1_ip_u/U0/i_synth/MULT.OP/i_non_prim.R_AND_R/LOGIC.R_AND_R/DSP48_E1.DSP48E1_ADD.DSP48E1_ADD/i_no_versal_es1_workaround.DSP/DSP_A_B_DATA_INST                                | ARITHMETIC.DSP.DSP48E2 |
    | grp_node_0_0_Pipeline_l_S_t_1_t_fu_256/hmul_16ns_16ns_16_3_max_dsp_1_U3/node_0_0_hmul_16ns_16ns_16_3_max_dsp_1_ip_u/U0/i_synth/MULT.OP/i_non_prim.R_AND_R/LOGIC.R_AND_R/DSP48_E1.DSP48E1_ADD.DSP48E1_ADD/i_no_versal_es1_workaround.DSP/DSP_ALU_INST                                     | ARITHMETIC.DSP.DSP48E2 |
    | grp_node_0_0_Pipeline_l_S_t_1_t_fu_256/hmul_16ns_16ns_16_3_max_dsp_1_U3/node_0_0_hmul_16ns_16ns_16_3_max_dsp_1_ip_u/U0/i_synth/MULT.OP/i_non_prim.R_AND_R/LOGIC.R_AND_R/DSP48_E1.DSP48E1_ADD.DSP48E1_ADD/i_no_versal_es1_workaround.DSP/DSP_OUTPUT_INST                                  | ARITHMETIC.DSP.DSP48E2 |
    | grp_node_0_0_Pipeline_l_S_t_1_t_fu_256/hmul_16ns_16ns_16_3_max_dsp_1_U3/node_0_0_hmul_16ns_16ns_16_3_max_dsp_1_ip_u/U0/i_synth/MULT.OP/i_non_prim.R_AND_R/LOGIC.R_AND_R/EXP_ADD.ADD/CHAIN_GEN[0].C_MUX.CARRY_MUX_CARRY4_CARRY8                                                           | CLB.CARRY.CARRY8       |
    | grp_node_0_0_Pipeline_l_S_t_1_t_fu_256/hmul_16ns_16ns_16_3_max_dsp_1_U3/node_0_0_hmul_16ns_16ns_16_3_max_dsp_1_ip_u/U0/i_synth/MULT.OP/i_non_prim.R_AND_R/LOGIC.R_AND_R/EXP_ADD.ADD/RESULT_REG.NORMAL.exp_op[3]_i_1                                                                      | CLB.LUT.LUT2           |
    | grp_node_0_0_Pipeline_l_S_t_1_t_fu_256/hmul_16ns_16ns_16_3_max_dsp_1_U3/node_0_0_hmul_16ns_16ns_16_3_max_dsp_1_ip_u/U0/i_synth/MULT.OP/i_non_prim.OP/RESULT_REG.NORMAL.exp_op_reg[3]                                                                                                     | REGISTER.SDR.FDRE      |
    | grp_node_0_0_Pipeline_l_S_t_1_t_fu_256/hadd_16ns_16ns_16_3_no_dsp_1_U1/din0_buf1_reg[7]_replica                                                                                                                                                                                          | REGISTER.SDR.FDRE      |
    | grp_node_0_0_Pipeline_l_S_t_1_t_fu_256/hmul_16ns_16ns_16_3_max_dsp_1_U3/node_0_0_hmul_16ns_16ns_16_3_max_dsp_1_ip_u/U0/i_synth/MULT.OP/i_non_prim.MULT/MULT_GEN_VARIANT.FIX_MULT/MULT/gDSP.gDSP_only.iDSP/use_prim.appDSP[0].bppDSP[0].use_dsp.use_dsp48e2.iDSP48E2/DSP_A_B_DATA_INST    | ARITHMETIC.DSP.DSP48E2 |
    | grp_node_0_0_Pipeline_l_S_t_1_t_fu_256/hmul_16ns_16ns_16_3_max_dsp_1_U3/node_0_0_hmul_16ns_16ns_16_3_max_dsp_1_ip_u/U0/i_synth/MULT.OP/i_non_prim.MULT/MULT_GEN_VARIANT.FIX_MULT/MULT/gDSP.gDSP_only.iDSP/use_prim.appDSP[0].bppDSP[0].use_dsp.use_dsp48e2.iDSP48E2/DSP_PREADD_DATA_INST | ARITHMETIC.DSP.DSP48E2 |
    | grp_node_0_0_Pipeline_l_S_t_1_t_fu_256/hmul_16ns_16ns_16_3_max_dsp_1_U3/node_0_0_hmul_16ns_16ns_16_3_max_dsp_1_ip_u/U0/i_synth/MULT.OP/i_non_prim.MULT/MULT_GEN_VARIANT.FIX_MULT/MULT/gDSP.gDSP_only.iDSP/use_prim.appDSP[0].bppDSP[0].use_dsp.use_dsp48e2.iDSP48E2/DSP_MULTIPLIER_INST  | ARITHMETIC.DSP.DSP48E2 |
    | grp_node_0_0_Pipeline_l_S_t_1_t_fu_256/hmul_16ns_16ns_16_3_max_dsp_1_U3/node_0_0_hmul_16ns_16ns_16_3_max_dsp_1_ip_u/U0/i_synth/MULT.OP/i_non_prim.MULT/MULT_GEN_VARIANT.FIX_MULT/MULT/gDSP.gDSP_only.iDSP/use_prim.appDSP[0].bppDSP[0].use_dsp.use_dsp48e2.iDSP48E2/DSP_M_DATA_INST      | ARITHMETIC.DSP.DSP48E2 |
    | grp_node_0_0_Pipeline_l_S_t_1_t_fu_256/hmul_16ns_16ns_16_3_max_dsp_1_U3/node_0_0_hmul_16ns_16ns_16_3_max_dsp_1_ip_u/U0/i_synth/MULT.OP/i_non_prim.MULT/MULT_GEN_VARIANT.FIX_MULT/MULT/gDSP.gDSP_only.iDSP/use_prim.appDSP[0].bppDSP[0].use_dsp.use_dsp48e2.iDSP48E2/DSP_ALU_INST         | ARITHMETIC.DSP.DSP48E2 |
    | grp_node_0_0_Pipeline_l_S_t_1_t_fu_256/hmul_16ns_16ns_16_3_max_dsp_1_U3/node_0_0_hmul_16ns_16ns_16_3_max_dsp_1_ip_u/U0/i_synth/MULT.OP/i_non_prim.MULT/MULT_GEN_VARIANT.FIX_MULT/MULT/gDSP.gDSP_only.iDSP/use_prim.appDSP[0].bppDSP[0].use_dsp.use_dsp48e2.iDSP48E2/DSP_OUTPUT_INST      | ARITHMETIC.DSP.DSP48E2 |
    | grp_node_0_0_Pipeline_l_S_t_1_t_fu_256/hmul_16ns_16ns_16_3_max_dsp_1_U3/node_0_0_hmul_16ns_16ns_16_3_max_dsp_1_ip_u/U0/i_synth/MULT.OP/i_non_prim.MULT/MULT_GEN_VARIANT.FIX_MULT/CHAIN_GEN[0].C_MUX.CARRY_MUX_i_1__0                                                                     | CLB.LUT.LUT3           |
    | grp_node_0_0_Pipeline_l_S_t_1_t_fu_256/hmul_16ns_16ns_16_3_max_dsp_1_U3/node_0_0_hmul_16ns_16ns_16_3_max_dsp_1_ip_u/U0/i_synth/MULT.OP/i_non_prim.R_AND_R/LOGIC.R_AND_R/RND_BIT_GEN/NORM_1_OR_0.STRUCT_REQ.GENERAL.RND1/CHAIN_GEN[0].C_MUX.CARRY_MUX_CARRY4_CARRY8                       | CLB.CARRY.CARRY8       |
    | grp_node_0_0_Pipeline_l_S_t_1_t_fu_256/hmul_16ns_16ns_16_3_max_dsp_1_U3/node_0_0_hmul_16ns_16ns_16_3_max_dsp_1_ip_u/U0/i_synth/MULT.OP/i_non_prim.R_AND_R/LOGIC.R_AND_R/DSP48_E1.DSP48E1_ADD.DSP48E1_ADD/i_no_versal_es1_workaround.DSP/DSP_A_B_DATA_INST                                | ARITHMETIC.DSP.DSP48E2 |
    | grp_node_0_0_Pipeline_l_S_t_1_t_fu_256/hmul_16ns_16ns_16_3_max_dsp_1_U3/node_0_0_hmul_16ns_16ns_16_3_max_dsp_1_ip_u/U0/i_synth/MULT.OP/i_non_prim.R_AND_R/LOGIC.R_AND_R/DSP48_E1.DSP48E1_ADD.DSP48E1_ADD/i_no_versal_es1_workaround.DSP/DSP_ALU_INST                                     | ARITHMETIC.DSP.DSP48E2 |
    | grp_node_0_0_Pipeline_l_S_t_1_t_fu_256/hmul_16ns_16ns_16_3_max_dsp_1_U3/node_0_0_hmul_16ns_16ns_16_3_max_dsp_1_ip_u/U0/i_synth/MULT.OP/i_non_prim.R_AND_R/LOGIC.R_AND_R/DSP48_E1.DSP48E1_ADD.DSP48E1_ADD/i_no_versal_es1_workaround.DSP/DSP_OUTPUT_INST                                  | ARITHMETIC.DSP.DSP48E2 |
    | grp_node_0_0_Pipeline_l_S_t_1_t_fu_256/hmul_16ns_16ns_16_3_max_dsp_1_U3/node_0_0_hmul_16ns_16ns_16_3_max_dsp_1_ip_u/U0/i_synth/MULT.OP/i_non_prim.R_AND_R/LOGIC.R_AND_R/EXP_ADD.ADD/CHAIN_GEN[0].C_MUX.CARRY_MUX_CARRY4_CARRY8                                                           | CLB.CARRY.CARRY8       |
    | grp_node_0_0_Pipeline_l_S_t_1_t_fu_256/hmul_16ns_16ns_16_3_max_dsp_1_U3/node_0_0_hmul_16ns_16ns_16_3_max_dsp_1_ip_u/U0/i_synth/MULT.OP/i_non_prim.R_AND_R/LOGIC.R_AND_R/EXP_ADD.ADD/RESULT_REG.NORMAL.exp_op[4]_i_2                                                                      | CLB.LUT.LUT2           |
    | grp_node_0_0_Pipeline_l_S_t_1_t_fu_256/hmul_16ns_16ns_16_3_max_dsp_1_U3/node_0_0_hmul_16ns_16ns_16_3_max_dsp_1_ip_u/U0/i_synth/MULT.OP/i_non_prim.OP/RESULT_REG.NORMAL.exp_op_reg[4]                                                                                                     | REGISTER.SDR.FDRE      |
    | grp_node_0_0_Pipeline_l_S_t_1_t_fu_256/hadd_16ns_16ns_16_3_no_dsp_1_U1/din0_buf1_reg[7]_replica                                                                                                                                                                                          | REGISTER.SDR.FDRE      |
    | grp_node_0_0_Pipeline_l_S_t_1_t_fu_256/hmul_16ns_16ns_16_3_max_dsp_1_U3/node_0_0_hmul_16ns_16ns_16_3_max_dsp_1_ip_u/U0/i_synth/MULT.OP/i_non_prim.MULT/MULT_GEN_VARIANT.FIX_MULT/MULT/gDSP.gDSP_only.iDSP/use_prim.appDSP[0].bppDSP[0].use_dsp.use_dsp48e2.iDSP48E2/DSP_A_B_DATA_INST    | ARITHMETIC.DSP.DSP48E2 |
    | grp_node_0_0_Pipeline_l_S_t_1_t_fu_256/hmul_16ns_16ns_16_3_max_dsp_1_U3/node_0_0_hmul_16ns_16ns_16_3_max_dsp_1_ip_u/U0/i_synth/MULT.OP/i_non_prim.MULT/MULT_GEN_VARIANT.FIX_MULT/MULT/gDSP.gDSP_only.iDSP/use_prim.appDSP[0].bppDSP[0].use_dsp.use_dsp48e2.iDSP48E2/DSP_PREADD_DATA_INST | ARITHMETIC.DSP.DSP48E2 |
    | grp_node_0_0_Pipeline_l_S_t_1_t_fu_256/hmul_16ns_16ns_16_3_max_dsp_1_U3/node_0_0_hmul_16ns_16ns_16_3_max_dsp_1_ip_u/U0/i_synth/MULT.OP/i_non_prim.MULT/MULT_GEN_VARIANT.FIX_MULT/MULT/gDSP.gDSP_only.iDSP/use_prim.appDSP[0].bppDSP[0].use_dsp.use_dsp48e2.iDSP48E2/DSP_MULTIPLIER_INST  | ARITHMETIC.DSP.DSP48E2 |
    | grp_node_0_0_Pipeline_l_S_t_1_t_fu_256/hmul_16ns_16ns_16_3_max_dsp_1_U3/node_0_0_hmul_16ns_16ns_16_3_max_dsp_1_ip_u/U0/i_synth/MULT.OP/i_non_prim.MULT/MULT_GEN_VARIANT.FIX_MULT/MULT/gDSP.gDSP_only.iDSP/use_prim.appDSP[0].bppDSP[0].use_dsp.use_dsp48e2.iDSP48E2/DSP_M_DATA_INST      | ARITHMETIC.DSP.DSP48E2 |
    | grp_node_0_0_Pipeline_l_S_t_1_t_fu_256/hmul_16ns_16ns_16_3_max_dsp_1_U3/node_0_0_hmul_16ns_16ns_16_3_max_dsp_1_ip_u/U0/i_synth/MULT.OP/i_non_prim.MULT/MULT_GEN_VARIANT.FIX_MULT/MULT/gDSP.gDSP_only.iDSP/use_prim.appDSP[0].bppDSP[0].use_dsp.use_dsp48e2.iDSP48E2/DSP_ALU_INST         | ARITHMETIC.DSP.DSP48E2 |
    | grp_node_0_0_Pipeline_l_S_t_1_t_fu_256/hmul_16ns_16ns_16_3_max_dsp_1_U3/node_0_0_hmul_16ns_16ns_16_3_max_dsp_1_ip_u/U0/i_synth/MULT.OP/i_non_prim.MULT/MULT_GEN_VARIANT.FIX_MULT/MULT/gDSP.gDSP_only.iDSP/use_prim.appDSP[0].bppDSP[0].use_dsp.use_dsp48e2.iDSP48E2/DSP_OUTPUT_INST      | ARITHMETIC.DSP.DSP48E2 |
    | grp_node_0_0_Pipeline_l_S_t_1_t_fu_256/hmul_16ns_16ns_16_3_max_dsp_1_U3/node_0_0_hmul_16ns_16ns_16_3_max_dsp_1_ip_u/U0/i_synth/MULT.OP/i_non_prim.MULT/MULT_GEN_VARIANT.FIX_MULT/CHAIN_GEN[0].C_MUX.CARRY_MUX_i_1__0                                                                     | CLB.LUT.LUT3           |
    | grp_node_0_0_Pipeline_l_S_t_1_t_fu_256/hmul_16ns_16ns_16_3_max_dsp_1_U3/node_0_0_hmul_16ns_16ns_16_3_max_dsp_1_ip_u/U0/i_synth/MULT.OP/i_non_prim.R_AND_R/LOGIC.R_AND_R/RND_BIT_GEN/NORM_1_OR_0.STRUCT_REQ.GENERAL.RND1/CHAIN_GEN[0].C_MUX.CARRY_MUX_CARRY4_CARRY8                       | CLB.CARRY.CARRY8       |
    | grp_node_0_0_Pipeline_l_S_t_1_t_fu_256/hmul_16ns_16ns_16_3_max_dsp_1_U3/node_0_0_hmul_16ns_16ns_16_3_max_dsp_1_ip_u/U0/i_synth/MULT.OP/i_non_prim.R_AND_R/LOGIC.R_AND_R/DSP48_E1.DSP48E1_ADD.DSP48E1_ADD/i_no_versal_es1_workaround.DSP/DSP_A_B_DATA_INST                                | ARITHMETIC.DSP.DSP48E2 |
    | grp_node_0_0_Pipeline_l_S_t_1_t_fu_256/hmul_16ns_16ns_16_3_max_dsp_1_U3/node_0_0_hmul_16ns_16ns_16_3_max_dsp_1_ip_u/U0/i_synth/MULT.OP/i_non_prim.R_AND_R/LOGIC.R_AND_R/DSP48_E1.DSP48E1_ADD.DSP48E1_ADD/i_no_versal_es1_workaround.DSP/DSP_ALU_INST                                     | ARITHMETIC.DSP.DSP48E2 |
    | grp_node_0_0_Pipeline_l_S_t_1_t_fu_256/hmul_16ns_16ns_16_3_max_dsp_1_U3/node_0_0_hmul_16ns_16ns_16_3_max_dsp_1_ip_u/U0/i_synth/MULT.OP/i_non_prim.R_AND_R/LOGIC.R_AND_R/DSP48_E1.DSP48E1_ADD.DSP48E1_ADD/i_no_versal_es1_workaround.DSP/DSP_OUTPUT_INST                                  | ARITHMETIC.DSP.DSP48E2 |
    | grp_node_0_0_Pipeline_l_S_t_1_t_fu_256/hmul_16ns_16ns_16_3_max_dsp_1_U3/node_0_0_hmul_16ns_16ns_16_3_max_dsp_1_ip_u/U0/i_synth/MULT.OP/i_non_prim.R_AND_R/LOGIC.R_AND_R/EXP_ADD.ADD/CHAIN_GEN[0].C_MUX.CARRY_MUX_CARRY4_CARRY8                                                           | CLB.CARRY.CARRY8       |
    | grp_node_0_0_Pipeline_l_S_t_1_t_fu_256/hmul_16ns_16ns_16_3_max_dsp_1_U3/node_0_0_hmul_16ns_16ns_16_3_max_dsp_1_ip_u/U0/i_synth/MULT.OP/i_non_prim.R_AND_R/LOGIC.R_AND_R/EXP_ADD.ADD/RESULT_REG.NORMAL.exp_op[1]_i_1                                                                      | CLB.LUT.LUT2           |
    | grp_node_0_0_Pipeline_l_S_t_1_t_fu_256/hmul_16ns_16ns_16_3_max_dsp_1_U3/node_0_0_hmul_16ns_16ns_16_3_max_dsp_1_ip_u/U0/i_synth/MULT.OP/i_non_prim.OP/RESULT_REG.NORMAL.exp_op_reg[1]                                                                                                     | REGISTER.SDR.FDRE      |
    | grp_node_0_0_Pipeline_l_S_t_1_t_fu_256/hadd_16ns_16ns_16_3_no_dsp_1_U1/din0_buf1_reg[7]_replica                                                                                                                                                                                          | REGISTER.SDR.FDRE      |
    | grp_node_0_0_Pipeline_l_S_t_1_t_fu_256/hmul_16ns_16ns_16_3_max_dsp_1_U3/node_0_0_hmul_16ns_16ns_16_3_max_dsp_1_ip_u/U0/i_synth/MULT.OP/i_non_prim.MULT/MULT_GEN_VARIANT.FIX_MULT/MULT/gDSP.gDSP_only.iDSP/use_prim.appDSP[0].bppDSP[0].use_dsp.use_dsp48e2.iDSP48E2/DSP_A_B_DATA_INST    | ARITHMETIC.DSP.DSP48E2 |
    | grp_node_0_0_Pipeline_l_S_t_1_t_fu_256/hmul_16ns_16ns_16_3_max_dsp_1_U3/node_0_0_hmul_16ns_16ns_16_3_max_dsp_1_ip_u/U0/i_synth/MULT.OP/i_non_prim.MULT/MULT_GEN_VARIANT.FIX_MULT/MULT/gDSP.gDSP_only.iDSP/use_prim.appDSP[0].bppDSP[0].use_dsp.use_dsp48e2.iDSP48E2/DSP_PREADD_DATA_INST | ARITHMETIC.DSP.DSP48E2 |
    | grp_node_0_0_Pipeline_l_S_t_1_t_fu_256/hmul_16ns_16ns_16_3_max_dsp_1_U3/node_0_0_hmul_16ns_16ns_16_3_max_dsp_1_ip_u/U0/i_synth/MULT.OP/i_non_prim.MULT/MULT_GEN_VARIANT.FIX_MULT/MULT/gDSP.gDSP_only.iDSP/use_prim.appDSP[0].bppDSP[0].use_dsp.use_dsp48e2.iDSP48E2/DSP_MULTIPLIER_INST  | ARITHMETIC.DSP.DSP48E2 |
    | grp_node_0_0_Pipeline_l_S_t_1_t_fu_256/hmul_16ns_16ns_16_3_max_dsp_1_U3/node_0_0_hmul_16ns_16ns_16_3_max_dsp_1_ip_u/U0/i_synth/MULT.OP/i_non_prim.MULT/MULT_GEN_VARIANT.FIX_MULT/MULT/gDSP.gDSP_only.iDSP/use_prim.appDSP[0].bppDSP[0].use_dsp.use_dsp48e2.iDSP48E2/DSP_M_DATA_INST      | ARITHMETIC.DSP.DSP48E2 |
    | grp_node_0_0_Pipeline_l_S_t_1_t_fu_256/hmul_16ns_16ns_16_3_max_dsp_1_U3/node_0_0_hmul_16ns_16ns_16_3_max_dsp_1_ip_u/U0/i_synth/MULT.OP/i_non_prim.MULT/MULT_GEN_VARIANT.FIX_MULT/MULT/gDSP.gDSP_only.iDSP/use_prim.appDSP[0].bppDSP[0].use_dsp.use_dsp48e2.iDSP48E2/DSP_ALU_INST         | ARITHMETIC.DSP.DSP48E2 |
    | grp_node_0_0_Pipeline_l_S_t_1_t_fu_256/hmul_16ns_16ns_16_3_max_dsp_1_U3/node_0_0_hmul_16ns_16ns_16_3_max_dsp_1_ip_u/U0/i_synth/MULT.OP/i_non_prim.MULT/MULT_GEN_VARIANT.FIX_MULT/MULT/gDSP.gDSP_only.iDSP/use_prim.appDSP[0].bppDSP[0].use_dsp.use_dsp48e2.iDSP48E2/DSP_OUTPUT_INST      | ARITHMETIC.DSP.DSP48E2 |
    | grp_node_0_0_Pipeline_l_S_t_1_t_fu_256/hmul_16ns_16ns_16_3_max_dsp_1_U3/node_0_0_hmul_16ns_16ns_16_3_max_dsp_1_ip_u/U0/i_synth/MULT.OP/i_non_prim.MULT/MULT_GEN_VARIANT.FIX_MULT/CHAIN_GEN[0].C_MUX.CARRY_MUX_i_1__0                                                                     | CLB.LUT.LUT3           |
    | grp_node_0_0_Pipeline_l_S_t_1_t_fu_256/hmul_16ns_16ns_16_3_max_dsp_1_U3/node_0_0_hmul_16ns_16ns_16_3_max_dsp_1_ip_u/U0/i_synth/MULT.OP/i_non_prim.R_AND_R/LOGIC.R_AND_R/RND_BIT_GEN/NORM_1_OR_0.STRUCT_REQ.GENERAL.RND1/CHAIN_GEN[0].C_MUX.CARRY_MUX_CARRY4_CARRY8                       | CLB.CARRY.CARRY8       |
    | grp_node_0_0_Pipeline_l_S_t_1_t_fu_256/hmul_16ns_16ns_16_3_max_dsp_1_U3/node_0_0_hmul_16ns_16ns_16_3_max_dsp_1_ip_u/U0/i_synth/MULT.OP/i_non_prim.R_AND_R/LOGIC.R_AND_R/DSP48_E1.DSP48E1_ADD.DSP48E1_ADD/i_no_versal_es1_workaround.DSP/DSP_A_B_DATA_INST                                | ARITHMETIC.DSP.DSP48E2 |
    | grp_node_0_0_Pipeline_l_S_t_1_t_fu_256/hmul_16ns_16ns_16_3_max_dsp_1_U3/node_0_0_hmul_16ns_16ns_16_3_max_dsp_1_ip_u/U0/i_synth/MULT.OP/i_non_prim.R_AND_R/LOGIC.R_AND_R/DSP48_E1.DSP48E1_ADD.DSP48E1_ADD/i_no_versal_es1_workaround.DSP/DSP_ALU_INST                                     | ARITHMETIC.DSP.DSP48E2 |
    | grp_node_0_0_Pipeline_l_S_t_1_t_fu_256/hmul_16ns_16ns_16_3_max_dsp_1_U3/node_0_0_hmul_16ns_16ns_16_3_max_dsp_1_ip_u/U0/i_synth/MULT.OP/i_non_prim.R_AND_R/LOGIC.R_AND_R/DSP48_E1.DSP48E1_ADD.DSP48E1_ADD/i_no_versal_es1_workaround.DSP/DSP_OUTPUT_INST                                  | ARITHMETIC.DSP.DSP48E2 |
    | grp_node_0_0_Pipeline_l_S_t_1_t_fu_256/hmul_16ns_16ns_16_3_max_dsp_1_U3/node_0_0_hmul_16ns_16ns_16_3_max_dsp_1_ip_u/U0/i_synth/MULT.OP/i_non_prim.R_AND_R/LOGIC.R_AND_R/EXP_ADD.ADD/CHAIN_GEN[0].C_MUX.CARRY_MUX_CARRY4_CARRY8                                                           | CLB.CARRY.CARRY8       |
    | grp_node_0_0_Pipeline_l_S_t_1_t_fu_256/hmul_16ns_16ns_16_3_max_dsp_1_U3/node_0_0_hmul_16ns_16ns_16_3_max_dsp_1_ip_u/U0/i_synth/MULT.OP/i_non_prim.R_AND_R/LOGIC.R_AND_R/EXP_ADD.ADD/RESULT_REG.NORMAL.exp_op[2]_i_1                                                                      | CLB.LUT.LUT2           |
    | grp_node_0_0_Pipeline_l_S_t_1_t_fu_256/hmul_16ns_16ns_16_3_max_dsp_1_U3/node_0_0_hmul_16ns_16ns_16_3_max_dsp_1_ip_u/U0/i_synth/MULT.OP/i_non_prim.OP/RESULT_REG.NORMAL.exp_op_reg[2]                                                                                                     | REGISTER.SDR.FDRE      |
    | grp_node_0_0_Pipeline_l_S_t_1_t_fu_256/hadd_16ns_16ns_16_3_no_dsp_1_U1/din0_buf1_reg[7]_replica                                                                                                                                                                                          | REGISTER.SDR.FDRE      |
    | grp_node_0_0_Pipeline_l_S_t_1_t_fu_256/hmul_16ns_16ns_16_3_max_dsp_1_U3/node_0_0_hmul_16ns_16ns_16_3_max_dsp_1_ip_u/U0/i_synth/MULT.OP/i_non_prim.MULT/MULT_GEN_VARIANT.FIX_MULT/MULT/gDSP.gDSP_only.iDSP/use_prim.appDSP[0].bppDSP[0].use_dsp.use_dsp48e2.iDSP48E2/DSP_A_B_DATA_INST    | ARITHMETIC.DSP.DSP48E2 |
    | grp_node_0_0_Pipeline_l_S_t_1_t_fu_256/hmul_16ns_16ns_16_3_max_dsp_1_U3/node_0_0_hmul_16ns_16ns_16_3_max_dsp_1_ip_u/U0/i_synth/MULT.OP/i_non_prim.MULT/MULT_GEN_VARIANT.FIX_MULT/MULT/gDSP.gDSP_only.iDSP/use_prim.appDSP[0].bppDSP[0].use_dsp.use_dsp48e2.iDSP48E2/DSP_PREADD_DATA_INST | ARITHMETIC.DSP.DSP48E2 |
    | grp_node_0_0_Pipeline_l_S_t_1_t_fu_256/hmul_16ns_16ns_16_3_max_dsp_1_U3/node_0_0_hmul_16ns_16ns_16_3_max_dsp_1_ip_u/U0/i_synth/MULT.OP/i_non_prim.MULT/MULT_GEN_VARIANT.FIX_MULT/MULT/gDSP.gDSP_only.iDSP/use_prim.appDSP[0].bppDSP[0].use_dsp.use_dsp48e2.iDSP48E2/DSP_MULTIPLIER_INST  | ARITHMETIC.DSP.DSP48E2 |
    | grp_node_0_0_Pipeline_l_S_t_1_t_fu_256/hmul_16ns_16ns_16_3_max_dsp_1_U3/node_0_0_hmul_16ns_16ns_16_3_max_dsp_1_ip_u/U0/i_synth/MULT.OP/i_non_prim.MULT/MULT_GEN_VARIANT.FIX_MULT/MULT/gDSP.gDSP_only.iDSP/use_prim.appDSP[0].bppDSP[0].use_dsp.use_dsp48e2.iDSP48E2/DSP_M_DATA_INST      | ARITHMETIC.DSP.DSP48E2 |
    | grp_node_0_0_Pipeline_l_S_t_1_t_fu_256/hmul_16ns_16ns_16_3_max_dsp_1_U3/node_0_0_hmul_16ns_16ns_16_3_max_dsp_1_ip_u/U0/i_synth/MULT.OP/i_non_prim.MULT/MULT_GEN_VARIANT.FIX_MULT/MULT/gDSP.gDSP_only.iDSP/use_prim.appDSP[0].bppDSP[0].use_dsp.use_dsp48e2.iDSP48E2/DSP_ALU_INST         | ARITHMETIC.DSP.DSP48E2 |
    | grp_node_0_0_Pipeline_l_S_t_1_t_fu_256/hmul_16ns_16ns_16_3_max_dsp_1_U3/node_0_0_hmul_16ns_16ns_16_3_max_dsp_1_ip_u/U0/i_synth/MULT.OP/i_non_prim.MULT/MULT_GEN_VARIANT.FIX_MULT/MULT/gDSP.gDSP_only.iDSP/use_prim.appDSP[0].bppDSP[0].use_dsp.use_dsp48e2.iDSP48E2/DSP_OUTPUT_INST      | ARITHMETIC.DSP.DSP48E2 |
    | grp_node_0_0_Pipeline_l_S_t_1_t_fu_256/hmul_16ns_16ns_16_3_max_dsp_1_U3/node_0_0_hmul_16ns_16ns_16_3_max_dsp_1_ip_u/U0/i_synth/MULT.OP/i_non_prim.MULT/MULT_GEN_VARIANT.FIX_MULT/CHAIN_GEN[0].C_MUX.CARRY_MUX_i_1__0                                                                     | CLB.LUT.LUT3           |
    | grp_node_0_0_Pipeline_l_S_t_1_t_fu_256/hmul_16ns_16ns_16_3_max_dsp_1_U3/node_0_0_hmul_16ns_16ns_16_3_max_dsp_1_ip_u/U0/i_synth/MULT.OP/i_non_prim.R_AND_R/LOGIC.R_AND_R/RND_BIT_GEN/NORM_1_OR_0.STRUCT_REQ.GENERAL.RND1/CHAIN_GEN[0].C_MUX.CARRY_MUX_CARRY4_CARRY8                       | CLB.CARRY.CARRY8       |
    | grp_node_0_0_Pipeline_l_S_t_1_t_fu_256/hmul_16ns_16ns_16_3_max_dsp_1_U3/node_0_0_hmul_16ns_16ns_16_3_max_dsp_1_ip_u/U0/i_synth/MULT.OP/i_non_prim.R_AND_R/LOGIC.R_AND_R/DSP48_E1.DSP48E1_ADD.DSP48E1_ADD/i_no_versal_es1_workaround.DSP/DSP_A_B_DATA_INST                                | ARITHMETIC.DSP.DSP48E2 |
    | grp_node_0_0_Pipeline_l_S_t_1_t_fu_256/hmul_16ns_16ns_16_3_max_dsp_1_U3/node_0_0_hmul_16ns_16ns_16_3_max_dsp_1_ip_u/U0/i_synth/MULT.OP/i_non_prim.R_AND_R/LOGIC.R_AND_R/DSP48_E1.DSP48E1_ADD.DSP48E1_ADD/i_no_versal_es1_workaround.DSP/DSP_ALU_INST                                     | ARITHMETIC.DSP.DSP48E2 |
    | grp_node_0_0_Pipeline_l_S_t_1_t_fu_256/hmul_16ns_16ns_16_3_max_dsp_1_U3/node_0_0_hmul_16ns_16ns_16_3_max_dsp_1_ip_u/U0/i_synth/MULT.OP/i_non_prim.R_AND_R/LOGIC.R_AND_R/DSP48_E1.DSP48E1_ADD.DSP48E1_ADD/i_no_versal_es1_workaround.DSP/DSP_OUTPUT_INST                                  | ARITHMETIC.DSP.DSP48E2 |
    | grp_node_0_0_Pipeline_l_S_t_1_t_fu_256/hmul_16ns_16ns_16_3_max_dsp_1_U3/node_0_0_hmul_16ns_16ns_16_3_max_dsp_1_ip_u/U0/i_synth/MULT.OP/i_non_prim.R_AND_R/LOGIC.R_AND_R/EXP_ADD.ADD/CHAIN_GEN[0].C_MUX.CARRY_MUX_CARRY4_CARRY8                                                           | CLB.CARRY.CARRY8       |
    | grp_node_0_0_Pipeline_l_S_t_1_t_fu_256/hmul_16ns_16ns_16_3_max_dsp_1_U3/node_0_0_hmul_16ns_16ns_16_3_max_dsp_1_ip_u/U0/i_synth/MULT.OP/i_non_prim.EXP/EXP_ADD.C_CHAIN/RESULT_REG.NORMAL.exp_op[0]_i_1                                                                                    | CLB.LUT.LUT6           |
    | grp_node_0_0_Pipeline_l_S_t_1_t_fu_256/hmul_16ns_16ns_16_3_max_dsp_1_U3/node_0_0_hmul_16ns_16ns_16_3_max_dsp_1_ip_u/U0/i_synth/MULT.OP/i_non_prim.OP/RESULT_REG.NORMAL.exp_op_reg[0]                                                                                                     | REGISTER.SDR.FDRE      |
    | grp_node_0_0_Pipeline_l_S_t_1_t_fu_256/hadd_16ns_16ns_16_3_no_dsp_1_U1/din1_buf1_reg[9]_replica                                                                                                                                                                                          | REGISTER.SDR.FDRE      |
    | grp_node_0_0_Pipeline_l_S_t_1_t_fu_256/hadd_16ns_16ns_16_3_no_dsp_1_U1/node_0_0_hadd_16ns_16ns_16_3_no_dsp_1_ip_u/U0/i_synth/ADDSUB_OP.ADDSUB/LOGIC_SPEED.OP/EXP/NUMB_CMP/NOT_FAST.CMP/C_CHAIN/CHAIN_GEN[4].C_MUX.CARRY_MUX_i_1__3                                                       | CLB.LUT.LUT4           |
    | grp_node_0_0_Pipeline_l_S_t_1_t_fu_256/hadd_16ns_16ns_16_3_no_dsp_1_U1/node_0_0_hadd_16ns_16ns_16_3_no_dsp_1_ip_u/U0/i_synth/ADDSUB_OP.ADDSUB/LOGIC_SPEED.OP/EXP/NUMB_CMP/NOT_FAST.CMP/C_CHAIN/CHAIN_GEN[0].C_MUX.CARRY_MUX_CARRY4_CARRY8                                                | CLB.CARRY.CARRY8       |
    | grp_node_0_0_Pipeline_l_S_t_1_t_fu_256/hadd_16ns_16ns_16_3_no_dsp_1_U1/node_0_0_hadd_16ns_16ns_16_3_no_dsp_1_ip_u/U0/i_synth/ADDSUB_OP.ADDSUB/LOGIC_SPEED.OP/EXP/NUMB_CMP/NOT_FAST.CMP/C_CHAIN/CHAIN_GEN[1].C_MUX.CARRY_MUX_i_2__3                                                       | CLB.LUT.LUT6           |
    | grp_node_0_0_Pipeline_l_S_t_1_t_fu_256/hadd_16ns_16ns_16_3_no_dsp_1_U1/node_0_0_hadd_16ns_16ns_16_3_no_dsp_1_ip_u/U0/i_synth/ADDSUB_OP.ADDSUB/LOGIC_SPEED.OP/EXP/NUMB_CMP/NOT_FAST.CMP/C_CHAIN/CHAIN_GEN[1].C_MUX.CARRY_MUX_i_1__5                                                       | CLB.LUT.LUT4           |
    | grp_node_0_0_Pipeline_l_S_t_1_t_fu_256/hadd_16ns_16ns_16_3_no_dsp_1_U1/node_0_0_hadd_16ns_16ns_16_3_no_dsp_1_ip_u/U0/i_synth/ADDSUB_OP.ADDSUB/LOGIC_SPEED.OP/ALIGN_BLK/ALIGN_SHIFT/ALIGN_Z_D/EQ_ZERO/CARRY_ZERO_DET/CHAIN_GEN[0].C_MUX.CARRY_MUX_CARRY4_CARRY8                           | CLB.CARRY.CARRY8       |
    | grp_node_0_0_Pipeline_l_S_t_1_t_fu_256/hadd_16ns_16ns_16_3_no_dsp_1_U1/node_0_0_hadd_16ns_16ns_16_3_no_dsp_1_ip_u/U0/i_synth/ADDSUB_OP.ADDSUB/LOGIC_SPEED.OP/EXP/NUMB_CMP/NOT_FAST.CMP/C_CHAIN/STRUCT_ADD1.CARRY_MUX2_i_7                                                                | CLB.LUT.LUT5           |
    | grp_node_0_0_Pipeline_l_S_t_1_t_fu_256/hadd_16ns_16ns_16_3_no_dsp_1_U1/node_0_0_hadd_16ns_16ns_16_3_no_dsp_1_ip_u/U0/i_synth/ADDSUB_OP.ADDSUB/LOGIC_SPEED.OP/EXP/NUMB_CMP/NOT_FAST.CMP/C_CHAIN/STRUCT_ADD1.CARRY_MUX2_i_2                                                                | CLB.LUT.LUT6           |
    | grp_node_0_0_Pipeline_l_S_t_1_t_fu_256/hadd_16ns_16ns_16_3_no_dsp_1_U1/node_0_0_hadd_16ns_16ns_16_3_no_dsp_1_ip_u/U0/i_synth/ADDSUB_OP.ADDSUB/LOGIC_SPEED.OP/EXP/NUMB_CMP/NOT_FAST.CMP/C_CHAIN/STRUCT_ADD1.CARRY_MUX2_i_1                                                                | CLB.LUT.LUT6           |
    | grp_node_0_0_Pipeline_l_S_t_1_t_fu_256/hadd_16ns_16ns_16_3_no_dsp_1_U1/node_0_0_hadd_16ns_16ns_16_3_no_dsp_1_ip_u/U0/i_synth/ADDSUB_OP.ADDSUB/LOGIC_SPEED.OP/ALIGN_BLK/FRAC_ADDSUB/LOGIC_ADD.FRAC_ADDSUB/STRUCT_ADD1.CARRY_MUX1_CARRY4_CARRY8                                            | CLB.CARRY.CARRY8       |
    | grp_node_0_0_Pipeline_l_S_t_1_t_fu_256/hadd_16ns_16ns_16_3_no_dsp_1_U1/node_0_0_hadd_16ns_16ns_16_3_no_dsp_1_ip_u/U0/i_synth/ADDSUB_OP.ADDSUB/LOGIC_SPEED.OP/ALIGN_BLK/FRAC_ADDSUB/LOGIC_ADD.FRAC_ADDSUB/STRUCT_ADD2.ADD1/CHAIN_GEN[0].C_MUX.CARRY_MUX_CARRY4_CARRY8                     | CLB.CARRY.CARRY8       |
    | grp_node_0_0_Pipeline_l_S_t_1_t_fu_256/hadd_16ns_16ns_16_3_no_dsp_1_U1/node_0_0_hadd_16ns_16ns_16_3_no_dsp_1_ip_u/U0/i_synth/ADDSUB_OP.ADDSUB/LOGIC_SPEED.OP/ALIGN_BLK/FRAC_ADDSUB/LOGIC_ADD.FRAC_ADDSUB/STRUCT_ADD2.ADD1/CHAIN_GEN[0].C_MUX.CARRY_MUX_i_1__2                            | CLB.LUT.LUT4           |
    | grp_node_0_0_Pipeline_l_S_t_1_t_fu_256/hadd_16ns_16ns_16_3_no_dsp_1_U1/node_0_0_hadd_16ns_16ns_16_3_no_dsp_1_ip_u/U0/i_synth/ADDSUB_OP.ADDSUB/LOGIC_SPEED.OP/NORM/LZE/ZERO_DET_CC_1/CHAIN_GEN[0].C_MUX.CARRY_MUX_CARRY4_CARRY8                                                           | CLB.CARRY.CARRY8       |
    | grp_node_0_0_Pipeline_l_S_t_1_t_fu_256/hadd_16ns_16ns_16_3_no_dsp_1_U1/node_0_0_hadd_16ns_16ns_16_3_no_dsp_1_ip_u/U0/i_synth/ADDSUB_OP.ADDSUB/LOGIC_SPEED.OP/ALIGN_BLK/FRAC_ADDSUB/LOGIC_ADD.FRAC_ADDSUB/STRUCT_ADD2.ADD1/RESULT_REG.NORMAL.exp_op[2]_i_7                                | CLB.LUT.LUT5           |
    | grp_node_0_0_Pipeline_l_S_t_1_t_fu_256/hadd_16ns_16ns_16_3_no_dsp_1_U1/node_0_0_hadd_16ns_16ns_16_3_no_dsp_1_ip_u/U0/i_synth/ADDSUB_OP.ADDSUB/LOGIC_SPEED.OP/ALIGN_BLK/FRAC_ADDSUB/LOGIC_ADD.FRAC_ADDSUB/STRUCT_ADD1.ADD1/RESULT_REG.NORMAL.exp_op[1]_i_3                                | CLB.LUT.LUT5           |
    | grp_node_0_0_Pipeline_l_S_t_1_t_fu_256/hadd_16ns_16ns_16_3_no_dsp_1_U1/node_0_0_hadd_16ns_16ns_16_3_no_dsp_1_ip_u/U0/i_synth/ADDSUB_OP.ADDSUB/LOGIC_SPEED.OP/ALIGN_BLK/FRAC_ADDSUB/LOGIC_ADD.FRAC_ADDSUB/STRUCT_ADD1.ADD1/CHAIN_GEN[0].C_MUX.CARRY_MUX_i_6__0                            | CLB.LUT.LUT5           |
    | grp_node_0_0_Pipeline_l_S_t_1_t_fu_256/hadd_16ns_16ns_16_3_no_dsp_1_U1/node_0_0_hadd_16ns_16ns_16_3_no_dsp_1_ip_u/U0/i_synth/ADDSUB_OP.ADDSUB/LOGIC_SPEED.OP/ALIGN_BLK/FRAC_ADDSUB/LOGIC_ADD.FRAC_ADDSUB/STRUCT_ADD1.ADD1/CHAIN_GEN[0].C_MUX.CARRY_MUX_i_3__0                            | CLB.LUT.LUT6           |
    | grp_node_0_0_Pipeline_l_S_t_1_t_fu_256/hadd_16ns_16ns_16_3_no_dsp_1_U1/node_0_0_hadd_16ns_16ns_16_3_no_dsp_1_ip_u/U0/i_synth/ADDSUB_OP.ADDSUB/LOGIC_SPEED.OP/ALIGN_BLK/FRAC_ADDSUB/LOGIC_ADD.FRAC_ADDSUB/STRUCT_ADD1.ADD1/CHAIN_GEN[0].C_MUX.CARRY_MUX_i_1__10                           | CLB.LUT.LUT5           |
    | grp_node_0_0_Pipeline_l_S_t_1_t_fu_256/hadd_16ns_16ns_16_3_no_dsp_1_U1/node_0_0_hadd_16ns_16ns_16_3_no_dsp_1_ip_u/U0/i_synth/ADDSUB_OP.ADDSUB/LOGIC_SPEED.OP/NORM/ROUND/RND_BIT_GEN/NORM_2.RND_CHAIN/CHAIN_GEN[0].C_MUX.CARRY_MUX_CARRY4_CARRY8                                          | CLB.CARRY.CARRY8       |
    | grp_node_0_0_Pipeline_l_S_t_1_t_fu_256/hadd_16ns_16ns_16_3_no_dsp_1_U1/node_0_0_hadd_16ns_16ns_16_3_no_dsp_1_ip_u/U0/i_synth/ADDSUB_OP.ADDSUB/LOGIC_SPEED.OP/NORM/ROUND/LOGIC.RND1/CHAIN_GEN[2].C_MUX.CARRY_MUX_CARRY4_CARRY8                                                            | CLB.CARRY.CARRY8       |
    | grp_node_0_0_Pipeline_l_S_t_1_t_fu_256/hadd_16ns_16ns_16_3_no_dsp_1_U1/node_0_0_hadd_16ns_16ns_16_3_no_dsp_1_ip_u/U0/i_synth/ADDSUB_OP.ADDSUB/LOGIC_SPEED.OP/NORM/ROUND/LOGIC.RND2/CHAIN_GEN[5].Q_XOR.SUM_XOR_CARRY4_CARRY8                                                              | CLB.CARRY.CARRY8       |
    | grp_node_0_0_Pipeline_l_S_t_1_t_fu_256/hadd_16ns_16ns_16_3_no_dsp_1_U1/node_0_0_hadd_16ns_16ns_16_3_no_dsp_1_ip_u/U0/i_synth/ADDSUB_OP.ADDSUB/LOGIC_SPEED.OP/NORM/LZE/ZERO_DET_CC_1/RESULT_REG.NORMAL.exp_op[4]_i_3                                                                      | CLB.LUT.LUT6           |
    | grp_node_0_0_Pipeline_l_S_t_1_t_fu_256/hadd_16ns_16ns_16_3_no_dsp_1_U1/node_0_0_hadd_16ns_16ns_16_3_no_dsp_1_ip_u/U0/i_synth/ADDSUB_OP.ADDSUB/LOGIC_SPEED.OP/NORM/LZE/ZERO_DET_CC_1/RESULT_REG.NORMAL.exp_op[4]_i_1                                                                      | CLB.LUT.LUT6           |
    | grp_node_0_0_Pipeline_l_S_t_1_t_fu_256/hadd_16ns_16ns_16_3_no_dsp_1_U1/node_0_0_hadd_16ns_16ns_16_3_no_dsp_1_ip_u/U0/i_synth/ADDSUB_OP.ADDSUB/LOGIC_SPEED.OP/OP/RESULT_REG.NORMAL.exp_op_reg[4]                                                                                          | REGISTER.SDR.FDRE      |
    | grp_node_0_0_Pipeline_l_S_t_1_t_fu_256/hadd_16ns_16ns_16_3_no_dsp_1_U1/din1_buf1_reg[9]_replica                                                                                                                                                                                          | REGISTER.SDR.FDRE      |
    | grp_node_0_0_Pipeline_l_S_t_1_t_fu_256/hadd_16ns_16ns_16_3_no_dsp_1_U1/node_0_0_hadd_16ns_16ns_16_3_no_dsp_1_ip_u/U0/i_synth/ADDSUB_OP.ADDSUB/LOGIC_SPEED.OP/EXP/NUMB_CMP/NOT_FAST.CMP/C_CHAIN/CHAIN_GEN[4].C_MUX.CARRY_MUX_i_1__3                                                       | CLB.LUT.LUT4           |
    | grp_node_0_0_Pipeline_l_S_t_1_t_fu_256/hadd_16ns_16ns_16_3_no_dsp_1_U1/node_0_0_hadd_16ns_16ns_16_3_no_dsp_1_ip_u/U0/i_synth/ADDSUB_OP.ADDSUB/LOGIC_SPEED.OP/EXP/NUMB_CMP/NOT_FAST.CMP/C_CHAIN/CHAIN_GEN[0].C_MUX.CARRY_MUX_CARRY4_CARRY8                                                | CLB.CARRY.CARRY8       |
    | grp_node_0_0_Pipeline_l_S_t_1_t_fu_256/hadd_16ns_16ns_16_3_no_dsp_1_U1/node_0_0_hadd_16ns_16ns_16_3_no_dsp_1_ip_u/U0/i_synth/ADDSUB_OP.ADDSUB/LOGIC_SPEED.OP/EXP/NUMB_CMP/NOT_FAST.CMP/C_CHAIN/CHAIN_GEN[1].C_MUX.CARRY_MUX_i_2__3                                                       | CLB.LUT.LUT6           |
    | grp_node_0_0_Pipeline_l_S_t_1_t_fu_256/hadd_16ns_16ns_16_3_no_dsp_1_U1/node_0_0_hadd_16ns_16ns_16_3_no_dsp_1_ip_u/U0/i_synth/ADDSUB_OP.ADDSUB/LOGIC_SPEED.OP/EXP/NUMB_CMP/NOT_FAST.CMP/C_CHAIN/CHAIN_GEN[1].C_MUX.CARRY_MUX_i_1__5                                                       | CLB.LUT.LUT4           |
    | grp_node_0_0_Pipeline_l_S_t_1_t_fu_256/hadd_16ns_16ns_16_3_no_dsp_1_U1/node_0_0_hadd_16ns_16ns_16_3_no_dsp_1_ip_u/U0/i_synth/ADDSUB_OP.ADDSUB/LOGIC_SPEED.OP/ALIGN_BLK/ALIGN_SHIFT/ALIGN_Z_D/EQ_ZERO/CARRY_ZERO_DET/CHAIN_GEN[0].C_MUX.CARRY_MUX_CARRY4_CARRY8                           | CLB.CARRY.CARRY8       |
    | grp_node_0_0_Pipeline_l_S_t_1_t_fu_256/hadd_16ns_16ns_16_3_no_dsp_1_U1/node_0_0_hadd_16ns_16ns_16_3_no_dsp_1_ip_u/U0/i_synth/ADDSUB_OP.ADDSUB/LOGIC_SPEED.OP/EXP/NUMB_CMP/NOT_FAST.CMP/C_CHAIN/STRUCT_ADD1.CARRY_MUX2_i_7                                                                | CLB.LUT.LUT5           |
    | grp_node_0_0_Pipeline_l_S_t_1_t_fu_256/hadd_16ns_16ns_16_3_no_dsp_1_U1/node_0_0_hadd_16ns_16ns_16_3_no_dsp_1_ip_u/U0/i_synth/ADDSUB_OP.ADDSUB/LOGIC_SPEED.OP/EXP/NUMB_CMP/NOT_FAST.CMP/C_CHAIN/STRUCT_ADD1.CARRY_MUX2_i_2                                                                | CLB.LUT.LUT6           |
    | grp_node_0_0_Pipeline_l_S_t_1_t_fu_256/hadd_16ns_16ns_16_3_no_dsp_1_U1/node_0_0_hadd_16ns_16ns_16_3_no_dsp_1_ip_u/U0/i_synth/ADDSUB_OP.ADDSUB/LOGIC_SPEED.OP/EXP/NUMB_CMP/NOT_FAST.CMP/C_CHAIN/STRUCT_ADD1.CARRY_MUX2_i_1                                                                | CLB.LUT.LUT6           |
    | grp_node_0_0_Pipeline_l_S_t_1_t_fu_256/hadd_16ns_16ns_16_3_no_dsp_1_U1/node_0_0_hadd_16ns_16ns_16_3_no_dsp_1_ip_u/U0/i_synth/ADDSUB_OP.ADDSUB/LOGIC_SPEED.OP/ALIGN_BLK/FRAC_ADDSUB/LOGIC_ADD.FRAC_ADDSUB/STRUCT_ADD1.CARRY_MUX1_CARRY4_CARRY8                                            | CLB.CARRY.CARRY8       |
    | grp_node_0_0_Pipeline_l_S_t_1_t_fu_256/hadd_16ns_16ns_16_3_no_dsp_1_U1/node_0_0_hadd_16ns_16ns_16_3_no_dsp_1_ip_u/U0/i_synth/ADDSUB_OP.ADDSUB/LOGIC_SPEED.OP/ALIGN_BLK/FRAC_ADDSUB/LOGIC_ADD.FRAC_ADDSUB/STRUCT_ADD2.ADD1/CHAIN_GEN[0].C_MUX.CARRY_MUX_CARRY4_CARRY8                     | CLB.CARRY.CARRY8       |
    | grp_node_0_0_Pipeline_l_S_t_1_t_fu_256/hadd_16ns_16ns_16_3_no_dsp_1_U1/node_0_0_hadd_16ns_16ns_16_3_no_dsp_1_ip_u/U0/i_synth/ADDSUB_OP.ADDSUB/LOGIC_SPEED.OP/ALIGN_BLK/FRAC_ADDSUB/LOGIC_ADD.FRAC_ADDSUB/STRUCT_ADD2.ADD1/CHAIN_GEN[0].C_MUX.CARRY_MUX_i_1__2                            | CLB.LUT.LUT4           |
    | grp_node_0_0_Pipeline_l_S_t_1_t_fu_256/hadd_16ns_16ns_16_3_no_dsp_1_U1/node_0_0_hadd_16ns_16ns_16_3_no_dsp_1_ip_u/U0/i_synth/ADDSUB_OP.ADDSUB/LOGIC_SPEED.OP/NORM/LZE/ZERO_DET_CC_1/CHAIN_GEN[0].C_MUX.CARRY_MUX_CARRY4_CARRY8                                                           | CLB.CARRY.CARRY8       |
    | grp_node_0_0_Pipeline_l_S_t_1_t_fu_256/hadd_16ns_16ns_16_3_no_dsp_1_U1/node_0_0_hadd_16ns_16ns_16_3_no_dsp_1_ip_u/U0/i_synth/ADDSUB_OP.ADDSUB/LOGIC_SPEED.OP/ALIGN_BLK/FRAC_ADDSUB/LOGIC_ADD.FRAC_ADDSUB/STRUCT_ADD2.ADD1/RESULT_REG.NORMAL.exp_op[2]_i_7                                | CLB.LUT.LUT5           |
    | grp_node_0_0_Pipeline_l_S_t_1_t_fu_256/hadd_16ns_16ns_16_3_no_dsp_1_U1/node_0_0_hadd_16ns_16ns_16_3_no_dsp_1_ip_u/U0/i_synth/ADDSUB_OP.ADDSUB/LOGIC_SPEED.OP/ALIGN_BLK/FRAC_ADDSUB/LOGIC_ADD.FRAC_ADDSUB/STRUCT_ADD1.ADD1/RESULT_REG.NORMAL.exp_op[1]_i_3                                | CLB.LUT.LUT5           |
    | grp_node_0_0_Pipeline_l_S_t_1_t_fu_256/hadd_16ns_16ns_16_3_no_dsp_1_U1/node_0_0_hadd_16ns_16ns_16_3_no_dsp_1_ip_u/U0/i_synth/ADDSUB_OP.ADDSUB/LOGIC_SPEED.OP/ALIGN_BLK/FRAC_ADDSUB/LOGIC_ADD.FRAC_ADDSUB/STRUCT_ADD1.ADD1/CHAIN_GEN[0].C_MUX.CARRY_MUX_i_6__0                            | CLB.LUT.LUT5           |
    | grp_node_0_0_Pipeline_l_S_t_1_t_fu_256/hadd_16ns_16ns_16_3_no_dsp_1_U1/node_0_0_hadd_16ns_16ns_16_3_no_dsp_1_ip_u/U0/i_synth/ADDSUB_OP.ADDSUB/LOGIC_SPEED.OP/ALIGN_BLK/FRAC_ADDSUB/LOGIC_ADD.FRAC_ADDSUB/STRUCT_ADD1.ADD1/CHAIN_GEN[0].C_MUX.CARRY_MUX_i_3__0                            | CLB.LUT.LUT6           |
    | grp_node_0_0_Pipeline_l_S_t_1_t_fu_256/hadd_16ns_16ns_16_3_no_dsp_1_U1/node_0_0_hadd_16ns_16ns_16_3_no_dsp_1_ip_u/U0/i_synth/ADDSUB_OP.ADDSUB/LOGIC_SPEED.OP/ALIGN_BLK/FRAC_ADDSUB/LOGIC_ADD.FRAC_ADDSUB/STRUCT_ADD1.ADD1/CHAIN_GEN[0].C_MUX.CARRY_MUX_i_1__10                           | CLB.LUT.LUT5           |
    | grp_node_0_0_Pipeline_l_S_t_1_t_fu_256/hadd_16ns_16ns_16_3_no_dsp_1_U1/node_0_0_hadd_16ns_16ns_16_3_no_dsp_1_ip_u/U0/i_synth/ADDSUB_OP.ADDSUB/LOGIC_SPEED.OP/NORM/ROUND/RND_BIT_GEN/NORM_2.RND_CHAIN/CHAIN_GEN[0].C_MUX.CARRY_MUX_CARRY4_CARRY8                                          | CLB.CARRY.CARRY8       |
    | grp_node_0_0_Pipeline_l_S_t_1_t_fu_256/hadd_16ns_16ns_16_3_no_dsp_1_U1/node_0_0_hadd_16ns_16ns_16_3_no_dsp_1_ip_u/U0/i_synth/ADDSUB_OP.ADDSUB/LOGIC_SPEED.OP/NORM/ROUND/LOGIC.RND1/CHAIN_GEN[2].C_MUX.CARRY_MUX_CARRY4_CARRY8                                                            | CLB.CARRY.CARRY8       |
    | grp_node_0_0_Pipeline_l_S_t_1_t_fu_256/hadd_16ns_16ns_16_3_no_dsp_1_U1/node_0_0_hadd_16ns_16ns_16_3_no_dsp_1_ip_u/U0/i_synth/ADDSUB_OP.ADDSUB/LOGIC_SPEED.OP/NORM/ROUND/LOGIC.RND2/CHAIN_GEN[5].Q_XOR.SUM_XOR_CARRY4_CARRY8                                                              | CLB.CARRY.CARRY8       |
    | grp_node_0_0_Pipeline_l_S_t_1_t_fu_256/hadd_16ns_16ns_16_3_no_dsp_1_U1/node_0_0_hadd_16ns_16ns_16_3_no_dsp_1_ip_u/U0/i_synth/ADDSUB_OP.ADDSUB/LOGIC_SPEED.OP/NORM/LZE/ZERO_DET_CC_1/RESULT_REG.NORMAL.exp_op[4]_i_3                                                                      | CLB.LUT.LUT6           |
    | grp_node_0_0_Pipeline_l_S_t_1_t_fu_256/hadd_16ns_16ns_16_3_no_dsp_1_U1/node_0_0_hadd_16ns_16ns_16_3_no_dsp_1_ip_u/U0/i_synth/ADDSUB_OP.ADDSUB/LOGIC_SPEED.OP/NORM/LZE/ZERO_DET_CC_1/RESULT_REG.NORMAL.exp_op[3]_i_1                                                                      | CLB.LUT.LUT6           |
    | grp_node_0_0_Pipeline_l_S_t_1_t_fu_256/hadd_16ns_16ns_16_3_no_dsp_1_U1/node_0_0_hadd_16ns_16ns_16_3_no_dsp_1_ip_u/U0/i_synth/ADDSUB_OP.ADDSUB/LOGIC_SPEED.OP/OP/RESULT_REG.NORMAL.exp_op_reg[3]                                                                                          | REGISTER.SDR.FDRE      |
    | grp_node_0_0_Pipeline_l_S_t_1_t_fu_256/hadd_16ns_16ns_16_3_no_dsp_1_U1/din0_buf1_reg[8]                                                                                                                                                                                                  | REGISTER.SDR.FDRE      |
    | grp_node_0_0_Pipeline_l_S_t_1_t_fu_256/hsub_16ns_16ns_16_3_no_dsp_1_U2/node_0_0_hsub_16ns_16ns_16_3_no_dsp_1_ip_u/U0/i_synth/ADDSUB_OP.ADDSUB/LOGIC_SPEED.OP/EXP/NUMB_CMP/NOT_FAST.CMP/C_CHAIN/CHAIN_GEN[4].C_MUX.CARRY_MUX_i_1__3                                                       | CLB.LUT.LUT4           |
    | grp_node_0_0_Pipeline_l_S_t_1_t_fu_256/hsub_16ns_16ns_16_3_no_dsp_1_U2/node_0_0_hsub_16ns_16ns_16_3_no_dsp_1_ip_u/U0/i_synth/ADDSUB_OP.ADDSUB/LOGIC_SPEED.OP/EXP/NUMB_CMP/NOT_FAST.CMP/C_CHAIN/CHAIN_GEN[0].C_MUX.CARRY_MUX_CARRY4_CARRY8                                                | CLB.CARRY.CARRY8       |
    | grp_node_0_0_Pipeline_l_S_t_1_t_fu_256/hsub_16ns_16ns_16_3_no_dsp_1_U2/node_0_0_hsub_16ns_16ns_16_3_no_dsp_1_ip_u/U0/i_synth/ADDSUB_OP.ADDSUB/LOGIC_SPEED.OP/EXP/NUMB_CMP/NOT_FAST.CMP/C_CHAIN/CHAIN_GEN[1].C_MUX.CARRY_MUX_i_3__1                                                       | CLB.LUT.LUT6           |
    | grp_node_0_0_Pipeline_l_S_t_1_t_fu_256/hsub_16ns_16ns_16_3_no_dsp_1_U2/node_0_0_hsub_16ns_16ns_16_3_no_dsp_1_ip_u/U0/i_synth/ADDSUB_OP.ADDSUB/LOGIC_SPEED.OP/EXP/NUMB_CMP/NOT_FAST.CMP/C_CHAIN/CHAIN_GEN[1].C_MUX.CARRY_MUX_i_1__1                                                       | CLB.LUT.LUT4           |
    | grp_node_0_0_Pipeline_l_S_t_1_t_fu_256/hsub_16ns_16ns_16_3_no_dsp_1_U2/node_0_0_hsub_16ns_16ns_16_3_no_dsp_1_ip_u/U0/i_synth/ADDSUB_OP.ADDSUB/LOGIC_SPEED.OP/ALIGN_BLK/ALIGN_SHIFT/ALIGN_Z_D/EQ_ZERO/CARRY_ZERO_DET/CHAIN_GEN[0].C_MUX.CARRY_MUX_CARRY4_CARRY8                           | CLB.CARRY.CARRY8       |
    | grp_node_0_0_Pipeline_l_S_t_1_t_fu_256/hsub_16ns_16ns_16_3_no_dsp_1_U2/node_0_0_hsub_16ns_16ns_16_3_no_dsp_1_ip_u/U0/i_synth/ADDSUB_OP.ADDSUB/LOGIC_SPEED.OP/EXP/NUMB_CMP/NOT_FAST.CMP/C_CHAIN/STRUCT_ADD1.CARRY_MUX2_i_2                                                                | CLB.LUT.LUT5           |
    | grp_node_0_0_Pipeline_l_S_t_1_t_fu_256/hsub_16ns_16ns_16_3_no_dsp_1_U2/node_0_0_hsub_16ns_16ns_16_3_no_dsp_1_ip_u/U0/i_synth/ADDSUB_OP.ADDSUB/LOGIC_SPEED.OP/EXP/NUMB_CMP/NOT_FAST.CMP/C_CHAIN/STRUCT_ADD1.CARRY_MUX2_i_1                                                                | CLB.LUT.LUT6           |
    | grp_node_0_0_Pipeline_l_S_t_1_t_fu_256/hsub_16ns_16ns_16_3_no_dsp_1_U2/node_0_0_hsub_16ns_16ns_16_3_no_dsp_1_ip_u/U0/i_synth/ADDSUB_OP.ADDSUB/LOGIC_SPEED.OP/ALIGN_BLK/FRAC_ADDSUB/LOGIC_ADD.FRAC_ADDSUB/STRUCT_ADD1.CARRY_MUX1_CARRY4_CARRY8                                            | CLB.CARRY.CARRY8       |
    | grp_node_0_0_Pipeline_l_S_t_1_t_fu_256/hsub_16ns_16ns_16_3_no_dsp_1_U2/node_0_0_hsub_16ns_16ns_16_3_no_dsp_1_ip_u/U0/i_synth/ADDSUB_OP.ADDSUB/LOGIC_SPEED.OP/ALIGN_BLK/FRAC_ADDSUB/LOGIC_ADD.FRAC_ADDSUB/STRUCT_ADD2.ADD1/CHAIN_GEN[0].C_MUX.CARRY_MUX_CARRY4_CARRY8                     | CLB.CARRY.CARRY8       |
    | grp_node_0_0_Pipeline_l_S_t_1_t_fu_256/hsub_16ns_16ns_16_3_no_dsp_1_U2/node_0_0_hsub_16ns_16ns_16_3_no_dsp_1_ip_u/U0/i_synth/ADDSUB_OP.ADDSUB/LOGIC_SPEED.OP/ALIGN_BLK/FRAC_ADDSUB/LOGIC_ADD.FRAC_ADDSUB/STRUCT_ADD2.ADD1/CHAIN_GEN[1].C_MUX.CARRY_MUX_i_1__4                            | CLB.LUT.LUT4           |
    | grp_node_0_0_Pipeline_l_S_t_1_t_fu_256/hsub_16ns_16ns_16_3_no_dsp_1_U2/node_0_0_hsub_16ns_16ns_16_3_no_dsp_1_ip_u/U0/i_synth/ADDSUB_OP.ADDSUB/LOGIC_SPEED.OP/NORM/LZE/ZERO_DET_CC_1/CHAIN_GEN[0].C_MUX.CARRY_MUX_CARRY4_CARRY8                                                           | CLB.CARRY.CARRY8       |
    | grp_node_0_0_Pipeline_l_S_t_1_t_fu_256/hsub_16ns_16ns_16_3_no_dsp_1_U2/node_0_0_hsub_16ns_16ns_16_3_no_dsp_1_ip_u/U0/i_synth/ADDSUB_OP.ADDSUB/LOGIC_SPEED.OP/ALIGN_BLK/FRAC_ADDSUB/LOGIC_ADD.FRAC_ADDSUB/STRUCT_ADD2.ADD1/CHAIN_GEN[1].C_MUX.CARRY_MUX_i_5__1                            | CLB.LUT.LUT6           |
    | grp_node_0_0_Pipeline_l_S_t_1_t_fu_256/hsub_16ns_16ns_16_3_no_dsp_1_U2/node_0_0_hsub_16ns_16ns_16_3_no_dsp_1_ip_u/U0/i_synth/ADDSUB_OP.ADDSUB/LOGIC_SPEED.OP/ALIGN_BLK/FRAC_ADDSUB/LOGIC_ADD.FRAC_ADDSUB/STRUCT_ADD2.ADD1/CHAIN_GEN[1].C_MUX.CARRY_MUX_i_2__3                            | CLB.LUT.LUT6           |
    | grp_node_0_0_Pipeline_l_S_t_1_t_fu_256/hsub_16ns_16ns_16_3_no_dsp_1_U2/node_0_0_hsub_16ns_16ns_16_3_no_dsp_1_ip_u/U0/i_synth/ADDSUB_OP.ADDSUB/LOGIC_SPEED.OP/ALIGN_BLK/FRAC_ADDSUB/LOGIC_ADD.FRAC_ADDSUB/STRUCT_ADD2.ADD1/CHAIN_GEN[0].C_MUX.CARRY_MUX_i_6__0                            | CLB.LUT.LUT5           |
    | grp_node_0_0_Pipeline_l_S_t_1_t_fu_256/hsub_16ns_16ns_16_3_no_dsp_1_U2/node_0_0_hsub_16ns_16ns_16_3_no_dsp_1_ip_u/U0/i_synth/ADDSUB_OP.ADDSUB/LOGIC_SPEED.OP/ALIGN_BLK/FRAC_ADDSUB/LOGIC_ADD.FRAC_ADDSUB/STRUCT_ADD1.ADD1/CHAIN_GEN[0].C_MUX.CARRY_MUX_i_5__0                            | CLB.LUT.LUT6           |
    | grp_node_0_0_Pipeline_l_S_t_1_t_fu_256/hsub_16ns_16ns_16_3_no_dsp_1_U2/node_0_0_hsub_16ns_16ns_16_3_no_dsp_1_ip_u/U0/i_synth/ADDSUB_OP.ADDSUB/LOGIC_SPEED.OP/ALIGN_BLK/FRAC_ADDSUB/LOGIC_ADD.FRAC_ADDSUB/STRUCT_ADD1.ADD1/CHAIN_GEN[0].C_MUX.CARRY_MUX_i_1__9                            | CLB.LUT.LUT6           |
    | grp_node_0_0_Pipeline_l_S_t_1_t_fu_256/hsub_16ns_16ns_16_3_no_dsp_1_U2/node_0_0_hsub_16ns_16ns_16_3_no_dsp_1_ip_u/U0/i_synth/ADDSUB_OP.ADDSUB/LOGIC_SPEED.OP/NORM/ROUND/RND_BIT_GEN/NORM_2.RND_CHAIN/CHAIN_GEN[0].C_MUX.CARRY_MUX_CARRY4_CARRY8                                          | CLB.CARRY.CARRY8       |
    | grp_node_0_0_Pipeline_l_S_t_1_t_fu_256/hsub_16ns_16ns_16_3_no_dsp_1_U2/node_0_0_hsub_16ns_16ns_16_3_no_dsp_1_ip_u/U0/i_synth/ADDSUB_OP.ADDSUB/LOGIC_SPEED.OP/NORM/ROUND/LOGIC.RND1/CHAIN_GEN[2].C_MUX.CARRY_MUX_CARRY4_CARRY8                                                            | CLB.CARRY.CARRY8       |
    | grp_node_0_0_Pipeline_l_S_t_1_t_fu_256/hsub_16ns_16ns_16_3_no_dsp_1_U2/node_0_0_hsub_16ns_16ns_16_3_no_dsp_1_ip_u/U0/i_synth/ADDSUB_OP.ADDSUB/LOGIC_SPEED.OP/NORM/ROUND/LOGIC.RND2/CHAIN_GEN[5].Q_XOR.SUM_XOR_CARRY4_CARRY8                                                              | CLB.CARRY.CARRY8       |
    | grp_node_0_0_Pipeline_l_S_t_1_t_fu_256/hsub_16ns_16ns_16_3_no_dsp_1_U2/node_0_0_hsub_16ns_16ns_16_3_no_dsp_1_ip_u/U0/i_synth/ADDSUB_OP.ADDSUB/LOGIC_SPEED.OP/ALIGN_BLK/FRAC_ADDSUB/LOGIC_ADD.FRAC_ADDSUB/STRUCT_ADD1.ADD1/RESULT_REG.NORMAL.exp_op[0]_i_2                                | CLB.LUT.LUT6           |
    | grp_node_0_0_Pipeline_l_S_t_1_t_fu_256/hsub_16ns_16ns_16_3_no_dsp_1_U2/node_0_0_hsub_16ns_16ns_16_3_no_dsp_1_ip_u/U0/i_synth/ADDSUB_OP.ADDSUB/LOGIC_SPEED.OP/EXP/EXP_OFF.STRUCT_ADD/RESULT_REG.NORMAL.exp_op[0]_i_1                                                                      | CLB.LUT.LUT6           |
    | grp_node_0_0_Pipeline_l_S_t_1_t_fu_256/hsub_16ns_16ns_16_3_no_dsp_1_U2/node_0_0_hsub_16ns_16ns_16_3_no_dsp_1_ip_u/U0/i_synth/ADDSUB_OP.ADDSUB/LOGIC_SPEED.OP/OP/RESULT_REG.NORMAL.exp_op_reg[0]                                                                                          | REGISTER.SDR.FDRE      |
    | grp_node_0_0_Pipeline_l_S_t_1_t_fu_256/hadd_16ns_16ns_16_3_no_dsp_1_U1/din1_buf1_reg[9]_replica                                                                                                                                                                                          | REGISTER.SDR.FDRE      |
    | grp_node_0_0_Pipeline_l_S_t_1_t_fu_256/hadd_16ns_16ns_16_3_no_dsp_1_U1/node_0_0_hadd_16ns_16ns_16_3_no_dsp_1_ip_u/U0/i_synth/ADDSUB_OP.ADDSUB/LOGIC_SPEED.OP/EXP/NUMB_CMP/NOT_FAST.CMP/C_CHAIN/CHAIN_GEN[4].C_MUX.CARRY_MUX_i_1__3                                                       | CLB.LUT.LUT4           |
    | grp_node_0_0_Pipeline_l_S_t_1_t_fu_256/hadd_16ns_16ns_16_3_no_dsp_1_U1/node_0_0_hadd_16ns_16ns_16_3_no_dsp_1_ip_u/U0/i_synth/ADDSUB_OP.ADDSUB/LOGIC_SPEED.OP/EXP/NUMB_CMP/NOT_FAST.CMP/C_CHAIN/CHAIN_GEN[0].C_MUX.CARRY_MUX_CARRY4_CARRY8                                                | CLB.CARRY.CARRY8       |
    | grp_node_0_0_Pipeline_l_S_t_1_t_fu_256/hadd_16ns_16ns_16_3_no_dsp_1_U1/node_0_0_hadd_16ns_16ns_16_3_no_dsp_1_ip_u/U0/i_synth/ADDSUB_OP.ADDSUB/LOGIC_SPEED.OP/EXP/NUMB_CMP/NOT_FAST.CMP/C_CHAIN/CHAIN_GEN[1].C_MUX.CARRY_MUX_i_2__3                                                       | CLB.LUT.LUT6           |
    | grp_node_0_0_Pipeline_l_S_t_1_t_fu_256/hadd_16ns_16ns_16_3_no_dsp_1_U1/node_0_0_hadd_16ns_16ns_16_3_no_dsp_1_ip_u/U0/i_synth/ADDSUB_OP.ADDSUB/LOGIC_SPEED.OP/EXP/NUMB_CMP/NOT_FAST.CMP/C_CHAIN/CHAIN_GEN[1].C_MUX.CARRY_MUX_i_1__5                                                       | CLB.LUT.LUT4           |
    | grp_node_0_0_Pipeline_l_S_t_1_t_fu_256/hadd_16ns_16ns_16_3_no_dsp_1_U1/node_0_0_hadd_16ns_16ns_16_3_no_dsp_1_ip_u/U0/i_synth/ADDSUB_OP.ADDSUB/LOGIC_SPEED.OP/ALIGN_BLK/ALIGN_SHIFT/ALIGN_Z_D/EQ_ZERO/CARRY_ZERO_DET/CHAIN_GEN[0].C_MUX.CARRY_MUX_CARRY4_CARRY8                           | CLB.CARRY.CARRY8       |
    | grp_node_0_0_Pipeline_l_S_t_1_t_fu_256/hadd_16ns_16ns_16_3_no_dsp_1_U1/node_0_0_hadd_16ns_16ns_16_3_no_dsp_1_ip_u/U0/i_synth/ADDSUB_OP.ADDSUB/LOGIC_SPEED.OP/EXP/NUMB_CMP/NOT_FAST.CMP/C_CHAIN/STRUCT_ADD1.CARRY_MUX2_i_7                                                                | CLB.LUT.LUT5           |
    | grp_node_0_0_Pipeline_l_S_t_1_t_fu_256/hadd_16ns_16ns_16_3_no_dsp_1_U1/node_0_0_hadd_16ns_16ns_16_3_no_dsp_1_ip_u/U0/i_synth/ADDSUB_OP.ADDSUB/LOGIC_SPEED.OP/EXP/NUMB_CMP/NOT_FAST.CMP/C_CHAIN/STRUCT_ADD1.CARRY_MUX2_i_2                                                                | CLB.LUT.LUT6           |
    | grp_node_0_0_Pipeline_l_S_t_1_t_fu_256/hadd_16ns_16ns_16_3_no_dsp_1_U1/node_0_0_hadd_16ns_16ns_16_3_no_dsp_1_ip_u/U0/i_synth/ADDSUB_OP.ADDSUB/LOGIC_SPEED.OP/EXP/NUMB_CMP/NOT_FAST.CMP/C_CHAIN/STRUCT_ADD1.CARRY_MUX2_i_1                                                                | CLB.LUT.LUT6           |
    | grp_node_0_0_Pipeline_l_S_t_1_t_fu_256/hadd_16ns_16ns_16_3_no_dsp_1_U1/node_0_0_hadd_16ns_16ns_16_3_no_dsp_1_ip_u/U0/i_synth/ADDSUB_OP.ADDSUB/LOGIC_SPEED.OP/ALIGN_BLK/FRAC_ADDSUB/LOGIC_ADD.FRAC_ADDSUB/STRUCT_ADD1.CARRY_MUX1_CARRY4_CARRY8                                            | CLB.CARRY.CARRY8       |
    | grp_node_0_0_Pipeline_l_S_t_1_t_fu_256/hadd_16ns_16ns_16_3_no_dsp_1_U1/node_0_0_hadd_16ns_16ns_16_3_no_dsp_1_ip_u/U0/i_synth/ADDSUB_OP.ADDSUB/LOGIC_SPEED.OP/ALIGN_BLK/FRAC_ADDSUB/LOGIC_ADD.FRAC_ADDSUB/STRUCT_ADD2.ADD1/CHAIN_GEN[0].C_MUX.CARRY_MUX_CARRY4_CARRY8                     | CLB.CARRY.CARRY8       |
    | grp_node_0_0_Pipeline_l_S_t_1_t_fu_256/hadd_16ns_16ns_16_3_no_dsp_1_U1/node_0_0_hadd_16ns_16ns_16_3_no_dsp_1_ip_u/U0/i_synth/ADDSUB_OP.ADDSUB/LOGIC_SPEED.OP/ALIGN_BLK/FRAC_ADDSUB/LOGIC_ADD.FRAC_ADDSUB/STRUCT_ADD2.ADD1/CHAIN_GEN[0].C_MUX.CARRY_MUX_i_1__2                            | CLB.LUT.LUT4           |
    | grp_node_0_0_Pipeline_l_S_t_1_t_fu_256/hadd_16ns_16ns_16_3_no_dsp_1_U1/node_0_0_hadd_16ns_16ns_16_3_no_dsp_1_ip_u/U0/i_synth/ADDSUB_OP.ADDSUB/LOGIC_SPEED.OP/NORM/LZE/ZERO_DET_CC_1/CHAIN_GEN[0].C_MUX.CARRY_MUX_CARRY4_CARRY8                                                           | CLB.CARRY.CARRY8       |
    | grp_node_0_0_Pipeline_l_S_t_1_t_fu_256/hadd_16ns_16ns_16_3_no_dsp_1_U1/node_0_0_hadd_16ns_16ns_16_3_no_dsp_1_ip_u/U0/i_synth/ADDSUB_OP.ADDSUB/LOGIC_SPEED.OP/ALIGN_BLK/FRAC_ADDSUB/LOGIC_ADD.FRAC_ADDSUB/STRUCT_ADD2.ADD1/RESULT_REG.NORMAL.exp_op[2]_i_7                                | CLB.LUT.LUT5           |
    | grp_node_0_0_Pipeline_l_S_t_1_t_fu_256/hadd_16ns_16ns_16_3_no_dsp_1_U1/node_0_0_hadd_16ns_16ns_16_3_no_dsp_1_ip_u/U0/i_synth/ADDSUB_OP.ADDSUB/LOGIC_SPEED.OP/ALIGN_BLK/FRAC_ADDSUB/LOGIC_ADD.FRAC_ADDSUB/STRUCT_ADD1.ADD1/RESULT_REG.NORMAL.exp_op[1]_i_3                                | CLB.LUT.LUT5           |
    | grp_node_0_0_Pipeline_l_S_t_1_t_fu_256/hadd_16ns_16ns_16_3_no_dsp_1_U1/node_0_0_hadd_16ns_16ns_16_3_no_dsp_1_ip_u/U0/i_synth/ADDSUB_OP.ADDSUB/LOGIC_SPEED.OP/ALIGN_BLK/FRAC_ADDSUB/LOGIC_ADD.FRAC_ADDSUB/STRUCT_ADD1.ADD1/CHAIN_GEN[0].C_MUX.CARRY_MUX_i_6__0                            | CLB.LUT.LUT5           |
    | grp_node_0_0_Pipeline_l_S_t_1_t_fu_256/hadd_16ns_16ns_16_3_no_dsp_1_U1/node_0_0_hadd_16ns_16ns_16_3_no_dsp_1_ip_u/U0/i_synth/ADDSUB_OP.ADDSUB/LOGIC_SPEED.OP/ALIGN_BLK/FRAC_ADDSUB/LOGIC_ADD.FRAC_ADDSUB/STRUCT_ADD1.ADD1/CHAIN_GEN[0].C_MUX.CARRY_MUX_i_3__0                            | CLB.LUT.LUT6           |
    | grp_node_0_0_Pipeline_l_S_t_1_t_fu_256/hadd_16ns_16ns_16_3_no_dsp_1_U1/node_0_0_hadd_16ns_16ns_16_3_no_dsp_1_ip_u/U0/i_synth/ADDSUB_OP.ADDSUB/LOGIC_SPEED.OP/ALIGN_BLK/FRAC_ADDSUB/LOGIC_ADD.FRAC_ADDSUB/STRUCT_ADD1.ADD1/CHAIN_GEN[0].C_MUX.CARRY_MUX_i_1__10                           | CLB.LUT.LUT5           |
    | grp_node_0_0_Pipeline_l_S_t_1_t_fu_256/hadd_16ns_16ns_16_3_no_dsp_1_U1/node_0_0_hadd_16ns_16ns_16_3_no_dsp_1_ip_u/U0/i_synth/ADDSUB_OP.ADDSUB/LOGIC_SPEED.OP/NORM/ROUND/RND_BIT_GEN/NORM_2.RND_CHAIN/CHAIN_GEN[0].C_MUX.CARRY_MUX_CARRY4_CARRY8                                          | CLB.CARRY.CARRY8       |
    | grp_node_0_0_Pipeline_l_S_t_1_t_fu_256/hadd_16ns_16ns_16_3_no_dsp_1_U1/node_0_0_hadd_16ns_16ns_16_3_no_dsp_1_ip_u/U0/i_synth/ADDSUB_OP.ADDSUB/LOGIC_SPEED.OP/NORM/ROUND/LOGIC.RND1/CHAIN_GEN[2].C_MUX.CARRY_MUX_CARRY4_CARRY8                                                            | CLB.CARRY.CARRY8       |
    | grp_node_0_0_Pipeline_l_S_t_1_t_fu_256/hadd_16ns_16ns_16_3_no_dsp_1_U1/node_0_0_hadd_16ns_16ns_16_3_no_dsp_1_ip_u/U0/i_synth/ADDSUB_OP.ADDSUB/LOGIC_SPEED.OP/EXP/COND_DET_A/MANT_CARRY.MANT_ALL_ZERO_DET/CARRY_ZERO_DET/RESULT_REG.NORMAL.mant_op[9]_i_1                                 | CLB.LUT.LUT6           |
    | grp_node_0_0_Pipeline_l_S_t_1_t_fu_256/hadd_16ns_16ns_16_3_no_dsp_1_U1/node_0_0_hadd_16ns_16ns_16_3_no_dsp_1_ip_u/U0/i_synth/ADDSUB_OP.ADDSUB/LOGIC_SPEED.OP/OP/RESULT_REG.NORMAL.mant_op_reg[9]                                                                                         | REGISTER.SDR.FDRE      |
    | grp_node_0_0_Pipeline_l_S_t_1_t_fu_256/hadd_16ns_16ns_16_3_no_dsp_1_U1/din0_buf1_reg[8]                                                                                                                                                                                                  | REGISTER.SDR.FDRE      |
    | grp_node_0_0_Pipeline_l_S_t_1_t_fu_256/hsub_16ns_16ns_16_3_no_dsp_1_U2/node_0_0_hsub_16ns_16ns_16_3_no_dsp_1_ip_u/U0/i_synth/ADDSUB_OP.ADDSUB/LOGIC_SPEED.OP/EXP/NUMB_CMP/NOT_FAST.CMP/C_CHAIN/CHAIN_GEN[4].C_MUX.CARRY_MUX_i_1__3                                                       | CLB.LUT.LUT4           |
    | grp_node_0_0_Pipeline_l_S_t_1_t_fu_256/hsub_16ns_16ns_16_3_no_dsp_1_U2/node_0_0_hsub_16ns_16ns_16_3_no_dsp_1_ip_u/U0/i_synth/ADDSUB_OP.ADDSUB/LOGIC_SPEED.OP/EXP/NUMB_CMP/NOT_FAST.CMP/C_CHAIN/CHAIN_GEN[0].C_MUX.CARRY_MUX_CARRY4_CARRY8                                                | CLB.CARRY.CARRY8       |
    | grp_node_0_0_Pipeline_l_S_t_1_t_fu_256/hsub_16ns_16ns_16_3_no_dsp_1_U2/node_0_0_hsub_16ns_16ns_16_3_no_dsp_1_ip_u/U0/i_synth/ADDSUB_OP.ADDSUB/LOGIC_SPEED.OP/EXP/NUMB_CMP/NOT_FAST.CMP/C_CHAIN/CHAIN_GEN[1].C_MUX.CARRY_MUX_i_3__1                                                       | CLB.LUT.LUT6           |
    | grp_node_0_0_Pipeline_l_S_t_1_t_fu_256/hsub_16ns_16ns_16_3_no_dsp_1_U2/node_0_0_hsub_16ns_16ns_16_3_no_dsp_1_ip_u/U0/i_synth/ADDSUB_OP.ADDSUB/LOGIC_SPEED.OP/EXP/NUMB_CMP/NOT_FAST.CMP/C_CHAIN/CHAIN_GEN[1].C_MUX.CARRY_MUX_i_1__1                                                       | CLB.LUT.LUT4           |
    | grp_node_0_0_Pipeline_l_S_t_1_t_fu_256/hsub_16ns_16ns_16_3_no_dsp_1_U2/node_0_0_hsub_16ns_16ns_16_3_no_dsp_1_ip_u/U0/i_synth/ADDSUB_OP.ADDSUB/LOGIC_SPEED.OP/ALIGN_BLK/ALIGN_SHIFT/ALIGN_Z_D/EQ_ZERO/CARRY_ZERO_DET/CHAIN_GEN[0].C_MUX.CARRY_MUX_CARRY4_CARRY8                           | CLB.CARRY.CARRY8       |
    | grp_node_0_0_Pipeline_l_S_t_1_t_fu_256/hsub_16ns_16ns_16_3_no_dsp_1_U2/node_0_0_hsub_16ns_16ns_16_3_no_dsp_1_ip_u/U0/i_synth/ADDSUB_OP.ADDSUB/LOGIC_SPEED.OP/EXP/NUMB_CMP/NOT_FAST.CMP/C_CHAIN/STRUCT_ADD1.CARRY_MUX2_i_2                                                                | CLB.LUT.LUT5           |
    | grp_node_0_0_Pipeline_l_S_t_1_t_fu_256/hsub_16ns_16ns_16_3_no_dsp_1_U2/node_0_0_hsub_16ns_16ns_16_3_no_dsp_1_ip_u/U0/i_synth/ADDSUB_OP.ADDSUB/LOGIC_SPEED.OP/EXP/NUMB_CMP/NOT_FAST.CMP/C_CHAIN/STRUCT_ADD1.CARRY_MUX2_i_1                                                                | CLB.LUT.LUT6           |
    | grp_node_0_0_Pipeline_l_S_t_1_t_fu_256/hsub_16ns_16ns_16_3_no_dsp_1_U2/node_0_0_hsub_16ns_16ns_16_3_no_dsp_1_ip_u/U0/i_synth/ADDSUB_OP.ADDSUB/LOGIC_SPEED.OP/ALIGN_BLK/FRAC_ADDSUB/LOGIC_ADD.FRAC_ADDSUB/STRUCT_ADD1.CARRY_MUX1_CARRY4_CARRY8                                            | CLB.CARRY.CARRY8       |
    | grp_node_0_0_Pipeline_l_S_t_1_t_fu_256/hsub_16ns_16ns_16_3_no_dsp_1_U2/node_0_0_hsub_16ns_16ns_16_3_no_dsp_1_ip_u/U0/i_synth/ADDSUB_OP.ADDSUB/LOGIC_SPEED.OP/ALIGN_BLK/FRAC_ADDSUB/LOGIC_ADD.FRAC_ADDSUB/STRUCT_ADD2.ADD1/CHAIN_GEN[0].C_MUX.CARRY_MUX_CARRY4_CARRY8                     | CLB.CARRY.CARRY8       |
    | grp_node_0_0_Pipeline_l_S_t_1_t_fu_256/hsub_16ns_16ns_16_3_no_dsp_1_U2/node_0_0_hsub_16ns_16ns_16_3_no_dsp_1_ip_u/U0/i_synth/ADDSUB_OP.ADDSUB/LOGIC_SPEED.OP/ALIGN_BLK/FRAC_ADDSUB/LOGIC_ADD.FRAC_ADDSUB/STRUCT_ADD2.ADD1/CHAIN_GEN[1].C_MUX.CARRY_MUX_i_1__4                            | CLB.LUT.LUT4           |
    | grp_node_0_0_Pipeline_l_S_t_1_t_fu_256/hsub_16ns_16ns_16_3_no_dsp_1_U2/node_0_0_hsub_16ns_16ns_16_3_no_dsp_1_ip_u/U0/i_synth/ADDSUB_OP.ADDSUB/LOGIC_SPEED.OP/NORM/LZE/ZERO_DET_CC_1/CHAIN_GEN[0].C_MUX.CARRY_MUX_CARRY4_CARRY8                                                           | CLB.CARRY.CARRY8       |
    | grp_node_0_0_Pipeline_l_S_t_1_t_fu_256/hsub_16ns_16ns_16_3_no_dsp_1_U2/node_0_0_hsub_16ns_16ns_16_3_no_dsp_1_ip_u/U0/i_synth/ADDSUB_OP.ADDSUB/LOGIC_SPEED.OP/ALIGN_BLK/FRAC_ADDSUB/LOGIC_ADD.FRAC_ADDSUB/STRUCT_ADD2.ADD1/CHAIN_GEN[1].C_MUX.CARRY_MUX_i_5__1                            | CLB.LUT.LUT6           |
    | grp_node_0_0_Pipeline_l_S_t_1_t_fu_256/hsub_16ns_16ns_16_3_no_dsp_1_U2/node_0_0_hsub_16ns_16ns_16_3_no_dsp_1_ip_u/U0/i_synth/ADDSUB_OP.ADDSUB/LOGIC_SPEED.OP/ALIGN_BLK/FRAC_ADDSUB/LOGIC_ADD.FRAC_ADDSUB/STRUCT_ADD2.ADD1/CHAIN_GEN[1].C_MUX.CARRY_MUX_i_2__3                            | CLB.LUT.LUT6           |
    | grp_node_0_0_Pipeline_l_S_t_1_t_fu_256/hsub_16ns_16ns_16_3_no_dsp_1_U2/node_0_0_hsub_16ns_16ns_16_3_no_dsp_1_ip_u/U0/i_synth/ADDSUB_OP.ADDSUB/LOGIC_SPEED.OP/ALIGN_BLK/FRAC_ADDSUB/LOGIC_ADD.FRAC_ADDSUB/STRUCT_ADD2.ADD1/CHAIN_GEN[0].C_MUX.CARRY_MUX_i_6__0                            | CLB.LUT.LUT5           |
    | grp_node_0_0_Pipeline_l_S_t_1_t_fu_256/hsub_16ns_16ns_16_3_no_dsp_1_U2/node_0_0_hsub_16ns_16ns_16_3_no_dsp_1_ip_u/U0/i_synth/ADDSUB_OP.ADDSUB/LOGIC_SPEED.OP/ALIGN_BLK/FRAC_ADDSUB/LOGIC_ADD.FRAC_ADDSUB/STRUCT_ADD1.ADD1/CHAIN_GEN[0].C_MUX.CARRY_MUX_i_5__0                            | CLB.LUT.LUT6           |
    | grp_node_0_0_Pipeline_l_S_t_1_t_fu_256/hsub_16ns_16ns_16_3_no_dsp_1_U2/node_0_0_hsub_16ns_16ns_16_3_no_dsp_1_ip_u/U0/i_synth/ADDSUB_OP.ADDSUB/LOGIC_SPEED.OP/ALIGN_BLK/FRAC_ADDSUB/LOGIC_ADD.FRAC_ADDSUB/STRUCT_ADD1.ADD1/CHAIN_GEN[0].C_MUX.CARRY_MUX_i_1__9                            | CLB.LUT.LUT6           |
    | grp_node_0_0_Pipeline_l_S_t_1_t_fu_256/hsub_16ns_16ns_16_3_no_dsp_1_U2/node_0_0_hsub_16ns_16ns_16_3_no_dsp_1_ip_u/U0/i_synth/ADDSUB_OP.ADDSUB/LOGIC_SPEED.OP/NORM/ROUND/RND_BIT_GEN/NORM_2.RND_CHAIN/CHAIN_GEN[0].C_MUX.CARRY_MUX_CARRY4_CARRY8                                          | CLB.CARRY.CARRY8       |
    | grp_node_0_0_Pipeline_l_S_t_1_t_fu_256/hsub_16ns_16ns_16_3_no_dsp_1_U2/node_0_0_hsub_16ns_16ns_16_3_no_dsp_1_ip_u/U0/i_synth/ADDSUB_OP.ADDSUB/LOGIC_SPEED.OP/NORM/ROUND/LOGIC.RND1/CHAIN_GEN[2].C_MUX.CARRY_MUX_CARRY4_CARRY8                                                            | CLB.CARRY.CARRY8       |
    | grp_node_0_0_Pipeline_l_S_t_1_t_fu_256/hsub_16ns_16ns_16_3_no_dsp_1_U2/node_0_0_hsub_16ns_16ns_16_3_no_dsp_1_ip_u/U0/i_synth/ADDSUB_OP.ADDSUB/LOGIC_SPEED.OP/NORM/ROUND/LOGIC.RND2/CHAIN_GEN[5].Q_XOR.SUM_XOR_CARRY4_CARRY8                                                              | CLB.CARRY.CARRY8       |
    | grp_node_0_0_Pipeline_l_S_t_1_t_fu_256/hsub_16ns_16ns_16_3_no_dsp_1_U2/node_0_0_hsub_16ns_16ns_16_3_no_dsp_1_ip_u/U0/i_synth/ADDSUB_OP.ADDSUB/LOGIC_SPEED.OP/EXP/EXP_OFF.STRUCT_ADD/RESULT_REG.NORMAL.exp_op[1]_i_2                                                                      | CLB.LUT.LUT5           |
    | grp_node_0_0_Pipeline_l_S_t_1_t_fu_256/hsub_16ns_16ns_16_3_no_dsp_1_U2/node_0_0_hsub_16ns_16ns_16_3_no_dsp_1_ip_u/U0/i_synth/ADDSUB_OP.ADDSUB/LOGIC_SPEED.OP/EXP/EXP_OFF.STRUCT_ADD/RESULT_REG.NORMAL.exp_op[1]_i_1                                                                      | CLB.LUT.LUT6           |
    | grp_node_0_0_Pipeline_l_S_t_1_t_fu_256/hsub_16ns_16ns_16_3_no_dsp_1_U2/node_0_0_hsub_16ns_16ns_16_3_no_dsp_1_ip_u/U0/i_synth/ADDSUB_OP.ADDSUB/LOGIC_SPEED.OP/OP/RESULT_REG.NORMAL.exp_op_reg[1]                                                                                          | REGISTER.SDR.FDRE      |
    +------------------------------------------------------------------------------------------------------------------------------------------------------------------------------------------------------------------------------------------------------------------------------------------+------------------------+

    +------------------------------------------------------------------------------------------------------------------------------------------------------------------------------------------------------------------------------------------------------------------------------------------+------------------------+
    | Path4 Cells                                                                                                                                                                                                                                                                              | Primitive Type         |
    +------------------------------------------------------------------------------------------------------------------------------------------------------------------------------------------------------------------------------------------------------------------------------------------+------------------------+
    | grp_node_0_0_Pipeline_l_S_t_1_t_fu_256/hadd_16ns_16ns_16_3_no_dsp_1_U1/din0_buf1_reg[7]_replica                                                                                                                                                                                          | REGISTER.SDR.FDRE      |
    | grp_node_0_0_Pipeline_l_S_t_1_t_fu_256/hmul_16ns_16ns_16_3_max_dsp_1_U3/node_0_0_hmul_16ns_16ns_16_3_max_dsp_1_ip_u/U0/i_synth/MULT.OP/i_non_prim.MULT/MULT_GEN_VARIANT.FIX_MULT/MULT/gDSP.gDSP_only.iDSP/use_prim.appDSP[0].bppDSP[0].use_dsp.use_dsp48e2.iDSP48E2/DSP_A_B_DATA_INST    | ARITHMETIC.DSP.DSP48E2 |
    | grp_node_0_0_Pipeline_l_S_t_1_t_fu_256/hmul_16ns_16ns_16_3_max_dsp_1_U3/node_0_0_hmul_16ns_16ns_16_3_max_dsp_1_ip_u/U0/i_synth/MULT.OP/i_non_prim.MULT/MULT_GEN_VARIANT.FIX_MULT/MULT/gDSP.gDSP_only.iDSP/use_prim.appDSP[0].bppDSP[0].use_dsp.use_dsp48e2.iDSP48E2/DSP_PREADD_DATA_INST | ARITHMETIC.DSP.DSP48E2 |
    | grp_node_0_0_Pipeline_l_S_t_1_t_fu_256/hmul_16ns_16ns_16_3_max_dsp_1_U3/node_0_0_hmul_16ns_16ns_16_3_max_dsp_1_ip_u/U0/i_synth/MULT.OP/i_non_prim.MULT/MULT_GEN_VARIANT.FIX_MULT/MULT/gDSP.gDSP_only.iDSP/use_prim.appDSP[0].bppDSP[0].use_dsp.use_dsp48e2.iDSP48E2/DSP_MULTIPLIER_INST  | ARITHMETIC.DSP.DSP48E2 |
    | grp_node_0_0_Pipeline_l_S_t_1_t_fu_256/hmul_16ns_16ns_16_3_max_dsp_1_U3/node_0_0_hmul_16ns_16ns_16_3_max_dsp_1_ip_u/U0/i_synth/MULT.OP/i_non_prim.MULT/MULT_GEN_VARIANT.FIX_MULT/MULT/gDSP.gDSP_only.iDSP/use_prim.appDSP[0].bppDSP[0].use_dsp.use_dsp48e2.iDSP48E2/DSP_M_DATA_INST      | ARITHMETIC.DSP.DSP48E2 |
    | grp_node_0_0_Pipeline_l_S_t_1_t_fu_256/hmul_16ns_16ns_16_3_max_dsp_1_U3/node_0_0_hmul_16ns_16ns_16_3_max_dsp_1_ip_u/U0/i_synth/MULT.OP/i_non_prim.MULT/MULT_GEN_VARIANT.FIX_MULT/MULT/gDSP.gDSP_only.iDSP/use_prim.appDSP[0].bppDSP[0].use_dsp.use_dsp48e2.iDSP48E2/DSP_ALU_INST         | ARITHMETIC.DSP.DSP48E2 |
    | grp_node_0_0_Pipeline_l_S_t_1_t_fu_256/hmul_16ns_16ns_16_3_max_dsp_1_U3/node_0_0_hmul_16ns_16ns_16_3_max_dsp_1_ip_u/U0/i_synth/MULT.OP/i_non_prim.MULT/MULT_GEN_VARIANT.FIX_MULT/MULT/gDSP.gDSP_only.iDSP/use_prim.appDSP[0].bppDSP[0].use_dsp.use_dsp48e2.iDSP48E2/DSP_OUTPUT_INST      | ARITHMETIC.DSP.DSP48E2 |
    | grp_node_0_0_Pipeline_l_S_t_1_t_fu_256/hmul_16ns_16ns_16_3_max_dsp_1_U3/node_0_0_hmul_16ns_16ns_16_3_max_dsp_1_ip_u/U0/i_synth/MULT.OP/i_non_prim.MULT/MULT_GEN_VARIANT.FIX_MULT/CHAIN_GEN[0].C_MUX.CARRY_MUX_i_1__0                                                                     | CLB.LUT.LUT3           |
    | grp_node_0_0_Pipeline_l_S_t_1_t_fu_256/hmul_16ns_16ns_16_3_max_dsp_1_U3/node_0_0_hmul_16ns_16ns_16_3_max_dsp_1_ip_u/U0/i_synth/MULT.OP/i_non_prim.R_AND_R/LOGIC.R_AND_R/RND_BIT_GEN/NORM_1_OR_0.STRUCT_REQ.GENERAL.RND1/CHAIN_GEN[0].C_MUX.CARRY_MUX_CARRY4_CARRY8                       | CLB.CARRY.CARRY8       |
    | grp_node_0_0_Pipeline_l_S_t_1_t_fu_256/hmul_16ns_16ns_16_3_max_dsp_1_U3/node_0_0_hmul_16ns_16ns_16_3_max_dsp_1_ip_u/U0/i_synth/MULT.OP/i_non_prim.R_AND_R/LOGIC.R_AND_R/DSP48_E1.DSP48E1_ADD.DSP48E1_ADD/i_no_versal_es1_workaround.DSP/DSP_A_B_DATA_INST                                | ARITHMETIC.DSP.DSP48E2 |
    | grp_node_0_0_Pipeline_l_S_t_1_t_fu_256/hmul_16ns_16ns_16_3_max_dsp_1_U3/node_0_0_hmul_16ns_16ns_16_3_max_dsp_1_ip_u/U0/i_synth/MULT.OP/i_non_prim.R_AND_R/LOGIC.R_AND_R/DSP48_E1.DSP48E1_ADD.DSP48E1_ADD/i_no_versal_es1_workaround.DSP/DSP_ALU_INST                                     | ARITHMETIC.DSP.DSP48E2 |
    | grp_node_0_0_Pipeline_l_S_t_1_t_fu_256/hmul_16ns_16ns_16_3_max_dsp_1_U3/node_0_0_hmul_16ns_16ns_16_3_max_dsp_1_ip_u/U0/i_synth/MULT.OP/i_non_prim.R_AND_R/LOGIC.R_AND_R/DSP48_E1.DSP48E1_ADD.DSP48E1_ADD/i_no_versal_es1_workaround.DSP/DSP_OUTPUT_INST                                  | ARITHMETIC.DSP.DSP48E2 |
    | grp_node_0_0_Pipeline_l_S_t_1_t_fu_256/hmul_16ns_16ns_16_3_max_dsp_1_U3/node_0_0_hmul_16ns_16ns_16_3_max_dsp_1_ip_u/U0/i_synth/MULT.OP/i_non_prim.R_AND_R/LOGIC.R_AND_R/EXP_ADD.ADD/CHAIN_GEN[0].C_MUX.CARRY_MUX_CARRY4_CARRY8                                                           | CLB.CARRY.CARRY8       |
    | grp_node_0_0_Pipeline_l_S_t_1_t_fu_256/hmul_16ns_16ns_16_3_max_dsp_1_U3/node_0_0_hmul_16ns_16ns_16_3_max_dsp_1_ip_u/U0/i_synth/MULT.OP/i_non_prim.R_AND_R/LOGIC.R_AND_R/EXP_ADD.ADD/RESULT_REG.NORMAL.exp_op[3]_i_1                                                                      | CLB.LUT.LUT2           |
    | grp_node_0_0_Pipeline_l_S_t_1_t_fu_256/hmul_16ns_16ns_16_3_max_dsp_1_U3/node_0_0_hmul_16ns_16ns_16_3_max_dsp_1_ip_u/U0/i_synth/MULT.OP/i_non_prim.OP/RESULT_REG.NORMAL.exp_op_reg[3]                                                                                                     | REGISTER.SDR.FDRE      |
    | grp_node_0_0_Pipeline_l_S_t_1_t_fu_256/hadd_16ns_16ns_16_3_no_dsp_1_U1/din0_buf1_reg[7]_replica                                                                                                                                                                                          | REGISTER.SDR.FDRE      |
    | grp_node_0_0_Pipeline_l_S_t_1_t_fu_256/hmul_16ns_16ns_16_3_max_dsp_1_U3/node_0_0_hmul_16ns_16ns_16_3_max_dsp_1_ip_u/U0/i_synth/MULT.OP/i_non_prim.MULT/MULT_GEN_VARIANT.FIX_MULT/MULT/gDSP.gDSP_only.iDSP/use_prim.appDSP[0].bppDSP[0].use_dsp.use_dsp48e2.iDSP48E2/DSP_A_B_DATA_INST    | ARITHMETIC.DSP.DSP48E2 |
    | grp_node_0_0_Pipeline_l_S_t_1_t_fu_256/hmul_16ns_16ns_16_3_max_dsp_1_U3/node_0_0_hmul_16ns_16ns_16_3_max_dsp_1_ip_u/U0/i_synth/MULT.OP/i_non_prim.MULT/MULT_GEN_VARIANT.FIX_MULT/MULT/gDSP.gDSP_only.iDSP/use_prim.appDSP[0].bppDSP[0].use_dsp.use_dsp48e2.iDSP48E2/DSP_PREADD_DATA_INST | ARITHMETIC.DSP.DSP48E2 |
    | grp_node_0_0_Pipeline_l_S_t_1_t_fu_256/hmul_16ns_16ns_16_3_max_dsp_1_U3/node_0_0_hmul_16ns_16ns_16_3_max_dsp_1_ip_u/U0/i_synth/MULT.OP/i_non_prim.MULT/MULT_GEN_VARIANT.FIX_MULT/MULT/gDSP.gDSP_only.iDSP/use_prim.appDSP[0].bppDSP[0].use_dsp.use_dsp48e2.iDSP48E2/DSP_MULTIPLIER_INST  | ARITHMETIC.DSP.DSP48E2 |
    | grp_node_0_0_Pipeline_l_S_t_1_t_fu_256/hmul_16ns_16ns_16_3_max_dsp_1_U3/node_0_0_hmul_16ns_16ns_16_3_max_dsp_1_ip_u/U0/i_synth/MULT.OP/i_non_prim.MULT/MULT_GEN_VARIANT.FIX_MULT/MULT/gDSP.gDSP_only.iDSP/use_prim.appDSP[0].bppDSP[0].use_dsp.use_dsp48e2.iDSP48E2/DSP_M_DATA_INST      | ARITHMETIC.DSP.DSP48E2 |
    | grp_node_0_0_Pipeline_l_S_t_1_t_fu_256/hmul_16ns_16ns_16_3_max_dsp_1_U3/node_0_0_hmul_16ns_16ns_16_3_max_dsp_1_ip_u/U0/i_synth/MULT.OP/i_non_prim.MULT/MULT_GEN_VARIANT.FIX_MULT/MULT/gDSP.gDSP_only.iDSP/use_prim.appDSP[0].bppDSP[0].use_dsp.use_dsp48e2.iDSP48E2/DSP_ALU_INST         | ARITHMETIC.DSP.DSP48E2 |
    | grp_node_0_0_Pipeline_l_S_t_1_t_fu_256/hmul_16ns_16ns_16_3_max_dsp_1_U3/node_0_0_hmul_16ns_16ns_16_3_max_dsp_1_ip_u/U0/i_synth/MULT.OP/i_non_prim.MULT/MULT_GEN_VARIANT.FIX_MULT/MULT/gDSP.gDSP_only.iDSP/use_prim.appDSP[0].bppDSP[0].use_dsp.use_dsp48e2.iDSP48E2/DSP_OUTPUT_INST      | ARITHMETIC.DSP.DSP48E2 |
    | grp_node_0_0_Pipeline_l_S_t_1_t_fu_256/hmul_16ns_16ns_16_3_max_dsp_1_U3/node_0_0_hmul_16ns_16ns_16_3_max_dsp_1_ip_u/U0/i_synth/MULT.OP/i_non_prim.MULT/MULT_GEN_VARIANT.FIX_MULT/CHAIN_GEN[0].C_MUX.CARRY_MUX_i_1__0                                                                     | CLB.LUT.LUT3           |
    | grp_node_0_0_Pipeline_l_S_t_1_t_fu_256/hmul_16ns_16ns_16_3_max_dsp_1_U3/node_0_0_hmul_16ns_16ns_16_3_max_dsp_1_ip_u/U0/i_synth/MULT.OP/i_non_prim.R_AND_R/LOGIC.R_AND_R/RND_BIT_GEN/NORM_1_OR_0.STRUCT_REQ.GENERAL.RND1/CHAIN_GEN[0].C_MUX.CARRY_MUX_CARRY4_CARRY8                       | CLB.CARRY.CARRY8       |
    | grp_node_0_0_Pipeline_l_S_t_1_t_fu_256/hmul_16ns_16ns_16_3_max_dsp_1_U3/node_0_0_hmul_16ns_16ns_16_3_max_dsp_1_ip_u/U0/i_synth/MULT.OP/i_non_prim.R_AND_R/LOGIC.R_AND_R/DSP48_E1.DSP48E1_ADD.DSP48E1_ADD/i_no_versal_es1_workaround.DSP/DSP_A_B_DATA_INST                                | ARITHMETIC.DSP.DSP48E2 |
    | grp_node_0_0_Pipeline_l_S_t_1_t_fu_256/hmul_16ns_16ns_16_3_max_dsp_1_U3/node_0_0_hmul_16ns_16ns_16_3_max_dsp_1_ip_u/U0/i_synth/MULT.OP/i_non_prim.R_AND_R/LOGIC.R_AND_R/DSP48_E1.DSP48E1_ADD.DSP48E1_ADD/i_no_versal_es1_workaround.DSP/DSP_ALU_INST                                     | ARITHMETIC.DSP.DSP48E2 |
    | grp_node_0_0_Pipeline_l_S_t_1_t_fu_256/hmul_16ns_16ns_16_3_max_dsp_1_U3/node_0_0_hmul_16ns_16ns_16_3_max_dsp_1_ip_u/U0/i_synth/MULT.OP/i_non_prim.R_AND_R/LOGIC.R_AND_R/DSP48_E1.DSP48E1_ADD.DSP48E1_ADD/i_no_versal_es1_workaround.DSP/DSP_OUTPUT_INST                                  | ARITHMETIC.DSP.DSP48E2 |
    | grp_node_0_0_Pipeline_l_S_t_1_t_fu_256/hmul_16ns_16ns_16_3_max_dsp_1_U3/node_0_0_hmul_16ns_16ns_16_3_max_dsp_1_ip_u/U0/i_synth/MULT.OP/i_non_prim.R_AND_R/LOGIC.R_AND_R/EXP_ADD.ADD/CHAIN_GEN[0].C_MUX.CARRY_MUX_CARRY4_CARRY8                                                           | CLB.CARRY.CARRY8       |
    | grp_node_0_0_Pipeline_l_S_t_1_t_fu_256/hmul_16ns_16ns_16_3_max_dsp_1_U3/node_0_0_hmul_16ns_16ns_16_3_max_dsp_1_ip_u/U0/i_synth/MULT.OP/i_non_prim.R_AND_R/LOGIC.R_AND_R/EXP_ADD.ADD/RESULT_REG.NORMAL.exp_op[4]_i_2                                                                      | CLB.LUT.LUT2           |
    | grp_node_0_0_Pipeline_l_S_t_1_t_fu_256/hmul_16ns_16ns_16_3_max_dsp_1_U3/node_0_0_hmul_16ns_16ns_16_3_max_dsp_1_ip_u/U0/i_synth/MULT.OP/i_non_prim.OP/RESULT_REG.NORMAL.exp_op_reg[4]                                                                                                     | REGISTER.SDR.FDRE      |
    | grp_node_0_0_Pipeline_l_S_t_1_t_fu_256/hadd_16ns_16ns_16_3_no_dsp_1_U1/din0_buf1_reg[7]_replica                                                                                                                                                                                          | REGISTER.SDR.FDRE      |
    | grp_node_0_0_Pipeline_l_S_t_1_t_fu_256/hmul_16ns_16ns_16_3_max_dsp_1_U3/node_0_0_hmul_16ns_16ns_16_3_max_dsp_1_ip_u/U0/i_synth/MULT.OP/i_non_prim.MULT/MULT_GEN_VARIANT.FIX_MULT/MULT/gDSP.gDSP_only.iDSP/use_prim.appDSP[0].bppDSP[0].use_dsp.use_dsp48e2.iDSP48E2/DSP_A_B_DATA_INST    | ARITHMETIC.DSP.DSP48E2 |
    | grp_node_0_0_Pipeline_l_S_t_1_t_fu_256/hmul_16ns_16ns_16_3_max_dsp_1_U3/node_0_0_hmul_16ns_16ns_16_3_max_dsp_1_ip_u/U0/i_synth/MULT.OP/i_non_prim.MULT/MULT_GEN_VARIANT.FIX_MULT/MULT/gDSP.gDSP_only.iDSP/use_prim.appDSP[0].bppDSP[0].use_dsp.use_dsp48e2.iDSP48E2/DSP_PREADD_DATA_INST | ARITHMETIC.DSP.DSP48E2 |
    | grp_node_0_0_Pipeline_l_S_t_1_t_fu_256/hmul_16ns_16ns_16_3_max_dsp_1_U3/node_0_0_hmul_16ns_16ns_16_3_max_dsp_1_ip_u/U0/i_synth/MULT.OP/i_non_prim.MULT/MULT_GEN_VARIANT.FIX_MULT/MULT/gDSP.gDSP_only.iDSP/use_prim.appDSP[0].bppDSP[0].use_dsp.use_dsp48e2.iDSP48E2/DSP_MULTIPLIER_INST  | ARITHMETIC.DSP.DSP48E2 |
    | grp_node_0_0_Pipeline_l_S_t_1_t_fu_256/hmul_16ns_16ns_16_3_max_dsp_1_U3/node_0_0_hmul_16ns_16ns_16_3_max_dsp_1_ip_u/U0/i_synth/MULT.OP/i_non_prim.MULT/MULT_GEN_VARIANT.FIX_MULT/MULT/gDSP.gDSP_only.iDSP/use_prim.appDSP[0].bppDSP[0].use_dsp.use_dsp48e2.iDSP48E2/DSP_M_DATA_INST      | ARITHMETIC.DSP.DSP48E2 |
    | grp_node_0_0_Pipeline_l_S_t_1_t_fu_256/hmul_16ns_16ns_16_3_max_dsp_1_U3/node_0_0_hmul_16ns_16ns_16_3_max_dsp_1_ip_u/U0/i_synth/MULT.OP/i_non_prim.MULT/MULT_GEN_VARIANT.FIX_MULT/MULT/gDSP.gDSP_only.iDSP/use_prim.appDSP[0].bppDSP[0].use_dsp.use_dsp48e2.iDSP48E2/DSP_ALU_INST         | ARITHMETIC.DSP.DSP48E2 |
    | grp_node_0_0_Pipeline_l_S_t_1_t_fu_256/hmul_16ns_16ns_16_3_max_dsp_1_U3/node_0_0_hmul_16ns_16ns_16_3_max_dsp_1_ip_u/U0/i_synth/MULT.OP/i_non_prim.MULT/MULT_GEN_VARIANT.FIX_MULT/MULT/gDSP.gDSP_only.iDSP/use_prim.appDSP[0].bppDSP[0].use_dsp.use_dsp48e2.iDSP48E2/DSP_OUTPUT_INST      | ARITHMETIC.DSP.DSP48E2 |
    | grp_node_0_0_Pipeline_l_S_t_1_t_fu_256/hmul_16ns_16ns_16_3_max_dsp_1_U3/node_0_0_hmul_16ns_16ns_16_3_max_dsp_1_ip_u/U0/i_synth/MULT.OP/i_non_prim.MULT/MULT_GEN_VARIANT.FIX_MULT/CHAIN_GEN[0].C_MUX.CARRY_MUX_i_1__0                                                                     | CLB.LUT.LUT3           |
    | grp_node_0_0_Pipeline_l_S_t_1_t_fu_256/hmul_16ns_16ns_16_3_max_dsp_1_U3/node_0_0_hmul_16ns_16ns_16_3_max_dsp_1_ip_u/U0/i_synth/MULT.OP/i_non_prim.R_AND_R/LOGIC.R_AND_R/RND_BIT_GEN/NORM_1_OR_0.STRUCT_REQ.GENERAL.RND1/CHAIN_GEN[0].C_MUX.CARRY_MUX_CARRY4_CARRY8                       | CLB.CARRY.CARRY8       |
    | grp_node_0_0_Pipeline_l_S_t_1_t_fu_256/hmul_16ns_16ns_16_3_max_dsp_1_U3/node_0_0_hmul_16ns_16ns_16_3_max_dsp_1_ip_u/U0/i_synth/MULT.OP/i_non_prim.R_AND_R/LOGIC.R_AND_R/DSP48_E1.DSP48E1_ADD.DSP48E1_ADD/i_no_versal_es1_workaround.DSP/DSP_A_B_DATA_INST                                | ARITHMETIC.DSP.DSP48E2 |
    | grp_node_0_0_Pipeline_l_S_t_1_t_fu_256/hmul_16ns_16ns_16_3_max_dsp_1_U3/node_0_0_hmul_16ns_16ns_16_3_max_dsp_1_ip_u/U0/i_synth/MULT.OP/i_non_prim.R_AND_R/LOGIC.R_AND_R/DSP48_E1.DSP48E1_ADD.DSP48E1_ADD/i_no_versal_es1_workaround.DSP/DSP_ALU_INST                                     | ARITHMETIC.DSP.DSP48E2 |
    | grp_node_0_0_Pipeline_l_S_t_1_t_fu_256/hmul_16ns_16ns_16_3_max_dsp_1_U3/node_0_0_hmul_16ns_16ns_16_3_max_dsp_1_ip_u/U0/i_synth/MULT.OP/i_non_prim.R_AND_R/LOGIC.R_AND_R/DSP48_E1.DSP48E1_ADD.DSP48E1_ADD/i_no_versal_es1_workaround.DSP/DSP_OUTPUT_INST                                  | ARITHMETIC.DSP.DSP48E2 |
    | grp_node_0_0_Pipeline_l_S_t_1_t_fu_256/hmul_16ns_16ns_16_3_max_dsp_1_U3/node_0_0_hmul_16ns_16ns_16_3_max_dsp_1_ip_u/U0/i_synth/MULT.OP/i_non_prim.R_AND_R/LOGIC.R_AND_R/EXP_ADD.ADD/CHAIN_GEN[0].C_MUX.CARRY_MUX_CARRY4_CARRY8                                                           | CLB.CARRY.CARRY8       |
    | grp_node_0_0_Pipeline_l_S_t_1_t_fu_256/hmul_16ns_16ns_16_3_max_dsp_1_U3/node_0_0_hmul_16ns_16ns_16_3_max_dsp_1_ip_u/U0/i_synth/MULT.OP/i_non_prim.R_AND_R/LOGIC.R_AND_R/EXP_ADD.ADD/RESULT_REG.NORMAL.exp_op[1]_i_1                                                                      | CLB.LUT.LUT2           |
    | grp_node_0_0_Pipeline_l_S_t_1_t_fu_256/hmul_16ns_16ns_16_3_max_dsp_1_U3/node_0_0_hmul_16ns_16ns_16_3_max_dsp_1_ip_u/U0/i_synth/MULT.OP/i_non_prim.OP/RESULT_REG.NORMAL.exp_op_reg[1]                                                                                                     | REGISTER.SDR.FDRE      |
    | grp_node_0_0_Pipeline_l_S_t_1_t_fu_256/hadd_16ns_16ns_16_3_no_dsp_1_U1/din0_buf1_reg[7]_replica                                                                                                                                                                                          | REGISTER.SDR.FDRE      |
    | grp_node_0_0_Pipeline_l_S_t_1_t_fu_256/hmul_16ns_16ns_16_3_max_dsp_1_U3/node_0_0_hmul_16ns_16ns_16_3_max_dsp_1_ip_u/U0/i_synth/MULT.OP/i_non_prim.MULT/MULT_GEN_VARIANT.FIX_MULT/MULT/gDSP.gDSP_only.iDSP/use_prim.appDSP[0].bppDSP[0].use_dsp.use_dsp48e2.iDSP48E2/DSP_A_B_DATA_INST    | ARITHMETIC.DSP.DSP48E2 |
    | grp_node_0_0_Pipeline_l_S_t_1_t_fu_256/hmul_16ns_16ns_16_3_max_dsp_1_U3/node_0_0_hmul_16ns_16ns_16_3_max_dsp_1_ip_u/U0/i_synth/MULT.OP/i_non_prim.MULT/MULT_GEN_VARIANT.FIX_MULT/MULT/gDSP.gDSP_only.iDSP/use_prim.appDSP[0].bppDSP[0].use_dsp.use_dsp48e2.iDSP48E2/DSP_PREADD_DATA_INST | ARITHMETIC.DSP.DSP48E2 |
    | grp_node_0_0_Pipeline_l_S_t_1_t_fu_256/hmul_16ns_16ns_16_3_max_dsp_1_U3/node_0_0_hmul_16ns_16ns_16_3_max_dsp_1_ip_u/U0/i_synth/MULT.OP/i_non_prim.MULT/MULT_GEN_VARIANT.FIX_MULT/MULT/gDSP.gDSP_only.iDSP/use_prim.appDSP[0].bppDSP[0].use_dsp.use_dsp48e2.iDSP48E2/DSP_MULTIPLIER_INST  | ARITHMETIC.DSP.DSP48E2 |
    | grp_node_0_0_Pipeline_l_S_t_1_t_fu_256/hmul_16ns_16ns_16_3_max_dsp_1_U3/node_0_0_hmul_16ns_16ns_16_3_max_dsp_1_ip_u/U0/i_synth/MULT.OP/i_non_prim.MULT/MULT_GEN_VARIANT.FIX_MULT/MULT/gDSP.gDSP_only.iDSP/use_prim.appDSP[0].bppDSP[0].use_dsp.use_dsp48e2.iDSP48E2/DSP_M_DATA_INST      | ARITHMETIC.DSP.DSP48E2 |
    | grp_node_0_0_Pipeline_l_S_t_1_t_fu_256/hmul_16ns_16ns_16_3_max_dsp_1_U3/node_0_0_hmul_16ns_16ns_16_3_max_dsp_1_ip_u/U0/i_synth/MULT.OP/i_non_prim.MULT/MULT_GEN_VARIANT.FIX_MULT/MULT/gDSP.gDSP_only.iDSP/use_prim.appDSP[0].bppDSP[0].use_dsp.use_dsp48e2.iDSP48E2/DSP_ALU_INST         | ARITHMETIC.DSP.DSP48E2 |
    | grp_node_0_0_Pipeline_l_S_t_1_t_fu_256/hmul_16ns_16ns_16_3_max_dsp_1_U3/node_0_0_hmul_16ns_16ns_16_3_max_dsp_1_ip_u/U0/i_synth/MULT.OP/i_non_prim.MULT/MULT_GEN_VARIANT.FIX_MULT/MULT/gDSP.gDSP_only.iDSP/use_prim.appDSP[0].bppDSP[0].use_dsp.use_dsp48e2.iDSP48E2/DSP_OUTPUT_INST      | ARITHMETIC.DSP.DSP48E2 |
    | grp_node_0_0_Pipeline_l_S_t_1_t_fu_256/hmul_16ns_16ns_16_3_max_dsp_1_U3/node_0_0_hmul_16ns_16ns_16_3_max_dsp_1_ip_u/U0/i_synth/MULT.OP/i_non_prim.MULT/MULT_GEN_VARIANT.FIX_MULT/CHAIN_GEN[0].C_MUX.CARRY_MUX_i_1__0                                                                     | CLB.LUT.LUT3           |
    | grp_node_0_0_Pipeline_l_S_t_1_t_fu_256/hmul_16ns_16ns_16_3_max_dsp_1_U3/node_0_0_hmul_16ns_16ns_16_3_max_dsp_1_ip_u/U0/i_synth/MULT.OP/i_non_prim.R_AND_R/LOGIC.R_AND_R/RND_BIT_GEN/NORM_1_OR_0.STRUCT_REQ.GENERAL.RND1/CHAIN_GEN[0].C_MUX.CARRY_MUX_CARRY4_CARRY8                       | CLB.CARRY.CARRY8       |
    | grp_node_0_0_Pipeline_l_S_t_1_t_fu_256/hmul_16ns_16ns_16_3_max_dsp_1_U3/node_0_0_hmul_16ns_16ns_16_3_max_dsp_1_ip_u/U0/i_synth/MULT.OP/i_non_prim.R_AND_R/LOGIC.R_AND_R/DSP48_E1.DSP48E1_ADD.DSP48E1_ADD/i_no_versal_es1_workaround.DSP/DSP_A_B_DATA_INST                                | ARITHMETIC.DSP.DSP48E2 |
    | grp_node_0_0_Pipeline_l_S_t_1_t_fu_256/hmul_16ns_16ns_16_3_max_dsp_1_U3/node_0_0_hmul_16ns_16ns_16_3_max_dsp_1_ip_u/U0/i_synth/MULT.OP/i_non_prim.R_AND_R/LOGIC.R_AND_R/DSP48_E1.DSP48E1_ADD.DSP48E1_ADD/i_no_versal_es1_workaround.DSP/DSP_ALU_INST                                     | ARITHMETIC.DSP.DSP48E2 |
    | grp_node_0_0_Pipeline_l_S_t_1_t_fu_256/hmul_16ns_16ns_16_3_max_dsp_1_U3/node_0_0_hmul_16ns_16ns_16_3_max_dsp_1_ip_u/U0/i_synth/MULT.OP/i_non_prim.R_AND_R/LOGIC.R_AND_R/DSP48_E1.DSP48E1_ADD.DSP48E1_ADD/i_no_versal_es1_workaround.DSP/DSP_OUTPUT_INST                                  | ARITHMETIC.DSP.DSP48E2 |
    | grp_node_0_0_Pipeline_l_S_t_1_t_fu_256/hmul_16ns_16ns_16_3_max_dsp_1_U3/node_0_0_hmul_16ns_16ns_16_3_max_dsp_1_ip_u/U0/i_synth/MULT.OP/i_non_prim.R_AND_R/LOGIC.R_AND_R/EXP_ADD.ADD/CHAIN_GEN[0].C_MUX.CARRY_MUX_CARRY4_CARRY8                                                           | CLB.CARRY.CARRY8       |
    | grp_node_0_0_Pipeline_l_S_t_1_t_fu_256/hmul_16ns_16ns_16_3_max_dsp_1_U3/node_0_0_hmul_16ns_16ns_16_3_max_dsp_1_ip_u/U0/i_synth/MULT.OP/i_non_prim.R_AND_R/LOGIC.R_AND_R/EXP_ADD.ADD/RESULT_REG.NORMAL.exp_op[2]_i_1                                                                      | CLB.LUT.LUT2           |
    | grp_node_0_0_Pipeline_l_S_t_1_t_fu_256/hmul_16ns_16ns_16_3_max_dsp_1_U3/node_0_0_hmul_16ns_16ns_16_3_max_dsp_1_ip_u/U0/i_synth/MULT.OP/i_non_prim.OP/RESULT_REG.NORMAL.exp_op_reg[2]                                                                                                     | REGISTER.SDR.FDRE      |
    | grp_node_0_0_Pipeline_l_S_t_1_t_fu_256/hadd_16ns_16ns_16_3_no_dsp_1_U1/din0_buf1_reg[7]_replica                                                                                                                                                                                          | REGISTER.SDR.FDRE      |
    | grp_node_0_0_Pipeline_l_S_t_1_t_fu_256/hmul_16ns_16ns_16_3_max_dsp_1_U3/node_0_0_hmul_16ns_16ns_16_3_max_dsp_1_ip_u/U0/i_synth/MULT.OP/i_non_prim.MULT/MULT_GEN_VARIANT.FIX_MULT/MULT/gDSP.gDSP_only.iDSP/use_prim.appDSP[0].bppDSP[0].use_dsp.use_dsp48e2.iDSP48E2/DSP_A_B_DATA_INST    | ARITHMETIC.DSP.DSP48E2 |
    | grp_node_0_0_Pipeline_l_S_t_1_t_fu_256/hmul_16ns_16ns_16_3_max_dsp_1_U3/node_0_0_hmul_16ns_16ns_16_3_max_dsp_1_ip_u/U0/i_synth/MULT.OP/i_non_prim.MULT/MULT_GEN_VARIANT.FIX_MULT/MULT/gDSP.gDSP_only.iDSP/use_prim.appDSP[0].bppDSP[0].use_dsp.use_dsp48e2.iDSP48E2/DSP_PREADD_DATA_INST | ARITHMETIC.DSP.DSP48E2 |
    | grp_node_0_0_Pipeline_l_S_t_1_t_fu_256/hmul_16ns_16ns_16_3_max_dsp_1_U3/node_0_0_hmul_16ns_16ns_16_3_max_dsp_1_ip_u/U0/i_synth/MULT.OP/i_non_prim.MULT/MULT_GEN_VARIANT.FIX_MULT/MULT/gDSP.gDSP_only.iDSP/use_prim.appDSP[0].bppDSP[0].use_dsp.use_dsp48e2.iDSP48E2/DSP_MULTIPLIER_INST  | ARITHMETIC.DSP.DSP48E2 |
    | grp_node_0_0_Pipeline_l_S_t_1_t_fu_256/hmul_16ns_16ns_16_3_max_dsp_1_U3/node_0_0_hmul_16ns_16ns_16_3_max_dsp_1_ip_u/U0/i_synth/MULT.OP/i_non_prim.MULT/MULT_GEN_VARIANT.FIX_MULT/MULT/gDSP.gDSP_only.iDSP/use_prim.appDSP[0].bppDSP[0].use_dsp.use_dsp48e2.iDSP48E2/DSP_M_DATA_INST      | ARITHMETIC.DSP.DSP48E2 |
    | grp_node_0_0_Pipeline_l_S_t_1_t_fu_256/hmul_16ns_16ns_16_3_max_dsp_1_U3/node_0_0_hmul_16ns_16ns_16_3_max_dsp_1_ip_u/U0/i_synth/MULT.OP/i_non_prim.MULT/MULT_GEN_VARIANT.FIX_MULT/MULT/gDSP.gDSP_only.iDSP/use_prim.appDSP[0].bppDSP[0].use_dsp.use_dsp48e2.iDSP48E2/DSP_ALU_INST         | ARITHMETIC.DSP.DSP48E2 |
    | grp_node_0_0_Pipeline_l_S_t_1_t_fu_256/hmul_16ns_16ns_16_3_max_dsp_1_U3/node_0_0_hmul_16ns_16ns_16_3_max_dsp_1_ip_u/U0/i_synth/MULT.OP/i_non_prim.MULT/MULT_GEN_VARIANT.FIX_MULT/MULT/gDSP.gDSP_only.iDSP/use_prim.appDSP[0].bppDSP[0].use_dsp.use_dsp48e2.iDSP48E2/DSP_OUTPUT_INST      | ARITHMETIC.DSP.DSP48E2 |
    | grp_node_0_0_Pipeline_l_S_t_1_t_fu_256/hmul_16ns_16ns_16_3_max_dsp_1_U3/node_0_0_hmul_16ns_16ns_16_3_max_dsp_1_ip_u/U0/i_synth/MULT.OP/i_non_prim.MULT/MULT_GEN_VARIANT.FIX_MULT/CHAIN_GEN[0].C_MUX.CARRY_MUX_i_1__0                                                                     | CLB.LUT.LUT3           |
    | grp_node_0_0_Pipeline_l_S_t_1_t_fu_256/hmul_16ns_16ns_16_3_max_dsp_1_U3/node_0_0_hmul_16ns_16ns_16_3_max_dsp_1_ip_u/U0/i_synth/MULT.OP/i_non_prim.R_AND_R/LOGIC.R_AND_R/RND_BIT_GEN/NORM_1_OR_0.STRUCT_REQ.GENERAL.RND1/CHAIN_GEN[0].C_MUX.CARRY_MUX_CARRY4_CARRY8                       | CLB.CARRY.CARRY8       |
    | grp_node_0_0_Pipeline_l_S_t_1_t_fu_256/hmul_16ns_16ns_16_3_max_dsp_1_U3/node_0_0_hmul_16ns_16ns_16_3_max_dsp_1_ip_u/U0/i_synth/MULT.OP/i_non_prim.R_AND_R/LOGIC.R_AND_R/DSP48_E1.DSP48E1_ADD.DSP48E1_ADD/i_no_versal_es1_workaround.DSP/DSP_A_B_DATA_INST                                | ARITHMETIC.DSP.DSP48E2 |
    | grp_node_0_0_Pipeline_l_S_t_1_t_fu_256/hmul_16ns_16ns_16_3_max_dsp_1_U3/node_0_0_hmul_16ns_16ns_16_3_max_dsp_1_ip_u/U0/i_synth/MULT.OP/i_non_prim.R_AND_R/LOGIC.R_AND_R/DSP48_E1.DSP48E1_ADD.DSP48E1_ADD/i_no_versal_es1_workaround.DSP/DSP_ALU_INST                                     | ARITHMETIC.DSP.DSP48E2 |
    | grp_node_0_0_Pipeline_l_S_t_1_t_fu_256/hmul_16ns_16ns_16_3_max_dsp_1_U3/node_0_0_hmul_16ns_16ns_16_3_max_dsp_1_ip_u/U0/i_synth/MULT.OP/i_non_prim.R_AND_R/LOGIC.R_AND_R/DSP48_E1.DSP48E1_ADD.DSP48E1_ADD/i_no_versal_es1_workaround.DSP/DSP_OUTPUT_INST                                  | ARITHMETIC.DSP.DSP48E2 |
    | grp_node_0_0_Pipeline_l_S_t_1_t_fu_256/hmul_16ns_16ns_16_3_max_dsp_1_U3/node_0_0_hmul_16ns_16ns_16_3_max_dsp_1_ip_u/U0/i_synth/MULT.OP/i_non_prim.R_AND_R/LOGIC.R_AND_R/EXP_ADD.ADD/CHAIN_GEN[0].C_MUX.CARRY_MUX_CARRY4_CARRY8                                                           | CLB.CARRY.CARRY8       |
    | grp_node_0_0_Pipeline_l_S_t_1_t_fu_256/hmul_16ns_16ns_16_3_max_dsp_1_U3/node_0_0_hmul_16ns_16ns_16_3_max_dsp_1_ip_u/U0/i_synth/MULT.OP/i_non_prim.EXP/EXP_ADD.C_CHAIN/RESULT_REG.NORMAL.exp_op[0]_i_1                                                                                    | CLB.LUT.LUT6           |
    | grp_node_0_0_Pipeline_l_S_t_1_t_fu_256/hmul_16ns_16ns_16_3_max_dsp_1_U3/node_0_0_hmul_16ns_16ns_16_3_max_dsp_1_ip_u/U0/i_synth/MULT.OP/i_non_prim.OP/RESULT_REG.NORMAL.exp_op_reg[0]                                                                                                     | REGISTER.SDR.FDRE      |
    | grp_node_0_0_Pipeline_l_S_t_1_t_fu_256/hadd_16ns_16ns_16_3_no_dsp_1_U1/din1_buf1_reg[9]_replica                                                                                                                                                                                          | REGISTER.SDR.FDRE      |
    | grp_node_0_0_Pipeline_l_S_t_1_t_fu_256/hadd_16ns_16ns_16_3_no_dsp_1_U1/node_0_0_hadd_16ns_16ns_16_3_no_dsp_1_ip_u/U0/i_synth/ADDSUB_OP.ADDSUB/LOGIC_SPEED.OP/EXP/NUMB_CMP/NOT_FAST.CMP/C_CHAIN/CHAIN_GEN[4].C_MUX.CARRY_MUX_i_1__3                                                       | CLB.LUT.LUT4           |
    | grp_node_0_0_Pipeline_l_S_t_1_t_fu_256/hadd_16ns_16ns_16_3_no_dsp_1_U1/node_0_0_hadd_16ns_16ns_16_3_no_dsp_1_ip_u/U0/i_synth/ADDSUB_OP.ADDSUB/LOGIC_SPEED.OP/EXP/NUMB_CMP/NOT_FAST.CMP/C_CHAIN/CHAIN_GEN[0].C_MUX.CARRY_MUX_CARRY4_CARRY8                                                | CLB.CARRY.CARRY8       |
    | grp_node_0_0_Pipeline_l_S_t_1_t_fu_256/hadd_16ns_16ns_16_3_no_dsp_1_U1/node_0_0_hadd_16ns_16ns_16_3_no_dsp_1_ip_u/U0/i_synth/ADDSUB_OP.ADDSUB/LOGIC_SPEED.OP/EXP/NUMB_CMP/NOT_FAST.CMP/C_CHAIN/CHAIN_GEN[1].C_MUX.CARRY_MUX_i_2__3                                                       | CLB.LUT.LUT6           |
    | grp_node_0_0_Pipeline_l_S_t_1_t_fu_256/hadd_16ns_16ns_16_3_no_dsp_1_U1/node_0_0_hadd_16ns_16ns_16_3_no_dsp_1_ip_u/U0/i_synth/ADDSUB_OP.ADDSUB/LOGIC_SPEED.OP/EXP/NUMB_CMP/NOT_FAST.CMP/C_CHAIN/CHAIN_GEN[1].C_MUX.CARRY_MUX_i_1__5                                                       | CLB.LUT.LUT4           |
    | grp_node_0_0_Pipeline_l_S_t_1_t_fu_256/hadd_16ns_16ns_16_3_no_dsp_1_U1/node_0_0_hadd_16ns_16ns_16_3_no_dsp_1_ip_u/U0/i_synth/ADDSUB_OP.ADDSUB/LOGIC_SPEED.OP/ALIGN_BLK/ALIGN_SHIFT/ALIGN_Z_D/EQ_ZERO/CARRY_ZERO_DET/CHAIN_GEN[0].C_MUX.CARRY_MUX_CARRY4_CARRY8                           | CLB.CARRY.CARRY8       |
    | grp_node_0_0_Pipeline_l_S_t_1_t_fu_256/hadd_16ns_16ns_16_3_no_dsp_1_U1/node_0_0_hadd_16ns_16ns_16_3_no_dsp_1_ip_u/U0/i_synth/ADDSUB_OP.ADDSUB/LOGIC_SPEED.OP/EXP/NUMB_CMP/NOT_FAST.CMP/C_CHAIN/STRUCT_ADD1.CARRY_MUX2_i_7                                                                | CLB.LUT.LUT5           |
    | grp_node_0_0_Pipeline_l_S_t_1_t_fu_256/hadd_16ns_16ns_16_3_no_dsp_1_U1/node_0_0_hadd_16ns_16ns_16_3_no_dsp_1_ip_u/U0/i_synth/ADDSUB_OP.ADDSUB/LOGIC_SPEED.OP/EXP/NUMB_CMP/NOT_FAST.CMP/C_CHAIN/STRUCT_ADD1.CARRY_MUX2_i_2                                                                | CLB.LUT.LUT6           |
    | grp_node_0_0_Pipeline_l_S_t_1_t_fu_256/hadd_16ns_16ns_16_3_no_dsp_1_U1/node_0_0_hadd_16ns_16ns_16_3_no_dsp_1_ip_u/U0/i_synth/ADDSUB_OP.ADDSUB/LOGIC_SPEED.OP/EXP/NUMB_CMP/NOT_FAST.CMP/C_CHAIN/STRUCT_ADD1.CARRY_MUX2_i_1                                                                | CLB.LUT.LUT6           |
    | grp_node_0_0_Pipeline_l_S_t_1_t_fu_256/hadd_16ns_16ns_16_3_no_dsp_1_U1/node_0_0_hadd_16ns_16ns_16_3_no_dsp_1_ip_u/U0/i_synth/ADDSUB_OP.ADDSUB/LOGIC_SPEED.OP/ALIGN_BLK/FRAC_ADDSUB/LOGIC_ADD.FRAC_ADDSUB/STRUCT_ADD1.CARRY_MUX1_CARRY4_CARRY8                                            | CLB.CARRY.CARRY8       |
    | grp_node_0_0_Pipeline_l_S_t_1_t_fu_256/hadd_16ns_16ns_16_3_no_dsp_1_U1/node_0_0_hadd_16ns_16ns_16_3_no_dsp_1_ip_u/U0/i_synth/ADDSUB_OP.ADDSUB/LOGIC_SPEED.OP/ALIGN_BLK/FRAC_ADDSUB/LOGIC_ADD.FRAC_ADDSUB/STRUCT_ADD2.ADD1/CHAIN_GEN[0].C_MUX.CARRY_MUX_CARRY4_CARRY8                     | CLB.CARRY.CARRY8       |
    | grp_node_0_0_Pipeline_l_S_t_1_t_fu_256/hadd_16ns_16ns_16_3_no_dsp_1_U1/node_0_0_hadd_16ns_16ns_16_3_no_dsp_1_ip_u/U0/i_synth/ADDSUB_OP.ADDSUB/LOGIC_SPEED.OP/ALIGN_BLK/FRAC_ADDSUB/LOGIC_ADD.FRAC_ADDSUB/STRUCT_ADD2.ADD1/CHAIN_GEN[0].C_MUX.CARRY_MUX_i_1__2                            | CLB.LUT.LUT4           |
    | grp_node_0_0_Pipeline_l_S_t_1_t_fu_256/hadd_16ns_16ns_16_3_no_dsp_1_U1/node_0_0_hadd_16ns_16ns_16_3_no_dsp_1_ip_u/U0/i_synth/ADDSUB_OP.ADDSUB/LOGIC_SPEED.OP/NORM/LZE/ZERO_DET_CC_1/CHAIN_GEN[0].C_MUX.CARRY_MUX_CARRY4_CARRY8                                                           | CLB.CARRY.CARRY8       |
    | grp_node_0_0_Pipeline_l_S_t_1_t_fu_256/hadd_16ns_16ns_16_3_no_dsp_1_U1/node_0_0_hadd_16ns_16ns_16_3_no_dsp_1_ip_u/U0/i_synth/ADDSUB_OP.ADDSUB/LOGIC_SPEED.OP/ALIGN_BLK/FRAC_ADDSUB/LOGIC_ADD.FRAC_ADDSUB/STRUCT_ADD2.ADD1/RESULT_REG.NORMAL.exp_op[2]_i_7                                | CLB.LUT.LUT5           |
    | grp_node_0_0_Pipeline_l_S_t_1_t_fu_256/hadd_16ns_16ns_16_3_no_dsp_1_U1/node_0_0_hadd_16ns_16ns_16_3_no_dsp_1_ip_u/U0/i_synth/ADDSUB_OP.ADDSUB/LOGIC_SPEED.OP/ALIGN_BLK/FRAC_ADDSUB/LOGIC_ADD.FRAC_ADDSUB/STRUCT_ADD1.ADD1/RESULT_REG.NORMAL.exp_op[1]_i_3                                | CLB.LUT.LUT5           |
    | grp_node_0_0_Pipeline_l_S_t_1_t_fu_256/hadd_16ns_16ns_16_3_no_dsp_1_U1/node_0_0_hadd_16ns_16ns_16_3_no_dsp_1_ip_u/U0/i_synth/ADDSUB_OP.ADDSUB/LOGIC_SPEED.OP/ALIGN_BLK/FRAC_ADDSUB/LOGIC_ADD.FRAC_ADDSUB/STRUCT_ADD1.ADD1/CHAIN_GEN[0].C_MUX.CARRY_MUX_i_6__0                            | CLB.LUT.LUT5           |
    | grp_node_0_0_Pipeline_l_S_t_1_t_fu_256/hadd_16ns_16ns_16_3_no_dsp_1_U1/node_0_0_hadd_16ns_16ns_16_3_no_dsp_1_ip_u/U0/i_synth/ADDSUB_OP.ADDSUB/LOGIC_SPEED.OP/ALIGN_BLK/FRAC_ADDSUB/LOGIC_ADD.FRAC_ADDSUB/STRUCT_ADD1.ADD1/CHAIN_GEN[0].C_MUX.CARRY_MUX_i_3__0                            | CLB.LUT.LUT6           |
    | grp_node_0_0_Pipeline_l_S_t_1_t_fu_256/hadd_16ns_16ns_16_3_no_dsp_1_U1/node_0_0_hadd_16ns_16ns_16_3_no_dsp_1_ip_u/U0/i_synth/ADDSUB_OP.ADDSUB/LOGIC_SPEED.OP/ALIGN_BLK/FRAC_ADDSUB/LOGIC_ADD.FRAC_ADDSUB/STRUCT_ADD1.ADD1/CHAIN_GEN[0].C_MUX.CARRY_MUX_i_1__10                           | CLB.LUT.LUT5           |
    | grp_node_0_0_Pipeline_l_S_t_1_t_fu_256/hadd_16ns_16ns_16_3_no_dsp_1_U1/node_0_0_hadd_16ns_16ns_16_3_no_dsp_1_ip_u/U0/i_synth/ADDSUB_OP.ADDSUB/LOGIC_SPEED.OP/NORM/ROUND/RND_BIT_GEN/NORM_2.RND_CHAIN/CHAIN_GEN[0].C_MUX.CARRY_MUX_CARRY4_CARRY8                                          | CLB.CARRY.CARRY8       |
    | grp_node_0_0_Pipeline_l_S_t_1_t_fu_256/hadd_16ns_16ns_16_3_no_dsp_1_U1/node_0_0_hadd_16ns_16ns_16_3_no_dsp_1_ip_u/U0/i_synth/ADDSUB_OP.ADDSUB/LOGIC_SPEED.OP/NORM/ROUND/LOGIC.RND1/CHAIN_GEN[2].C_MUX.CARRY_MUX_CARRY4_CARRY8                                                            | CLB.CARRY.CARRY8       |
    | grp_node_0_0_Pipeline_l_S_t_1_t_fu_256/hadd_16ns_16ns_16_3_no_dsp_1_U1/node_0_0_hadd_16ns_16ns_16_3_no_dsp_1_ip_u/U0/i_synth/ADDSUB_OP.ADDSUB/LOGIC_SPEED.OP/NORM/ROUND/LOGIC.RND2/CHAIN_GEN[5].Q_XOR.SUM_XOR_CARRY4_CARRY8                                                              | CLB.CARRY.CARRY8       |
    | grp_node_0_0_Pipeline_l_S_t_1_t_fu_256/hadd_16ns_16ns_16_3_no_dsp_1_U1/node_0_0_hadd_16ns_16ns_16_3_no_dsp_1_ip_u/U0/i_synth/ADDSUB_OP.ADDSUB/LOGIC_SPEED.OP/NORM/LZE/ZERO_DET_CC_1/RESULT_REG.NORMAL.exp_op[4]_i_3                                                                      | CLB.LUT.LUT6           |
    | grp_node_0_0_Pipeline_l_S_t_1_t_fu_256/hadd_16ns_16ns_16_3_no_dsp_1_U1/node_0_0_hadd_16ns_16ns_16_3_no_dsp_1_ip_u/U0/i_synth/ADDSUB_OP.ADDSUB/LOGIC_SPEED.OP/NORM/LZE/ZERO_DET_CC_1/RESULT_REG.NORMAL.exp_op[4]_i_1                                                                      | CLB.LUT.LUT6           |
    | grp_node_0_0_Pipeline_l_S_t_1_t_fu_256/hadd_16ns_16ns_16_3_no_dsp_1_U1/node_0_0_hadd_16ns_16ns_16_3_no_dsp_1_ip_u/U0/i_synth/ADDSUB_OP.ADDSUB/LOGIC_SPEED.OP/OP/RESULT_REG.NORMAL.exp_op_reg[4]                                                                                          | REGISTER.SDR.FDRE      |
    | grp_node_0_0_Pipeline_l_S_t_1_t_fu_256/hadd_16ns_16ns_16_3_no_dsp_1_U1/din1_buf1_reg[9]_replica                                                                                                                                                                                          | REGISTER.SDR.FDRE      |
    | grp_node_0_0_Pipeline_l_S_t_1_t_fu_256/hadd_16ns_16ns_16_3_no_dsp_1_U1/node_0_0_hadd_16ns_16ns_16_3_no_dsp_1_ip_u/U0/i_synth/ADDSUB_OP.ADDSUB/LOGIC_SPEED.OP/EXP/NUMB_CMP/NOT_FAST.CMP/C_CHAIN/CHAIN_GEN[4].C_MUX.CARRY_MUX_i_1__3                                                       | CLB.LUT.LUT4           |
    | grp_node_0_0_Pipeline_l_S_t_1_t_fu_256/hadd_16ns_16ns_16_3_no_dsp_1_U1/node_0_0_hadd_16ns_16ns_16_3_no_dsp_1_ip_u/U0/i_synth/ADDSUB_OP.ADDSUB/LOGIC_SPEED.OP/EXP/NUMB_CMP/NOT_FAST.CMP/C_CHAIN/CHAIN_GEN[0].C_MUX.CARRY_MUX_CARRY4_CARRY8                                                | CLB.CARRY.CARRY8       |
    | grp_node_0_0_Pipeline_l_S_t_1_t_fu_256/hadd_16ns_16ns_16_3_no_dsp_1_U1/node_0_0_hadd_16ns_16ns_16_3_no_dsp_1_ip_u/U0/i_synth/ADDSUB_OP.ADDSUB/LOGIC_SPEED.OP/EXP/NUMB_CMP/NOT_FAST.CMP/C_CHAIN/CHAIN_GEN[1].C_MUX.CARRY_MUX_i_2__3                                                       | CLB.LUT.LUT6           |
    | grp_node_0_0_Pipeline_l_S_t_1_t_fu_256/hadd_16ns_16ns_16_3_no_dsp_1_U1/node_0_0_hadd_16ns_16ns_16_3_no_dsp_1_ip_u/U0/i_synth/ADDSUB_OP.ADDSUB/LOGIC_SPEED.OP/EXP/NUMB_CMP/NOT_FAST.CMP/C_CHAIN/CHAIN_GEN[1].C_MUX.CARRY_MUX_i_1__5                                                       | CLB.LUT.LUT4           |
    | grp_node_0_0_Pipeline_l_S_t_1_t_fu_256/hadd_16ns_16ns_16_3_no_dsp_1_U1/node_0_0_hadd_16ns_16ns_16_3_no_dsp_1_ip_u/U0/i_synth/ADDSUB_OP.ADDSUB/LOGIC_SPEED.OP/ALIGN_BLK/ALIGN_SHIFT/ALIGN_Z_D/EQ_ZERO/CARRY_ZERO_DET/CHAIN_GEN[0].C_MUX.CARRY_MUX_CARRY4_CARRY8                           | CLB.CARRY.CARRY8       |
    | grp_node_0_0_Pipeline_l_S_t_1_t_fu_256/hadd_16ns_16ns_16_3_no_dsp_1_U1/node_0_0_hadd_16ns_16ns_16_3_no_dsp_1_ip_u/U0/i_synth/ADDSUB_OP.ADDSUB/LOGIC_SPEED.OP/EXP/NUMB_CMP/NOT_FAST.CMP/C_CHAIN/STRUCT_ADD1.CARRY_MUX2_i_7                                                                | CLB.LUT.LUT5           |
    | grp_node_0_0_Pipeline_l_S_t_1_t_fu_256/hadd_16ns_16ns_16_3_no_dsp_1_U1/node_0_0_hadd_16ns_16ns_16_3_no_dsp_1_ip_u/U0/i_synth/ADDSUB_OP.ADDSUB/LOGIC_SPEED.OP/EXP/NUMB_CMP/NOT_FAST.CMP/C_CHAIN/STRUCT_ADD1.CARRY_MUX2_i_2                                                                | CLB.LUT.LUT6           |
    | grp_node_0_0_Pipeline_l_S_t_1_t_fu_256/hadd_16ns_16ns_16_3_no_dsp_1_U1/node_0_0_hadd_16ns_16ns_16_3_no_dsp_1_ip_u/U0/i_synth/ADDSUB_OP.ADDSUB/LOGIC_SPEED.OP/EXP/NUMB_CMP/NOT_FAST.CMP/C_CHAIN/STRUCT_ADD1.CARRY_MUX2_i_1                                                                | CLB.LUT.LUT6           |
    | grp_node_0_0_Pipeline_l_S_t_1_t_fu_256/hadd_16ns_16ns_16_3_no_dsp_1_U1/node_0_0_hadd_16ns_16ns_16_3_no_dsp_1_ip_u/U0/i_synth/ADDSUB_OP.ADDSUB/LOGIC_SPEED.OP/ALIGN_BLK/FRAC_ADDSUB/LOGIC_ADD.FRAC_ADDSUB/STRUCT_ADD1.CARRY_MUX1_CARRY4_CARRY8                                            | CLB.CARRY.CARRY8       |
    | grp_node_0_0_Pipeline_l_S_t_1_t_fu_256/hadd_16ns_16ns_16_3_no_dsp_1_U1/node_0_0_hadd_16ns_16ns_16_3_no_dsp_1_ip_u/U0/i_synth/ADDSUB_OP.ADDSUB/LOGIC_SPEED.OP/ALIGN_BLK/FRAC_ADDSUB/LOGIC_ADD.FRAC_ADDSUB/STRUCT_ADD2.ADD1/CHAIN_GEN[0].C_MUX.CARRY_MUX_CARRY4_CARRY8                     | CLB.CARRY.CARRY8       |
    | grp_node_0_0_Pipeline_l_S_t_1_t_fu_256/hadd_16ns_16ns_16_3_no_dsp_1_U1/node_0_0_hadd_16ns_16ns_16_3_no_dsp_1_ip_u/U0/i_synth/ADDSUB_OP.ADDSUB/LOGIC_SPEED.OP/ALIGN_BLK/FRAC_ADDSUB/LOGIC_ADD.FRAC_ADDSUB/STRUCT_ADD2.ADD1/CHAIN_GEN[0].C_MUX.CARRY_MUX_i_1__2                            | CLB.LUT.LUT4           |
    | grp_node_0_0_Pipeline_l_S_t_1_t_fu_256/hadd_16ns_16ns_16_3_no_dsp_1_U1/node_0_0_hadd_16ns_16ns_16_3_no_dsp_1_ip_u/U0/i_synth/ADDSUB_OP.ADDSUB/LOGIC_SPEED.OP/NORM/LZE/ZERO_DET_CC_1/CHAIN_GEN[0].C_MUX.CARRY_MUX_CARRY4_CARRY8                                                           | CLB.CARRY.CARRY8       |
    | grp_node_0_0_Pipeline_l_S_t_1_t_fu_256/hadd_16ns_16ns_16_3_no_dsp_1_U1/node_0_0_hadd_16ns_16ns_16_3_no_dsp_1_ip_u/U0/i_synth/ADDSUB_OP.ADDSUB/LOGIC_SPEED.OP/ALIGN_BLK/FRAC_ADDSUB/LOGIC_ADD.FRAC_ADDSUB/STRUCT_ADD2.ADD1/RESULT_REG.NORMAL.exp_op[2]_i_7                                | CLB.LUT.LUT5           |
    | grp_node_0_0_Pipeline_l_S_t_1_t_fu_256/hadd_16ns_16ns_16_3_no_dsp_1_U1/node_0_0_hadd_16ns_16ns_16_3_no_dsp_1_ip_u/U0/i_synth/ADDSUB_OP.ADDSUB/LOGIC_SPEED.OP/ALIGN_BLK/FRAC_ADDSUB/LOGIC_ADD.FRAC_ADDSUB/STRUCT_ADD1.ADD1/RESULT_REG.NORMAL.exp_op[1]_i_3                                | CLB.LUT.LUT5           |
    | grp_node_0_0_Pipeline_l_S_t_1_t_fu_256/hadd_16ns_16ns_16_3_no_dsp_1_U1/node_0_0_hadd_16ns_16ns_16_3_no_dsp_1_ip_u/U0/i_synth/ADDSUB_OP.ADDSUB/LOGIC_SPEED.OP/ALIGN_BLK/FRAC_ADDSUB/LOGIC_ADD.FRAC_ADDSUB/STRUCT_ADD1.ADD1/CHAIN_GEN[0].C_MUX.CARRY_MUX_i_6__0                            | CLB.LUT.LUT5           |
    | grp_node_0_0_Pipeline_l_S_t_1_t_fu_256/hadd_16ns_16ns_16_3_no_dsp_1_U1/node_0_0_hadd_16ns_16ns_16_3_no_dsp_1_ip_u/U0/i_synth/ADDSUB_OP.ADDSUB/LOGIC_SPEED.OP/ALIGN_BLK/FRAC_ADDSUB/LOGIC_ADD.FRAC_ADDSUB/STRUCT_ADD1.ADD1/CHAIN_GEN[0].C_MUX.CARRY_MUX_i_3__0                            | CLB.LUT.LUT6           |
    | grp_node_0_0_Pipeline_l_S_t_1_t_fu_256/hadd_16ns_16ns_16_3_no_dsp_1_U1/node_0_0_hadd_16ns_16ns_16_3_no_dsp_1_ip_u/U0/i_synth/ADDSUB_OP.ADDSUB/LOGIC_SPEED.OP/ALIGN_BLK/FRAC_ADDSUB/LOGIC_ADD.FRAC_ADDSUB/STRUCT_ADD1.ADD1/CHAIN_GEN[0].C_MUX.CARRY_MUX_i_1__10                           | CLB.LUT.LUT5           |
    | grp_node_0_0_Pipeline_l_S_t_1_t_fu_256/hadd_16ns_16ns_16_3_no_dsp_1_U1/node_0_0_hadd_16ns_16ns_16_3_no_dsp_1_ip_u/U0/i_synth/ADDSUB_OP.ADDSUB/LOGIC_SPEED.OP/NORM/ROUND/RND_BIT_GEN/NORM_2.RND_CHAIN/CHAIN_GEN[0].C_MUX.CARRY_MUX_CARRY4_CARRY8                                          | CLB.CARRY.CARRY8       |
    | grp_node_0_0_Pipeline_l_S_t_1_t_fu_256/hadd_16ns_16ns_16_3_no_dsp_1_U1/node_0_0_hadd_16ns_16ns_16_3_no_dsp_1_ip_u/U0/i_synth/ADDSUB_OP.ADDSUB/LOGIC_SPEED.OP/NORM/ROUND/LOGIC.RND1/CHAIN_GEN[2].C_MUX.CARRY_MUX_CARRY4_CARRY8                                                            | CLB.CARRY.CARRY8       |
    | grp_node_0_0_Pipeline_l_S_t_1_t_fu_256/hadd_16ns_16ns_16_3_no_dsp_1_U1/node_0_0_hadd_16ns_16ns_16_3_no_dsp_1_ip_u/U0/i_synth/ADDSUB_OP.ADDSUB/LOGIC_SPEED.OP/NORM/ROUND/LOGIC.RND2/CHAIN_GEN[5].Q_XOR.SUM_XOR_CARRY4_CARRY8                                                              | CLB.CARRY.CARRY8       |
    | grp_node_0_0_Pipeline_l_S_t_1_t_fu_256/hadd_16ns_16ns_16_3_no_dsp_1_U1/node_0_0_hadd_16ns_16ns_16_3_no_dsp_1_ip_u/U0/i_synth/ADDSUB_OP.ADDSUB/LOGIC_SPEED.OP/NORM/LZE/ZERO_DET_CC_1/RESULT_REG.NORMAL.exp_op[4]_i_3                                                                      | CLB.LUT.LUT6           |
    | grp_node_0_0_Pipeline_l_S_t_1_t_fu_256/hadd_16ns_16ns_16_3_no_dsp_1_U1/node_0_0_hadd_16ns_16ns_16_3_no_dsp_1_ip_u/U0/i_synth/ADDSUB_OP.ADDSUB/LOGIC_SPEED.OP/NORM/LZE/ZERO_DET_CC_1/RESULT_REG.NORMAL.exp_op[3]_i_1                                                                      | CLB.LUT.LUT6           |
    | grp_node_0_0_Pipeline_l_S_t_1_t_fu_256/hadd_16ns_16ns_16_3_no_dsp_1_U1/node_0_0_hadd_16ns_16ns_16_3_no_dsp_1_ip_u/U0/i_synth/ADDSUB_OP.ADDSUB/LOGIC_SPEED.OP/OP/RESULT_REG.NORMAL.exp_op_reg[3]                                                                                          | REGISTER.SDR.FDRE      |
    | grp_node_0_0_Pipeline_l_S_t_1_t_fu_256/hadd_16ns_16ns_16_3_no_dsp_1_U1/din0_buf1_reg[8]                                                                                                                                                                                                  | REGISTER.SDR.FDRE      |
    | grp_node_0_0_Pipeline_l_S_t_1_t_fu_256/hsub_16ns_16ns_16_3_no_dsp_1_U2/node_0_0_hsub_16ns_16ns_16_3_no_dsp_1_ip_u/U0/i_synth/ADDSUB_OP.ADDSUB/LOGIC_SPEED.OP/EXP/NUMB_CMP/NOT_FAST.CMP/C_CHAIN/CHAIN_GEN[4].C_MUX.CARRY_MUX_i_1__3                                                       | CLB.LUT.LUT4           |
    | grp_node_0_0_Pipeline_l_S_t_1_t_fu_256/hsub_16ns_16ns_16_3_no_dsp_1_U2/node_0_0_hsub_16ns_16ns_16_3_no_dsp_1_ip_u/U0/i_synth/ADDSUB_OP.ADDSUB/LOGIC_SPEED.OP/EXP/NUMB_CMP/NOT_FAST.CMP/C_CHAIN/CHAIN_GEN[0].C_MUX.CARRY_MUX_CARRY4_CARRY8                                                | CLB.CARRY.CARRY8       |
    | grp_node_0_0_Pipeline_l_S_t_1_t_fu_256/hsub_16ns_16ns_16_3_no_dsp_1_U2/node_0_0_hsub_16ns_16ns_16_3_no_dsp_1_ip_u/U0/i_synth/ADDSUB_OP.ADDSUB/LOGIC_SPEED.OP/EXP/NUMB_CMP/NOT_FAST.CMP/C_CHAIN/CHAIN_GEN[1].C_MUX.CARRY_MUX_i_3__1                                                       | CLB.LUT.LUT6           |
    | grp_node_0_0_Pipeline_l_S_t_1_t_fu_256/hsub_16ns_16ns_16_3_no_dsp_1_U2/node_0_0_hsub_16ns_16ns_16_3_no_dsp_1_ip_u/U0/i_synth/ADDSUB_OP.ADDSUB/LOGIC_SPEED.OP/EXP/NUMB_CMP/NOT_FAST.CMP/C_CHAIN/CHAIN_GEN[1].C_MUX.CARRY_MUX_i_1__1                                                       | CLB.LUT.LUT4           |
    | grp_node_0_0_Pipeline_l_S_t_1_t_fu_256/hsub_16ns_16ns_16_3_no_dsp_1_U2/node_0_0_hsub_16ns_16ns_16_3_no_dsp_1_ip_u/U0/i_synth/ADDSUB_OP.ADDSUB/LOGIC_SPEED.OP/ALIGN_BLK/ALIGN_SHIFT/ALIGN_Z_D/EQ_ZERO/CARRY_ZERO_DET/CHAIN_GEN[0].C_MUX.CARRY_MUX_CARRY4_CARRY8                           | CLB.CARRY.CARRY8       |
    | grp_node_0_0_Pipeline_l_S_t_1_t_fu_256/hsub_16ns_16ns_16_3_no_dsp_1_U2/node_0_0_hsub_16ns_16ns_16_3_no_dsp_1_ip_u/U0/i_synth/ADDSUB_OP.ADDSUB/LOGIC_SPEED.OP/EXP/NUMB_CMP/NOT_FAST.CMP/C_CHAIN/STRUCT_ADD1.CARRY_MUX2_i_2                                                                | CLB.LUT.LUT5           |
    | grp_node_0_0_Pipeline_l_S_t_1_t_fu_256/hsub_16ns_16ns_16_3_no_dsp_1_U2/node_0_0_hsub_16ns_16ns_16_3_no_dsp_1_ip_u/U0/i_synth/ADDSUB_OP.ADDSUB/LOGIC_SPEED.OP/EXP/NUMB_CMP/NOT_FAST.CMP/C_CHAIN/STRUCT_ADD1.CARRY_MUX2_i_1                                                                | CLB.LUT.LUT6           |
    | grp_node_0_0_Pipeline_l_S_t_1_t_fu_256/hsub_16ns_16ns_16_3_no_dsp_1_U2/node_0_0_hsub_16ns_16ns_16_3_no_dsp_1_ip_u/U0/i_synth/ADDSUB_OP.ADDSUB/LOGIC_SPEED.OP/ALIGN_BLK/FRAC_ADDSUB/LOGIC_ADD.FRAC_ADDSUB/STRUCT_ADD1.CARRY_MUX1_CARRY4_CARRY8                                            | CLB.CARRY.CARRY8       |
    | grp_node_0_0_Pipeline_l_S_t_1_t_fu_256/hsub_16ns_16ns_16_3_no_dsp_1_U2/node_0_0_hsub_16ns_16ns_16_3_no_dsp_1_ip_u/U0/i_synth/ADDSUB_OP.ADDSUB/LOGIC_SPEED.OP/ALIGN_BLK/FRAC_ADDSUB/LOGIC_ADD.FRAC_ADDSUB/STRUCT_ADD2.ADD1/CHAIN_GEN[0].C_MUX.CARRY_MUX_CARRY4_CARRY8                     | CLB.CARRY.CARRY8       |
    | grp_node_0_0_Pipeline_l_S_t_1_t_fu_256/hsub_16ns_16ns_16_3_no_dsp_1_U2/node_0_0_hsub_16ns_16ns_16_3_no_dsp_1_ip_u/U0/i_synth/ADDSUB_OP.ADDSUB/LOGIC_SPEED.OP/ALIGN_BLK/FRAC_ADDSUB/LOGIC_ADD.FRAC_ADDSUB/STRUCT_ADD2.ADD1/CHAIN_GEN[1].C_MUX.CARRY_MUX_i_1__4                            | CLB.LUT.LUT4           |
    | grp_node_0_0_Pipeline_l_S_t_1_t_fu_256/hsub_16ns_16ns_16_3_no_dsp_1_U2/node_0_0_hsub_16ns_16ns_16_3_no_dsp_1_ip_u/U0/i_synth/ADDSUB_OP.ADDSUB/LOGIC_SPEED.OP/NORM/LZE/ZERO_DET_CC_1/CHAIN_GEN[0].C_MUX.CARRY_MUX_CARRY4_CARRY8                                                           | CLB.CARRY.CARRY8       |
    | grp_node_0_0_Pipeline_l_S_t_1_t_fu_256/hsub_16ns_16ns_16_3_no_dsp_1_U2/node_0_0_hsub_16ns_16ns_16_3_no_dsp_1_ip_u/U0/i_synth/ADDSUB_OP.ADDSUB/LOGIC_SPEED.OP/ALIGN_BLK/FRAC_ADDSUB/LOGIC_ADD.FRAC_ADDSUB/STRUCT_ADD2.ADD1/CHAIN_GEN[1].C_MUX.CARRY_MUX_i_5__1                            | CLB.LUT.LUT6           |
    | grp_node_0_0_Pipeline_l_S_t_1_t_fu_256/hsub_16ns_16ns_16_3_no_dsp_1_U2/node_0_0_hsub_16ns_16ns_16_3_no_dsp_1_ip_u/U0/i_synth/ADDSUB_OP.ADDSUB/LOGIC_SPEED.OP/ALIGN_BLK/FRAC_ADDSUB/LOGIC_ADD.FRAC_ADDSUB/STRUCT_ADD2.ADD1/CHAIN_GEN[1].C_MUX.CARRY_MUX_i_2__3                            | CLB.LUT.LUT6           |
    | grp_node_0_0_Pipeline_l_S_t_1_t_fu_256/hsub_16ns_16ns_16_3_no_dsp_1_U2/node_0_0_hsub_16ns_16ns_16_3_no_dsp_1_ip_u/U0/i_synth/ADDSUB_OP.ADDSUB/LOGIC_SPEED.OP/ALIGN_BLK/FRAC_ADDSUB/LOGIC_ADD.FRAC_ADDSUB/STRUCT_ADD2.ADD1/CHAIN_GEN[0].C_MUX.CARRY_MUX_i_6__0                            | CLB.LUT.LUT5           |
    | grp_node_0_0_Pipeline_l_S_t_1_t_fu_256/hsub_16ns_16ns_16_3_no_dsp_1_U2/node_0_0_hsub_16ns_16ns_16_3_no_dsp_1_ip_u/U0/i_synth/ADDSUB_OP.ADDSUB/LOGIC_SPEED.OP/ALIGN_BLK/FRAC_ADDSUB/LOGIC_ADD.FRAC_ADDSUB/STRUCT_ADD1.ADD1/CHAIN_GEN[0].C_MUX.CARRY_MUX_i_5__0                            | CLB.LUT.LUT6           |
    | grp_node_0_0_Pipeline_l_S_t_1_t_fu_256/hsub_16ns_16ns_16_3_no_dsp_1_U2/node_0_0_hsub_16ns_16ns_16_3_no_dsp_1_ip_u/U0/i_synth/ADDSUB_OP.ADDSUB/LOGIC_SPEED.OP/ALIGN_BLK/FRAC_ADDSUB/LOGIC_ADD.FRAC_ADDSUB/STRUCT_ADD1.ADD1/CHAIN_GEN[0].C_MUX.CARRY_MUX_i_1__9                            | CLB.LUT.LUT6           |
    | grp_node_0_0_Pipeline_l_S_t_1_t_fu_256/hsub_16ns_16ns_16_3_no_dsp_1_U2/node_0_0_hsub_16ns_16ns_16_3_no_dsp_1_ip_u/U0/i_synth/ADDSUB_OP.ADDSUB/LOGIC_SPEED.OP/NORM/ROUND/RND_BIT_GEN/NORM_2.RND_CHAIN/CHAIN_GEN[0].C_MUX.CARRY_MUX_CARRY4_CARRY8                                          | CLB.CARRY.CARRY8       |
    | grp_node_0_0_Pipeline_l_S_t_1_t_fu_256/hsub_16ns_16ns_16_3_no_dsp_1_U2/node_0_0_hsub_16ns_16ns_16_3_no_dsp_1_ip_u/U0/i_synth/ADDSUB_OP.ADDSUB/LOGIC_SPEED.OP/NORM/ROUND/LOGIC.RND1/CHAIN_GEN[2].C_MUX.CARRY_MUX_CARRY4_CARRY8                                                            | CLB.CARRY.CARRY8       |
    | grp_node_0_0_Pipeline_l_S_t_1_t_fu_256/hsub_16ns_16ns_16_3_no_dsp_1_U2/node_0_0_hsub_16ns_16ns_16_3_no_dsp_1_ip_u/U0/i_synth/ADDSUB_OP.ADDSUB/LOGIC_SPEED.OP/NORM/ROUND/LOGIC.RND2/CHAIN_GEN[5].Q_XOR.SUM_XOR_CARRY4_CARRY8                                                              | CLB.CARRY.CARRY8       |
    | grp_node_0_0_Pipeline_l_S_t_1_t_fu_256/hsub_16ns_16ns_16_3_no_dsp_1_U2/node_0_0_hsub_16ns_16ns_16_3_no_dsp_1_ip_u/U0/i_synth/ADDSUB_OP.ADDSUB/LOGIC_SPEED.OP/ALIGN_BLK/FRAC_ADDSUB/LOGIC_ADD.FRAC_ADDSUB/STRUCT_ADD1.ADD1/RESULT_REG.NORMAL.exp_op[0]_i_2                                | CLB.LUT.LUT6           |
    | grp_node_0_0_Pipeline_l_S_t_1_t_fu_256/hsub_16ns_16ns_16_3_no_dsp_1_U2/node_0_0_hsub_16ns_16ns_16_3_no_dsp_1_ip_u/U0/i_synth/ADDSUB_OP.ADDSUB/LOGIC_SPEED.OP/EXP/EXP_OFF.STRUCT_ADD/RESULT_REG.NORMAL.exp_op[0]_i_1                                                                      | CLB.LUT.LUT6           |
    | grp_node_0_0_Pipeline_l_S_t_1_t_fu_256/hsub_16ns_16ns_16_3_no_dsp_1_U2/node_0_0_hsub_16ns_16ns_16_3_no_dsp_1_ip_u/U0/i_synth/ADDSUB_OP.ADDSUB/LOGIC_SPEED.OP/OP/RESULT_REG.NORMAL.exp_op_reg[0]                                                                                          | REGISTER.SDR.FDRE      |
    | grp_node_0_0_Pipeline_l_S_t_1_t_fu_256/hadd_16ns_16ns_16_3_no_dsp_1_U1/din1_buf1_reg[9]_replica                                                                                                                                                                                          | REGISTER.SDR.FDRE      |
    | grp_node_0_0_Pipeline_l_S_t_1_t_fu_256/hadd_16ns_16ns_16_3_no_dsp_1_U1/node_0_0_hadd_16ns_16ns_16_3_no_dsp_1_ip_u/U0/i_synth/ADDSUB_OP.ADDSUB/LOGIC_SPEED.OP/EXP/NUMB_CMP/NOT_FAST.CMP/C_CHAIN/CHAIN_GEN[4].C_MUX.CARRY_MUX_i_1__3                                                       | CLB.LUT.LUT4           |
    | grp_node_0_0_Pipeline_l_S_t_1_t_fu_256/hadd_16ns_16ns_16_3_no_dsp_1_U1/node_0_0_hadd_16ns_16ns_16_3_no_dsp_1_ip_u/U0/i_synth/ADDSUB_OP.ADDSUB/LOGIC_SPEED.OP/EXP/NUMB_CMP/NOT_FAST.CMP/C_CHAIN/CHAIN_GEN[0].C_MUX.CARRY_MUX_CARRY4_CARRY8                                                | CLB.CARRY.CARRY8       |
    | grp_node_0_0_Pipeline_l_S_t_1_t_fu_256/hadd_16ns_16ns_16_3_no_dsp_1_U1/node_0_0_hadd_16ns_16ns_16_3_no_dsp_1_ip_u/U0/i_synth/ADDSUB_OP.ADDSUB/LOGIC_SPEED.OP/EXP/NUMB_CMP/NOT_FAST.CMP/C_CHAIN/CHAIN_GEN[1].C_MUX.CARRY_MUX_i_2__3                                                       | CLB.LUT.LUT6           |
    | grp_node_0_0_Pipeline_l_S_t_1_t_fu_256/hadd_16ns_16ns_16_3_no_dsp_1_U1/node_0_0_hadd_16ns_16ns_16_3_no_dsp_1_ip_u/U0/i_synth/ADDSUB_OP.ADDSUB/LOGIC_SPEED.OP/EXP/NUMB_CMP/NOT_FAST.CMP/C_CHAIN/CHAIN_GEN[1].C_MUX.CARRY_MUX_i_1__5                                                       | CLB.LUT.LUT4           |
    | grp_node_0_0_Pipeline_l_S_t_1_t_fu_256/hadd_16ns_16ns_16_3_no_dsp_1_U1/node_0_0_hadd_16ns_16ns_16_3_no_dsp_1_ip_u/U0/i_synth/ADDSUB_OP.ADDSUB/LOGIC_SPEED.OP/ALIGN_BLK/ALIGN_SHIFT/ALIGN_Z_D/EQ_ZERO/CARRY_ZERO_DET/CHAIN_GEN[0].C_MUX.CARRY_MUX_CARRY4_CARRY8                           | CLB.CARRY.CARRY8       |
    | grp_node_0_0_Pipeline_l_S_t_1_t_fu_256/hadd_16ns_16ns_16_3_no_dsp_1_U1/node_0_0_hadd_16ns_16ns_16_3_no_dsp_1_ip_u/U0/i_synth/ADDSUB_OP.ADDSUB/LOGIC_SPEED.OP/EXP/NUMB_CMP/NOT_FAST.CMP/C_CHAIN/STRUCT_ADD1.CARRY_MUX2_i_7                                                                | CLB.LUT.LUT5           |
    | grp_node_0_0_Pipeline_l_S_t_1_t_fu_256/hadd_16ns_16ns_16_3_no_dsp_1_U1/node_0_0_hadd_16ns_16ns_16_3_no_dsp_1_ip_u/U0/i_synth/ADDSUB_OP.ADDSUB/LOGIC_SPEED.OP/EXP/NUMB_CMP/NOT_FAST.CMP/C_CHAIN/STRUCT_ADD1.CARRY_MUX2_i_2                                                                | CLB.LUT.LUT6           |
    | grp_node_0_0_Pipeline_l_S_t_1_t_fu_256/hadd_16ns_16ns_16_3_no_dsp_1_U1/node_0_0_hadd_16ns_16ns_16_3_no_dsp_1_ip_u/U0/i_synth/ADDSUB_OP.ADDSUB/LOGIC_SPEED.OP/EXP/NUMB_CMP/NOT_FAST.CMP/C_CHAIN/STRUCT_ADD1.CARRY_MUX2_i_1                                                                | CLB.LUT.LUT6           |
    | grp_node_0_0_Pipeline_l_S_t_1_t_fu_256/hadd_16ns_16ns_16_3_no_dsp_1_U1/node_0_0_hadd_16ns_16ns_16_3_no_dsp_1_ip_u/U0/i_synth/ADDSUB_OP.ADDSUB/LOGIC_SPEED.OP/ALIGN_BLK/FRAC_ADDSUB/LOGIC_ADD.FRAC_ADDSUB/STRUCT_ADD1.CARRY_MUX1_CARRY4_CARRY8                                            | CLB.CARRY.CARRY8       |
    | grp_node_0_0_Pipeline_l_S_t_1_t_fu_256/hadd_16ns_16ns_16_3_no_dsp_1_U1/node_0_0_hadd_16ns_16ns_16_3_no_dsp_1_ip_u/U0/i_synth/ADDSUB_OP.ADDSUB/LOGIC_SPEED.OP/ALIGN_BLK/FRAC_ADDSUB/LOGIC_ADD.FRAC_ADDSUB/STRUCT_ADD2.ADD1/CHAIN_GEN[0].C_MUX.CARRY_MUX_CARRY4_CARRY8                     | CLB.CARRY.CARRY8       |
    | grp_node_0_0_Pipeline_l_S_t_1_t_fu_256/hadd_16ns_16ns_16_3_no_dsp_1_U1/node_0_0_hadd_16ns_16ns_16_3_no_dsp_1_ip_u/U0/i_synth/ADDSUB_OP.ADDSUB/LOGIC_SPEED.OP/ALIGN_BLK/FRAC_ADDSUB/LOGIC_ADD.FRAC_ADDSUB/STRUCT_ADD2.ADD1/CHAIN_GEN[0].C_MUX.CARRY_MUX_i_1__2                            | CLB.LUT.LUT4           |
    | grp_node_0_0_Pipeline_l_S_t_1_t_fu_256/hadd_16ns_16ns_16_3_no_dsp_1_U1/node_0_0_hadd_16ns_16ns_16_3_no_dsp_1_ip_u/U0/i_synth/ADDSUB_OP.ADDSUB/LOGIC_SPEED.OP/NORM/LZE/ZERO_DET_CC_1/CHAIN_GEN[0].C_MUX.CARRY_MUX_CARRY4_CARRY8                                                           | CLB.CARRY.CARRY8       |
    | grp_node_0_0_Pipeline_l_S_t_1_t_fu_256/hadd_16ns_16ns_16_3_no_dsp_1_U1/node_0_0_hadd_16ns_16ns_16_3_no_dsp_1_ip_u/U0/i_synth/ADDSUB_OP.ADDSUB/LOGIC_SPEED.OP/ALIGN_BLK/FRAC_ADDSUB/LOGIC_ADD.FRAC_ADDSUB/STRUCT_ADD2.ADD1/RESULT_REG.NORMAL.exp_op[2]_i_7                                | CLB.LUT.LUT5           |
    | grp_node_0_0_Pipeline_l_S_t_1_t_fu_256/hadd_16ns_16ns_16_3_no_dsp_1_U1/node_0_0_hadd_16ns_16ns_16_3_no_dsp_1_ip_u/U0/i_synth/ADDSUB_OP.ADDSUB/LOGIC_SPEED.OP/ALIGN_BLK/FRAC_ADDSUB/LOGIC_ADD.FRAC_ADDSUB/STRUCT_ADD1.ADD1/RESULT_REG.NORMAL.exp_op[1]_i_3                                | CLB.LUT.LUT5           |
    | grp_node_0_0_Pipeline_l_S_t_1_t_fu_256/hadd_16ns_16ns_16_3_no_dsp_1_U1/node_0_0_hadd_16ns_16ns_16_3_no_dsp_1_ip_u/U0/i_synth/ADDSUB_OP.ADDSUB/LOGIC_SPEED.OP/ALIGN_BLK/FRAC_ADDSUB/LOGIC_ADD.FRAC_ADDSUB/STRUCT_ADD1.ADD1/CHAIN_GEN[0].C_MUX.CARRY_MUX_i_6__0                            | CLB.LUT.LUT5           |
    | grp_node_0_0_Pipeline_l_S_t_1_t_fu_256/hadd_16ns_16ns_16_3_no_dsp_1_U1/node_0_0_hadd_16ns_16ns_16_3_no_dsp_1_ip_u/U0/i_synth/ADDSUB_OP.ADDSUB/LOGIC_SPEED.OP/ALIGN_BLK/FRAC_ADDSUB/LOGIC_ADD.FRAC_ADDSUB/STRUCT_ADD1.ADD1/CHAIN_GEN[0].C_MUX.CARRY_MUX_i_3__0                            | CLB.LUT.LUT6           |
    | grp_node_0_0_Pipeline_l_S_t_1_t_fu_256/hadd_16ns_16ns_16_3_no_dsp_1_U1/node_0_0_hadd_16ns_16ns_16_3_no_dsp_1_ip_u/U0/i_synth/ADDSUB_OP.ADDSUB/LOGIC_SPEED.OP/ALIGN_BLK/FRAC_ADDSUB/LOGIC_ADD.FRAC_ADDSUB/STRUCT_ADD1.ADD1/CHAIN_GEN[0].C_MUX.CARRY_MUX_i_1__10                           | CLB.LUT.LUT5           |
    | grp_node_0_0_Pipeline_l_S_t_1_t_fu_256/hadd_16ns_16ns_16_3_no_dsp_1_U1/node_0_0_hadd_16ns_16ns_16_3_no_dsp_1_ip_u/U0/i_synth/ADDSUB_OP.ADDSUB/LOGIC_SPEED.OP/NORM/ROUND/RND_BIT_GEN/NORM_2.RND_CHAIN/CHAIN_GEN[0].C_MUX.CARRY_MUX_CARRY4_CARRY8                                          | CLB.CARRY.CARRY8       |
    | grp_node_0_0_Pipeline_l_S_t_1_t_fu_256/hadd_16ns_16ns_16_3_no_dsp_1_U1/node_0_0_hadd_16ns_16ns_16_3_no_dsp_1_ip_u/U0/i_synth/ADDSUB_OP.ADDSUB/LOGIC_SPEED.OP/NORM/ROUND/LOGIC.RND1/CHAIN_GEN[2].C_MUX.CARRY_MUX_CARRY4_CARRY8                                                            | CLB.CARRY.CARRY8       |
    | grp_node_0_0_Pipeline_l_S_t_1_t_fu_256/hadd_16ns_16ns_16_3_no_dsp_1_U1/node_0_0_hadd_16ns_16ns_16_3_no_dsp_1_ip_u/U0/i_synth/ADDSUB_OP.ADDSUB/LOGIC_SPEED.OP/EXP/COND_DET_A/MANT_CARRY.MANT_ALL_ZERO_DET/CARRY_ZERO_DET/RESULT_REG.NORMAL.mant_op[9]_i_1                                 | CLB.LUT.LUT6           |
    | grp_node_0_0_Pipeline_l_S_t_1_t_fu_256/hadd_16ns_16ns_16_3_no_dsp_1_U1/node_0_0_hadd_16ns_16ns_16_3_no_dsp_1_ip_u/U0/i_synth/ADDSUB_OP.ADDSUB/LOGIC_SPEED.OP/OP/RESULT_REG.NORMAL.mant_op_reg[9]                                                                                         | REGISTER.SDR.FDRE      |
    | grp_node_0_0_Pipeline_l_S_t_1_t_fu_256/hadd_16ns_16ns_16_3_no_dsp_1_U1/din0_buf1_reg[8]                                                                                                                                                                                                  | REGISTER.SDR.FDRE      |
    | grp_node_0_0_Pipeline_l_S_t_1_t_fu_256/hsub_16ns_16ns_16_3_no_dsp_1_U2/node_0_0_hsub_16ns_16ns_16_3_no_dsp_1_ip_u/U0/i_synth/ADDSUB_OP.ADDSUB/LOGIC_SPEED.OP/EXP/NUMB_CMP/NOT_FAST.CMP/C_CHAIN/CHAIN_GEN[4].C_MUX.CARRY_MUX_i_1__3                                                       | CLB.LUT.LUT4           |
    | grp_node_0_0_Pipeline_l_S_t_1_t_fu_256/hsub_16ns_16ns_16_3_no_dsp_1_U2/node_0_0_hsub_16ns_16ns_16_3_no_dsp_1_ip_u/U0/i_synth/ADDSUB_OP.ADDSUB/LOGIC_SPEED.OP/EXP/NUMB_CMP/NOT_FAST.CMP/C_CHAIN/CHAIN_GEN[0].C_MUX.CARRY_MUX_CARRY4_CARRY8                                                | CLB.CARRY.CARRY8       |
    | grp_node_0_0_Pipeline_l_S_t_1_t_fu_256/hsub_16ns_16ns_16_3_no_dsp_1_U2/node_0_0_hsub_16ns_16ns_16_3_no_dsp_1_ip_u/U0/i_synth/ADDSUB_OP.ADDSUB/LOGIC_SPEED.OP/EXP/NUMB_CMP/NOT_FAST.CMP/C_CHAIN/CHAIN_GEN[1].C_MUX.CARRY_MUX_i_3__1                                                       | CLB.LUT.LUT6           |
    | grp_node_0_0_Pipeline_l_S_t_1_t_fu_256/hsub_16ns_16ns_16_3_no_dsp_1_U2/node_0_0_hsub_16ns_16ns_16_3_no_dsp_1_ip_u/U0/i_synth/ADDSUB_OP.ADDSUB/LOGIC_SPEED.OP/EXP/NUMB_CMP/NOT_FAST.CMP/C_CHAIN/CHAIN_GEN[1].C_MUX.CARRY_MUX_i_1__1                                                       | CLB.LUT.LUT4           |
    | grp_node_0_0_Pipeline_l_S_t_1_t_fu_256/hsub_16ns_16ns_16_3_no_dsp_1_U2/node_0_0_hsub_16ns_16ns_16_3_no_dsp_1_ip_u/U0/i_synth/ADDSUB_OP.ADDSUB/LOGIC_SPEED.OP/ALIGN_BLK/ALIGN_SHIFT/ALIGN_Z_D/EQ_ZERO/CARRY_ZERO_DET/CHAIN_GEN[0].C_MUX.CARRY_MUX_CARRY4_CARRY8                           | CLB.CARRY.CARRY8       |
    | grp_node_0_0_Pipeline_l_S_t_1_t_fu_256/hsub_16ns_16ns_16_3_no_dsp_1_U2/node_0_0_hsub_16ns_16ns_16_3_no_dsp_1_ip_u/U0/i_synth/ADDSUB_OP.ADDSUB/LOGIC_SPEED.OP/EXP/NUMB_CMP/NOT_FAST.CMP/C_CHAIN/STRUCT_ADD1.CARRY_MUX2_i_2                                                                | CLB.LUT.LUT5           |
    | grp_node_0_0_Pipeline_l_S_t_1_t_fu_256/hsub_16ns_16ns_16_3_no_dsp_1_U2/node_0_0_hsub_16ns_16ns_16_3_no_dsp_1_ip_u/U0/i_synth/ADDSUB_OP.ADDSUB/LOGIC_SPEED.OP/EXP/NUMB_CMP/NOT_FAST.CMP/C_CHAIN/STRUCT_ADD1.CARRY_MUX2_i_1                                                                | CLB.LUT.LUT6           |
    | grp_node_0_0_Pipeline_l_S_t_1_t_fu_256/hsub_16ns_16ns_16_3_no_dsp_1_U2/node_0_0_hsub_16ns_16ns_16_3_no_dsp_1_ip_u/U0/i_synth/ADDSUB_OP.ADDSUB/LOGIC_SPEED.OP/ALIGN_BLK/FRAC_ADDSUB/LOGIC_ADD.FRAC_ADDSUB/STRUCT_ADD1.CARRY_MUX1_CARRY4_CARRY8                                            | CLB.CARRY.CARRY8       |
    | grp_node_0_0_Pipeline_l_S_t_1_t_fu_256/hsub_16ns_16ns_16_3_no_dsp_1_U2/node_0_0_hsub_16ns_16ns_16_3_no_dsp_1_ip_u/U0/i_synth/ADDSUB_OP.ADDSUB/LOGIC_SPEED.OP/ALIGN_BLK/FRAC_ADDSUB/LOGIC_ADD.FRAC_ADDSUB/STRUCT_ADD2.ADD1/CHAIN_GEN[0].C_MUX.CARRY_MUX_CARRY4_CARRY8                     | CLB.CARRY.CARRY8       |
    | grp_node_0_0_Pipeline_l_S_t_1_t_fu_256/hsub_16ns_16ns_16_3_no_dsp_1_U2/node_0_0_hsub_16ns_16ns_16_3_no_dsp_1_ip_u/U0/i_synth/ADDSUB_OP.ADDSUB/LOGIC_SPEED.OP/ALIGN_BLK/FRAC_ADDSUB/LOGIC_ADD.FRAC_ADDSUB/STRUCT_ADD2.ADD1/CHAIN_GEN[1].C_MUX.CARRY_MUX_i_1__4                            | CLB.LUT.LUT4           |
    | grp_node_0_0_Pipeline_l_S_t_1_t_fu_256/hsub_16ns_16ns_16_3_no_dsp_1_U2/node_0_0_hsub_16ns_16ns_16_3_no_dsp_1_ip_u/U0/i_synth/ADDSUB_OP.ADDSUB/LOGIC_SPEED.OP/NORM/LZE/ZERO_DET_CC_1/CHAIN_GEN[0].C_MUX.CARRY_MUX_CARRY4_CARRY8                                                           | CLB.CARRY.CARRY8       |
    | grp_node_0_0_Pipeline_l_S_t_1_t_fu_256/hsub_16ns_16ns_16_3_no_dsp_1_U2/node_0_0_hsub_16ns_16ns_16_3_no_dsp_1_ip_u/U0/i_synth/ADDSUB_OP.ADDSUB/LOGIC_SPEED.OP/ALIGN_BLK/FRAC_ADDSUB/LOGIC_ADD.FRAC_ADDSUB/STRUCT_ADD2.ADD1/CHAIN_GEN[1].C_MUX.CARRY_MUX_i_5__1                            | CLB.LUT.LUT6           |
    | grp_node_0_0_Pipeline_l_S_t_1_t_fu_256/hsub_16ns_16ns_16_3_no_dsp_1_U2/node_0_0_hsub_16ns_16ns_16_3_no_dsp_1_ip_u/U0/i_synth/ADDSUB_OP.ADDSUB/LOGIC_SPEED.OP/ALIGN_BLK/FRAC_ADDSUB/LOGIC_ADD.FRAC_ADDSUB/STRUCT_ADD2.ADD1/CHAIN_GEN[1].C_MUX.CARRY_MUX_i_2__3                            | CLB.LUT.LUT6           |
    | grp_node_0_0_Pipeline_l_S_t_1_t_fu_256/hsub_16ns_16ns_16_3_no_dsp_1_U2/node_0_0_hsub_16ns_16ns_16_3_no_dsp_1_ip_u/U0/i_synth/ADDSUB_OP.ADDSUB/LOGIC_SPEED.OP/ALIGN_BLK/FRAC_ADDSUB/LOGIC_ADD.FRAC_ADDSUB/STRUCT_ADD2.ADD1/CHAIN_GEN[0].C_MUX.CARRY_MUX_i_6__0                            | CLB.LUT.LUT5           |
    | grp_node_0_0_Pipeline_l_S_t_1_t_fu_256/hsub_16ns_16ns_16_3_no_dsp_1_U2/node_0_0_hsub_16ns_16ns_16_3_no_dsp_1_ip_u/U0/i_synth/ADDSUB_OP.ADDSUB/LOGIC_SPEED.OP/ALIGN_BLK/FRAC_ADDSUB/LOGIC_ADD.FRAC_ADDSUB/STRUCT_ADD1.ADD1/CHAIN_GEN[0].C_MUX.CARRY_MUX_i_5__0                            | CLB.LUT.LUT6           |
    | grp_node_0_0_Pipeline_l_S_t_1_t_fu_256/hsub_16ns_16ns_16_3_no_dsp_1_U2/node_0_0_hsub_16ns_16ns_16_3_no_dsp_1_ip_u/U0/i_synth/ADDSUB_OP.ADDSUB/LOGIC_SPEED.OP/ALIGN_BLK/FRAC_ADDSUB/LOGIC_ADD.FRAC_ADDSUB/STRUCT_ADD1.ADD1/CHAIN_GEN[0].C_MUX.CARRY_MUX_i_1__9                            | CLB.LUT.LUT6           |
    | grp_node_0_0_Pipeline_l_S_t_1_t_fu_256/hsub_16ns_16ns_16_3_no_dsp_1_U2/node_0_0_hsub_16ns_16ns_16_3_no_dsp_1_ip_u/U0/i_synth/ADDSUB_OP.ADDSUB/LOGIC_SPEED.OP/NORM/ROUND/RND_BIT_GEN/NORM_2.RND_CHAIN/CHAIN_GEN[0].C_MUX.CARRY_MUX_CARRY4_CARRY8                                          | CLB.CARRY.CARRY8       |
    | grp_node_0_0_Pipeline_l_S_t_1_t_fu_256/hsub_16ns_16ns_16_3_no_dsp_1_U2/node_0_0_hsub_16ns_16ns_16_3_no_dsp_1_ip_u/U0/i_synth/ADDSUB_OP.ADDSUB/LOGIC_SPEED.OP/NORM/ROUND/LOGIC.RND1/CHAIN_GEN[2].C_MUX.CARRY_MUX_CARRY4_CARRY8                                                            | CLB.CARRY.CARRY8       |
    | grp_node_0_0_Pipeline_l_S_t_1_t_fu_256/hsub_16ns_16ns_16_3_no_dsp_1_U2/node_0_0_hsub_16ns_16ns_16_3_no_dsp_1_ip_u/U0/i_synth/ADDSUB_OP.ADDSUB/LOGIC_SPEED.OP/NORM/ROUND/LOGIC.RND2/CHAIN_GEN[5].Q_XOR.SUM_XOR_CARRY4_CARRY8                                                              | CLB.CARRY.CARRY8       |
    | grp_node_0_0_Pipeline_l_S_t_1_t_fu_256/hsub_16ns_16ns_16_3_no_dsp_1_U2/node_0_0_hsub_16ns_16ns_16_3_no_dsp_1_ip_u/U0/i_synth/ADDSUB_OP.ADDSUB/LOGIC_SPEED.OP/EXP/EXP_OFF.STRUCT_ADD/RESULT_REG.NORMAL.exp_op[1]_i_2                                                                      | CLB.LUT.LUT5           |
    | grp_node_0_0_Pipeline_l_S_t_1_t_fu_256/hsub_16ns_16ns_16_3_no_dsp_1_U2/node_0_0_hsub_16ns_16ns_16_3_no_dsp_1_ip_u/U0/i_synth/ADDSUB_OP.ADDSUB/LOGIC_SPEED.OP/EXP/EXP_OFF.STRUCT_ADD/RESULT_REG.NORMAL.exp_op[1]_i_1                                                                      | CLB.LUT.LUT6           |
    | grp_node_0_0_Pipeline_l_S_t_1_t_fu_256/hsub_16ns_16ns_16_3_no_dsp_1_U2/node_0_0_hsub_16ns_16ns_16_3_no_dsp_1_ip_u/U0/i_synth/ADDSUB_OP.ADDSUB/LOGIC_SPEED.OP/OP/RESULT_REG.NORMAL.exp_op_reg[1]                                                                                          | REGISTER.SDR.FDRE      |
    +------------------------------------------------------------------------------------------------------------------------------------------------------------------------------------------------------------------------------------------------------------------------------------------+------------------------+

    +------------------------------------------------------------------------------------------------------------------------------------------------------------------------------------------------------------------------------------------------------------------------------------------+------------------------+
    | Path5 Cells                                                                                                                                                                                                                                                                              | Primitive Type         |
    +------------------------------------------------------------------------------------------------------------------------------------------------------------------------------------------------------------------------------------------------------------------------------------------+------------------------+
    | grp_node_0_0_Pipeline_l_S_t_1_t_fu_256/hadd_16ns_16ns_16_3_no_dsp_1_U1/din0_buf1_reg[7]_replica                                                                                                                                                                                          | REGISTER.SDR.FDRE      |
    | grp_node_0_0_Pipeline_l_S_t_1_t_fu_256/hmul_16ns_16ns_16_3_max_dsp_1_U3/node_0_0_hmul_16ns_16ns_16_3_max_dsp_1_ip_u/U0/i_synth/MULT.OP/i_non_prim.MULT/MULT_GEN_VARIANT.FIX_MULT/MULT/gDSP.gDSP_only.iDSP/use_prim.appDSP[0].bppDSP[0].use_dsp.use_dsp48e2.iDSP48E2/DSP_A_B_DATA_INST    | ARITHMETIC.DSP.DSP48E2 |
    | grp_node_0_0_Pipeline_l_S_t_1_t_fu_256/hmul_16ns_16ns_16_3_max_dsp_1_U3/node_0_0_hmul_16ns_16ns_16_3_max_dsp_1_ip_u/U0/i_synth/MULT.OP/i_non_prim.MULT/MULT_GEN_VARIANT.FIX_MULT/MULT/gDSP.gDSP_only.iDSP/use_prim.appDSP[0].bppDSP[0].use_dsp.use_dsp48e2.iDSP48E2/DSP_PREADD_DATA_INST | ARITHMETIC.DSP.DSP48E2 |
    | grp_node_0_0_Pipeline_l_S_t_1_t_fu_256/hmul_16ns_16ns_16_3_max_dsp_1_U3/node_0_0_hmul_16ns_16ns_16_3_max_dsp_1_ip_u/U0/i_synth/MULT.OP/i_non_prim.MULT/MULT_GEN_VARIANT.FIX_MULT/MULT/gDSP.gDSP_only.iDSP/use_prim.appDSP[0].bppDSP[0].use_dsp.use_dsp48e2.iDSP48E2/DSP_MULTIPLIER_INST  | ARITHMETIC.DSP.DSP48E2 |
    | grp_node_0_0_Pipeline_l_S_t_1_t_fu_256/hmul_16ns_16ns_16_3_max_dsp_1_U3/node_0_0_hmul_16ns_16ns_16_3_max_dsp_1_ip_u/U0/i_synth/MULT.OP/i_non_prim.MULT/MULT_GEN_VARIANT.FIX_MULT/MULT/gDSP.gDSP_only.iDSP/use_prim.appDSP[0].bppDSP[0].use_dsp.use_dsp48e2.iDSP48E2/DSP_M_DATA_INST      | ARITHMETIC.DSP.DSP48E2 |
    | grp_node_0_0_Pipeline_l_S_t_1_t_fu_256/hmul_16ns_16ns_16_3_max_dsp_1_U3/node_0_0_hmul_16ns_16ns_16_3_max_dsp_1_ip_u/U0/i_synth/MULT.OP/i_non_prim.MULT/MULT_GEN_VARIANT.FIX_MULT/MULT/gDSP.gDSP_only.iDSP/use_prim.appDSP[0].bppDSP[0].use_dsp.use_dsp48e2.iDSP48E2/DSP_ALU_INST         | ARITHMETIC.DSP.DSP48E2 |
    | grp_node_0_0_Pipeline_l_S_t_1_t_fu_256/hmul_16ns_16ns_16_3_max_dsp_1_U3/node_0_0_hmul_16ns_16ns_16_3_max_dsp_1_ip_u/U0/i_synth/MULT.OP/i_non_prim.MULT/MULT_GEN_VARIANT.FIX_MULT/MULT/gDSP.gDSP_only.iDSP/use_prim.appDSP[0].bppDSP[0].use_dsp.use_dsp48e2.iDSP48E2/DSP_OUTPUT_INST      | ARITHMETIC.DSP.DSP48E2 |
    | grp_node_0_0_Pipeline_l_S_t_1_t_fu_256/hmul_16ns_16ns_16_3_max_dsp_1_U3/node_0_0_hmul_16ns_16ns_16_3_max_dsp_1_ip_u/U0/i_synth/MULT.OP/i_non_prim.MULT/MULT_GEN_VARIANT.FIX_MULT/CHAIN_GEN[0].C_MUX.CARRY_MUX_i_1__0                                                                     | CLB.LUT.LUT3           |
    | grp_node_0_0_Pipeline_l_S_t_1_t_fu_256/hmul_16ns_16ns_16_3_max_dsp_1_U3/node_0_0_hmul_16ns_16ns_16_3_max_dsp_1_ip_u/U0/i_synth/MULT.OP/i_non_prim.R_AND_R/LOGIC.R_AND_R/RND_BIT_GEN/NORM_1_OR_0.STRUCT_REQ.GENERAL.RND1/CHAIN_GEN[0].C_MUX.CARRY_MUX_CARRY4_CARRY8                       | CLB.CARRY.CARRY8       |
    | grp_node_0_0_Pipeline_l_S_t_1_t_fu_256/hmul_16ns_16ns_16_3_max_dsp_1_U3/node_0_0_hmul_16ns_16ns_16_3_max_dsp_1_ip_u/U0/i_synth/MULT.OP/i_non_prim.R_AND_R/LOGIC.R_AND_R/DSP48_E1.DSP48E1_ADD.DSP48E1_ADD/i_no_versal_es1_workaround.DSP/DSP_A_B_DATA_INST                                | ARITHMETIC.DSP.DSP48E2 |
    | grp_node_0_0_Pipeline_l_S_t_1_t_fu_256/hmul_16ns_16ns_16_3_max_dsp_1_U3/node_0_0_hmul_16ns_16ns_16_3_max_dsp_1_ip_u/U0/i_synth/MULT.OP/i_non_prim.R_AND_R/LOGIC.R_AND_R/DSP48_E1.DSP48E1_ADD.DSP48E1_ADD/i_no_versal_es1_workaround.DSP/DSP_ALU_INST                                     | ARITHMETIC.DSP.DSP48E2 |
    | grp_node_0_0_Pipeline_l_S_t_1_t_fu_256/hmul_16ns_16ns_16_3_max_dsp_1_U3/node_0_0_hmul_16ns_16ns_16_3_max_dsp_1_ip_u/U0/i_synth/MULT.OP/i_non_prim.R_AND_R/LOGIC.R_AND_R/DSP48_E1.DSP48E1_ADD.DSP48E1_ADD/i_no_versal_es1_workaround.DSP/DSP_OUTPUT_INST                                  | ARITHMETIC.DSP.DSP48E2 |
    | grp_node_0_0_Pipeline_l_S_t_1_t_fu_256/hmul_16ns_16ns_16_3_max_dsp_1_U3/node_0_0_hmul_16ns_16ns_16_3_max_dsp_1_ip_u/U0/i_synth/MULT.OP/i_non_prim.R_AND_R/LOGIC.R_AND_R/EXP_ADD.ADD/CHAIN_GEN[0].C_MUX.CARRY_MUX_CARRY4_CARRY8                                                           | CLB.CARRY.CARRY8       |
    | grp_node_0_0_Pipeline_l_S_t_1_t_fu_256/hmul_16ns_16ns_16_3_max_dsp_1_U3/node_0_0_hmul_16ns_16ns_16_3_max_dsp_1_ip_u/U0/i_synth/MULT.OP/i_non_prim.R_AND_R/LOGIC.R_AND_R/EXP_ADD.ADD/RESULT_REG.NORMAL.exp_op[3]_i_1                                                                      | CLB.LUT.LUT2           |
    | grp_node_0_0_Pipeline_l_S_t_1_t_fu_256/hmul_16ns_16ns_16_3_max_dsp_1_U3/node_0_0_hmul_16ns_16ns_16_3_max_dsp_1_ip_u/U0/i_synth/MULT.OP/i_non_prim.OP/RESULT_REG.NORMAL.exp_op_reg[3]                                                                                                     | REGISTER.SDR.FDRE      |
    | grp_node_0_0_Pipeline_l_S_t_1_t_fu_256/hadd_16ns_16ns_16_3_no_dsp_1_U1/din0_buf1_reg[7]_replica                                                                                                                                                                                          | REGISTER.SDR.FDRE      |
    | grp_node_0_0_Pipeline_l_S_t_1_t_fu_256/hmul_16ns_16ns_16_3_max_dsp_1_U3/node_0_0_hmul_16ns_16ns_16_3_max_dsp_1_ip_u/U0/i_synth/MULT.OP/i_non_prim.MULT/MULT_GEN_VARIANT.FIX_MULT/MULT/gDSP.gDSP_only.iDSP/use_prim.appDSP[0].bppDSP[0].use_dsp.use_dsp48e2.iDSP48E2/DSP_A_B_DATA_INST    | ARITHMETIC.DSP.DSP48E2 |
    | grp_node_0_0_Pipeline_l_S_t_1_t_fu_256/hmul_16ns_16ns_16_3_max_dsp_1_U3/node_0_0_hmul_16ns_16ns_16_3_max_dsp_1_ip_u/U0/i_synth/MULT.OP/i_non_prim.MULT/MULT_GEN_VARIANT.FIX_MULT/MULT/gDSP.gDSP_only.iDSP/use_prim.appDSP[0].bppDSP[0].use_dsp.use_dsp48e2.iDSP48E2/DSP_PREADD_DATA_INST | ARITHMETIC.DSP.DSP48E2 |
    | grp_node_0_0_Pipeline_l_S_t_1_t_fu_256/hmul_16ns_16ns_16_3_max_dsp_1_U3/node_0_0_hmul_16ns_16ns_16_3_max_dsp_1_ip_u/U0/i_synth/MULT.OP/i_non_prim.MULT/MULT_GEN_VARIANT.FIX_MULT/MULT/gDSP.gDSP_only.iDSP/use_prim.appDSP[0].bppDSP[0].use_dsp.use_dsp48e2.iDSP48E2/DSP_MULTIPLIER_INST  | ARITHMETIC.DSP.DSP48E2 |
    | grp_node_0_0_Pipeline_l_S_t_1_t_fu_256/hmul_16ns_16ns_16_3_max_dsp_1_U3/node_0_0_hmul_16ns_16ns_16_3_max_dsp_1_ip_u/U0/i_synth/MULT.OP/i_non_prim.MULT/MULT_GEN_VARIANT.FIX_MULT/MULT/gDSP.gDSP_only.iDSP/use_prim.appDSP[0].bppDSP[0].use_dsp.use_dsp48e2.iDSP48E2/DSP_M_DATA_INST      | ARITHMETIC.DSP.DSP48E2 |
    | grp_node_0_0_Pipeline_l_S_t_1_t_fu_256/hmul_16ns_16ns_16_3_max_dsp_1_U3/node_0_0_hmul_16ns_16ns_16_3_max_dsp_1_ip_u/U0/i_synth/MULT.OP/i_non_prim.MULT/MULT_GEN_VARIANT.FIX_MULT/MULT/gDSP.gDSP_only.iDSP/use_prim.appDSP[0].bppDSP[0].use_dsp.use_dsp48e2.iDSP48E2/DSP_ALU_INST         | ARITHMETIC.DSP.DSP48E2 |
    | grp_node_0_0_Pipeline_l_S_t_1_t_fu_256/hmul_16ns_16ns_16_3_max_dsp_1_U3/node_0_0_hmul_16ns_16ns_16_3_max_dsp_1_ip_u/U0/i_synth/MULT.OP/i_non_prim.MULT/MULT_GEN_VARIANT.FIX_MULT/MULT/gDSP.gDSP_only.iDSP/use_prim.appDSP[0].bppDSP[0].use_dsp.use_dsp48e2.iDSP48E2/DSP_OUTPUT_INST      | ARITHMETIC.DSP.DSP48E2 |
    | grp_node_0_0_Pipeline_l_S_t_1_t_fu_256/hmul_16ns_16ns_16_3_max_dsp_1_U3/node_0_0_hmul_16ns_16ns_16_3_max_dsp_1_ip_u/U0/i_synth/MULT.OP/i_non_prim.MULT/MULT_GEN_VARIANT.FIX_MULT/CHAIN_GEN[0].C_MUX.CARRY_MUX_i_1__0                                                                     | CLB.LUT.LUT3           |
    | grp_node_0_0_Pipeline_l_S_t_1_t_fu_256/hmul_16ns_16ns_16_3_max_dsp_1_U3/node_0_0_hmul_16ns_16ns_16_3_max_dsp_1_ip_u/U0/i_synth/MULT.OP/i_non_prim.R_AND_R/LOGIC.R_AND_R/RND_BIT_GEN/NORM_1_OR_0.STRUCT_REQ.GENERAL.RND1/CHAIN_GEN[0].C_MUX.CARRY_MUX_CARRY4_CARRY8                       | CLB.CARRY.CARRY8       |
    | grp_node_0_0_Pipeline_l_S_t_1_t_fu_256/hmul_16ns_16ns_16_3_max_dsp_1_U3/node_0_0_hmul_16ns_16ns_16_3_max_dsp_1_ip_u/U0/i_synth/MULT.OP/i_non_prim.R_AND_R/LOGIC.R_AND_R/DSP48_E1.DSP48E1_ADD.DSP48E1_ADD/i_no_versal_es1_workaround.DSP/DSP_A_B_DATA_INST                                | ARITHMETIC.DSP.DSP48E2 |
    | grp_node_0_0_Pipeline_l_S_t_1_t_fu_256/hmul_16ns_16ns_16_3_max_dsp_1_U3/node_0_0_hmul_16ns_16ns_16_3_max_dsp_1_ip_u/U0/i_synth/MULT.OP/i_non_prim.R_AND_R/LOGIC.R_AND_R/DSP48_E1.DSP48E1_ADD.DSP48E1_ADD/i_no_versal_es1_workaround.DSP/DSP_ALU_INST                                     | ARITHMETIC.DSP.DSP48E2 |
    | grp_node_0_0_Pipeline_l_S_t_1_t_fu_256/hmul_16ns_16ns_16_3_max_dsp_1_U3/node_0_0_hmul_16ns_16ns_16_3_max_dsp_1_ip_u/U0/i_synth/MULT.OP/i_non_prim.R_AND_R/LOGIC.R_AND_R/DSP48_E1.DSP48E1_ADD.DSP48E1_ADD/i_no_versal_es1_workaround.DSP/DSP_OUTPUT_INST                                  | ARITHMETIC.DSP.DSP48E2 |
    | grp_node_0_0_Pipeline_l_S_t_1_t_fu_256/hmul_16ns_16ns_16_3_max_dsp_1_U3/node_0_0_hmul_16ns_16ns_16_3_max_dsp_1_ip_u/U0/i_synth/MULT.OP/i_non_prim.R_AND_R/LOGIC.R_AND_R/EXP_ADD.ADD/CHAIN_GEN[0].C_MUX.CARRY_MUX_CARRY4_CARRY8                                                           | CLB.CARRY.CARRY8       |
    | grp_node_0_0_Pipeline_l_S_t_1_t_fu_256/hmul_16ns_16ns_16_3_max_dsp_1_U3/node_0_0_hmul_16ns_16ns_16_3_max_dsp_1_ip_u/U0/i_synth/MULT.OP/i_non_prim.R_AND_R/LOGIC.R_AND_R/EXP_ADD.ADD/RESULT_REG.NORMAL.exp_op[4]_i_2                                                                      | CLB.LUT.LUT2           |
    | grp_node_0_0_Pipeline_l_S_t_1_t_fu_256/hmul_16ns_16ns_16_3_max_dsp_1_U3/node_0_0_hmul_16ns_16ns_16_3_max_dsp_1_ip_u/U0/i_synth/MULT.OP/i_non_prim.OP/RESULT_REG.NORMAL.exp_op_reg[4]                                                                                                     | REGISTER.SDR.FDRE      |
    | grp_node_0_0_Pipeline_l_S_t_1_t_fu_256/hadd_16ns_16ns_16_3_no_dsp_1_U1/din0_buf1_reg[7]_replica                                                                                                                                                                                          | REGISTER.SDR.FDRE      |
    | grp_node_0_0_Pipeline_l_S_t_1_t_fu_256/hmul_16ns_16ns_16_3_max_dsp_1_U3/node_0_0_hmul_16ns_16ns_16_3_max_dsp_1_ip_u/U0/i_synth/MULT.OP/i_non_prim.MULT/MULT_GEN_VARIANT.FIX_MULT/MULT/gDSP.gDSP_only.iDSP/use_prim.appDSP[0].bppDSP[0].use_dsp.use_dsp48e2.iDSP48E2/DSP_A_B_DATA_INST    | ARITHMETIC.DSP.DSP48E2 |
    | grp_node_0_0_Pipeline_l_S_t_1_t_fu_256/hmul_16ns_16ns_16_3_max_dsp_1_U3/node_0_0_hmul_16ns_16ns_16_3_max_dsp_1_ip_u/U0/i_synth/MULT.OP/i_non_prim.MULT/MULT_GEN_VARIANT.FIX_MULT/MULT/gDSP.gDSP_only.iDSP/use_prim.appDSP[0].bppDSP[0].use_dsp.use_dsp48e2.iDSP48E2/DSP_PREADD_DATA_INST | ARITHMETIC.DSP.DSP48E2 |
    | grp_node_0_0_Pipeline_l_S_t_1_t_fu_256/hmul_16ns_16ns_16_3_max_dsp_1_U3/node_0_0_hmul_16ns_16ns_16_3_max_dsp_1_ip_u/U0/i_synth/MULT.OP/i_non_prim.MULT/MULT_GEN_VARIANT.FIX_MULT/MULT/gDSP.gDSP_only.iDSP/use_prim.appDSP[0].bppDSP[0].use_dsp.use_dsp48e2.iDSP48E2/DSP_MULTIPLIER_INST  | ARITHMETIC.DSP.DSP48E2 |
    | grp_node_0_0_Pipeline_l_S_t_1_t_fu_256/hmul_16ns_16ns_16_3_max_dsp_1_U3/node_0_0_hmul_16ns_16ns_16_3_max_dsp_1_ip_u/U0/i_synth/MULT.OP/i_non_prim.MULT/MULT_GEN_VARIANT.FIX_MULT/MULT/gDSP.gDSP_only.iDSP/use_prim.appDSP[0].bppDSP[0].use_dsp.use_dsp48e2.iDSP48E2/DSP_M_DATA_INST      | ARITHMETIC.DSP.DSP48E2 |
    | grp_node_0_0_Pipeline_l_S_t_1_t_fu_256/hmul_16ns_16ns_16_3_max_dsp_1_U3/node_0_0_hmul_16ns_16ns_16_3_max_dsp_1_ip_u/U0/i_synth/MULT.OP/i_non_prim.MULT/MULT_GEN_VARIANT.FIX_MULT/MULT/gDSP.gDSP_only.iDSP/use_prim.appDSP[0].bppDSP[0].use_dsp.use_dsp48e2.iDSP48E2/DSP_ALU_INST         | ARITHMETIC.DSP.DSP48E2 |
    | grp_node_0_0_Pipeline_l_S_t_1_t_fu_256/hmul_16ns_16ns_16_3_max_dsp_1_U3/node_0_0_hmul_16ns_16ns_16_3_max_dsp_1_ip_u/U0/i_synth/MULT.OP/i_non_prim.MULT/MULT_GEN_VARIANT.FIX_MULT/MULT/gDSP.gDSP_only.iDSP/use_prim.appDSP[0].bppDSP[0].use_dsp.use_dsp48e2.iDSP48E2/DSP_OUTPUT_INST      | ARITHMETIC.DSP.DSP48E2 |
    | grp_node_0_0_Pipeline_l_S_t_1_t_fu_256/hmul_16ns_16ns_16_3_max_dsp_1_U3/node_0_0_hmul_16ns_16ns_16_3_max_dsp_1_ip_u/U0/i_synth/MULT.OP/i_non_prim.MULT/MULT_GEN_VARIANT.FIX_MULT/CHAIN_GEN[0].C_MUX.CARRY_MUX_i_1__0                                                                     | CLB.LUT.LUT3           |
    | grp_node_0_0_Pipeline_l_S_t_1_t_fu_256/hmul_16ns_16ns_16_3_max_dsp_1_U3/node_0_0_hmul_16ns_16ns_16_3_max_dsp_1_ip_u/U0/i_synth/MULT.OP/i_non_prim.R_AND_R/LOGIC.R_AND_R/RND_BIT_GEN/NORM_1_OR_0.STRUCT_REQ.GENERAL.RND1/CHAIN_GEN[0].C_MUX.CARRY_MUX_CARRY4_CARRY8                       | CLB.CARRY.CARRY8       |
    | grp_node_0_0_Pipeline_l_S_t_1_t_fu_256/hmul_16ns_16ns_16_3_max_dsp_1_U3/node_0_0_hmul_16ns_16ns_16_3_max_dsp_1_ip_u/U0/i_synth/MULT.OP/i_non_prim.R_AND_R/LOGIC.R_AND_R/DSP48_E1.DSP48E1_ADD.DSP48E1_ADD/i_no_versal_es1_workaround.DSP/DSP_A_B_DATA_INST                                | ARITHMETIC.DSP.DSP48E2 |
    | grp_node_0_0_Pipeline_l_S_t_1_t_fu_256/hmul_16ns_16ns_16_3_max_dsp_1_U3/node_0_0_hmul_16ns_16ns_16_3_max_dsp_1_ip_u/U0/i_synth/MULT.OP/i_non_prim.R_AND_R/LOGIC.R_AND_R/DSP48_E1.DSP48E1_ADD.DSP48E1_ADD/i_no_versal_es1_workaround.DSP/DSP_ALU_INST                                     | ARITHMETIC.DSP.DSP48E2 |
    | grp_node_0_0_Pipeline_l_S_t_1_t_fu_256/hmul_16ns_16ns_16_3_max_dsp_1_U3/node_0_0_hmul_16ns_16ns_16_3_max_dsp_1_ip_u/U0/i_synth/MULT.OP/i_non_prim.R_AND_R/LOGIC.R_AND_R/DSP48_E1.DSP48E1_ADD.DSP48E1_ADD/i_no_versal_es1_workaround.DSP/DSP_OUTPUT_INST                                  | ARITHMETIC.DSP.DSP48E2 |
    | grp_node_0_0_Pipeline_l_S_t_1_t_fu_256/hmul_16ns_16ns_16_3_max_dsp_1_U3/node_0_0_hmul_16ns_16ns_16_3_max_dsp_1_ip_u/U0/i_synth/MULT.OP/i_non_prim.R_AND_R/LOGIC.R_AND_R/EXP_ADD.ADD/CHAIN_GEN[0].C_MUX.CARRY_MUX_CARRY4_CARRY8                                                           | CLB.CARRY.CARRY8       |
    | grp_node_0_0_Pipeline_l_S_t_1_t_fu_256/hmul_16ns_16ns_16_3_max_dsp_1_U3/node_0_0_hmul_16ns_16ns_16_3_max_dsp_1_ip_u/U0/i_synth/MULT.OP/i_non_prim.R_AND_R/LOGIC.R_AND_R/EXP_ADD.ADD/RESULT_REG.NORMAL.exp_op[1]_i_1                                                                      | CLB.LUT.LUT2           |
    | grp_node_0_0_Pipeline_l_S_t_1_t_fu_256/hmul_16ns_16ns_16_3_max_dsp_1_U3/node_0_0_hmul_16ns_16ns_16_3_max_dsp_1_ip_u/U0/i_synth/MULT.OP/i_non_prim.OP/RESULT_REG.NORMAL.exp_op_reg[1]                                                                                                     | REGISTER.SDR.FDRE      |
    | grp_node_0_0_Pipeline_l_S_t_1_t_fu_256/hadd_16ns_16ns_16_3_no_dsp_1_U1/din0_buf1_reg[7]_replica                                                                                                                                                                                          | REGISTER.SDR.FDRE      |
    | grp_node_0_0_Pipeline_l_S_t_1_t_fu_256/hmul_16ns_16ns_16_3_max_dsp_1_U3/node_0_0_hmul_16ns_16ns_16_3_max_dsp_1_ip_u/U0/i_synth/MULT.OP/i_non_prim.MULT/MULT_GEN_VARIANT.FIX_MULT/MULT/gDSP.gDSP_only.iDSP/use_prim.appDSP[0].bppDSP[0].use_dsp.use_dsp48e2.iDSP48E2/DSP_A_B_DATA_INST    | ARITHMETIC.DSP.DSP48E2 |
    | grp_node_0_0_Pipeline_l_S_t_1_t_fu_256/hmul_16ns_16ns_16_3_max_dsp_1_U3/node_0_0_hmul_16ns_16ns_16_3_max_dsp_1_ip_u/U0/i_synth/MULT.OP/i_non_prim.MULT/MULT_GEN_VARIANT.FIX_MULT/MULT/gDSP.gDSP_only.iDSP/use_prim.appDSP[0].bppDSP[0].use_dsp.use_dsp48e2.iDSP48E2/DSP_PREADD_DATA_INST | ARITHMETIC.DSP.DSP48E2 |
    | grp_node_0_0_Pipeline_l_S_t_1_t_fu_256/hmul_16ns_16ns_16_3_max_dsp_1_U3/node_0_0_hmul_16ns_16ns_16_3_max_dsp_1_ip_u/U0/i_synth/MULT.OP/i_non_prim.MULT/MULT_GEN_VARIANT.FIX_MULT/MULT/gDSP.gDSP_only.iDSP/use_prim.appDSP[0].bppDSP[0].use_dsp.use_dsp48e2.iDSP48E2/DSP_MULTIPLIER_INST  | ARITHMETIC.DSP.DSP48E2 |
    | grp_node_0_0_Pipeline_l_S_t_1_t_fu_256/hmul_16ns_16ns_16_3_max_dsp_1_U3/node_0_0_hmul_16ns_16ns_16_3_max_dsp_1_ip_u/U0/i_synth/MULT.OP/i_non_prim.MULT/MULT_GEN_VARIANT.FIX_MULT/MULT/gDSP.gDSP_only.iDSP/use_prim.appDSP[0].bppDSP[0].use_dsp.use_dsp48e2.iDSP48E2/DSP_M_DATA_INST      | ARITHMETIC.DSP.DSP48E2 |
    | grp_node_0_0_Pipeline_l_S_t_1_t_fu_256/hmul_16ns_16ns_16_3_max_dsp_1_U3/node_0_0_hmul_16ns_16ns_16_3_max_dsp_1_ip_u/U0/i_synth/MULT.OP/i_non_prim.MULT/MULT_GEN_VARIANT.FIX_MULT/MULT/gDSP.gDSP_only.iDSP/use_prim.appDSP[0].bppDSP[0].use_dsp.use_dsp48e2.iDSP48E2/DSP_ALU_INST         | ARITHMETIC.DSP.DSP48E2 |
    | grp_node_0_0_Pipeline_l_S_t_1_t_fu_256/hmul_16ns_16ns_16_3_max_dsp_1_U3/node_0_0_hmul_16ns_16ns_16_3_max_dsp_1_ip_u/U0/i_synth/MULT.OP/i_non_prim.MULT/MULT_GEN_VARIANT.FIX_MULT/MULT/gDSP.gDSP_only.iDSP/use_prim.appDSP[0].bppDSP[0].use_dsp.use_dsp48e2.iDSP48E2/DSP_OUTPUT_INST      | ARITHMETIC.DSP.DSP48E2 |
    | grp_node_0_0_Pipeline_l_S_t_1_t_fu_256/hmul_16ns_16ns_16_3_max_dsp_1_U3/node_0_0_hmul_16ns_16ns_16_3_max_dsp_1_ip_u/U0/i_synth/MULT.OP/i_non_prim.MULT/MULT_GEN_VARIANT.FIX_MULT/CHAIN_GEN[0].C_MUX.CARRY_MUX_i_1__0                                                                     | CLB.LUT.LUT3           |
    | grp_node_0_0_Pipeline_l_S_t_1_t_fu_256/hmul_16ns_16ns_16_3_max_dsp_1_U3/node_0_0_hmul_16ns_16ns_16_3_max_dsp_1_ip_u/U0/i_synth/MULT.OP/i_non_prim.R_AND_R/LOGIC.R_AND_R/RND_BIT_GEN/NORM_1_OR_0.STRUCT_REQ.GENERAL.RND1/CHAIN_GEN[0].C_MUX.CARRY_MUX_CARRY4_CARRY8                       | CLB.CARRY.CARRY8       |
    | grp_node_0_0_Pipeline_l_S_t_1_t_fu_256/hmul_16ns_16ns_16_3_max_dsp_1_U3/node_0_0_hmul_16ns_16ns_16_3_max_dsp_1_ip_u/U0/i_synth/MULT.OP/i_non_prim.R_AND_R/LOGIC.R_AND_R/DSP48_E1.DSP48E1_ADD.DSP48E1_ADD/i_no_versal_es1_workaround.DSP/DSP_A_B_DATA_INST                                | ARITHMETIC.DSP.DSP48E2 |
    | grp_node_0_0_Pipeline_l_S_t_1_t_fu_256/hmul_16ns_16ns_16_3_max_dsp_1_U3/node_0_0_hmul_16ns_16ns_16_3_max_dsp_1_ip_u/U0/i_synth/MULT.OP/i_non_prim.R_AND_R/LOGIC.R_AND_R/DSP48_E1.DSP48E1_ADD.DSP48E1_ADD/i_no_versal_es1_workaround.DSP/DSP_ALU_INST                                     | ARITHMETIC.DSP.DSP48E2 |
    | grp_node_0_0_Pipeline_l_S_t_1_t_fu_256/hmul_16ns_16ns_16_3_max_dsp_1_U3/node_0_0_hmul_16ns_16ns_16_3_max_dsp_1_ip_u/U0/i_synth/MULT.OP/i_non_prim.R_AND_R/LOGIC.R_AND_R/DSP48_E1.DSP48E1_ADD.DSP48E1_ADD/i_no_versal_es1_workaround.DSP/DSP_OUTPUT_INST                                  | ARITHMETIC.DSP.DSP48E2 |
    | grp_node_0_0_Pipeline_l_S_t_1_t_fu_256/hmul_16ns_16ns_16_3_max_dsp_1_U3/node_0_0_hmul_16ns_16ns_16_3_max_dsp_1_ip_u/U0/i_synth/MULT.OP/i_non_prim.R_AND_R/LOGIC.R_AND_R/EXP_ADD.ADD/CHAIN_GEN[0].C_MUX.CARRY_MUX_CARRY4_CARRY8                                                           | CLB.CARRY.CARRY8       |
    | grp_node_0_0_Pipeline_l_S_t_1_t_fu_256/hmul_16ns_16ns_16_3_max_dsp_1_U3/node_0_0_hmul_16ns_16ns_16_3_max_dsp_1_ip_u/U0/i_synth/MULT.OP/i_non_prim.R_AND_R/LOGIC.R_AND_R/EXP_ADD.ADD/RESULT_REG.NORMAL.exp_op[2]_i_1                                                                      | CLB.LUT.LUT2           |
    | grp_node_0_0_Pipeline_l_S_t_1_t_fu_256/hmul_16ns_16ns_16_3_max_dsp_1_U3/node_0_0_hmul_16ns_16ns_16_3_max_dsp_1_ip_u/U0/i_synth/MULT.OP/i_non_prim.OP/RESULT_REG.NORMAL.exp_op_reg[2]                                                                                                     | REGISTER.SDR.FDRE      |
    | grp_node_0_0_Pipeline_l_S_t_1_t_fu_256/hadd_16ns_16ns_16_3_no_dsp_1_U1/din0_buf1_reg[7]_replica                                                                                                                                                                                          | REGISTER.SDR.FDRE      |
    | grp_node_0_0_Pipeline_l_S_t_1_t_fu_256/hmul_16ns_16ns_16_3_max_dsp_1_U3/node_0_0_hmul_16ns_16ns_16_3_max_dsp_1_ip_u/U0/i_synth/MULT.OP/i_non_prim.MULT/MULT_GEN_VARIANT.FIX_MULT/MULT/gDSP.gDSP_only.iDSP/use_prim.appDSP[0].bppDSP[0].use_dsp.use_dsp48e2.iDSP48E2/DSP_A_B_DATA_INST    | ARITHMETIC.DSP.DSP48E2 |
    | grp_node_0_0_Pipeline_l_S_t_1_t_fu_256/hmul_16ns_16ns_16_3_max_dsp_1_U3/node_0_0_hmul_16ns_16ns_16_3_max_dsp_1_ip_u/U0/i_synth/MULT.OP/i_non_prim.MULT/MULT_GEN_VARIANT.FIX_MULT/MULT/gDSP.gDSP_only.iDSP/use_prim.appDSP[0].bppDSP[0].use_dsp.use_dsp48e2.iDSP48E2/DSP_PREADD_DATA_INST | ARITHMETIC.DSP.DSP48E2 |
    | grp_node_0_0_Pipeline_l_S_t_1_t_fu_256/hmul_16ns_16ns_16_3_max_dsp_1_U3/node_0_0_hmul_16ns_16ns_16_3_max_dsp_1_ip_u/U0/i_synth/MULT.OP/i_non_prim.MULT/MULT_GEN_VARIANT.FIX_MULT/MULT/gDSP.gDSP_only.iDSP/use_prim.appDSP[0].bppDSP[0].use_dsp.use_dsp48e2.iDSP48E2/DSP_MULTIPLIER_INST  | ARITHMETIC.DSP.DSP48E2 |
    | grp_node_0_0_Pipeline_l_S_t_1_t_fu_256/hmul_16ns_16ns_16_3_max_dsp_1_U3/node_0_0_hmul_16ns_16ns_16_3_max_dsp_1_ip_u/U0/i_synth/MULT.OP/i_non_prim.MULT/MULT_GEN_VARIANT.FIX_MULT/MULT/gDSP.gDSP_only.iDSP/use_prim.appDSP[0].bppDSP[0].use_dsp.use_dsp48e2.iDSP48E2/DSP_M_DATA_INST      | ARITHMETIC.DSP.DSP48E2 |
    | grp_node_0_0_Pipeline_l_S_t_1_t_fu_256/hmul_16ns_16ns_16_3_max_dsp_1_U3/node_0_0_hmul_16ns_16ns_16_3_max_dsp_1_ip_u/U0/i_synth/MULT.OP/i_non_prim.MULT/MULT_GEN_VARIANT.FIX_MULT/MULT/gDSP.gDSP_only.iDSP/use_prim.appDSP[0].bppDSP[0].use_dsp.use_dsp48e2.iDSP48E2/DSP_ALU_INST         | ARITHMETIC.DSP.DSP48E2 |
    | grp_node_0_0_Pipeline_l_S_t_1_t_fu_256/hmul_16ns_16ns_16_3_max_dsp_1_U3/node_0_0_hmul_16ns_16ns_16_3_max_dsp_1_ip_u/U0/i_synth/MULT.OP/i_non_prim.MULT/MULT_GEN_VARIANT.FIX_MULT/MULT/gDSP.gDSP_only.iDSP/use_prim.appDSP[0].bppDSP[0].use_dsp.use_dsp48e2.iDSP48E2/DSP_OUTPUT_INST      | ARITHMETIC.DSP.DSP48E2 |
    | grp_node_0_0_Pipeline_l_S_t_1_t_fu_256/hmul_16ns_16ns_16_3_max_dsp_1_U3/node_0_0_hmul_16ns_16ns_16_3_max_dsp_1_ip_u/U0/i_synth/MULT.OP/i_non_prim.MULT/MULT_GEN_VARIANT.FIX_MULT/CHAIN_GEN[0].C_MUX.CARRY_MUX_i_1__0                                                                     | CLB.LUT.LUT3           |
    | grp_node_0_0_Pipeline_l_S_t_1_t_fu_256/hmul_16ns_16ns_16_3_max_dsp_1_U3/node_0_0_hmul_16ns_16ns_16_3_max_dsp_1_ip_u/U0/i_synth/MULT.OP/i_non_prim.R_AND_R/LOGIC.R_AND_R/RND_BIT_GEN/NORM_1_OR_0.STRUCT_REQ.GENERAL.RND1/CHAIN_GEN[0].C_MUX.CARRY_MUX_CARRY4_CARRY8                       | CLB.CARRY.CARRY8       |
    | grp_node_0_0_Pipeline_l_S_t_1_t_fu_256/hmul_16ns_16ns_16_3_max_dsp_1_U3/node_0_0_hmul_16ns_16ns_16_3_max_dsp_1_ip_u/U0/i_synth/MULT.OP/i_non_prim.R_AND_R/LOGIC.R_AND_R/DSP48_E1.DSP48E1_ADD.DSP48E1_ADD/i_no_versal_es1_workaround.DSP/DSP_A_B_DATA_INST                                | ARITHMETIC.DSP.DSP48E2 |
    | grp_node_0_0_Pipeline_l_S_t_1_t_fu_256/hmul_16ns_16ns_16_3_max_dsp_1_U3/node_0_0_hmul_16ns_16ns_16_3_max_dsp_1_ip_u/U0/i_synth/MULT.OP/i_non_prim.R_AND_R/LOGIC.R_AND_R/DSP48_E1.DSP48E1_ADD.DSP48E1_ADD/i_no_versal_es1_workaround.DSP/DSP_ALU_INST                                     | ARITHMETIC.DSP.DSP48E2 |
    | grp_node_0_0_Pipeline_l_S_t_1_t_fu_256/hmul_16ns_16ns_16_3_max_dsp_1_U3/node_0_0_hmul_16ns_16ns_16_3_max_dsp_1_ip_u/U0/i_synth/MULT.OP/i_non_prim.R_AND_R/LOGIC.R_AND_R/DSP48_E1.DSP48E1_ADD.DSP48E1_ADD/i_no_versal_es1_workaround.DSP/DSP_OUTPUT_INST                                  | ARITHMETIC.DSP.DSP48E2 |
    | grp_node_0_0_Pipeline_l_S_t_1_t_fu_256/hmul_16ns_16ns_16_3_max_dsp_1_U3/node_0_0_hmul_16ns_16ns_16_3_max_dsp_1_ip_u/U0/i_synth/MULT.OP/i_non_prim.R_AND_R/LOGIC.R_AND_R/EXP_ADD.ADD/CHAIN_GEN[0].C_MUX.CARRY_MUX_CARRY4_CARRY8                                                           | CLB.CARRY.CARRY8       |
    | grp_node_0_0_Pipeline_l_S_t_1_t_fu_256/hmul_16ns_16ns_16_3_max_dsp_1_U3/node_0_0_hmul_16ns_16ns_16_3_max_dsp_1_ip_u/U0/i_synth/MULT.OP/i_non_prim.EXP/EXP_ADD.C_CHAIN/RESULT_REG.NORMAL.exp_op[0]_i_1                                                                                    | CLB.LUT.LUT6           |
    | grp_node_0_0_Pipeline_l_S_t_1_t_fu_256/hmul_16ns_16ns_16_3_max_dsp_1_U3/node_0_0_hmul_16ns_16ns_16_3_max_dsp_1_ip_u/U0/i_synth/MULT.OP/i_non_prim.OP/RESULT_REG.NORMAL.exp_op_reg[0]                                                                                                     | REGISTER.SDR.FDRE      |
    | grp_node_0_0_Pipeline_l_S_t_1_t_fu_256/hadd_16ns_16ns_16_3_no_dsp_1_U1/din1_buf1_reg[9]_replica                                                                                                                                                                                          | REGISTER.SDR.FDRE      |
    | grp_node_0_0_Pipeline_l_S_t_1_t_fu_256/hadd_16ns_16ns_16_3_no_dsp_1_U1/node_0_0_hadd_16ns_16ns_16_3_no_dsp_1_ip_u/U0/i_synth/ADDSUB_OP.ADDSUB/LOGIC_SPEED.OP/EXP/NUMB_CMP/NOT_FAST.CMP/C_CHAIN/CHAIN_GEN[4].C_MUX.CARRY_MUX_i_1__3                                                       | CLB.LUT.LUT4           |
    | grp_node_0_0_Pipeline_l_S_t_1_t_fu_256/hadd_16ns_16ns_16_3_no_dsp_1_U1/node_0_0_hadd_16ns_16ns_16_3_no_dsp_1_ip_u/U0/i_synth/ADDSUB_OP.ADDSUB/LOGIC_SPEED.OP/EXP/NUMB_CMP/NOT_FAST.CMP/C_CHAIN/CHAIN_GEN[0].C_MUX.CARRY_MUX_CARRY4_CARRY8                                                | CLB.CARRY.CARRY8       |
    | grp_node_0_0_Pipeline_l_S_t_1_t_fu_256/hadd_16ns_16ns_16_3_no_dsp_1_U1/node_0_0_hadd_16ns_16ns_16_3_no_dsp_1_ip_u/U0/i_synth/ADDSUB_OP.ADDSUB/LOGIC_SPEED.OP/EXP/NUMB_CMP/NOT_FAST.CMP/C_CHAIN/CHAIN_GEN[1].C_MUX.CARRY_MUX_i_2__3                                                       | CLB.LUT.LUT6           |
    | grp_node_0_0_Pipeline_l_S_t_1_t_fu_256/hadd_16ns_16ns_16_3_no_dsp_1_U1/node_0_0_hadd_16ns_16ns_16_3_no_dsp_1_ip_u/U0/i_synth/ADDSUB_OP.ADDSUB/LOGIC_SPEED.OP/EXP/NUMB_CMP/NOT_FAST.CMP/C_CHAIN/CHAIN_GEN[1].C_MUX.CARRY_MUX_i_1__5                                                       | CLB.LUT.LUT4           |
    | grp_node_0_0_Pipeline_l_S_t_1_t_fu_256/hadd_16ns_16ns_16_3_no_dsp_1_U1/node_0_0_hadd_16ns_16ns_16_3_no_dsp_1_ip_u/U0/i_synth/ADDSUB_OP.ADDSUB/LOGIC_SPEED.OP/ALIGN_BLK/ALIGN_SHIFT/ALIGN_Z_D/EQ_ZERO/CARRY_ZERO_DET/CHAIN_GEN[0].C_MUX.CARRY_MUX_CARRY4_CARRY8                           | CLB.CARRY.CARRY8       |
    | grp_node_0_0_Pipeline_l_S_t_1_t_fu_256/hadd_16ns_16ns_16_3_no_dsp_1_U1/node_0_0_hadd_16ns_16ns_16_3_no_dsp_1_ip_u/U0/i_synth/ADDSUB_OP.ADDSUB/LOGIC_SPEED.OP/EXP/NUMB_CMP/NOT_FAST.CMP/C_CHAIN/STRUCT_ADD1.CARRY_MUX2_i_7                                                                | CLB.LUT.LUT5           |
    | grp_node_0_0_Pipeline_l_S_t_1_t_fu_256/hadd_16ns_16ns_16_3_no_dsp_1_U1/node_0_0_hadd_16ns_16ns_16_3_no_dsp_1_ip_u/U0/i_synth/ADDSUB_OP.ADDSUB/LOGIC_SPEED.OP/EXP/NUMB_CMP/NOT_FAST.CMP/C_CHAIN/STRUCT_ADD1.CARRY_MUX2_i_2                                                                | CLB.LUT.LUT6           |
    | grp_node_0_0_Pipeline_l_S_t_1_t_fu_256/hadd_16ns_16ns_16_3_no_dsp_1_U1/node_0_0_hadd_16ns_16ns_16_3_no_dsp_1_ip_u/U0/i_synth/ADDSUB_OP.ADDSUB/LOGIC_SPEED.OP/EXP/NUMB_CMP/NOT_FAST.CMP/C_CHAIN/STRUCT_ADD1.CARRY_MUX2_i_1                                                                | CLB.LUT.LUT6           |
    | grp_node_0_0_Pipeline_l_S_t_1_t_fu_256/hadd_16ns_16ns_16_3_no_dsp_1_U1/node_0_0_hadd_16ns_16ns_16_3_no_dsp_1_ip_u/U0/i_synth/ADDSUB_OP.ADDSUB/LOGIC_SPEED.OP/ALIGN_BLK/FRAC_ADDSUB/LOGIC_ADD.FRAC_ADDSUB/STRUCT_ADD1.CARRY_MUX1_CARRY4_CARRY8                                            | CLB.CARRY.CARRY8       |
    | grp_node_0_0_Pipeline_l_S_t_1_t_fu_256/hadd_16ns_16ns_16_3_no_dsp_1_U1/node_0_0_hadd_16ns_16ns_16_3_no_dsp_1_ip_u/U0/i_synth/ADDSUB_OP.ADDSUB/LOGIC_SPEED.OP/ALIGN_BLK/FRAC_ADDSUB/LOGIC_ADD.FRAC_ADDSUB/STRUCT_ADD2.ADD1/CHAIN_GEN[0].C_MUX.CARRY_MUX_CARRY4_CARRY8                     | CLB.CARRY.CARRY8       |
    | grp_node_0_0_Pipeline_l_S_t_1_t_fu_256/hadd_16ns_16ns_16_3_no_dsp_1_U1/node_0_0_hadd_16ns_16ns_16_3_no_dsp_1_ip_u/U0/i_synth/ADDSUB_OP.ADDSUB/LOGIC_SPEED.OP/ALIGN_BLK/FRAC_ADDSUB/LOGIC_ADD.FRAC_ADDSUB/STRUCT_ADD2.ADD1/CHAIN_GEN[0].C_MUX.CARRY_MUX_i_1__2                            | CLB.LUT.LUT4           |
    | grp_node_0_0_Pipeline_l_S_t_1_t_fu_256/hadd_16ns_16ns_16_3_no_dsp_1_U1/node_0_0_hadd_16ns_16ns_16_3_no_dsp_1_ip_u/U0/i_synth/ADDSUB_OP.ADDSUB/LOGIC_SPEED.OP/NORM/LZE/ZERO_DET_CC_1/CHAIN_GEN[0].C_MUX.CARRY_MUX_CARRY4_CARRY8                                                           | CLB.CARRY.CARRY8       |
    | grp_node_0_0_Pipeline_l_S_t_1_t_fu_256/hadd_16ns_16ns_16_3_no_dsp_1_U1/node_0_0_hadd_16ns_16ns_16_3_no_dsp_1_ip_u/U0/i_synth/ADDSUB_OP.ADDSUB/LOGIC_SPEED.OP/ALIGN_BLK/FRAC_ADDSUB/LOGIC_ADD.FRAC_ADDSUB/STRUCT_ADD2.ADD1/RESULT_REG.NORMAL.exp_op[2]_i_7                                | CLB.LUT.LUT5           |
    | grp_node_0_0_Pipeline_l_S_t_1_t_fu_256/hadd_16ns_16ns_16_3_no_dsp_1_U1/node_0_0_hadd_16ns_16ns_16_3_no_dsp_1_ip_u/U0/i_synth/ADDSUB_OP.ADDSUB/LOGIC_SPEED.OP/ALIGN_BLK/FRAC_ADDSUB/LOGIC_ADD.FRAC_ADDSUB/STRUCT_ADD1.ADD1/RESULT_REG.NORMAL.exp_op[1]_i_3                                | CLB.LUT.LUT5           |
    | grp_node_0_0_Pipeline_l_S_t_1_t_fu_256/hadd_16ns_16ns_16_3_no_dsp_1_U1/node_0_0_hadd_16ns_16ns_16_3_no_dsp_1_ip_u/U0/i_synth/ADDSUB_OP.ADDSUB/LOGIC_SPEED.OP/ALIGN_BLK/FRAC_ADDSUB/LOGIC_ADD.FRAC_ADDSUB/STRUCT_ADD1.ADD1/CHAIN_GEN[0].C_MUX.CARRY_MUX_i_6__0                            | CLB.LUT.LUT5           |
    | grp_node_0_0_Pipeline_l_S_t_1_t_fu_256/hadd_16ns_16ns_16_3_no_dsp_1_U1/node_0_0_hadd_16ns_16ns_16_3_no_dsp_1_ip_u/U0/i_synth/ADDSUB_OP.ADDSUB/LOGIC_SPEED.OP/ALIGN_BLK/FRAC_ADDSUB/LOGIC_ADD.FRAC_ADDSUB/STRUCT_ADD1.ADD1/CHAIN_GEN[0].C_MUX.CARRY_MUX_i_3__0                            | CLB.LUT.LUT6           |
    | grp_node_0_0_Pipeline_l_S_t_1_t_fu_256/hadd_16ns_16ns_16_3_no_dsp_1_U1/node_0_0_hadd_16ns_16ns_16_3_no_dsp_1_ip_u/U0/i_synth/ADDSUB_OP.ADDSUB/LOGIC_SPEED.OP/ALIGN_BLK/FRAC_ADDSUB/LOGIC_ADD.FRAC_ADDSUB/STRUCT_ADD1.ADD1/CHAIN_GEN[0].C_MUX.CARRY_MUX_i_1__10                           | CLB.LUT.LUT5           |
    | grp_node_0_0_Pipeline_l_S_t_1_t_fu_256/hadd_16ns_16ns_16_3_no_dsp_1_U1/node_0_0_hadd_16ns_16ns_16_3_no_dsp_1_ip_u/U0/i_synth/ADDSUB_OP.ADDSUB/LOGIC_SPEED.OP/NORM/ROUND/RND_BIT_GEN/NORM_2.RND_CHAIN/CHAIN_GEN[0].C_MUX.CARRY_MUX_CARRY4_CARRY8                                          | CLB.CARRY.CARRY8       |
    | grp_node_0_0_Pipeline_l_S_t_1_t_fu_256/hadd_16ns_16ns_16_3_no_dsp_1_U1/node_0_0_hadd_16ns_16ns_16_3_no_dsp_1_ip_u/U0/i_synth/ADDSUB_OP.ADDSUB/LOGIC_SPEED.OP/NORM/ROUND/LOGIC.RND1/CHAIN_GEN[2].C_MUX.CARRY_MUX_CARRY4_CARRY8                                                            | CLB.CARRY.CARRY8       |
    | grp_node_0_0_Pipeline_l_S_t_1_t_fu_256/hadd_16ns_16ns_16_3_no_dsp_1_U1/node_0_0_hadd_16ns_16ns_16_3_no_dsp_1_ip_u/U0/i_synth/ADDSUB_OP.ADDSUB/LOGIC_SPEED.OP/NORM/ROUND/LOGIC.RND2/CHAIN_GEN[5].Q_XOR.SUM_XOR_CARRY4_CARRY8                                                              | CLB.CARRY.CARRY8       |
    | grp_node_0_0_Pipeline_l_S_t_1_t_fu_256/hadd_16ns_16ns_16_3_no_dsp_1_U1/node_0_0_hadd_16ns_16ns_16_3_no_dsp_1_ip_u/U0/i_synth/ADDSUB_OP.ADDSUB/LOGIC_SPEED.OP/NORM/LZE/ZERO_DET_CC_1/RESULT_REG.NORMAL.exp_op[4]_i_3                                                                      | CLB.LUT.LUT6           |
    | grp_node_0_0_Pipeline_l_S_t_1_t_fu_256/hadd_16ns_16ns_16_3_no_dsp_1_U1/node_0_0_hadd_16ns_16ns_16_3_no_dsp_1_ip_u/U0/i_synth/ADDSUB_OP.ADDSUB/LOGIC_SPEED.OP/NORM/LZE/ZERO_DET_CC_1/RESULT_REG.NORMAL.exp_op[4]_i_1                                                                      | CLB.LUT.LUT6           |
    | grp_node_0_0_Pipeline_l_S_t_1_t_fu_256/hadd_16ns_16ns_16_3_no_dsp_1_U1/node_0_0_hadd_16ns_16ns_16_3_no_dsp_1_ip_u/U0/i_synth/ADDSUB_OP.ADDSUB/LOGIC_SPEED.OP/OP/RESULT_REG.NORMAL.exp_op_reg[4]                                                                                          | REGISTER.SDR.FDRE      |
    | grp_node_0_0_Pipeline_l_S_t_1_t_fu_256/hadd_16ns_16ns_16_3_no_dsp_1_U1/din1_buf1_reg[9]_replica                                                                                                                                                                                          | REGISTER.SDR.FDRE      |
    | grp_node_0_0_Pipeline_l_S_t_1_t_fu_256/hadd_16ns_16ns_16_3_no_dsp_1_U1/node_0_0_hadd_16ns_16ns_16_3_no_dsp_1_ip_u/U0/i_synth/ADDSUB_OP.ADDSUB/LOGIC_SPEED.OP/EXP/NUMB_CMP/NOT_FAST.CMP/C_CHAIN/CHAIN_GEN[4].C_MUX.CARRY_MUX_i_1__3                                                       | CLB.LUT.LUT4           |
    | grp_node_0_0_Pipeline_l_S_t_1_t_fu_256/hadd_16ns_16ns_16_3_no_dsp_1_U1/node_0_0_hadd_16ns_16ns_16_3_no_dsp_1_ip_u/U0/i_synth/ADDSUB_OP.ADDSUB/LOGIC_SPEED.OP/EXP/NUMB_CMP/NOT_FAST.CMP/C_CHAIN/CHAIN_GEN[0].C_MUX.CARRY_MUX_CARRY4_CARRY8                                                | CLB.CARRY.CARRY8       |
    | grp_node_0_0_Pipeline_l_S_t_1_t_fu_256/hadd_16ns_16ns_16_3_no_dsp_1_U1/node_0_0_hadd_16ns_16ns_16_3_no_dsp_1_ip_u/U0/i_synth/ADDSUB_OP.ADDSUB/LOGIC_SPEED.OP/EXP/NUMB_CMP/NOT_FAST.CMP/C_CHAIN/CHAIN_GEN[1].C_MUX.CARRY_MUX_i_2__3                                                       | CLB.LUT.LUT6           |
    | grp_node_0_0_Pipeline_l_S_t_1_t_fu_256/hadd_16ns_16ns_16_3_no_dsp_1_U1/node_0_0_hadd_16ns_16ns_16_3_no_dsp_1_ip_u/U0/i_synth/ADDSUB_OP.ADDSUB/LOGIC_SPEED.OP/EXP/NUMB_CMP/NOT_FAST.CMP/C_CHAIN/CHAIN_GEN[1].C_MUX.CARRY_MUX_i_1__5                                                       | CLB.LUT.LUT4           |
    | grp_node_0_0_Pipeline_l_S_t_1_t_fu_256/hadd_16ns_16ns_16_3_no_dsp_1_U1/node_0_0_hadd_16ns_16ns_16_3_no_dsp_1_ip_u/U0/i_synth/ADDSUB_OP.ADDSUB/LOGIC_SPEED.OP/ALIGN_BLK/ALIGN_SHIFT/ALIGN_Z_D/EQ_ZERO/CARRY_ZERO_DET/CHAIN_GEN[0].C_MUX.CARRY_MUX_CARRY4_CARRY8                           | CLB.CARRY.CARRY8       |
    | grp_node_0_0_Pipeline_l_S_t_1_t_fu_256/hadd_16ns_16ns_16_3_no_dsp_1_U1/node_0_0_hadd_16ns_16ns_16_3_no_dsp_1_ip_u/U0/i_synth/ADDSUB_OP.ADDSUB/LOGIC_SPEED.OP/EXP/NUMB_CMP/NOT_FAST.CMP/C_CHAIN/STRUCT_ADD1.CARRY_MUX2_i_7                                                                | CLB.LUT.LUT5           |
    | grp_node_0_0_Pipeline_l_S_t_1_t_fu_256/hadd_16ns_16ns_16_3_no_dsp_1_U1/node_0_0_hadd_16ns_16ns_16_3_no_dsp_1_ip_u/U0/i_synth/ADDSUB_OP.ADDSUB/LOGIC_SPEED.OP/EXP/NUMB_CMP/NOT_FAST.CMP/C_CHAIN/STRUCT_ADD1.CARRY_MUX2_i_2                                                                | CLB.LUT.LUT6           |
    | grp_node_0_0_Pipeline_l_S_t_1_t_fu_256/hadd_16ns_16ns_16_3_no_dsp_1_U1/node_0_0_hadd_16ns_16ns_16_3_no_dsp_1_ip_u/U0/i_synth/ADDSUB_OP.ADDSUB/LOGIC_SPEED.OP/EXP/NUMB_CMP/NOT_FAST.CMP/C_CHAIN/STRUCT_ADD1.CARRY_MUX2_i_1                                                                | CLB.LUT.LUT6           |
    | grp_node_0_0_Pipeline_l_S_t_1_t_fu_256/hadd_16ns_16ns_16_3_no_dsp_1_U1/node_0_0_hadd_16ns_16ns_16_3_no_dsp_1_ip_u/U0/i_synth/ADDSUB_OP.ADDSUB/LOGIC_SPEED.OP/ALIGN_BLK/FRAC_ADDSUB/LOGIC_ADD.FRAC_ADDSUB/STRUCT_ADD1.CARRY_MUX1_CARRY4_CARRY8                                            | CLB.CARRY.CARRY8       |
    | grp_node_0_0_Pipeline_l_S_t_1_t_fu_256/hadd_16ns_16ns_16_3_no_dsp_1_U1/node_0_0_hadd_16ns_16ns_16_3_no_dsp_1_ip_u/U0/i_synth/ADDSUB_OP.ADDSUB/LOGIC_SPEED.OP/ALIGN_BLK/FRAC_ADDSUB/LOGIC_ADD.FRAC_ADDSUB/STRUCT_ADD2.ADD1/CHAIN_GEN[0].C_MUX.CARRY_MUX_CARRY4_CARRY8                     | CLB.CARRY.CARRY8       |
    | grp_node_0_0_Pipeline_l_S_t_1_t_fu_256/hadd_16ns_16ns_16_3_no_dsp_1_U1/node_0_0_hadd_16ns_16ns_16_3_no_dsp_1_ip_u/U0/i_synth/ADDSUB_OP.ADDSUB/LOGIC_SPEED.OP/ALIGN_BLK/FRAC_ADDSUB/LOGIC_ADD.FRAC_ADDSUB/STRUCT_ADD2.ADD1/CHAIN_GEN[0].C_MUX.CARRY_MUX_i_1__2                            | CLB.LUT.LUT4           |
    | grp_node_0_0_Pipeline_l_S_t_1_t_fu_256/hadd_16ns_16ns_16_3_no_dsp_1_U1/node_0_0_hadd_16ns_16ns_16_3_no_dsp_1_ip_u/U0/i_synth/ADDSUB_OP.ADDSUB/LOGIC_SPEED.OP/NORM/LZE/ZERO_DET_CC_1/CHAIN_GEN[0].C_MUX.CARRY_MUX_CARRY4_CARRY8                                                           | CLB.CARRY.CARRY8       |
    | grp_node_0_0_Pipeline_l_S_t_1_t_fu_256/hadd_16ns_16ns_16_3_no_dsp_1_U1/node_0_0_hadd_16ns_16ns_16_3_no_dsp_1_ip_u/U0/i_synth/ADDSUB_OP.ADDSUB/LOGIC_SPEED.OP/ALIGN_BLK/FRAC_ADDSUB/LOGIC_ADD.FRAC_ADDSUB/STRUCT_ADD2.ADD1/RESULT_REG.NORMAL.exp_op[2]_i_7                                | CLB.LUT.LUT5           |
    | grp_node_0_0_Pipeline_l_S_t_1_t_fu_256/hadd_16ns_16ns_16_3_no_dsp_1_U1/node_0_0_hadd_16ns_16ns_16_3_no_dsp_1_ip_u/U0/i_synth/ADDSUB_OP.ADDSUB/LOGIC_SPEED.OP/ALIGN_BLK/FRAC_ADDSUB/LOGIC_ADD.FRAC_ADDSUB/STRUCT_ADD1.ADD1/RESULT_REG.NORMAL.exp_op[1]_i_3                                | CLB.LUT.LUT5           |
    | grp_node_0_0_Pipeline_l_S_t_1_t_fu_256/hadd_16ns_16ns_16_3_no_dsp_1_U1/node_0_0_hadd_16ns_16ns_16_3_no_dsp_1_ip_u/U0/i_synth/ADDSUB_OP.ADDSUB/LOGIC_SPEED.OP/ALIGN_BLK/FRAC_ADDSUB/LOGIC_ADD.FRAC_ADDSUB/STRUCT_ADD1.ADD1/CHAIN_GEN[0].C_MUX.CARRY_MUX_i_6__0                            | CLB.LUT.LUT5           |
    | grp_node_0_0_Pipeline_l_S_t_1_t_fu_256/hadd_16ns_16ns_16_3_no_dsp_1_U1/node_0_0_hadd_16ns_16ns_16_3_no_dsp_1_ip_u/U0/i_synth/ADDSUB_OP.ADDSUB/LOGIC_SPEED.OP/ALIGN_BLK/FRAC_ADDSUB/LOGIC_ADD.FRAC_ADDSUB/STRUCT_ADD1.ADD1/CHAIN_GEN[0].C_MUX.CARRY_MUX_i_3__0                            | CLB.LUT.LUT6           |
    | grp_node_0_0_Pipeline_l_S_t_1_t_fu_256/hadd_16ns_16ns_16_3_no_dsp_1_U1/node_0_0_hadd_16ns_16ns_16_3_no_dsp_1_ip_u/U0/i_synth/ADDSUB_OP.ADDSUB/LOGIC_SPEED.OP/ALIGN_BLK/FRAC_ADDSUB/LOGIC_ADD.FRAC_ADDSUB/STRUCT_ADD1.ADD1/CHAIN_GEN[0].C_MUX.CARRY_MUX_i_1__10                           | CLB.LUT.LUT5           |
    | grp_node_0_0_Pipeline_l_S_t_1_t_fu_256/hadd_16ns_16ns_16_3_no_dsp_1_U1/node_0_0_hadd_16ns_16ns_16_3_no_dsp_1_ip_u/U0/i_synth/ADDSUB_OP.ADDSUB/LOGIC_SPEED.OP/NORM/ROUND/RND_BIT_GEN/NORM_2.RND_CHAIN/CHAIN_GEN[0].C_MUX.CARRY_MUX_CARRY4_CARRY8                                          | CLB.CARRY.CARRY8       |
    | grp_node_0_0_Pipeline_l_S_t_1_t_fu_256/hadd_16ns_16ns_16_3_no_dsp_1_U1/node_0_0_hadd_16ns_16ns_16_3_no_dsp_1_ip_u/U0/i_synth/ADDSUB_OP.ADDSUB/LOGIC_SPEED.OP/NORM/ROUND/LOGIC.RND1/CHAIN_GEN[2].C_MUX.CARRY_MUX_CARRY4_CARRY8                                                            | CLB.CARRY.CARRY8       |
    | grp_node_0_0_Pipeline_l_S_t_1_t_fu_256/hadd_16ns_16ns_16_3_no_dsp_1_U1/node_0_0_hadd_16ns_16ns_16_3_no_dsp_1_ip_u/U0/i_synth/ADDSUB_OP.ADDSUB/LOGIC_SPEED.OP/NORM/ROUND/LOGIC.RND2/CHAIN_GEN[5].Q_XOR.SUM_XOR_CARRY4_CARRY8                                                              | CLB.CARRY.CARRY8       |
    | grp_node_0_0_Pipeline_l_S_t_1_t_fu_256/hadd_16ns_16ns_16_3_no_dsp_1_U1/node_0_0_hadd_16ns_16ns_16_3_no_dsp_1_ip_u/U0/i_synth/ADDSUB_OP.ADDSUB/LOGIC_SPEED.OP/NORM/LZE/ZERO_DET_CC_1/RESULT_REG.NORMAL.exp_op[4]_i_3                                                                      | CLB.LUT.LUT6           |
    | grp_node_0_0_Pipeline_l_S_t_1_t_fu_256/hadd_16ns_16ns_16_3_no_dsp_1_U1/node_0_0_hadd_16ns_16ns_16_3_no_dsp_1_ip_u/U0/i_synth/ADDSUB_OP.ADDSUB/LOGIC_SPEED.OP/NORM/LZE/ZERO_DET_CC_1/RESULT_REG.NORMAL.exp_op[3]_i_1                                                                      | CLB.LUT.LUT6           |
    | grp_node_0_0_Pipeline_l_S_t_1_t_fu_256/hadd_16ns_16ns_16_3_no_dsp_1_U1/node_0_0_hadd_16ns_16ns_16_3_no_dsp_1_ip_u/U0/i_synth/ADDSUB_OP.ADDSUB/LOGIC_SPEED.OP/OP/RESULT_REG.NORMAL.exp_op_reg[3]                                                                                          | REGISTER.SDR.FDRE      |
    | grp_node_0_0_Pipeline_l_S_t_1_t_fu_256/hadd_16ns_16ns_16_3_no_dsp_1_U1/din0_buf1_reg[8]                                                                                                                                                                                                  | REGISTER.SDR.FDRE      |
    | grp_node_0_0_Pipeline_l_S_t_1_t_fu_256/hsub_16ns_16ns_16_3_no_dsp_1_U2/node_0_0_hsub_16ns_16ns_16_3_no_dsp_1_ip_u/U0/i_synth/ADDSUB_OP.ADDSUB/LOGIC_SPEED.OP/EXP/NUMB_CMP/NOT_FAST.CMP/C_CHAIN/CHAIN_GEN[4].C_MUX.CARRY_MUX_i_1__3                                                       | CLB.LUT.LUT4           |
    | grp_node_0_0_Pipeline_l_S_t_1_t_fu_256/hsub_16ns_16ns_16_3_no_dsp_1_U2/node_0_0_hsub_16ns_16ns_16_3_no_dsp_1_ip_u/U0/i_synth/ADDSUB_OP.ADDSUB/LOGIC_SPEED.OP/EXP/NUMB_CMP/NOT_FAST.CMP/C_CHAIN/CHAIN_GEN[0].C_MUX.CARRY_MUX_CARRY4_CARRY8                                                | CLB.CARRY.CARRY8       |
    | grp_node_0_0_Pipeline_l_S_t_1_t_fu_256/hsub_16ns_16ns_16_3_no_dsp_1_U2/node_0_0_hsub_16ns_16ns_16_3_no_dsp_1_ip_u/U0/i_synth/ADDSUB_OP.ADDSUB/LOGIC_SPEED.OP/EXP/NUMB_CMP/NOT_FAST.CMP/C_CHAIN/CHAIN_GEN[1].C_MUX.CARRY_MUX_i_3__1                                                       | CLB.LUT.LUT6           |
    | grp_node_0_0_Pipeline_l_S_t_1_t_fu_256/hsub_16ns_16ns_16_3_no_dsp_1_U2/node_0_0_hsub_16ns_16ns_16_3_no_dsp_1_ip_u/U0/i_synth/ADDSUB_OP.ADDSUB/LOGIC_SPEED.OP/EXP/NUMB_CMP/NOT_FAST.CMP/C_CHAIN/CHAIN_GEN[1].C_MUX.CARRY_MUX_i_1__1                                                       | CLB.LUT.LUT4           |
    | grp_node_0_0_Pipeline_l_S_t_1_t_fu_256/hsub_16ns_16ns_16_3_no_dsp_1_U2/node_0_0_hsub_16ns_16ns_16_3_no_dsp_1_ip_u/U0/i_synth/ADDSUB_OP.ADDSUB/LOGIC_SPEED.OP/ALIGN_BLK/ALIGN_SHIFT/ALIGN_Z_D/EQ_ZERO/CARRY_ZERO_DET/CHAIN_GEN[0].C_MUX.CARRY_MUX_CARRY4_CARRY8                           | CLB.CARRY.CARRY8       |
    | grp_node_0_0_Pipeline_l_S_t_1_t_fu_256/hsub_16ns_16ns_16_3_no_dsp_1_U2/node_0_0_hsub_16ns_16ns_16_3_no_dsp_1_ip_u/U0/i_synth/ADDSUB_OP.ADDSUB/LOGIC_SPEED.OP/EXP/NUMB_CMP/NOT_FAST.CMP/C_CHAIN/STRUCT_ADD1.CARRY_MUX2_i_2                                                                | CLB.LUT.LUT5           |
    | grp_node_0_0_Pipeline_l_S_t_1_t_fu_256/hsub_16ns_16ns_16_3_no_dsp_1_U2/node_0_0_hsub_16ns_16ns_16_3_no_dsp_1_ip_u/U0/i_synth/ADDSUB_OP.ADDSUB/LOGIC_SPEED.OP/EXP/NUMB_CMP/NOT_FAST.CMP/C_CHAIN/STRUCT_ADD1.CARRY_MUX2_i_1                                                                | CLB.LUT.LUT6           |
    | grp_node_0_0_Pipeline_l_S_t_1_t_fu_256/hsub_16ns_16ns_16_3_no_dsp_1_U2/node_0_0_hsub_16ns_16ns_16_3_no_dsp_1_ip_u/U0/i_synth/ADDSUB_OP.ADDSUB/LOGIC_SPEED.OP/ALIGN_BLK/FRAC_ADDSUB/LOGIC_ADD.FRAC_ADDSUB/STRUCT_ADD1.CARRY_MUX1_CARRY4_CARRY8                                            | CLB.CARRY.CARRY8       |
    | grp_node_0_0_Pipeline_l_S_t_1_t_fu_256/hsub_16ns_16ns_16_3_no_dsp_1_U2/node_0_0_hsub_16ns_16ns_16_3_no_dsp_1_ip_u/U0/i_synth/ADDSUB_OP.ADDSUB/LOGIC_SPEED.OP/ALIGN_BLK/FRAC_ADDSUB/LOGIC_ADD.FRAC_ADDSUB/STRUCT_ADD2.ADD1/CHAIN_GEN[0].C_MUX.CARRY_MUX_CARRY4_CARRY8                     | CLB.CARRY.CARRY8       |
    | grp_node_0_0_Pipeline_l_S_t_1_t_fu_256/hsub_16ns_16ns_16_3_no_dsp_1_U2/node_0_0_hsub_16ns_16ns_16_3_no_dsp_1_ip_u/U0/i_synth/ADDSUB_OP.ADDSUB/LOGIC_SPEED.OP/ALIGN_BLK/FRAC_ADDSUB/LOGIC_ADD.FRAC_ADDSUB/STRUCT_ADD2.ADD1/CHAIN_GEN[1].C_MUX.CARRY_MUX_i_1__4                            | CLB.LUT.LUT4           |
    | grp_node_0_0_Pipeline_l_S_t_1_t_fu_256/hsub_16ns_16ns_16_3_no_dsp_1_U2/node_0_0_hsub_16ns_16ns_16_3_no_dsp_1_ip_u/U0/i_synth/ADDSUB_OP.ADDSUB/LOGIC_SPEED.OP/NORM/LZE/ZERO_DET_CC_1/CHAIN_GEN[0].C_MUX.CARRY_MUX_CARRY4_CARRY8                                                           | CLB.CARRY.CARRY8       |
    | grp_node_0_0_Pipeline_l_S_t_1_t_fu_256/hsub_16ns_16ns_16_3_no_dsp_1_U2/node_0_0_hsub_16ns_16ns_16_3_no_dsp_1_ip_u/U0/i_synth/ADDSUB_OP.ADDSUB/LOGIC_SPEED.OP/ALIGN_BLK/FRAC_ADDSUB/LOGIC_ADD.FRAC_ADDSUB/STRUCT_ADD2.ADD1/CHAIN_GEN[1].C_MUX.CARRY_MUX_i_5__1                            | CLB.LUT.LUT6           |
    | grp_node_0_0_Pipeline_l_S_t_1_t_fu_256/hsub_16ns_16ns_16_3_no_dsp_1_U2/node_0_0_hsub_16ns_16ns_16_3_no_dsp_1_ip_u/U0/i_synth/ADDSUB_OP.ADDSUB/LOGIC_SPEED.OP/ALIGN_BLK/FRAC_ADDSUB/LOGIC_ADD.FRAC_ADDSUB/STRUCT_ADD2.ADD1/CHAIN_GEN[1].C_MUX.CARRY_MUX_i_2__3                            | CLB.LUT.LUT6           |
    | grp_node_0_0_Pipeline_l_S_t_1_t_fu_256/hsub_16ns_16ns_16_3_no_dsp_1_U2/node_0_0_hsub_16ns_16ns_16_3_no_dsp_1_ip_u/U0/i_synth/ADDSUB_OP.ADDSUB/LOGIC_SPEED.OP/ALIGN_BLK/FRAC_ADDSUB/LOGIC_ADD.FRAC_ADDSUB/STRUCT_ADD2.ADD1/CHAIN_GEN[0].C_MUX.CARRY_MUX_i_6__0                            | CLB.LUT.LUT5           |
    | grp_node_0_0_Pipeline_l_S_t_1_t_fu_256/hsub_16ns_16ns_16_3_no_dsp_1_U2/node_0_0_hsub_16ns_16ns_16_3_no_dsp_1_ip_u/U0/i_synth/ADDSUB_OP.ADDSUB/LOGIC_SPEED.OP/ALIGN_BLK/FRAC_ADDSUB/LOGIC_ADD.FRAC_ADDSUB/STRUCT_ADD1.ADD1/CHAIN_GEN[0].C_MUX.CARRY_MUX_i_5__0                            | CLB.LUT.LUT6           |
    | grp_node_0_0_Pipeline_l_S_t_1_t_fu_256/hsub_16ns_16ns_16_3_no_dsp_1_U2/node_0_0_hsub_16ns_16ns_16_3_no_dsp_1_ip_u/U0/i_synth/ADDSUB_OP.ADDSUB/LOGIC_SPEED.OP/ALIGN_BLK/FRAC_ADDSUB/LOGIC_ADD.FRAC_ADDSUB/STRUCT_ADD1.ADD1/CHAIN_GEN[0].C_MUX.CARRY_MUX_i_1__9                            | CLB.LUT.LUT6           |
    | grp_node_0_0_Pipeline_l_S_t_1_t_fu_256/hsub_16ns_16ns_16_3_no_dsp_1_U2/node_0_0_hsub_16ns_16ns_16_3_no_dsp_1_ip_u/U0/i_synth/ADDSUB_OP.ADDSUB/LOGIC_SPEED.OP/NORM/ROUND/RND_BIT_GEN/NORM_2.RND_CHAIN/CHAIN_GEN[0].C_MUX.CARRY_MUX_CARRY4_CARRY8                                          | CLB.CARRY.CARRY8       |
    | grp_node_0_0_Pipeline_l_S_t_1_t_fu_256/hsub_16ns_16ns_16_3_no_dsp_1_U2/node_0_0_hsub_16ns_16ns_16_3_no_dsp_1_ip_u/U0/i_synth/ADDSUB_OP.ADDSUB/LOGIC_SPEED.OP/NORM/ROUND/LOGIC.RND1/CHAIN_GEN[2].C_MUX.CARRY_MUX_CARRY4_CARRY8                                                            | CLB.CARRY.CARRY8       |
    | grp_node_0_0_Pipeline_l_S_t_1_t_fu_256/hsub_16ns_16ns_16_3_no_dsp_1_U2/node_0_0_hsub_16ns_16ns_16_3_no_dsp_1_ip_u/U0/i_synth/ADDSUB_OP.ADDSUB/LOGIC_SPEED.OP/NORM/ROUND/LOGIC.RND2/CHAIN_GEN[5].Q_XOR.SUM_XOR_CARRY4_CARRY8                                                              | CLB.CARRY.CARRY8       |
    | grp_node_0_0_Pipeline_l_S_t_1_t_fu_256/hsub_16ns_16ns_16_3_no_dsp_1_U2/node_0_0_hsub_16ns_16ns_16_3_no_dsp_1_ip_u/U0/i_synth/ADDSUB_OP.ADDSUB/LOGIC_SPEED.OP/ALIGN_BLK/FRAC_ADDSUB/LOGIC_ADD.FRAC_ADDSUB/STRUCT_ADD1.ADD1/RESULT_REG.NORMAL.exp_op[0]_i_2                                | CLB.LUT.LUT6           |
    | grp_node_0_0_Pipeline_l_S_t_1_t_fu_256/hsub_16ns_16ns_16_3_no_dsp_1_U2/node_0_0_hsub_16ns_16ns_16_3_no_dsp_1_ip_u/U0/i_synth/ADDSUB_OP.ADDSUB/LOGIC_SPEED.OP/EXP/EXP_OFF.STRUCT_ADD/RESULT_REG.NORMAL.exp_op[0]_i_1                                                                      | CLB.LUT.LUT6           |
    | grp_node_0_0_Pipeline_l_S_t_1_t_fu_256/hsub_16ns_16ns_16_3_no_dsp_1_U2/node_0_0_hsub_16ns_16ns_16_3_no_dsp_1_ip_u/U0/i_synth/ADDSUB_OP.ADDSUB/LOGIC_SPEED.OP/OP/RESULT_REG.NORMAL.exp_op_reg[0]                                                                                          | REGISTER.SDR.FDRE      |
    | grp_node_0_0_Pipeline_l_S_t_1_t_fu_256/hadd_16ns_16ns_16_3_no_dsp_1_U1/din1_buf1_reg[9]_replica                                                                                                                                                                                          | REGISTER.SDR.FDRE      |
    | grp_node_0_0_Pipeline_l_S_t_1_t_fu_256/hadd_16ns_16ns_16_3_no_dsp_1_U1/node_0_0_hadd_16ns_16ns_16_3_no_dsp_1_ip_u/U0/i_synth/ADDSUB_OP.ADDSUB/LOGIC_SPEED.OP/EXP/NUMB_CMP/NOT_FAST.CMP/C_CHAIN/CHAIN_GEN[4].C_MUX.CARRY_MUX_i_1__3                                                       | CLB.LUT.LUT4           |
    | grp_node_0_0_Pipeline_l_S_t_1_t_fu_256/hadd_16ns_16ns_16_3_no_dsp_1_U1/node_0_0_hadd_16ns_16ns_16_3_no_dsp_1_ip_u/U0/i_synth/ADDSUB_OP.ADDSUB/LOGIC_SPEED.OP/EXP/NUMB_CMP/NOT_FAST.CMP/C_CHAIN/CHAIN_GEN[0].C_MUX.CARRY_MUX_CARRY4_CARRY8                                                | CLB.CARRY.CARRY8       |
    | grp_node_0_0_Pipeline_l_S_t_1_t_fu_256/hadd_16ns_16ns_16_3_no_dsp_1_U1/node_0_0_hadd_16ns_16ns_16_3_no_dsp_1_ip_u/U0/i_synth/ADDSUB_OP.ADDSUB/LOGIC_SPEED.OP/EXP/NUMB_CMP/NOT_FAST.CMP/C_CHAIN/CHAIN_GEN[1].C_MUX.CARRY_MUX_i_2__3                                                       | CLB.LUT.LUT6           |
    | grp_node_0_0_Pipeline_l_S_t_1_t_fu_256/hadd_16ns_16ns_16_3_no_dsp_1_U1/node_0_0_hadd_16ns_16ns_16_3_no_dsp_1_ip_u/U0/i_synth/ADDSUB_OP.ADDSUB/LOGIC_SPEED.OP/EXP/NUMB_CMP/NOT_FAST.CMP/C_CHAIN/CHAIN_GEN[1].C_MUX.CARRY_MUX_i_1__5                                                       | CLB.LUT.LUT4           |
    | grp_node_0_0_Pipeline_l_S_t_1_t_fu_256/hadd_16ns_16ns_16_3_no_dsp_1_U1/node_0_0_hadd_16ns_16ns_16_3_no_dsp_1_ip_u/U0/i_synth/ADDSUB_OP.ADDSUB/LOGIC_SPEED.OP/ALIGN_BLK/ALIGN_SHIFT/ALIGN_Z_D/EQ_ZERO/CARRY_ZERO_DET/CHAIN_GEN[0].C_MUX.CARRY_MUX_CARRY4_CARRY8                           | CLB.CARRY.CARRY8       |
    | grp_node_0_0_Pipeline_l_S_t_1_t_fu_256/hadd_16ns_16ns_16_3_no_dsp_1_U1/node_0_0_hadd_16ns_16ns_16_3_no_dsp_1_ip_u/U0/i_synth/ADDSUB_OP.ADDSUB/LOGIC_SPEED.OP/EXP/NUMB_CMP/NOT_FAST.CMP/C_CHAIN/STRUCT_ADD1.CARRY_MUX2_i_7                                                                | CLB.LUT.LUT5           |
    | grp_node_0_0_Pipeline_l_S_t_1_t_fu_256/hadd_16ns_16ns_16_3_no_dsp_1_U1/node_0_0_hadd_16ns_16ns_16_3_no_dsp_1_ip_u/U0/i_synth/ADDSUB_OP.ADDSUB/LOGIC_SPEED.OP/EXP/NUMB_CMP/NOT_FAST.CMP/C_CHAIN/STRUCT_ADD1.CARRY_MUX2_i_2                                                                | CLB.LUT.LUT6           |
    | grp_node_0_0_Pipeline_l_S_t_1_t_fu_256/hadd_16ns_16ns_16_3_no_dsp_1_U1/node_0_0_hadd_16ns_16ns_16_3_no_dsp_1_ip_u/U0/i_synth/ADDSUB_OP.ADDSUB/LOGIC_SPEED.OP/EXP/NUMB_CMP/NOT_FAST.CMP/C_CHAIN/STRUCT_ADD1.CARRY_MUX2_i_1                                                                | CLB.LUT.LUT6           |
    | grp_node_0_0_Pipeline_l_S_t_1_t_fu_256/hadd_16ns_16ns_16_3_no_dsp_1_U1/node_0_0_hadd_16ns_16ns_16_3_no_dsp_1_ip_u/U0/i_synth/ADDSUB_OP.ADDSUB/LOGIC_SPEED.OP/ALIGN_BLK/FRAC_ADDSUB/LOGIC_ADD.FRAC_ADDSUB/STRUCT_ADD1.CARRY_MUX1_CARRY4_CARRY8                                            | CLB.CARRY.CARRY8       |
    | grp_node_0_0_Pipeline_l_S_t_1_t_fu_256/hadd_16ns_16ns_16_3_no_dsp_1_U1/node_0_0_hadd_16ns_16ns_16_3_no_dsp_1_ip_u/U0/i_synth/ADDSUB_OP.ADDSUB/LOGIC_SPEED.OP/ALIGN_BLK/FRAC_ADDSUB/LOGIC_ADD.FRAC_ADDSUB/STRUCT_ADD2.ADD1/CHAIN_GEN[0].C_MUX.CARRY_MUX_CARRY4_CARRY8                     | CLB.CARRY.CARRY8       |
    | grp_node_0_0_Pipeline_l_S_t_1_t_fu_256/hadd_16ns_16ns_16_3_no_dsp_1_U1/node_0_0_hadd_16ns_16ns_16_3_no_dsp_1_ip_u/U0/i_synth/ADDSUB_OP.ADDSUB/LOGIC_SPEED.OP/ALIGN_BLK/FRAC_ADDSUB/LOGIC_ADD.FRAC_ADDSUB/STRUCT_ADD2.ADD1/CHAIN_GEN[0].C_MUX.CARRY_MUX_i_1__2                            | CLB.LUT.LUT4           |
    | grp_node_0_0_Pipeline_l_S_t_1_t_fu_256/hadd_16ns_16ns_16_3_no_dsp_1_U1/node_0_0_hadd_16ns_16ns_16_3_no_dsp_1_ip_u/U0/i_synth/ADDSUB_OP.ADDSUB/LOGIC_SPEED.OP/NORM/LZE/ZERO_DET_CC_1/CHAIN_GEN[0].C_MUX.CARRY_MUX_CARRY4_CARRY8                                                           | CLB.CARRY.CARRY8       |
    | grp_node_0_0_Pipeline_l_S_t_1_t_fu_256/hadd_16ns_16ns_16_3_no_dsp_1_U1/node_0_0_hadd_16ns_16ns_16_3_no_dsp_1_ip_u/U0/i_synth/ADDSUB_OP.ADDSUB/LOGIC_SPEED.OP/ALIGN_BLK/FRAC_ADDSUB/LOGIC_ADD.FRAC_ADDSUB/STRUCT_ADD2.ADD1/RESULT_REG.NORMAL.exp_op[2]_i_7                                | CLB.LUT.LUT5           |
    | grp_node_0_0_Pipeline_l_S_t_1_t_fu_256/hadd_16ns_16ns_16_3_no_dsp_1_U1/node_0_0_hadd_16ns_16ns_16_3_no_dsp_1_ip_u/U0/i_synth/ADDSUB_OP.ADDSUB/LOGIC_SPEED.OP/ALIGN_BLK/FRAC_ADDSUB/LOGIC_ADD.FRAC_ADDSUB/STRUCT_ADD1.ADD1/RESULT_REG.NORMAL.exp_op[1]_i_3                                | CLB.LUT.LUT5           |
    | grp_node_0_0_Pipeline_l_S_t_1_t_fu_256/hadd_16ns_16ns_16_3_no_dsp_1_U1/node_0_0_hadd_16ns_16ns_16_3_no_dsp_1_ip_u/U0/i_synth/ADDSUB_OP.ADDSUB/LOGIC_SPEED.OP/ALIGN_BLK/FRAC_ADDSUB/LOGIC_ADD.FRAC_ADDSUB/STRUCT_ADD1.ADD1/CHAIN_GEN[0].C_MUX.CARRY_MUX_i_6__0                            | CLB.LUT.LUT5           |
    | grp_node_0_0_Pipeline_l_S_t_1_t_fu_256/hadd_16ns_16ns_16_3_no_dsp_1_U1/node_0_0_hadd_16ns_16ns_16_3_no_dsp_1_ip_u/U0/i_synth/ADDSUB_OP.ADDSUB/LOGIC_SPEED.OP/ALIGN_BLK/FRAC_ADDSUB/LOGIC_ADD.FRAC_ADDSUB/STRUCT_ADD1.ADD1/CHAIN_GEN[0].C_MUX.CARRY_MUX_i_3__0                            | CLB.LUT.LUT6           |
    | grp_node_0_0_Pipeline_l_S_t_1_t_fu_256/hadd_16ns_16ns_16_3_no_dsp_1_U1/node_0_0_hadd_16ns_16ns_16_3_no_dsp_1_ip_u/U0/i_synth/ADDSUB_OP.ADDSUB/LOGIC_SPEED.OP/ALIGN_BLK/FRAC_ADDSUB/LOGIC_ADD.FRAC_ADDSUB/STRUCT_ADD1.ADD1/CHAIN_GEN[0].C_MUX.CARRY_MUX_i_1__10                           | CLB.LUT.LUT5           |
    | grp_node_0_0_Pipeline_l_S_t_1_t_fu_256/hadd_16ns_16ns_16_3_no_dsp_1_U1/node_0_0_hadd_16ns_16ns_16_3_no_dsp_1_ip_u/U0/i_synth/ADDSUB_OP.ADDSUB/LOGIC_SPEED.OP/NORM/ROUND/RND_BIT_GEN/NORM_2.RND_CHAIN/CHAIN_GEN[0].C_MUX.CARRY_MUX_CARRY4_CARRY8                                          | CLB.CARRY.CARRY8       |
    | grp_node_0_0_Pipeline_l_S_t_1_t_fu_256/hadd_16ns_16ns_16_3_no_dsp_1_U1/node_0_0_hadd_16ns_16ns_16_3_no_dsp_1_ip_u/U0/i_synth/ADDSUB_OP.ADDSUB/LOGIC_SPEED.OP/NORM/ROUND/LOGIC.RND1/CHAIN_GEN[2].C_MUX.CARRY_MUX_CARRY4_CARRY8                                                            | CLB.CARRY.CARRY8       |
    | grp_node_0_0_Pipeline_l_S_t_1_t_fu_256/hadd_16ns_16ns_16_3_no_dsp_1_U1/node_0_0_hadd_16ns_16ns_16_3_no_dsp_1_ip_u/U0/i_synth/ADDSUB_OP.ADDSUB/LOGIC_SPEED.OP/EXP/COND_DET_A/MANT_CARRY.MANT_ALL_ZERO_DET/CARRY_ZERO_DET/RESULT_REG.NORMAL.mant_op[9]_i_1                                 | CLB.LUT.LUT6           |
    | grp_node_0_0_Pipeline_l_S_t_1_t_fu_256/hadd_16ns_16ns_16_3_no_dsp_1_U1/node_0_0_hadd_16ns_16ns_16_3_no_dsp_1_ip_u/U0/i_synth/ADDSUB_OP.ADDSUB/LOGIC_SPEED.OP/OP/RESULT_REG.NORMAL.mant_op_reg[9]                                                                                         | REGISTER.SDR.FDRE      |
    | grp_node_0_0_Pipeline_l_S_t_1_t_fu_256/hadd_16ns_16ns_16_3_no_dsp_1_U1/din0_buf1_reg[8]                                                                                                                                                                                                  | REGISTER.SDR.FDRE      |
    | grp_node_0_0_Pipeline_l_S_t_1_t_fu_256/hsub_16ns_16ns_16_3_no_dsp_1_U2/node_0_0_hsub_16ns_16ns_16_3_no_dsp_1_ip_u/U0/i_synth/ADDSUB_OP.ADDSUB/LOGIC_SPEED.OP/EXP/NUMB_CMP/NOT_FAST.CMP/C_CHAIN/CHAIN_GEN[4].C_MUX.CARRY_MUX_i_1__3                                                       | CLB.LUT.LUT4           |
    | grp_node_0_0_Pipeline_l_S_t_1_t_fu_256/hsub_16ns_16ns_16_3_no_dsp_1_U2/node_0_0_hsub_16ns_16ns_16_3_no_dsp_1_ip_u/U0/i_synth/ADDSUB_OP.ADDSUB/LOGIC_SPEED.OP/EXP/NUMB_CMP/NOT_FAST.CMP/C_CHAIN/CHAIN_GEN[0].C_MUX.CARRY_MUX_CARRY4_CARRY8                                                | CLB.CARRY.CARRY8       |
    | grp_node_0_0_Pipeline_l_S_t_1_t_fu_256/hsub_16ns_16ns_16_3_no_dsp_1_U2/node_0_0_hsub_16ns_16ns_16_3_no_dsp_1_ip_u/U0/i_synth/ADDSUB_OP.ADDSUB/LOGIC_SPEED.OP/EXP/NUMB_CMP/NOT_FAST.CMP/C_CHAIN/CHAIN_GEN[1].C_MUX.CARRY_MUX_i_3__1                                                       | CLB.LUT.LUT6           |
    | grp_node_0_0_Pipeline_l_S_t_1_t_fu_256/hsub_16ns_16ns_16_3_no_dsp_1_U2/node_0_0_hsub_16ns_16ns_16_3_no_dsp_1_ip_u/U0/i_synth/ADDSUB_OP.ADDSUB/LOGIC_SPEED.OP/EXP/NUMB_CMP/NOT_FAST.CMP/C_CHAIN/CHAIN_GEN[1].C_MUX.CARRY_MUX_i_1__1                                                       | CLB.LUT.LUT4           |
    | grp_node_0_0_Pipeline_l_S_t_1_t_fu_256/hsub_16ns_16ns_16_3_no_dsp_1_U2/node_0_0_hsub_16ns_16ns_16_3_no_dsp_1_ip_u/U0/i_synth/ADDSUB_OP.ADDSUB/LOGIC_SPEED.OP/ALIGN_BLK/ALIGN_SHIFT/ALIGN_Z_D/EQ_ZERO/CARRY_ZERO_DET/CHAIN_GEN[0].C_MUX.CARRY_MUX_CARRY4_CARRY8                           | CLB.CARRY.CARRY8       |
    | grp_node_0_0_Pipeline_l_S_t_1_t_fu_256/hsub_16ns_16ns_16_3_no_dsp_1_U2/node_0_0_hsub_16ns_16ns_16_3_no_dsp_1_ip_u/U0/i_synth/ADDSUB_OP.ADDSUB/LOGIC_SPEED.OP/EXP/NUMB_CMP/NOT_FAST.CMP/C_CHAIN/STRUCT_ADD1.CARRY_MUX2_i_2                                                                | CLB.LUT.LUT5           |
    | grp_node_0_0_Pipeline_l_S_t_1_t_fu_256/hsub_16ns_16ns_16_3_no_dsp_1_U2/node_0_0_hsub_16ns_16ns_16_3_no_dsp_1_ip_u/U0/i_synth/ADDSUB_OP.ADDSUB/LOGIC_SPEED.OP/EXP/NUMB_CMP/NOT_FAST.CMP/C_CHAIN/STRUCT_ADD1.CARRY_MUX2_i_1                                                                | CLB.LUT.LUT6           |
    | grp_node_0_0_Pipeline_l_S_t_1_t_fu_256/hsub_16ns_16ns_16_3_no_dsp_1_U2/node_0_0_hsub_16ns_16ns_16_3_no_dsp_1_ip_u/U0/i_synth/ADDSUB_OP.ADDSUB/LOGIC_SPEED.OP/ALIGN_BLK/FRAC_ADDSUB/LOGIC_ADD.FRAC_ADDSUB/STRUCT_ADD1.CARRY_MUX1_CARRY4_CARRY8                                            | CLB.CARRY.CARRY8       |
    | grp_node_0_0_Pipeline_l_S_t_1_t_fu_256/hsub_16ns_16ns_16_3_no_dsp_1_U2/node_0_0_hsub_16ns_16ns_16_3_no_dsp_1_ip_u/U0/i_synth/ADDSUB_OP.ADDSUB/LOGIC_SPEED.OP/ALIGN_BLK/FRAC_ADDSUB/LOGIC_ADD.FRAC_ADDSUB/STRUCT_ADD2.ADD1/CHAIN_GEN[0].C_MUX.CARRY_MUX_CARRY4_CARRY8                     | CLB.CARRY.CARRY8       |
    | grp_node_0_0_Pipeline_l_S_t_1_t_fu_256/hsub_16ns_16ns_16_3_no_dsp_1_U2/node_0_0_hsub_16ns_16ns_16_3_no_dsp_1_ip_u/U0/i_synth/ADDSUB_OP.ADDSUB/LOGIC_SPEED.OP/ALIGN_BLK/FRAC_ADDSUB/LOGIC_ADD.FRAC_ADDSUB/STRUCT_ADD2.ADD1/CHAIN_GEN[1].C_MUX.CARRY_MUX_i_1__4                            | CLB.LUT.LUT4           |
    | grp_node_0_0_Pipeline_l_S_t_1_t_fu_256/hsub_16ns_16ns_16_3_no_dsp_1_U2/node_0_0_hsub_16ns_16ns_16_3_no_dsp_1_ip_u/U0/i_synth/ADDSUB_OP.ADDSUB/LOGIC_SPEED.OP/NORM/LZE/ZERO_DET_CC_1/CHAIN_GEN[0].C_MUX.CARRY_MUX_CARRY4_CARRY8                                                           | CLB.CARRY.CARRY8       |
    | grp_node_0_0_Pipeline_l_S_t_1_t_fu_256/hsub_16ns_16ns_16_3_no_dsp_1_U2/node_0_0_hsub_16ns_16ns_16_3_no_dsp_1_ip_u/U0/i_synth/ADDSUB_OP.ADDSUB/LOGIC_SPEED.OP/ALIGN_BLK/FRAC_ADDSUB/LOGIC_ADD.FRAC_ADDSUB/STRUCT_ADD2.ADD1/CHAIN_GEN[1].C_MUX.CARRY_MUX_i_5__1                            | CLB.LUT.LUT6           |
    | grp_node_0_0_Pipeline_l_S_t_1_t_fu_256/hsub_16ns_16ns_16_3_no_dsp_1_U2/node_0_0_hsub_16ns_16ns_16_3_no_dsp_1_ip_u/U0/i_synth/ADDSUB_OP.ADDSUB/LOGIC_SPEED.OP/ALIGN_BLK/FRAC_ADDSUB/LOGIC_ADD.FRAC_ADDSUB/STRUCT_ADD2.ADD1/CHAIN_GEN[1].C_MUX.CARRY_MUX_i_2__3                            | CLB.LUT.LUT6           |
    | grp_node_0_0_Pipeline_l_S_t_1_t_fu_256/hsub_16ns_16ns_16_3_no_dsp_1_U2/node_0_0_hsub_16ns_16ns_16_3_no_dsp_1_ip_u/U0/i_synth/ADDSUB_OP.ADDSUB/LOGIC_SPEED.OP/ALIGN_BLK/FRAC_ADDSUB/LOGIC_ADD.FRAC_ADDSUB/STRUCT_ADD2.ADD1/CHAIN_GEN[0].C_MUX.CARRY_MUX_i_6__0                            | CLB.LUT.LUT5           |
    | grp_node_0_0_Pipeline_l_S_t_1_t_fu_256/hsub_16ns_16ns_16_3_no_dsp_1_U2/node_0_0_hsub_16ns_16ns_16_3_no_dsp_1_ip_u/U0/i_synth/ADDSUB_OP.ADDSUB/LOGIC_SPEED.OP/ALIGN_BLK/FRAC_ADDSUB/LOGIC_ADD.FRAC_ADDSUB/STRUCT_ADD1.ADD1/CHAIN_GEN[0].C_MUX.CARRY_MUX_i_5__0                            | CLB.LUT.LUT6           |
    | grp_node_0_0_Pipeline_l_S_t_1_t_fu_256/hsub_16ns_16ns_16_3_no_dsp_1_U2/node_0_0_hsub_16ns_16ns_16_3_no_dsp_1_ip_u/U0/i_synth/ADDSUB_OP.ADDSUB/LOGIC_SPEED.OP/ALIGN_BLK/FRAC_ADDSUB/LOGIC_ADD.FRAC_ADDSUB/STRUCT_ADD1.ADD1/CHAIN_GEN[0].C_MUX.CARRY_MUX_i_1__9                            | CLB.LUT.LUT6           |
    | grp_node_0_0_Pipeline_l_S_t_1_t_fu_256/hsub_16ns_16ns_16_3_no_dsp_1_U2/node_0_0_hsub_16ns_16ns_16_3_no_dsp_1_ip_u/U0/i_synth/ADDSUB_OP.ADDSUB/LOGIC_SPEED.OP/NORM/ROUND/RND_BIT_GEN/NORM_2.RND_CHAIN/CHAIN_GEN[0].C_MUX.CARRY_MUX_CARRY4_CARRY8                                          | CLB.CARRY.CARRY8       |
    | grp_node_0_0_Pipeline_l_S_t_1_t_fu_256/hsub_16ns_16ns_16_3_no_dsp_1_U2/node_0_0_hsub_16ns_16ns_16_3_no_dsp_1_ip_u/U0/i_synth/ADDSUB_OP.ADDSUB/LOGIC_SPEED.OP/NORM/ROUND/LOGIC.RND1/CHAIN_GEN[2].C_MUX.CARRY_MUX_CARRY4_CARRY8                                                            | CLB.CARRY.CARRY8       |
    | grp_node_0_0_Pipeline_l_S_t_1_t_fu_256/hsub_16ns_16ns_16_3_no_dsp_1_U2/node_0_0_hsub_16ns_16ns_16_3_no_dsp_1_ip_u/U0/i_synth/ADDSUB_OP.ADDSUB/LOGIC_SPEED.OP/NORM/ROUND/LOGIC.RND2/CHAIN_GEN[5].Q_XOR.SUM_XOR_CARRY4_CARRY8                                                              | CLB.CARRY.CARRY8       |
    | grp_node_0_0_Pipeline_l_S_t_1_t_fu_256/hsub_16ns_16ns_16_3_no_dsp_1_U2/node_0_0_hsub_16ns_16ns_16_3_no_dsp_1_ip_u/U0/i_synth/ADDSUB_OP.ADDSUB/LOGIC_SPEED.OP/EXP/EXP_OFF.STRUCT_ADD/RESULT_REG.NORMAL.exp_op[1]_i_2                                                                      | CLB.LUT.LUT5           |
    | grp_node_0_0_Pipeline_l_S_t_1_t_fu_256/hsub_16ns_16ns_16_3_no_dsp_1_U2/node_0_0_hsub_16ns_16ns_16_3_no_dsp_1_ip_u/U0/i_synth/ADDSUB_OP.ADDSUB/LOGIC_SPEED.OP/EXP/EXP_OFF.STRUCT_ADD/RESULT_REG.NORMAL.exp_op[1]_i_1                                                                      | CLB.LUT.LUT6           |
    | grp_node_0_0_Pipeline_l_S_t_1_t_fu_256/hsub_16ns_16ns_16_3_no_dsp_1_U2/node_0_0_hsub_16ns_16ns_16_3_no_dsp_1_ip_u/U0/i_synth/ADDSUB_OP.ADDSUB/LOGIC_SPEED.OP/OP/RESULT_REG.NORMAL.exp_op_reg[1]                                                                                          | REGISTER.SDR.FDRE      |
    +------------------------------------------------------------------------------------------------------------------------------------------------------------------------------------------------------------------------------------------------------------------------------------------+------------------------+

    +------------------------------------------------------------------------------------------------------------------------------------------------------------------------------------------------------------------------------------------------------------------------------------------+------------------------+
    | Path6 Cells                                                                                                                                                                                                                                                                              | Primitive Type         |
    +------------------------------------------------------------------------------------------------------------------------------------------------------------------------------------------------------------------------------------------------------------------------------------------+------------------------+
    | grp_node_0_0_Pipeline_l_S_t_1_t_fu_256/hadd_16ns_16ns_16_3_no_dsp_1_U1/din0_buf1_reg[7]_replica                                                                                                                                                                                          | REGISTER.SDR.FDRE      |
    | grp_node_0_0_Pipeline_l_S_t_1_t_fu_256/hmul_16ns_16ns_16_3_max_dsp_1_U3/node_0_0_hmul_16ns_16ns_16_3_max_dsp_1_ip_u/U0/i_synth/MULT.OP/i_non_prim.MULT/MULT_GEN_VARIANT.FIX_MULT/MULT/gDSP.gDSP_only.iDSP/use_prim.appDSP[0].bppDSP[0].use_dsp.use_dsp48e2.iDSP48E2/DSP_A_B_DATA_INST    | ARITHMETIC.DSP.DSP48E2 |
    | grp_node_0_0_Pipeline_l_S_t_1_t_fu_256/hmul_16ns_16ns_16_3_max_dsp_1_U3/node_0_0_hmul_16ns_16ns_16_3_max_dsp_1_ip_u/U0/i_synth/MULT.OP/i_non_prim.MULT/MULT_GEN_VARIANT.FIX_MULT/MULT/gDSP.gDSP_only.iDSP/use_prim.appDSP[0].bppDSP[0].use_dsp.use_dsp48e2.iDSP48E2/DSP_PREADD_DATA_INST | ARITHMETIC.DSP.DSP48E2 |
    | grp_node_0_0_Pipeline_l_S_t_1_t_fu_256/hmul_16ns_16ns_16_3_max_dsp_1_U3/node_0_0_hmul_16ns_16ns_16_3_max_dsp_1_ip_u/U0/i_synth/MULT.OP/i_non_prim.MULT/MULT_GEN_VARIANT.FIX_MULT/MULT/gDSP.gDSP_only.iDSP/use_prim.appDSP[0].bppDSP[0].use_dsp.use_dsp48e2.iDSP48E2/DSP_MULTIPLIER_INST  | ARITHMETIC.DSP.DSP48E2 |
    | grp_node_0_0_Pipeline_l_S_t_1_t_fu_256/hmul_16ns_16ns_16_3_max_dsp_1_U3/node_0_0_hmul_16ns_16ns_16_3_max_dsp_1_ip_u/U0/i_synth/MULT.OP/i_non_prim.MULT/MULT_GEN_VARIANT.FIX_MULT/MULT/gDSP.gDSP_only.iDSP/use_prim.appDSP[0].bppDSP[0].use_dsp.use_dsp48e2.iDSP48E2/DSP_M_DATA_INST      | ARITHMETIC.DSP.DSP48E2 |
    | grp_node_0_0_Pipeline_l_S_t_1_t_fu_256/hmul_16ns_16ns_16_3_max_dsp_1_U3/node_0_0_hmul_16ns_16ns_16_3_max_dsp_1_ip_u/U0/i_synth/MULT.OP/i_non_prim.MULT/MULT_GEN_VARIANT.FIX_MULT/MULT/gDSP.gDSP_only.iDSP/use_prim.appDSP[0].bppDSP[0].use_dsp.use_dsp48e2.iDSP48E2/DSP_ALU_INST         | ARITHMETIC.DSP.DSP48E2 |
    | grp_node_0_0_Pipeline_l_S_t_1_t_fu_256/hmul_16ns_16ns_16_3_max_dsp_1_U3/node_0_0_hmul_16ns_16ns_16_3_max_dsp_1_ip_u/U0/i_synth/MULT.OP/i_non_prim.MULT/MULT_GEN_VARIANT.FIX_MULT/MULT/gDSP.gDSP_only.iDSP/use_prim.appDSP[0].bppDSP[0].use_dsp.use_dsp48e2.iDSP48E2/DSP_OUTPUT_INST      | ARITHMETIC.DSP.DSP48E2 |
    | grp_node_0_0_Pipeline_l_S_t_1_t_fu_256/hmul_16ns_16ns_16_3_max_dsp_1_U3/node_0_0_hmul_16ns_16ns_16_3_max_dsp_1_ip_u/U0/i_synth/MULT.OP/i_non_prim.MULT/MULT_GEN_VARIANT.FIX_MULT/CHAIN_GEN[0].C_MUX.CARRY_MUX_i_1__0                                                                     | CLB.LUT.LUT3           |
    | grp_node_0_0_Pipeline_l_S_t_1_t_fu_256/hmul_16ns_16ns_16_3_max_dsp_1_U3/node_0_0_hmul_16ns_16ns_16_3_max_dsp_1_ip_u/U0/i_synth/MULT.OP/i_non_prim.R_AND_R/LOGIC.R_AND_R/RND_BIT_GEN/NORM_1_OR_0.STRUCT_REQ.GENERAL.RND1/CHAIN_GEN[0].C_MUX.CARRY_MUX_CARRY4_CARRY8                       | CLB.CARRY.CARRY8       |
    | grp_node_0_0_Pipeline_l_S_t_1_t_fu_256/hmul_16ns_16ns_16_3_max_dsp_1_U3/node_0_0_hmul_16ns_16ns_16_3_max_dsp_1_ip_u/U0/i_synth/MULT.OP/i_non_prim.R_AND_R/LOGIC.R_AND_R/DSP48_E1.DSP48E1_ADD.DSP48E1_ADD/i_no_versal_es1_workaround.DSP/DSP_A_B_DATA_INST                                | ARITHMETIC.DSP.DSP48E2 |
    | grp_node_0_0_Pipeline_l_S_t_1_t_fu_256/hmul_16ns_16ns_16_3_max_dsp_1_U3/node_0_0_hmul_16ns_16ns_16_3_max_dsp_1_ip_u/U0/i_synth/MULT.OP/i_non_prim.R_AND_R/LOGIC.R_AND_R/DSP48_E1.DSP48E1_ADD.DSP48E1_ADD/i_no_versal_es1_workaround.DSP/DSP_ALU_INST                                     | ARITHMETIC.DSP.DSP48E2 |
    | grp_node_0_0_Pipeline_l_S_t_1_t_fu_256/hmul_16ns_16ns_16_3_max_dsp_1_U3/node_0_0_hmul_16ns_16ns_16_3_max_dsp_1_ip_u/U0/i_synth/MULT.OP/i_non_prim.R_AND_R/LOGIC.R_AND_R/DSP48_E1.DSP48E1_ADD.DSP48E1_ADD/i_no_versal_es1_workaround.DSP/DSP_OUTPUT_INST                                  | ARITHMETIC.DSP.DSP48E2 |
    | grp_node_0_0_Pipeline_l_S_t_1_t_fu_256/hmul_16ns_16ns_16_3_max_dsp_1_U3/node_0_0_hmul_16ns_16ns_16_3_max_dsp_1_ip_u/U0/i_synth/MULT.OP/i_non_prim.R_AND_R/LOGIC.R_AND_R/EXP_ADD.ADD/CHAIN_GEN[0].C_MUX.CARRY_MUX_CARRY4_CARRY8                                                           | CLB.CARRY.CARRY8       |
    | grp_node_0_0_Pipeline_l_S_t_1_t_fu_256/hmul_16ns_16ns_16_3_max_dsp_1_U3/node_0_0_hmul_16ns_16ns_16_3_max_dsp_1_ip_u/U0/i_synth/MULT.OP/i_non_prim.R_AND_R/LOGIC.R_AND_R/EXP_ADD.ADD/RESULT_REG.NORMAL.exp_op[3]_i_1                                                                      | CLB.LUT.LUT2           |
    | grp_node_0_0_Pipeline_l_S_t_1_t_fu_256/hmul_16ns_16ns_16_3_max_dsp_1_U3/node_0_0_hmul_16ns_16ns_16_3_max_dsp_1_ip_u/U0/i_synth/MULT.OP/i_non_prim.OP/RESULT_REG.NORMAL.exp_op_reg[3]                                                                                                     | REGISTER.SDR.FDRE      |
    | grp_node_0_0_Pipeline_l_S_t_1_t_fu_256/hadd_16ns_16ns_16_3_no_dsp_1_U1/din0_buf1_reg[7]_replica                                                                                                                                                                                          | REGISTER.SDR.FDRE      |
    | grp_node_0_0_Pipeline_l_S_t_1_t_fu_256/hmul_16ns_16ns_16_3_max_dsp_1_U3/node_0_0_hmul_16ns_16ns_16_3_max_dsp_1_ip_u/U0/i_synth/MULT.OP/i_non_prim.MULT/MULT_GEN_VARIANT.FIX_MULT/MULT/gDSP.gDSP_only.iDSP/use_prim.appDSP[0].bppDSP[0].use_dsp.use_dsp48e2.iDSP48E2/DSP_A_B_DATA_INST    | ARITHMETIC.DSP.DSP48E2 |
    | grp_node_0_0_Pipeline_l_S_t_1_t_fu_256/hmul_16ns_16ns_16_3_max_dsp_1_U3/node_0_0_hmul_16ns_16ns_16_3_max_dsp_1_ip_u/U0/i_synth/MULT.OP/i_non_prim.MULT/MULT_GEN_VARIANT.FIX_MULT/MULT/gDSP.gDSP_only.iDSP/use_prim.appDSP[0].bppDSP[0].use_dsp.use_dsp48e2.iDSP48E2/DSP_PREADD_DATA_INST | ARITHMETIC.DSP.DSP48E2 |
    | grp_node_0_0_Pipeline_l_S_t_1_t_fu_256/hmul_16ns_16ns_16_3_max_dsp_1_U3/node_0_0_hmul_16ns_16ns_16_3_max_dsp_1_ip_u/U0/i_synth/MULT.OP/i_non_prim.MULT/MULT_GEN_VARIANT.FIX_MULT/MULT/gDSP.gDSP_only.iDSP/use_prim.appDSP[0].bppDSP[0].use_dsp.use_dsp48e2.iDSP48E2/DSP_MULTIPLIER_INST  | ARITHMETIC.DSP.DSP48E2 |
    | grp_node_0_0_Pipeline_l_S_t_1_t_fu_256/hmul_16ns_16ns_16_3_max_dsp_1_U3/node_0_0_hmul_16ns_16ns_16_3_max_dsp_1_ip_u/U0/i_synth/MULT.OP/i_non_prim.MULT/MULT_GEN_VARIANT.FIX_MULT/MULT/gDSP.gDSP_only.iDSP/use_prim.appDSP[0].bppDSP[0].use_dsp.use_dsp48e2.iDSP48E2/DSP_M_DATA_INST      | ARITHMETIC.DSP.DSP48E2 |
    | grp_node_0_0_Pipeline_l_S_t_1_t_fu_256/hmul_16ns_16ns_16_3_max_dsp_1_U3/node_0_0_hmul_16ns_16ns_16_3_max_dsp_1_ip_u/U0/i_synth/MULT.OP/i_non_prim.MULT/MULT_GEN_VARIANT.FIX_MULT/MULT/gDSP.gDSP_only.iDSP/use_prim.appDSP[0].bppDSP[0].use_dsp.use_dsp48e2.iDSP48E2/DSP_ALU_INST         | ARITHMETIC.DSP.DSP48E2 |
    | grp_node_0_0_Pipeline_l_S_t_1_t_fu_256/hmul_16ns_16ns_16_3_max_dsp_1_U3/node_0_0_hmul_16ns_16ns_16_3_max_dsp_1_ip_u/U0/i_synth/MULT.OP/i_non_prim.MULT/MULT_GEN_VARIANT.FIX_MULT/MULT/gDSP.gDSP_only.iDSP/use_prim.appDSP[0].bppDSP[0].use_dsp.use_dsp48e2.iDSP48E2/DSP_OUTPUT_INST      | ARITHMETIC.DSP.DSP48E2 |
    | grp_node_0_0_Pipeline_l_S_t_1_t_fu_256/hmul_16ns_16ns_16_3_max_dsp_1_U3/node_0_0_hmul_16ns_16ns_16_3_max_dsp_1_ip_u/U0/i_synth/MULT.OP/i_non_prim.MULT/MULT_GEN_VARIANT.FIX_MULT/CHAIN_GEN[0].C_MUX.CARRY_MUX_i_1__0                                                                     | CLB.LUT.LUT3           |
    | grp_node_0_0_Pipeline_l_S_t_1_t_fu_256/hmul_16ns_16ns_16_3_max_dsp_1_U3/node_0_0_hmul_16ns_16ns_16_3_max_dsp_1_ip_u/U0/i_synth/MULT.OP/i_non_prim.R_AND_R/LOGIC.R_AND_R/RND_BIT_GEN/NORM_1_OR_0.STRUCT_REQ.GENERAL.RND1/CHAIN_GEN[0].C_MUX.CARRY_MUX_CARRY4_CARRY8                       | CLB.CARRY.CARRY8       |
    | grp_node_0_0_Pipeline_l_S_t_1_t_fu_256/hmul_16ns_16ns_16_3_max_dsp_1_U3/node_0_0_hmul_16ns_16ns_16_3_max_dsp_1_ip_u/U0/i_synth/MULT.OP/i_non_prim.R_AND_R/LOGIC.R_AND_R/DSP48_E1.DSP48E1_ADD.DSP48E1_ADD/i_no_versal_es1_workaround.DSP/DSP_A_B_DATA_INST                                | ARITHMETIC.DSP.DSP48E2 |
    | grp_node_0_0_Pipeline_l_S_t_1_t_fu_256/hmul_16ns_16ns_16_3_max_dsp_1_U3/node_0_0_hmul_16ns_16ns_16_3_max_dsp_1_ip_u/U0/i_synth/MULT.OP/i_non_prim.R_AND_R/LOGIC.R_AND_R/DSP48_E1.DSP48E1_ADD.DSP48E1_ADD/i_no_versal_es1_workaround.DSP/DSP_ALU_INST                                     | ARITHMETIC.DSP.DSP48E2 |
    | grp_node_0_0_Pipeline_l_S_t_1_t_fu_256/hmul_16ns_16ns_16_3_max_dsp_1_U3/node_0_0_hmul_16ns_16ns_16_3_max_dsp_1_ip_u/U0/i_synth/MULT.OP/i_non_prim.R_AND_R/LOGIC.R_AND_R/DSP48_E1.DSP48E1_ADD.DSP48E1_ADD/i_no_versal_es1_workaround.DSP/DSP_OUTPUT_INST                                  | ARITHMETIC.DSP.DSP48E2 |
    | grp_node_0_0_Pipeline_l_S_t_1_t_fu_256/hmul_16ns_16ns_16_3_max_dsp_1_U3/node_0_0_hmul_16ns_16ns_16_3_max_dsp_1_ip_u/U0/i_synth/MULT.OP/i_non_prim.R_AND_R/LOGIC.R_AND_R/EXP_ADD.ADD/CHAIN_GEN[0].C_MUX.CARRY_MUX_CARRY4_CARRY8                                                           | CLB.CARRY.CARRY8       |
    | grp_node_0_0_Pipeline_l_S_t_1_t_fu_256/hmul_16ns_16ns_16_3_max_dsp_1_U3/node_0_0_hmul_16ns_16ns_16_3_max_dsp_1_ip_u/U0/i_synth/MULT.OP/i_non_prim.R_AND_R/LOGIC.R_AND_R/EXP_ADD.ADD/RESULT_REG.NORMAL.exp_op[4]_i_2                                                                      | CLB.LUT.LUT2           |
    | grp_node_0_0_Pipeline_l_S_t_1_t_fu_256/hmul_16ns_16ns_16_3_max_dsp_1_U3/node_0_0_hmul_16ns_16ns_16_3_max_dsp_1_ip_u/U0/i_synth/MULT.OP/i_non_prim.OP/RESULT_REG.NORMAL.exp_op_reg[4]                                                                                                     | REGISTER.SDR.FDRE      |
    | grp_node_0_0_Pipeline_l_S_t_1_t_fu_256/hadd_16ns_16ns_16_3_no_dsp_1_U1/din0_buf1_reg[7]_replica                                                                                                                                                                                          | REGISTER.SDR.FDRE      |
    | grp_node_0_0_Pipeline_l_S_t_1_t_fu_256/hmul_16ns_16ns_16_3_max_dsp_1_U3/node_0_0_hmul_16ns_16ns_16_3_max_dsp_1_ip_u/U0/i_synth/MULT.OP/i_non_prim.MULT/MULT_GEN_VARIANT.FIX_MULT/MULT/gDSP.gDSP_only.iDSP/use_prim.appDSP[0].bppDSP[0].use_dsp.use_dsp48e2.iDSP48E2/DSP_A_B_DATA_INST    | ARITHMETIC.DSP.DSP48E2 |
    | grp_node_0_0_Pipeline_l_S_t_1_t_fu_256/hmul_16ns_16ns_16_3_max_dsp_1_U3/node_0_0_hmul_16ns_16ns_16_3_max_dsp_1_ip_u/U0/i_synth/MULT.OP/i_non_prim.MULT/MULT_GEN_VARIANT.FIX_MULT/MULT/gDSP.gDSP_only.iDSP/use_prim.appDSP[0].bppDSP[0].use_dsp.use_dsp48e2.iDSP48E2/DSP_PREADD_DATA_INST | ARITHMETIC.DSP.DSP48E2 |
    | grp_node_0_0_Pipeline_l_S_t_1_t_fu_256/hmul_16ns_16ns_16_3_max_dsp_1_U3/node_0_0_hmul_16ns_16ns_16_3_max_dsp_1_ip_u/U0/i_synth/MULT.OP/i_non_prim.MULT/MULT_GEN_VARIANT.FIX_MULT/MULT/gDSP.gDSP_only.iDSP/use_prim.appDSP[0].bppDSP[0].use_dsp.use_dsp48e2.iDSP48E2/DSP_MULTIPLIER_INST  | ARITHMETIC.DSP.DSP48E2 |
    | grp_node_0_0_Pipeline_l_S_t_1_t_fu_256/hmul_16ns_16ns_16_3_max_dsp_1_U3/node_0_0_hmul_16ns_16ns_16_3_max_dsp_1_ip_u/U0/i_synth/MULT.OP/i_non_prim.MULT/MULT_GEN_VARIANT.FIX_MULT/MULT/gDSP.gDSP_only.iDSP/use_prim.appDSP[0].bppDSP[0].use_dsp.use_dsp48e2.iDSP48E2/DSP_M_DATA_INST      | ARITHMETIC.DSP.DSP48E2 |
    | grp_node_0_0_Pipeline_l_S_t_1_t_fu_256/hmul_16ns_16ns_16_3_max_dsp_1_U3/node_0_0_hmul_16ns_16ns_16_3_max_dsp_1_ip_u/U0/i_synth/MULT.OP/i_non_prim.MULT/MULT_GEN_VARIANT.FIX_MULT/MULT/gDSP.gDSP_only.iDSP/use_prim.appDSP[0].bppDSP[0].use_dsp.use_dsp48e2.iDSP48E2/DSP_ALU_INST         | ARITHMETIC.DSP.DSP48E2 |
    | grp_node_0_0_Pipeline_l_S_t_1_t_fu_256/hmul_16ns_16ns_16_3_max_dsp_1_U3/node_0_0_hmul_16ns_16ns_16_3_max_dsp_1_ip_u/U0/i_synth/MULT.OP/i_non_prim.MULT/MULT_GEN_VARIANT.FIX_MULT/MULT/gDSP.gDSP_only.iDSP/use_prim.appDSP[0].bppDSP[0].use_dsp.use_dsp48e2.iDSP48E2/DSP_OUTPUT_INST      | ARITHMETIC.DSP.DSP48E2 |
    | grp_node_0_0_Pipeline_l_S_t_1_t_fu_256/hmul_16ns_16ns_16_3_max_dsp_1_U3/node_0_0_hmul_16ns_16ns_16_3_max_dsp_1_ip_u/U0/i_synth/MULT.OP/i_non_prim.MULT/MULT_GEN_VARIANT.FIX_MULT/CHAIN_GEN[0].C_MUX.CARRY_MUX_i_1__0                                                                     | CLB.LUT.LUT3           |
    | grp_node_0_0_Pipeline_l_S_t_1_t_fu_256/hmul_16ns_16ns_16_3_max_dsp_1_U3/node_0_0_hmul_16ns_16ns_16_3_max_dsp_1_ip_u/U0/i_synth/MULT.OP/i_non_prim.R_AND_R/LOGIC.R_AND_R/RND_BIT_GEN/NORM_1_OR_0.STRUCT_REQ.GENERAL.RND1/CHAIN_GEN[0].C_MUX.CARRY_MUX_CARRY4_CARRY8                       | CLB.CARRY.CARRY8       |
    | grp_node_0_0_Pipeline_l_S_t_1_t_fu_256/hmul_16ns_16ns_16_3_max_dsp_1_U3/node_0_0_hmul_16ns_16ns_16_3_max_dsp_1_ip_u/U0/i_synth/MULT.OP/i_non_prim.R_AND_R/LOGIC.R_AND_R/DSP48_E1.DSP48E1_ADD.DSP48E1_ADD/i_no_versal_es1_workaround.DSP/DSP_A_B_DATA_INST                                | ARITHMETIC.DSP.DSP48E2 |
    | grp_node_0_0_Pipeline_l_S_t_1_t_fu_256/hmul_16ns_16ns_16_3_max_dsp_1_U3/node_0_0_hmul_16ns_16ns_16_3_max_dsp_1_ip_u/U0/i_synth/MULT.OP/i_non_prim.R_AND_R/LOGIC.R_AND_R/DSP48_E1.DSP48E1_ADD.DSP48E1_ADD/i_no_versal_es1_workaround.DSP/DSP_ALU_INST                                     | ARITHMETIC.DSP.DSP48E2 |
    | grp_node_0_0_Pipeline_l_S_t_1_t_fu_256/hmul_16ns_16ns_16_3_max_dsp_1_U3/node_0_0_hmul_16ns_16ns_16_3_max_dsp_1_ip_u/U0/i_synth/MULT.OP/i_non_prim.R_AND_R/LOGIC.R_AND_R/DSP48_E1.DSP48E1_ADD.DSP48E1_ADD/i_no_versal_es1_workaround.DSP/DSP_OUTPUT_INST                                  | ARITHMETIC.DSP.DSP48E2 |
    | grp_node_0_0_Pipeline_l_S_t_1_t_fu_256/hmul_16ns_16ns_16_3_max_dsp_1_U3/node_0_0_hmul_16ns_16ns_16_3_max_dsp_1_ip_u/U0/i_synth/MULT.OP/i_non_prim.R_AND_R/LOGIC.R_AND_R/EXP_ADD.ADD/CHAIN_GEN[0].C_MUX.CARRY_MUX_CARRY4_CARRY8                                                           | CLB.CARRY.CARRY8       |
    | grp_node_0_0_Pipeline_l_S_t_1_t_fu_256/hmul_16ns_16ns_16_3_max_dsp_1_U3/node_0_0_hmul_16ns_16ns_16_3_max_dsp_1_ip_u/U0/i_synth/MULT.OP/i_non_prim.R_AND_R/LOGIC.R_AND_R/EXP_ADD.ADD/RESULT_REG.NORMAL.exp_op[1]_i_1                                                                      | CLB.LUT.LUT2           |
    | grp_node_0_0_Pipeline_l_S_t_1_t_fu_256/hmul_16ns_16ns_16_3_max_dsp_1_U3/node_0_0_hmul_16ns_16ns_16_3_max_dsp_1_ip_u/U0/i_synth/MULT.OP/i_non_prim.OP/RESULT_REG.NORMAL.exp_op_reg[1]                                                                                                     | REGISTER.SDR.FDRE      |
    | grp_node_0_0_Pipeline_l_S_t_1_t_fu_256/hadd_16ns_16ns_16_3_no_dsp_1_U1/din0_buf1_reg[7]_replica                                                                                                                                                                                          | REGISTER.SDR.FDRE      |
    | grp_node_0_0_Pipeline_l_S_t_1_t_fu_256/hmul_16ns_16ns_16_3_max_dsp_1_U3/node_0_0_hmul_16ns_16ns_16_3_max_dsp_1_ip_u/U0/i_synth/MULT.OP/i_non_prim.MULT/MULT_GEN_VARIANT.FIX_MULT/MULT/gDSP.gDSP_only.iDSP/use_prim.appDSP[0].bppDSP[0].use_dsp.use_dsp48e2.iDSP48E2/DSP_A_B_DATA_INST    | ARITHMETIC.DSP.DSP48E2 |
    | grp_node_0_0_Pipeline_l_S_t_1_t_fu_256/hmul_16ns_16ns_16_3_max_dsp_1_U3/node_0_0_hmul_16ns_16ns_16_3_max_dsp_1_ip_u/U0/i_synth/MULT.OP/i_non_prim.MULT/MULT_GEN_VARIANT.FIX_MULT/MULT/gDSP.gDSP_only.iDSP/use_prim.appDSP[0].bppDSP[0].use_dsp.use_dsp48e2.iDSP48E2/DSP_PREADD_DATA_INST | ARITHMETIC.DSP.DSP48E2 |
    | grp_node_0_0_Pipeline_l_S_t_1_t_fu_256/hmul_16ns_16ns_16_3_max_dsp_1_U3/node_0_0_hmul_16ns_16ns_16_3_max_dsp_1_ip_u/U0/i_synth/MULT.OP/i_non_prim.MULT/MULT_GEN_VARIANT.FIX_MULT/MULT/gDSP.gDSP_only.iDSP/use_prim.appDSP[0].bppDSP[0].use_dsp.use_dsp48e2.iDSP48E2/DSP_MULTIPLIER_INST  | ARITHMETIC.DSP.DSP48E2 |
    | grp_node_0_0_Pipeline_l_S_t_1_t_fu_256/hmul_16ns_16ns_16_3_max_dsp_1_U3/node_0_0_hmul_16ns_16ns_16_3_max_dsp_1_ip_u/U0/i_synth/MULT.OP/i_non_prim.MULT/MULT_GEN_VARIANT.FIX_MULT/MULT/gDSP.gDSP_only.iDSP/use_prim.appDSP[0].bppDSP[0].use_dsp.use_dsp48e2.iDSP48E2/DSP_M_DATA_INST      | ARITHMETIC.DSP.DSP48E2 |
    | grp_node_0_0_Pipeline_l_S_t_1_t_fu_256/hmul_16ns_16ns_16_3_max_dsp_1_U3/node_0_0_hmul_16ns_16ns_16_3_max_dsp_1_ip_u/U0/i_synth/MULT.OP/i_non_prim.MULT/MULT_GEN_VARIANT.FIX_MULT/MULT/gDSP.gDSP_only.iDSP/use_prim.appDSP[0].bppDSP[0].use_dsp.use_dsp48e2.iDSP48E2/DSP_ALU_INST         | ARITHMETIC.DSP.DSP48E2 |
    | grp_node_0_0_Pipeline_l_S_t_1_t_fu_256/hmul_16ns_16ns_16_3_max_dsp_1_U3/node_0_0_hmul_16ns_16ns_16_3_max_dsp_1_ip_u/U0/i_synth/MULT.OP/i_non_prim.MULT/MULT_GEN_VARIANT.FIX_MULT/MULT/gDSP.gDSP_only.iDSP/use_prim.appDSP[0].bppDSP[0].use_dsp.use_dsp48e2.iDSP48E2/DSP_OUTPUT_INST      | ARITHMETIC.DSP.DSP48E2 |
    | grp_node_0_0_Pipeline_l_S_t_1_t_fu_256/hmul_16ns_16ns_16_3_max_dsp_1_U3/node_0_0_hmul_16ns_16ns_16_3_max_dsp_1_ip_u/U0/i_synth/MULT.OP/i_non_prim.MULT/MULT_GEN_VARIANT.FIX_MULT/CHAIN_GEN[0].C_MUX.CARRY_MUX_i_1__0                                                                     | CLB.LUT.LUT3           |
    | grp_node_0_0_Pipeline_l_S_t_1_t_fu_256/hmul_16ns_16ns_16_3_max_dsp_1_U3/node_0_0_hmul_16ns_16ns_16_3_max_dsp_1_ip_u/U0/i_synth/MULT.OP/i_non_prim.R_AND_R/LOGIC.R_AND_R/RND_BIT_GEN/NORM_1_OR_0.STRUCT_REQ.GENERAL.RND1/CHAIN_GEN[0].C_MUX.CARRY_MUX_CARRY4_CARRY8                       | CLB.CARRY.CARRY8       |
    | grp_node_0_0_Pipeline_l_S_t_1_t_fu_256/hmul_16ns_16ns_16_3_max_dsp_1_U3/node_0_0_hmul_16ns_16ns_16_3_max_dsp_1_ip_u/U0/i_synth/MULT.OP/i_non_prim.R_AND_R/LOGIC.R_AND_R/DSP48_E1.DSP48E1_ADD.DSP48E1_ADD/i_no_versal_es1_workaround.DSP/DSP_A_B_DATA_INST                                | ARITHMETIC.DSP.DSP48E2 |
    | grp_node_0_0_Pipeline_l_S_t_1_t_fu_256/hmul_16ns_16ns_16_3_max_dsp_1_U3/node_0_0_hmul_16ns_16ns_16_3_max_dsp_1_ip_u/U0/i_synth/MULT.OP/i_non_prim.R_AND_R/LOGIC.R_AND_R/DSP48_E1.DSP48E1_ADD.DSP48E1_ADD/i_no_versal_es1_workaround.DSP/DSP_ALU_INST                                     | ARITHMETIC.DSP.DSP48E2 |
    | grp_node_0_0_Pipeline_l_S_t_1_t_fu_256/hmul_16ns_16ns_16_3_max_dsp_1_U3/node_0_0_hmul_16ns_16ns_16_3_max_dsp_1_ip_u/U0/i_synth/MULT.OP/i_non_prim.R_AND_R/LOGIC.R_AND_R/DSP48_E1.DSP48E1_ADD.DSP48E1_ADD/i_no_versal_es1_workaround.DSP/DSP_OUTPUT_INST                                  | ARITHMETIC.DSP.DSP48E2 |
    | grp_node_0_0_Pipeline_l_S_t_1_t_fu_256/hmul_16ns_16ns_16_3_max_dsp_1_U3/node_0_0_hmul_16ns_16ns_16_3_max_dsp_1_ip_u/U0/i_synth/MULT.OP/i_non_prim.R_AND_R/LOGIC.R_AND_R/EXP_ADD.ADD/CHAIN_GEN[0].C_MUX.CARRY_MUX_CARRY4_CARRY8                                                           | CLB.CARRY.CARRY8       |
    | grp_node_0_0_Pipeline_l_S_t_1_t_fu_256/hmul_16ns_16ns_16_3_max_dsp_1_U3/node_0_0_hmul_16ns_16ns_16_3_max_dsp_1_ip_u/U0/i_synth/MULT.OP/i_non_prim.R_AND_R/LOGIC.R_AND_R/EXP_ADD.ADD/RESULT_REG.NORMAL.exp_op[2]_i_1                                                                      | CLB.LUT.LUT2           |
    | grp_node_0_0_Pipeline_l_S_t_1_t_fu_256/hmul_16ns_16ns_16_3_max_dsp_1_U3/node_0_0_hmul_16ns_16ns_16_3_max_dsp_1_ip_u/U0/i_synth/MULT.OP/i_non_prim.OP/RESULT_REG.NORMAL.exp_op_reg[2]                                                                                                     | REGISTER.SDR.FDRE      |
    | grp_node_0_0_Pipeline_l_S_t_1_t_fu_256/hadd_16ns_16ns_16_3_no_dsp_1_U1/din0_buf1_reg[7]_replica                                                                                                                                                                                          | REGISTER.SDR.FDRE      |
    | grp_node_0_0_Pipeline_l_S_t_1_t_fu_256/hmul_16ns_16ns_16_3_max_dsp_1_U3/node_0_0_hmul_16ns_16ns_16_3_max_dsp_1_ip_u/U0/i_synth/MULT.OP/i_non_prim.MULT/MULT_GEN_VARIANT.FIX_MULT/MULT/gDSP.gDSP_only.iDSP/use_prim.appDSP[0].bppDSP[0].use_dsp.use_dsp48e2.iDSP48E2/DSP_A_B_DATA_INST    | ARITHMETIC.DSP.DSP48E2 |
    | grp_node_0_0_Pipeline_l_S_t_1_t_fu_256/hmul_16ns_16ns_16_3_max_dsp_1_U3/node_0_0_hmul_16ns_16ns_16_3_max_dsp_1_ip_u/U0/i_synth/MULT.OP/i_non_prim.MULT/MULT_GEN_VARIANT.FIX_MULT/MULT/gDSP.gDSP_only.iDSP/use_prim.appDSP[0].bppDSP[0].use_dsp.use_dsp48e2.iDSP48E2/DSP_PREADD_DATA_INST | ARITHMETIC.DSP.DSP48E2 |
    | grp_node_0_0_Pipeline_l_S_t_1_t_fu_256/hmul_16ns_16ns_16_3_max_dsp_1_U3/node_0_0_hmul_16ns_16ns_16_3_max_dsp_1_ip_u/U0/i_synth/MULT.OP/i_non_prim.MULT/MULT_GEN_VARIANT.FIX_MULT/MULT/gDSP.gDSP_only.iDSP/use_prim.appDSP[0].bppDSP[0].use_dsp.use_dsp48e2.iDSP48E2/DSP_MULTIPLIER_INST  | ARITHMETIC.DSP.DSP48E2 |
    | grp_node_0_0_Pipeline_l_S_t_1_t_fu_256/hmul_16ns_16ns_16_3_max_dsp_1_U3/node_0_0_hmul_16ns_16ns_16_3_max_dsp_1_ip_u/U0/i_synth/MULT.OP/i_non_prim.MULT/MULT_GEN_VARIANT.FIX_MULT/MULT/gDSP.gDSP_only.iDSP/use_prim.appDSP[0].bppDSP[0].use_dsp.use_dsp48e2.iDSP48E2/DSP_M_DATA_INST      | ARITHMETIC.DSP.DSP48E2 |
    | grp_node_0_0_Pipeline_l_S_t_1_t_fu_256/hmul_16ns_16ns_16_3_max_dsp_1_U3/node_0_0_hmul_16ns_16ns_16_3_max_dsp_1_ip_u/U0/i_synth/MULT.OP/i_non_prim.MULT/MULT_GEN_VARIANT.FIX_MULT/MULT/gDSP.gDSP_only.iDSP/use_prim.appDSP[0].bppDSP[0].use_dsp.use_dsp48e2.iDSP48E2/DSP_ALU_INST         | ARITHMETIC.DSP.DSP48E2 |
    | grp_node_0_0_Pipeline_l_S_t_1_t_fu_256/hmul_16ns_16ns_16_3_max_dsp_1_U3/node_0_0_hmul_16ns_16ns_16_3_max_dsp_1_ip_u/U0/i_synth/MULT.OP/i_non_prim.MULT/MULT_GEN_VARIANT.FIX_MULT/MULT/gDSP.gDSP_only.iDSP/use_prim.appDSP[0].bppDSP[0].use_dsp.use_dsp48e2.iDSP48E2/DSP_OUTPUT_INST      | ARITHMETIC.DSP.DSP48E2 |
    | grp_node_0_0_Pipeline_l_S_t_1_t_fu_256/hmul_16ns_16ns_16_3_max_dsp_1_U3/node_0_0_hmul_16ns_16ns_16_3_max_dsp_1_ip_u/U0/i_synth/MULT.OP/i_non_prim.MULT/MULT_GEN_VARIANT.FIX_MULT/CHAIN_GEN[0].C_MUX.CARRY_MUX_i_1__0                                                                     | CLB.LUT.LUT3           |
    | grp_node_0_0_Pipeline_l_S_t_1_t_fu_256/hmul_16ns_16ns_16_3_max_dsp_1_U3/node_0_0_hmul_16ns_16ns_16_3_max_dsp_1_ip_u/U0/i_synth/MULT.OP/i_non_prim.R_AND_R/LOGIC.R_AND_R/RND_BIT_GEN/NORM_1_OR_0.STRUCT_REQ.GENERAL.RND1/CHAIN_GEN[0].C_MUX.CARRY_MUX_CARRY4_CARRY8                       | CLB.CARRY.CARRY8       |
    | grp_node_0_0_Pipeline_l_S_t_1_t_fu_256/hmul_16ns_16ns_16_3_max_dsp_1_U3/node_0_0_hmul_16ns_16ns_16_3_max_dsp_1_ip_u/U0/i_synth/MULT.OP/i_non_prim.R_AND_R/LOGIC.R_AND_R/DSP48_E1.DSP48E1_ADD.DSP48E1_ADD/i_no_versal_es1_workaround.DSP/DSP_A_B_DATA_INST                                | ARITHMETIC.DSP.DSP48E2 |
    | grp_node_0_0_Pipeline_l_S_t_1_t_fu_256/hmul_16ns_16ns_16_3_max_dsp_1_U3/node_0_0_hmul_16ns_16ns_16_3_max_dsp_1_ip_u/U0/i_synth/MULT.OP/i_non_prim.R_AND_R/LOGIC.R_AND_R/DSP48_E1.DSP48E1_ADD.DSP48E1_ADD/i_no_versal_es1_workaround.DSP/DSP_ALU_INST                                     | ARITHMETIC.DSP.DSP48E2 |
    | grp_node_0_0_Pipeline_l_S_t_1_t_fu_256/hmul_16ns_16ns_16_3_max_dsp_1_U3/node_0_0_hmul_16ns_16ns_16_3_max_dsp_1_ip_u/U0/i_synth/MULT.OP/i_non_prim.R_AND_R/LOGIC.R_AND_R/DSP48_E1.DSP48E1_ADD.DSP48E1_ADD/i_no_versal_es1_workaround.DSP/DSP_OUTPUT_INST                                  | ARITHMETIC.DSP.DSP48E2 |
    | grp_node_0_0_Pipeline_l_S_t_1_t_fu_256/hmul_16ns_16ns_16_3_max_dsp_1_U3/node_0_0_hmul_16ns_16ns_16_3_max_dsp_1_ip_u/U0/i_synth/MULT.OP/i_non_prim.R_AND_R/LOGIC.R_AND_R/EXP_ADD.ADD/CHAIN_GEN[0].C_MUX.CARRY_MUX_CARRY4_CARRY8                                                           | CLB.CARRY.CARRY8       |
    | grp_node_0_0_Pipeline_l_S_t_1_t_fu_256/hmul_16ns_16ns_16_3_max_dsp_1_U3/node_0_0_hmul_16ns_16ns_16_3_max_dsp_1_ip_u/U0/i_synth/MULT.OP/i_non_prim.EXP/EXP_ADD.C_CHAIN/RESULT_REG.NORMAL.exp_op[0]_i_1                                                                                    | CLB.LUT.LUT6           |
    | grp_node_0_0_Pipeline_l_S_t_1_t_fu_256/hmul_16ns_16ns_16_3_max_dsp_1_U3/node_0_0_hmul_16ns_16ns_16_3_max_dsp_1_ip_u/U0/i_synth/MULT.OP/i_non_prim.OP/RESULT_REG.NORMAL.exp_op_reg[0]                                                                                                     | REGISTER.SDR.FDRE      |
    | grp_node_0_0_Pipeline_l_S_t_1_t_fu_256/hadd_16ns_16ns_16_3_no_dsp_1_U1/din1_buf1_reg[9]_replica                                                                                                                                                                                          | REGISTER.SDR.FDRE      |
    | grp_node_0_0_Pipeline_l_S_t_1_t_fu_256/hadd_16ns_16ns_16_3_no_dsp_1_U1/node_0_0_hadd_16ns_16ns_16_3_no_dsp_1_ip_u/U0/i_synth/ADDSUB_OP.ADDSUB/LOGIC_SPEED.OP/EXP/NUMB_CMP/NOT_FAST.CMP/C_CHAIN/CHAIN_GEN[4].C_MUX.CARRY_MUX_i_1__3                                                       | CLB.LUT.LUT4           |
    | grp_node_0_0_Pipeline_l_S_t_1_t_fu_256/hadd_16ns_16ns_16_3_no_dsp_1_U1/node_0_0_hadd_16ns_16ns_16_3_no_dsp_1_ip_u/U0/i_synth/ADDSUB_OP.ADDSUB/LOGIC_SPEED.OP/EXP/NUMB_CMP/NOT_FAST.CMP/C_CHAIN/CHAIN_GEN[0].C_MUX.CARRY_MUX_CARRY4_CARRY8                                                | CLB.CARRY.CARRY8       |
    | grp_node_0_0_Pipeline_l_S_t_1_t_fu_256/hadd_16ns_16ns_16_3_no_dsp_1_U1/node_0_0_hadd_16ns_16ns_16_3_no_dsp_1_ip_u/U0/i_synth/ADDSUB_OP.ADDSUB/LOGIC_SPEED.OP/EXP/NUMB_CMP/NOT_FAST.CMP/C_CHAIN/CHAIN_GEN[1].C_MUX.CARRY_MUX_i_2__3                                                       | CLB.LUT.LUT6           |
    | grp_node_0_0_Pipeline_l_S_t_1_t_fu_256/hadd_16ns_16ns_16_3_no_dsp_1_U1/node_0_0_hadd_16ns_16ns_16_3_no_dsp_1_ip_u/U0/i_synth/ADDSUB_OP.ADDSUB/LOGIC_SPEED.OP/EXP/NUMB_CMP/NOT_FAST.CMP/C_CHAIN/CHAIN_GEN[1].C_MUX.CARRY_MUX_i_1__5                                                       | CLB.LUT.LUT4           |
    | grp_node_0_0_Pipeline_l_S_t_1_t_fu_256/hadd_16ns_16ns_16_3_no_dsp_1_U1/node_0_0_hadd_16ns_16ns_16_3_no_dsp_1_ip_u/U0/i_synth/ADDSUB_OP.ADDSUB/LOGIC_SPEED.OP/ALIGN_BLK/ALIGN_SHIFT/ALIGN_Z_D/EQ_ZERO/CARRY_ZERO_DET/CHAIN_GEN[0].C_MUX.CARRY_MUX_CARRY4_CARRY8                           | CLB.CARRY.CARRY8       |
    | grp_node_0_0_Pipeline_l_S_t_1_t_fu_256/hadd_16ns_16ns_16_3_no_dsp_1_U1/node_0_0_hadd_16ns_16ns_16_3_no_dsp_1_ip_u/U0/i_synth/ADDSUB_OP.ADDSUB/LOGIC_SPEED.OP/EXP/NUMB_CMP/NOT_FAST.CMP/C_CHAIN/STRUCT_ADD1.CARRY_MUX2_i_7                                                                | CLB.LUT.LUT5           |
    | grp_node_0_0_Pipeline_l_S_t_1_t_fu_256/hadd_16ns_16ns_16_3_no_dsp_1_U1/node_0_0_hadd_16ns_16ns_16_3_no_dsp_1_ip_u/U0/i_synth/ADDSUB_OP.ADDSUB/LOGIC_SPEED.OP/EXP/NUMB_CMP/NOT_FAST.CMP/C_CHAIN/STRUCT_ADD1.CARRY_MUX2_i_2                                                                | CLB.LUT.LUT6           |
    | grp_node_0_0_Pipeline_l_S_t_1_t_fu_256/hadd_16ns_16ns_16_3_no_dsp_1_U1/node_0_0_hadd_16ns_16ns_16_3_no_dsp_1_ip_u/U0/i_synth/ADDSUB_OP.ADDSUB/LOGIC_SPEED.OP/EXP/NUMB_CMP/NOT_FAST.CMP/C_CHAIN/STRUCT_ADD1.CARRY_MUX2_i_1                                                                | CLB.LUT.LUT6           |
    | grp_node_0_0_Pipeline_l_S_t_1_t_fu_256/hadd_16ns_16ns_16_3_no_dsp_1_U1/node_0_0_hadd_16ns_16ns_16_3_no_dsp_1_ip_u/U0/i_synth/ADDSUB_OP.ADDSUB/LOGIC_SPEED.OP/ALIGN_BLK/FRAC_ADDSUB/LOGIC_ADD.FRAC_ADDSUB/STRUCT_ADD1.CARRY_MUX1_CARRY4_CARRY8                                            | CLB.CARRY.CARRY8       |
    | grp_node_0_0_Pipeline_l_S_t_1_t_fu_256/hadd_16ns_16ns_16_3_no_dsp_1_U1/node_0_0_hadd_16ns_16ns_16_3_no_dsp_1_ip_u/U0/i_synth/ADDSUB_OP.ADDSUB/LOGIC_SPEED.OP/ALIGN_BLK/FRAC_ADDSUB/LOGIC_ADD.FRAC_ADDSUB/STRUCT_ADD2.ADD1/CHAIN_GEN[0].C_MUX.CARRY_MUX_CARRY4_CARRY8                     | CLB.CARRY.CARRY8       |
    | grp_node_0_0_Pipeline_l_S_t_1_t_fu_256/hadd_16ns_16ns_16_3_no_dsp_1_U1/node_0_0_hadd_16ns_16ns_16_3_no_dsp_1_ip_u/U0/i_synth/ADDSUB_OP.ADDSUB/LOGIC_SPEED.OP/ALIGN_BLK/FRAC_ADDSUB/LOGIC_ADD.FRAC_ADDSUB/STRUCT_ADD2.ADD1/CHAIN_GEN[0].C_MUX.CARRY_MUX_i_1__2                            | CLB.LUT.LUT4           |
    | grp_node_0_0_Pipeline_l_S_t_1_t_fu_256/hadd_16ns_16ns_16_3_no_dsp_1_U1/node_0_0_hadd_16ns_16ns_16_3_no_dsp_1_ip_u/U0/i_synth/ADDSUB_OP.ADDSUB/LOGIC_SPEED.OP/NORM/LZE/ZERO_DET_CC_1/CHAIN_GEN[0].C_MUX.CARRY_MUX_CARRY4_CARRY8                                                           | CLB.CARRY.CARRY8       |
    | grp_node_0_0_Pipeline_l_S_t_1_t_fu_256/hadd_16ns_16ns_16_3_no_dsp_1_U1/node_0_0_hadd_16ns_16ns_16_3_no_dsp_1_ip_u/U0/i_synth/ADDSUB_OP.ADDSUB/LOGIC_SPEED.OP/ALIGN_BLK/FRAC_ADDSUB/LOGIC_ADD.FRAC_ADDSUB/STRUCT_ADD2.ADD1/RESULT_REG.NORMAL.exp_op[2]_i_7                                | CLB.LUT.LUT5           |
    | grp_node_0_0_Pipeline_l_S_t_1_t_fu_256/hadd_16ns_16ns_16_3_no_dsp_1_U1/node_0_0_hadd_16ns_16ns_16_3_no_dsp_1_ip_u/U0/i_synth/ADDSUB_OP.ADDSUB/LOGIC_SPEED.OP/ALIGN_BLK/FRAC_ADDSUB/LOGIC_ADD.FRAC_ADDSUB/STRUCT_ADD1.ADD1/RESULT_REG.NORMAL.exp_op[1]_i_3                                | CLB.LUT.LUT5           |
    | grp_node_0_0_Pipeline_l_S_t_1_t_fu_256/hadd_16ns_16ns_16_3_no_dsp_1_U1/node_0_0_hadd_16ns_16ns_16_3_no_dsp_1_ip_u/U0/i_synth/ADDSUB_OP.ADDSUB/LOGIC_SPEED.OP/ALIGN_BLK/FRAC_ADDSUB/LOGIC_ADD.FRAC_ADDSUB/STRUCT_ADD1.ADD1/CHAIN_GEN[0].C_MUX.CARRY_MUX_i_6__0                            | CLB.LUT.LUT5           |
    | grp_node_0_0_Pipeline_l_S_t_1_t_fu_256/hadd_16ns_16ns_16_3_no_dsp_1_U1/node_0_0_hadd_16ns_16ns_16_3_no_dsp_1_ip_u/U0/i_synth/ADDSUB_OP.ADDSUB/LOGIC_SPEED.OP/ALIGN_BLK/FRAC_ADDSUB/LOGIC_ADD.FRAC_ADDSUB/STRUCT_ADD1.ADD1/CHAIN_GEN[0].C_MUX.CARRY_MUX_i_3__0                            | CLB.LUT.LUT6           |
    | grp_node_0_0_Pipeline_l_S_t_1_t_fu_256/hadd_16ns_16ns_16_3_no_dsp_1_U1/node_0_0_hadd_16ns_16ns_16_3_no_dsp_1_ip_u/U0/i_synth/ADDSUB_OP.ADDSUB/LOGIC_SPEED.OP/ALIGN_BLK/FRAC_ADDSUB/LOGIC_ADD.FRAC_ADDSUB/STRUCT_ADD1.ADD1/CHAIN_GEN[0].C_MUX.CARRY_MUX_i_1__10                           | CLB.LUT.LUT5           |
    | grp_node_0_0_Pipeline_l_S_t_1_t_fu_256/hadd_16ns_16ns_16_3_no_dsp_1_U1/node_0_0_hadd_16ns_16ns_16_3_no_dsp_1_ip_u/U0/i_synth/ADDSUB_OP.ADDSUB/LOGIC_SPEED.OP/NORM/ROUND/RND_BIT_GEN/NORM_2.RND_CHAIN/CHAIN_GEN[0].C_MUX.CARRY_MUX_CARRY4_CARRY8                                          | CLB.CARRY.CARRY8       |
    | grp_node_0_0_Pipeline_l_S_t_1_t_fu_256/hadd_16ns_16ns_16_3_no_dsp_1_U1/node_0_0_hadd_16ns_16ns_16_3_no_dsp_1_ip_u/U0/i_synth/ADDSUB_OP.ADDSUB/LOGIC_SPEED.OP/NORM/ROUND/LOGIC.RND1/CHAIN_GEN[2].C_MUX.CARRY_MUX_CARRY4_CARRY8                                                            | CLB.CARRY.CARRY8       |
    | grp_node_0_0_Pipeline_l_S_t_1_t_fu_256/hadd_16ns_16ns_16_3_no_dsp_1_U1/node_0_0_hadd_16ns_16ns_16_3_no_dsp_1_ip_u/U0/i_synth/ADDSUB_OP.ADDSUB/LOGIC_SPEED.OP/NORM/ROUND/LOGIC.RND2/CHAIN_GEN[5].Q_XOR.SUM_XOR_CARRY4_CARRY8                                                              | CLB.CARRY.CARRY8       |
    | grp_node_0_0_Pipeline_l_S_t_1_t_fu_256/hadd_16ns_16ns_16_3_no_dsp_1_U1/node_0_0_hadd_16ns_16ns_16_3_no_dsp_1_ip_u/U0/i_synth/ADDSUB_OP.ADDSUB/LOGIC_SPEED.OP/NORM/LZE/ZERO_DET_CC_1/RESULT_REG.NORMAL.exp_op[4]_i_3                                                                      | CLB.LUT.LUT6           |
    | grp_node_0_0_Pipeline_l_S_t_1_t_fu_256/hadd_16ns_16ns_16_3_no_dsp_1_U1/node_0_0_hadd_16ns_16ns_16_3_no_dsp_1_ip_u/U0/i_synth/ADDSUB_OP.ADDSUB/LOGIC_SPEED.OP/NORM/LZE/ZERO_DET_CC_1/RESULT_REG.NORMAL.exp_op[4]_i_1                                                                      | CLB.LUT.LUT6           |
    | grp_node_0_0_Pipeline_l_S_t_1_t_fu_256/hadd_16ns_16ns_16_3_no_dsp_1_U1/node_0_0_hadd_16ns_16ns_16_3_no_dsp_1_ip_u/U0/i_synth/ADDSUB_OP.ADDSUB/LOGIC_SPEED.OP/OP/RESULT_REG.NORMAL.exp_op_reg[4]                                                                                          | REGISTER.SDR.FDRE      |
    | grp_node_0_0_Pipeline_l_S_t_1_t_fu_256/hadd_16ns_16ns_16_3_no_dsp_1_U1/din1_buf1_reg[9]_replica                                                                                                                                                                                          | REGISTER.SDR.FDRE      |
    | grp_node_0_0_Pipeline_l_S_t_1_t_fu_256/hadd_16ns_16ns_16_3_no_dsp_1_U1/node_0_0_hadd_16ns_16ns_16_3_no_dsp_1_ip_u/U0/i_synth/ADDSUB_OP.ADDSUB/LOGIC_SPEED.OP/EXP/NUMB_CMP/NOT_FAST.CMP/C_CHAIN/CHAIN_GEN[4].C_MUX.CARRY_MUX_i_1__3                                                       | CLB.LUT.LUT4           |
    | grp_node_0_0_Pipeline_l_S_t_1_t_fu_256/hadd_16ns_16ns_16_3_no_dsp_1_U1/node_0_0_hadd_16ns_16ns_16_3_no_dsp_1_ip_u/U0/i_synth/ADDSUB_OP.ADDSUB/LOGIC_SPEED.OP/EXP/NUMB_CMP/NOT_FAST.CMP/C_CHAIN/CHAIN_GEN[0].C_MUX.CARRY_MUX_CARRY4_CARRY8                                                | CLB.CARRY.CARRY8       |
    | grp_node_0_0_Pipeline_l_S_t_1_t_fu_256/hadd_16ns_16ns_16_3_no_dsp_1_U1/node_0_0_hadd_16ns_16ns_16_3_no_dsp_1_ip_u/U0/i_synth/ADDSUB_OP.ADDSUB/LOGIC_SPEED.OP/EXP/NUMB_CMP/NOT_FAST.CMP/C_CHAIN/CHAIN_GEN[1].C_MUX.CARRY_MUX_i_2__3                                                       | CLB.LUT.LUT6           |
    | grp_node_0_0_Pipeline_l_S_t_1_t_fu_256/hadd_16ns_16ns_16_3_no_dsp_1_U1/node_0_0_hadd_16ns_16ns_16_3_no_dsp_1_ip_u/U0/i_synth/ADDSUB_OP.ADDSUB/LOGIC_SPEED.OP/EXP/NUMB_CMP/NOT_FAST.CMP/C_CHAIN/CHAIN_GEN[1].C_MUX.CARRY_MUX_i_1__5                                                       | CLB.LUT.LUT4           |
    | grp_node_0_0_Pipeline_l_S_t_1_t_fu_256/hadd_16ns_16ns_16_3_no_dsp_1_U1/node_0_0_hadd_16ns_16ns_16_3_no_dsp_1_ip_u/U0/i_synth/ADDSUB_OP.ADDSUB/LOGIC_SPEED.OP/ALIGN_BLK/ALIGN_SHIFT/ALIGN_Z_D/EQ_ZERO/CARRY_ZERO_DET/CHAIN_GEN[0].C_MUX.CARRY_MUX_CARRY4_CARRY8                           | CLB.CARRY.CARRY8       |
    | grp_node_0_0_Pipeline_l_S_t_1_t_fu_256/hadd_16ns_16ns_16_3_no_dsp_1_U1/node_0_0_hadd_16ns_16ns_16_3_no_dsp_1_ip_u/U0/i_synth/ADDSUB_OP.ADDSUB/LOGIC_SPEED.OP/EXP/NUMB_CMP/NOT_FAST.CMP/C_CHAIN/STRUCT_ADD1.CARRY_MUX2_i_7                                                                | CLB.LUT.LUT5           |
    | grp_node_0_0_Pipeline_l_S_t_1_t_fu_256/hadd_16ns_16ns_16_3_no_dsp_1_U1/node_0_0_hadd_16ns_16ns_16_3_no_dsp_1_ip_u/U0/i_synth/ADDSUB_OP.ADDSUB/LOGIC_SPEED.OP/EXP/NUMB_CMP/NOT_FAST.CMP/C_CHAIN/STRUCT_ADD1.CARRY_MUX2_i_2                                                                | CLB.LUT.LUT6           |
    | grp_node_0_0_Pipeline_l_S_t_1_t_fu_256/hadd_16ns_16ns_16_3_no_dsp_1_U1/node_0_0_hadd_16ns_16ns_16_3_no_dsp_1_ip_u/U0/i_synth/ADDSUB_OP.ADDSUB/LOGIC_SPEED.OP/EXP/NUMB_CMP/NOT_FAST.CMP/C_CHAIN/STRUCT_ADD1.CARRY_MUX2_i_1                                                                | CLB.LUT.LUT6           |
    | grp_node_0_0_Pipeline_l_S_t_1_t_fu_256/hadd_16ns_16ns_16_3_no_dsp_1_U1/node_0_0_hadd_16ns_16ns_16_3_no_dsp_1_ip_u/U0/i_synth/ADDSUB_OP.ADDSUB/LOGIC_SPEED.OP/ALIGN_BLK/FRAC_ADDSUB/LOGIC_ADD.FRAC_ADDSUB/STRUCT_ADD1.CARRY_MUX1_CARRY4_CARRY8                                            | CLB.CARRY.CARRY8       |
    | grp_node_0_0_Pipeline_l_S_t_1_t_fu_256/hadd_16ns_16ns_16_3_no_dsp_1_U1/node_0_0_hadd_16ns_16ns_16_3_no_dsp_1_ip_u/U0/i_synth/ADDSUB_OP.ADDSUB/LOGIC_SPEED.OP/ALIGN_BLK/FRAC_ADDSUB/LOGIC_ADD.FRAC_ADDSUB/STRUCT_ADD2.ADD1/CHAIN_GEN[0].C_MUX.CARRY_MUX_CARRY4_CARRY8                     | CLB.CARRY.CARRY8       |
    | grp_node_0_0_Pipeline_l_S_t_1_t_fu_256/hadd_16ns_16ns_16_3_no_dsp_1_U1/node_0_0_hadd_16ns_16ns_16_3_no_dsp_1_ip_u/U0/i_synth/ADDSUB_OP.ADDSUB/LOGIC_SPEED.OP/ALIGN_BLK/FRAC_ADDSUB/LOGIC_ADD.FRAC_ADDSUB/STRUCT_ADD2.ADD1/CHAIN_GEN[0].C_MUX.CARRY_MUX_i_1__2                            | CLB.LUT.LUT4           |
    | grp_node_0_0_Pipeline_l_S_t_1_t_fu_256/hadd_16ns_16ns_16_3_no_dsp_1_U1/node_0_0_hadd_16ns_16ns_16_3_no_dsp_1_ip_u/U0/i_synth/ADDSUB_OP.ADDSUB/LOGIC_SPEED.OP/NORM/LZE/ZERO_DET_CC_1/CHAIN_GEN[0].C_MUX.CARRY_MUX_CARRY4_CARRY8                                                           | CLB.CARRY.CARRY8       |
    | grp_node_0_0_Pipeline_l_S_t_1_t_fu_256/hadd_16ns_16ns_16_3_no_dsp_1_U1/node_0_0_hadd_16ns_16ns_16_3_no_dsp_1_ip_u/U0/i_synth/ADDSUB_OP.ADDSUB/LOGIC_SPEED.OP/ALIGN_BLK/FRAC_ADDSUB/LOGIC_ADD.FRAC_ADDSUB/STRUCT_ADD2.ADD1/RESULT_REG.NORMAL.exp_op[2]_i_7                                | CLB.LUT.LUT5           |
    | grp_node_0_0_Pipeline_l_S_t_1_t_fu_256/hadd_16ns_16ns_16_3_no_dsp_1_U1/node_0_0_hadd_16ns_16ns_16_3_no_dsp_1_ip_u/U0/i_synth/ADDSUB_OP.ADDSUB/LOGIC_SPEED.OP/ALIGN_BLK/FRAC_ADDSUB/LOGIC_ADD.FRAC_ADDSUB/STRUCT_ADD1.ADD1/RESULT_REG.NORMAL.exp_op[1]_i_3                                | CLB.LUT.LUT5           |
    | grp_node_0_0_Pipeline_l_S_t_1_t_fu_256/hadd_16ns_16ns_16_3_no_dsp_1_U1/node_0_0_hadd_16ns_16ns_16_3_no_dsp_1_ip_u/U0/i_synth/ADDSUB_OP.ADDSUB/LOGIC_SPEED.OP/ALIGN_BLK/FRAC_ADDSUB/LOGIC_ADD.FRAC_ADDSUB/STRUCT_ADD1.ADD1/CHAIN_GEN[0].C_MUX.CARRY_MUX_i_6__0                            | CLB.LUT.LUT5           |
    | grp_node_0_0_Pipeline_l_S_t_1_t_fu_256/hadd_16ns_16ns_16_3_no_dsp_1_U1/node_0_0_hadd_16ns_16ns_16_3_no_dsp_1_ip_u/U0/i_synth/ADDSUB_OP.ADDSUB/LOGIC_SPEED.OP/ALIGN_BLK/FRAC_ADDSUB/LOGIC_ADD.FRAC_ADDSUB/STRUCT_ADD1.ADD1/CHAIN_GEN[0].C_MUX.CARRY_MUX_i_3__0                            | CLB.LUT.LUT6           |
    | grp_node_0_0_Pipeline_l_S_t_1_t_fu_256/hadd_16ns_16ns_16_3_no_dsp_1_U1/node_0_0_hadd_16ns_16ns_16_3_no_dsp_1_ip_u/U0/i_synth/ADDSUB_OP.ADDSUB/LOGIC_SPEED.OP/ALIGN_BLK/FRAC_ADDSUB/LOGIC_ADD.FRAC_ADDSUB/STRUCT_ADD1.ADD1/CHAIN_GEN[0].C_MUX.CARRY_MUX_i_1__10                           | CLB.LUT.LUT5           |
    | grp_node_0_0_Pipeline_l_S_t_1_t_fu_256/hadd_16ns_16ns_16_3_no_dsp_1_U1/node_0_0_hadd_16ns_16ns_16_3_no_dsp_1_ip_u/U0/i_synth/ADDSUB_OP.ADDSUB/LOGIC_SPEED.OP/NORM/ROUND/RND_BIT_GEN/NORM_2.RND_CHAIN/CHAIN_GEN[0].C_MUX.CARRY_MUX_CARRY4_CARRY8                                          | CLB.CARRY.CARRY8       |
    | grp_node_0_0_Pipeline_l_S_t_1_t_fu_256/hadd_16ns_16ns_16_3_no_dsp_1_U1/node_0_0_hadd_16ns_16ns_16_3_no_dsp_1_ip_u/U0/i_synth/ADDSUB_OP.ADDSUB/LOGIC_SPEED.OP/NORM/ROUND/LOGIC.RND1/CHAIN_GEN[2].C_MUX.CARRY_MUX_CARRY4_CARRY8                                                            | CLB.CARRY.CARRY8       |
    | grp_node_0_0_Pipeline_l_S_t_1_t_fu_256/hadd_16ns_16ns_16_3_no_dsp_1_U1/node_0_0_hadd_16ns_16ns_16_3_no_dsp_1_ip_u/U0/i_synth/ADDSUB_OP.ADDSUB/LOGIC_SPEED.OP/NORM/ROUND/LOGIC.RND2/CHAIN_GEN[5].Q_XOR.SUM_XOR_CARRY4_CARRY8                                                              | CLB.CARRY.CARRY8       |
    | grp_node_0_0_Pipeline_l_S_t_1_t_fu_256/hadd_16ns_16ns_16_3_no_dsp_1_U1/node_0_0_hadd_16ns_16ns_16_3_no_dsp_1_ip_u/U0/i_synth/ADDSUB_OP.ADDSUB/LOGIC_SPEED.OP/NORM/LZE/ZERO_DET_CC_1/RESULT_REG.NORMAL.exp_op[4]_i_3                                                                      | CLB.LUT.LUT6           |
    | grp_node_0_0_Pipeline_l_S_t_1_t_fu_256/hadd_16ns_16ns_16_3_no_dsp_1_U1/node_0_0_hadd_16ns_16ns_16_3_no_dsp_1_ip_u/U0/i_synth/ADDSUB_OP.ADDSUB/LOGIC_SPEED.OP/NORM/LZE/ZERO_DET_CC_1/RESULT_REG.NORMAL.exp_op[3]_i_1                                                                      | CLB.LUT.LUT6           |
    | grp_node_0_0_Pipeline_l_S_t_1_t_fu_256/hadd_16ns_16ns_16_3_no_dsp_1_U1/node_0_0_hadd_16ns_16ns_16_3_no_dsp_1_ip_u/U0/i_synth/ADDSUB_OP.ADDSUB/LOGIC_SPEED.OP/OP/RESULT_REG.NORMAL.exp_op_reg[3]                                                                                          | REGISTER.SDR.FDRE      |
    | grp_node_0_0_Pipeline_l_S_t_1_t_fu_256/hadd_16ns_16ns_16_3_no_dsp_1_U1/din0_buf1_reg[8]                                                                                                                                                                                                  | REGISTER.SDR.FDRE      |
    | grp_node_0_0_Pipeline_l_S_t_1_t_fu_256/hsub_16ns_16ns_16_3_no_dsp_1_U2/node_0_0_hsub_16ns_16ns_16_3_no_dsp_1_ip_u/U0/i_synth/ADDSUB_OP.ADDSUB/LOGIC_SPEED.OP/EXP/NUMB_CMP/NOT_FAST.CMP/C_CHAIN/CHAIN_GEN[4].C_MUX.CARRY_MUX_i_1__3                                                       | CLB.LUT.LUT4           |
    | grp_node_0_0_Pipeline_l_S_t_1_t_fu_256/hsub_16ns_16ns_16_3_no_dsp_1_U2/node_0_0_hsub_16ns_16ns_16_3_no_dsp_1_ip_u/U0/i_synth/ADDSUB_OP.ADDSUB/LOGIC_SPEED.OP/EXP/NUMB_CMP/NOT_FAST.CMP/C_CHAIN/CHAIN_GEN[0].C_MUX.CARRY_MUX_CARRY4_CARRY8                                                | CLB.CARRY.CARRY8       |
    | grp_node_0_0_Pipeline_l_S_t_1_t_fu_256/hsub_16ns_16ns_16_3_no_dsp_1_U2/node_0_0_hsub_16ns_16ns_16_3_no_dsp_1_ip_u/U0/i_synth/ADDSUB_OP.ADDSUB/LOGIC_SPEED.OP/EXP/NUMB_CMP/NOT_FAST.CMP/C_CHAIN/CHAIN_GEN[1].C_MUX.CARRY_MUX_i_3__1                                                       | CLB.LUT.LUT6           |
    | grp_node_0_0_Pipeline_l_S_t_1_t_fu_256/hsub_16ns_16ns_16_3_no_dsp_1_U2/node_0_0_hsub_16ns_16ns_16_3_no_dsp_1_ip_u/U0/i_synth/ADDSUB_OP.ADDSUB/LOGIC_SPEED.OP/EXP/NUMB_CMP/NOT_FAST.CMP/C_CHAIN/CHAIN_GEN[1].C_MUX.CARRY_MUX_i_1__1                                                       | CLB.LUT.LUT4           |
    | grp_node_0_0_Pipeline_l_S_t_1_t_fu_256/hsub_16ns_16ns_16_3_no_dsp_1_U2/node_0_0_hsub_16ns_16ns_16_3_no_dsp_1_ip_u/U0/i_synth/ADDSUB_OP.ADDSUB/LOGIC_SPEED.OP/ALIGN_BLK/ALIGN_SHIFT/ALIGN_Z_D/EQ_ZERO/CARRY_ZERO_DET/CHAIN_GEN[0].C_MUX.CARRY_MUX_CARRY4_CARRY8                           | CLB.CARRY.CARRY8       |
    | grp_node_0_0_Pipeline_l_S_t_1_t_fu_256/hsub_16ns_16ns_16_3_no_dsp_1_U2/node_0_0_hsub_16ns_16ns_16_3_no_dsp_1_ip_u/U0/i_synth/ADDSUB_OP.ADDSUB/LOGIC_SPEED.OP/EXP/NUMB_CMP/NOT_FAST.CMP/C_CHAIN/STRUCT_ADD1.CARRY_MUX2_i_2                                                                | CLB.LUT.LUT5           |
    | grp_node_0_0_Pipeline_l_S_t_1_t_fu_256/hsub_16ns_16ns_16_3_no_dsp_1_U2/node_0_0_hsub_16ns_16ns_16_3_no_dsp_1_ip_u/U0/i_synth/ADDSUB_OP.ADDSUB/LOGIC_SPEED.OP/EXP/NUMB_CMP/NOT_FAST.CMP/C_CHAIN/STRUCT_ADD1.CARRY_MUX2_i_1                                                                | CLB.LUT.LUT6           |
    | grp_node_0_0_Pipeline_l_S_t_1_t_fu_256/hsub_16ns_16ns_16_3_no_dsp_1_U2/node_0_0_hsub_16ns_16ns_16_3_no_dsp_1_ip_u/U0/i_synth/ADDSUB_OP.ADDSUB/LOGIC_SPEED.OP/ALIGN_BLK/FRAC_ADDSUB/LOGIC_ADD.FRAC_ADDSUB/STRUCT_ADD1.CARRY_MUX1_CARRY4_CARRY8                                            | CLB.CARRY.CARRY8       |
    | grp_node_0_0_Pipeline_l_S_t_1_t_fu_256/hsub_16ns_16ns_16_3_no_dsp_1_U2/node_0_0_hsub_16ns_16ns_16_3_no_dsp_1_ip_u/U0/i_synth/ADDSUB_OP.ADDSUB/LOGIC_SPEED.OP/ALIGN_BLK/FRAC_ADDSUB/LOGIC_ADD.FRAC_ADDSUB/STRUCT_ADD2.ADD1/CHAIN_GEN[0].C_MUX.CARRY_MUX_CARRY4_CARRY8                     | CLB.CARRY.CARRY8       |
    | grp_node_0_0_Pipeline_l_S_t_1_t_fu_256/hsub_16ns_16ns_16_3_no_dsp_1_U2/node_0_0_hsub_16ns_16ns_16_3_no_dsp_1_ip_u/U0/i_synth/ADDSUB_OP.ADDSUB/LOGIC_SPEED.OP/ALIGN_BLK/FRAC_ADDSUB/LOGIC_ADD.FRAC_ADDSUB/STRUCT_ADD2.ADD1/CHAIN_GEN[1].C_MUX.CARRY_MUX_i_1__4                            | CLB.LUT.LUT4           |
    | grp_node_0_0_Pipeline_l_S_t_1_t_fu_256/hsub_16ns_16ns_16_3_no_dsp_1_U2/node_0_0_hsub_16ns_16ns_16_3_no_dsp_1_ip_u/U0/i_synth/ADDSUB_OP.ADDSUB/LOGIC_SPEED.OP/NORM/LZE/ZERO_DET_CC_1/CHAIN_GEN[0].C_MUX.CARRY_MUX_CARRY4_CARRY8                                                           | CLB.CARRY.CARRY8       |
    | grp_node_0_0_Pipeline_l_S_t_1_t_fu_256/hsub_16ns_16ns_16_3_no_dsp_1_U2/node_0_0_hsub_16ns_16ns_16_3_no_dsp_1_ip_u/U0/i_synth/ADDSUB_OP.ADDSUB/LOGIC_SPEED.OP/ALIGN_BLK/FRAC_ADDSUB/LOGIC_ADD.FRAC_ADDSUB/STRUCT_ADD2.ADD1/CHAIN_GEN[1].C_MUX.CARRY_MUX_i_5__1                            | CLB.LUT.LUT6           |
    | grp_node_0_0_Pipeline_l_S_t_1_t_fu_256/hsub_16ns_16ns_16_3_no_dsp_1_U2/node_0_0_hsub_16ns_16ns_16_3_no_dsp_1_ip_u/U0/i_synth/ADDSUB_OP.ADDSUB/LOGIC_SPEED.OP/ALIGN_BLK/FRAC_ADDSUB/LOGIC_ADD.FRAC_ADDSUB/STRUCT_ADD2.ADD1/CHAIN_GEN[1].C_MUX.CARRY_MUX_i_2__3                            | CLB.LUT.LUT6           |
    | grp_node_0_0_Pipeline_l_S_t_1_t_fu_256/hsub_16ns_16ns_16_3_no_dsp_1_U2/node_0_0_hsub_16ns_16ns_16_3_no_dsp_1_ip_u/U0/i_synth/ADDSUB_OP.ADDSUB/LOGIC_SPEED.OP/ALIGN_BLK/FRAC_ADDSUB/LOGIC_ADD.FRAC_ADDSUB/STRUCT_ADD2.ADD1/CHAIN_GEN[0].C_MUX.CARRY_MUX_i_6__0                            | CLB.LUT.LUT5           |
    | grp_node_0_0_Pipeline_l_S_t_1_t_fu_256/hsub_16ns_16ns_16_3_no_dsp_1_U2/node_0_0_hsub_16ns_16ns_16_3_no_dsp_1_ip_u/U0/i_synth/ADDSUB_OP.ADDSUB/LOGIC_SPEED.OP/ALIGN_BLK/FRAC_ADDSUB/LOGIC_ADD.FRAC_ADDSUB/STRUCT_ADD1.ADD1/CHAIN_GEN[0].C_MUX.CARRY_MUX_i_5__0                            | CLB.LUT.LUT6           |
    | grp_node_0_0_Pipeline_l_S_t_1_t_fu_256/hsub_16ns_16ns_16_3_no_dsp_1_U2/node_0_0_hsub_16ns_16ns_16_3_no_dsp_1_ip_u/U0/i_synth/ADDSUB_OP.ADDSUB/LOGIC_SPEED.OP/ALIGN_BLK/FRAC_ADDSUB/LOGIC_ADD.FRAC_ADDSUB/STRUCT_ADD1.ADD1/CHAIN_GEN[0].C_MUX.CARRY_MUX_i_1__9                            | CLB.LUT.LUT6           |
    | grp_node_0_0_Pipeline_l_S_t_1_t_fu_256/hsub_16ns_16ns_16_3_no_dsp_1_U2/node_0_0_hsub_16ns_16ns_16_3_no_dsp_1_ip_u/U0/i_synth/ADDSUB_OP.ADDSUB/LOGIC_SPEED.OP/NORM/ROUND/RND_BIT_GEN/NORM_2.RND_CHAIN/CHAIN_GEN[0].C_MUX.CARRY_MUX_CARRY4_CARRY8                                          | CLB.CARRY.CARRY8       |
    | grp_node_0_0_Pipeline_l_S_t_1_t_fu_256/hsub_16ns_16ns_16_3_no_dsp_1_U2/node_0_0_hsub_16ns_16ns_16_3_no_dsp_1_ip_u/U0/i_synth/ADDSUB_OP.ADDSUB/LOGIC_SPEED.OP/NORM/ROUND/LOGIC.RND1/CHAIN_GEN[2].C_MUX.CARRY_MUX_CARRY4_CARRY8                                                            | CLB.CARRY.CARRY8       |
    | grp_node_0_0_Pipeline_l_S_t_1_t_fu_256/hsub_16ns_16ns_16_3_no_dsp_1_U2/node_0_0_hsub_16ns_16ns_16_3_no_dsp_1_ip_u/U0/i_synth/ADDSUB_OP.ADDSUB/LOGIC_SPEED.OP/NORM/ROUND/LOGIC.RND2/CHAIN_GEN[5].Q_XOR.SUM_XOR_CARRY4_CARRY8                                                              | CLB.CARRY.CARRY8       |
    | grp_node_0_0_Pipeline_l_S_t_1_t_fu_256/hsub_16ns_16ns_16_3_no_dsp_1_U2/node_0_0_hsub_16ns_16ns_16_3_no_dsp_1_ip_u/U0/i_synth/ADDSUB_OP.ADDSUB/LOGIC_SPEED.OP/ALIGN_BLK/FRAC_ADDSUB/LOGIC_ADD.FRAC_ADDSUB/STRUCT_ADD1.ADD1/RESULT_REG.NORMAL.exp_op[0]_i_2                                | CLB.LUT.LUT6           |
    | grp_node_0_0_Pipeline_l_S_t_1_t_fu_256/hsub_16ns_16ns_16_3_no_dsp_1_U2/node_0_0_hsub_16ns_16ns_16_3_no_dsp_1_ip_u/U0/i_synth/ADDSUB_OP.ADDSUB/LOGIC_SPEED.OP/EXP/EXP_OFF.STRUCT_ADD/RESULT_REG.NORMAL.exp_op[0]_i_1                                                                      | CLB.LUT.LUT6           |
    | grp_node_0_0_Pipeline_l_S_t_1_t_fu_256/hsub_16ns_16ns_16_3_no_dsp_1_U2/node_0_0_hsub_16ns_16ns_16_3_no_dsp_1_ip_u/U0/i_synth/ADDSUB_OP.ADDSUB/LOGIC_SPEED.OP/OP/RESULT_REG.NORMAL.exp_op_reg[0]                                                                                          | REGISTER.SDR.FDRE      |
    | grp_node_0_0_Pipeline_l_S_t_1_t_fu_256/hadd_16ns_16ns_16_3_no_dsp_1_U1/din1_buf1_reg[9]_replica                                                                                                                                                                                          | REGISTER.SDR.FDRE      |
    | grp_node_0_0_Pipeline_l_S_t_1_t_fu_256/hadd_16ns_16ns_16_3_no_dsp_1_U1/node_0_0_hadd_16ns_16ns_16_3_no_dsp_1_ip_u/U0/i_synth/ADDSUB_OP.ADDSUB/LOGIC_SPEED.OP/EXP/NUMB_CMP/NOT_FAST.CMP/C_CHAIN/CHAIN_GEN[4].C_MUX.CARRY_MUX_i_1__3                                                       | CLB.LUT.LUT4           |
    | grp_node_0_0_Pipeline_l_S_t_1_t_fu_256/hadd_16ns_16ns_16_3_no_dsp_1_U1/node_0_0_hadd_16ns_16ns_16_3_no_dsp_1_ip_u/U0/i_synth/ADDSUB_OP.ADDSUB/LOGIC_SPEED.OP/EXP/NUMB_CMP/NOT_FAST.CMP/C_CHAIN/CHAIN_GEN[0].C_MUX.CARRY_MUX_CARRY4_CARRY8                                                | CLB.CARRY.CARRY8       |
    | grp_node_0_0_Pipeline_l_S_t_1_t_fu_256/hadd_16ns_16ns_16_3_no_dsp_1_U1/node_0_0_hadd_16ns_16ns_16_3_no_dsp_1_ip_u/U0/i_synth/ADDSUB_OP.ADDSUB/LOGIC_SPEED.OP/EXP/NUMB_CMP/NOT_FAST.CMP/C_CHAIN/CHAIN_GEN[1].C_MUX.CARRY_MUX_i_2__3                                                       | CLB.LUT.LUT6           |
    | grp_node_0_0_Pipeline_l_S_t_1_t_fu_256/hadd_16ns_16ns_16_3_no_dsp_1_U1/node_0_0_hadd_16ns_16ns_16_3_no_dsp_1_ip_u/U0/i_synth/ADDSUB_OP.ADDSUB/LOGIC_SPEED.OP/EXP/NUMB_CMP/NOT_FAST.CMP/C_CHAIN/CHAIN_GEN[1].C_MUX.CARRY_MUX_i_1__5                                                       | CLB.LUT.LUT4           |
    | grp_node_0_0_Pipeline_l_S_t_1_t_fu_256/hadd_16ns_16ns_16_3_no_dsp_1_U1/node_0_0_hadd_16ns_16ns_16_3_no_dsp_1_ip_u/U0/i_synth/ADDSUB_OP.ADDSUB/LOGIC_SPEED.OP/ALIGN_BLK/ALIGN_SHIFT/ALIGN_Z_D/EQ_ZERO/CARRY_ZERO_DET/CHAIN_GEN[0].C_MUX.CARRY_MUX_CARRY4_CARRY8                           | CLB.CARRY.CARRY8       |
    | grp_node_0_0_Pipeline_l_S_t_1_t_fu_256/hadd_16ns_16ns_16_3_no_dsp_1_U1/node_0_0_hadd_16ns_16ns_16_3_no_dsp_1_ip_u/U0/i_synth/ADDSUB_OP.ADDSUB/LOGIC_SPEED.OP/EXP/NUMB_CMP/NOT_FAST.CMP/C_CHAIN/STRUCT_ADD1.CARRY_MUX2_i_7                                                                | CLB.LUT.LUT5           |
    | grp_node_0_0_Pipeline_l_S_t_1_t_fu_256/hadd_16ns_16ns_16_3_no_dsp_1_U1/node_0_0_hadd_16ns_16ns_16_3_no_dsp_1_ip_u/U0/i_synth/ADDSUB_OP.ADDSUB/LOGIC_SPEED.OP/EXP/NUMB_CMP/NOT_FAST.CMP/C_CHAIN/STRUCT_ADD1.CARRY_MUX2_i_2                                                                | CLB.LUT.LUT6           |
    | grp_node_0_0_Pipeline_l_S_t_1_t_fu_256/hadd_16ns_16ns_16_3_no_dsp_1_U1/node_0_0_hadd_16ns_16ns_16_3_no_dsp_1_ip_u/U0/i_synth/ADDSUB_OP.ADDSUB/LOGIC_SPEED.OP/EXP/NUMB_CMP/NOT_FAST.CMP/C_CHAIN/STRUCT_ADD1.CARRY_MUX2_i_1                                                                | CLB.LUT.LUT6           |
    | grp_node_0_0_Pipeline_l_S_t_1_t_fu_256/hadd_16ns_16ns_16_3_no_dsp_1_U1/node_0_0_hadd_16ns_16ns_16_3_no_dsp_1_ip_u/U0/i_synth/ADDSUB_OP.ADDSUB/LOGIC_SPEED.OP/ALIGN_BLK/FRAC_ADDSUB/LOGIC_ADD.FRAC_ADDSUB/STRUCT_ADD1.CARRY_MUX1_CARRY4_CARRY8                                            | CLB.CARRY.CARRY8       |
    | grp_node_0_0_Pipeline_l_S_t_1_t_fu_256/hadd_16ns_16ns_16_3_no_dsp_1_U1/node_0_0_hadd_16ns_16ns_16_3_no_dsp_1_ip_u/U0/i_synth/ADDSUB_OP.ADDSUB/LOGIC_SPEED.OP/ALIGN_BLK/FRAC_ADDSUB/LOGIC_ADD.FRAC_ADDSUB/STRUCT_ADD2.ADD1/CHAIN_GEN[0].C_MUX.CARRY_MUX_CARRY4_CARRY8                     | CLB.CARRY.CARRY8       |
    | grp_node_0_0_Pipeline_l_S_t_1_t_fu_256/hadd_16ns_16ns_16_3_no_dsp_1_U1/node_0_0_hadd_16ns_16ns_16_3_no_dsp_1_ip_u/U0/i_synth/ADDSUB_OP.ADDSUB/LOGIC_SPEED.OP/ALIGN_BLK/FRAC_ADDSUB/LOGIC_ADD.FRAC_ADDSUB/STRUCT_ADD2.ADD1/CHAIN_GEN[0].C_MUX.CARRY_MUX_i_1__2                            | CLB.LUT.LUT4           |
    | grp_node_0_0_Pipeline_l_S_t_1_t_fu_256/hadd_16ns_16ns_16_3_no_dsp_1_U1/node_0_0_hadd_16ns_16ns_16_3_no_dsp_1_ip_u/U0/i_synth/ADDSUB_OP.ADDSUB/LOGIC_SPEED.OP/NORM/LZE/ZERO_DET_CC_1/CHAIN_GEN[0].C_MUX.CARRY_MUX_CARRY4_CARRY8                                                           | CLB.CARRY.CARRY8       |
    | grp_node_0_0_Pipeline_l_S_t_1_t_fu_256/hadd_16ns_16ns_16_3_no_dsp_1_U1/node_0_0_hadd_16ns_16ns_16_3_no_dsp_1_ip_u/U0/i_synth/ADDSUB_OP.ADDSUB/LOGIC_SPEED.OP/ALIGN_BLK/FRAC_ADDSUB/LOGIC_ADD.FRAC_ADDSUB/STRUCT_ADD2.ADD1/RESULT_REG.NORMAL.exp_op[2]_i_7                                | CLB.LUT.LUT5           |
    | grp_node_0_0_Pipeline_l_S_t_1_t_fu_256/hadd_16ns_16ns_16_3_no_dsp_1_U1/node_0_0_hadd_16ns_16ns_16_3_no_dsp_1_ip_u/U0/i_synth/ADDSUB_OP.ADDSUB/LOGIC_SPEED.OP/ALIGN_BLK/FRAC_ADDSUB/LOGIC_ADD.FRAC_ADDSUB/STRUCT_ADD1.ADD1/RESULT_REG.NORMAL.exp_op[1]_i_3                                | CLB.LUT.LUT5           |
    | grp_node_0_0_Pipeline_l_S_t_1_t_fu_256/hadd_16ns_16ns_16_3_no_dsp_1_U1/node_0_0_hadd_16ns_16ns_16_3_no_dsp_1_ip_u/U0/i_synth/ADDSUB_OP.ADDSUB/LOGIC_SPEED.OP/ALIGN_BLK/FRAC_ADDSUB/LOGIC_ADD.FRAC_ADDSUB/STRUCT_ADD1.ADD1/CHAIN_GEN[0].C_MUX.CARRY_MUX_i_6__0                            | CLB.LUT.LUT5           |
    | grp_node_0_0_Pipeline_l_S_t_1_t_fu_256/hadd_16ns_16ns_16_3_no_dsp_1_U1/node_0_0_hadd_16ns_16ns_16_3_no_dsp_1_ip_u/U0/i_synth/ADDSUB_OP.ADDSUB/LOGIC_SPEED.OP/ALIGN_BLK/FRAC_ADDSUB/LOGIC_ADD.FRAC_ADDSUB/STRUCT_ADD1.ADD1/CHAIN_GEN[0].C_MUX.CARRY_MUX_i_3__0                            | CLB.LUT.LUT6           |
    | grp_node_0_0_Pipeline_l_S_t_1_t_fu_256/hadd_16ns_16ns_16_3_no_dsp_1_U1/node_0_0_hadd_16ns_16ns_16_3_no_dsp_1_ip_u/U0/i_synth/ADDSUB_OP.ADDSUB/LOGIC_SPEED.OP/ALIGN_BLK/FRAC_ADDSUB/LOGIC_ADD.FRAC_ADDSUB/STRUCT_ADD1.ADD1/CHAIN_GEN[0].C_MUX.CARRY_MUX_i_1__10                           | CLB.LUT.LUT5           |
    | grp_node_0_0_Pipeline_l_S_t_1_t_fu_256/hadd_16ns_16ns_16_3_no_dsp_1_U1/node_0_0_hadd_16ns_16ns_16_3_no_dsp_1_ip_u/U0/i_synth/ADDSUB_OP.ADDSUB/LOGIC_SPEED.OP/NORM/ROUND/RND_BIT_GEN/NORM_2.RND_CHAIN/CHAIN_GEN[0].C_MUX.CARRY_MUX_CARRY4_CARRY8                                          | CLB.CARRY.CARRY8       |
    | grp_node_0_0_Pipeline_l_S_t_1_t_fu_256/hadd_16ns_16ns_16_3_no_dsp_1_U1/node_0_0_hadd_16ns_16ns_16_3_no_dsp_1_ip_u/U0/i_synth/ADDSUB_OP.ADDSUB/LOGIC_SPEED.OP/NORM/ROUND/LOGIC.RND1/CHAIN_GEN[2].C_MUX.CARRY_MUX_CARRY4_CARRY8                                                            | CLB.CARRY.CARRY8       |
    | grp_node_0_0_Pipeline_l_S_t_1_t_fu_256/hadd_16ns_16ns_16_3_no_dsp_1_U1/node_0_0_hadd_16ns_16ns_16_3_no_dsp_1_ip_u/U0/i_synth/ADDSUB_OP.ADDSUB/LOGIC_SPEED.OP/EXP/COND_DET_A/MANT_CARRY.MANT_ALL_ZERO_DET/CARRY_ZERO_DET/RESULT_REG.NORMAL.mant_op[9]_i_1                                 | CLB.LUT.LUT6           |
    | grp_node_0_0_Pipeline_l_S_t_1_t_fu_256/hadd_16ns_16ns_16_3_no_dsp_1_U1/node_0_0_hadd_16ns_16ns_16_3_no_dsp_1_ip_u/U0/i_synth/ADDSUB_OP.ADDSUB/LOGIC_SPEED.OP/OP/RESULT_REG.NORMAL.mant_op_reg[9]                                                                                         | REGISTER.SDR.FDRE      |
    | grp_node_0_0_Pipeline_l_S_t_1_t_fu_256/hadd_16ns_16ns_16_3_no_dsp_1_U1/din0_buf1_reg[8]                                                                                                                                                                                                  | REGISTER.SDR.FDRE      |
    | grp_node_0_0_Pipeline_l_S_t_1_t_fu_256/hsub_16ns_16ns_16_3_no_dsp_1_U2/node_0_0_hsub_16ns_16ns_16_3_no_dsp_1_ip_u/U0/i_synth/ADDSUB_OP.ADDSUB/LOGIC_SPEED.OP/EXP/NUMB_CMP/NOT_FAST.CMP/C_CHAIN/CHAIN_GEN[4].C_MUX.CARRY_MUX_i_1__3                                                       | CLB.LUT.LUT4           |
    | grp_node_0_0_Pipeline_l_S_t_1_t_fu_256/hsub_16ns_16ns_16_3_no_dsp_1_U2/node_0_0_hsub_16ns_16ns_16_3_no_dsp_1_ip_u/U0/i_synth/ADDSUB_OP.ADDSUB/LOGIC_SPEED.OP/EXP/NUMB_CMP/NOT_FAST.CMP/C_CHAIN/CHAIN_GEN[0].C_MUX.CARRY_MUX_CARRY4_CARRY8                                                | CLB.CARRY.CARRY8       |
    | grp_node_0_0_Pipeline_l_S_t_1_t_fu_256/hsub_16ns_16ns_16_3_no_dsp_1_U2/node_0_0_hsub_16ns_16ns_16_3_no_dsp_1_ip_u/U0/i_synth/ADDSUB_OP.ADDSUB/LOGIC_SPEED.OP/EXP/NUMB_CMP/NOT_FAST.CMP/C_CHAIN/CHAIN_GEN[1].C_MUX.CARRY_MUX_i_3__1                                                       | CLB.LUT.LUT6           |
    | grp_node_0_0_Pipeline_l_S_t_1_t_fu_256/hsub_16ns_16ns_16_3_no_dsp_1_U2/node_0_0_hsub_16ns_16ns_16_3_no_dsp_1_ip_u/U0/i_synth/ADDSUB_OP.ADDSUB/LOGIC_SPEED.OP/EXP/NUMB_CMP/NOT_FAST.CMP/C_CHAIN/CHAIN_GEN[1].C_MUX.CARRY_MUX_i_1__1                                                       | CLB.LUT.LUT4           |
    | grp_node_0_0_Pipeline_l_S_t_1_t_fu_256/hsub_16ns_16ns_16_3_no_dsp_1_U2/node_0_0_hsub_16ns_16ns_16_3_no_dsp_1_ip_u/U0/i_synth/ADDSUB_OP.ADDSUB/LOGIC_SPEED.OP/ALIGN_BLK/ALIGN_SHIFT/ALIGN_Z_D/EQ_ZERO/CARRY_ZERO_DET/CHAIN_GEN[0].C_MUX.CARRY_MUX_CARRY4_CARRY8                           | CLB.CARRY.CARRY8       |
    | grp_node_0_0_Pipeline_l_S_t_1_t_fu_256/hsub_16ns_16ns_16_3_no_dsp_1_U2/node_0_0_hsub_16ns_16ns_16_3_no_dsp_1_ip_u/U0/i_synth/ADDSUB_OP.ADDSUB/LOGIC_SPEED.OP/EXP/NUMB_CMP/NOT_FAST.CMP/C_CHAIN/STRUCT_ADD1.CARRY_MUX2_i_2                                                                | CLB.LUT.LUT5           |
    | grp_node_0_0_Pipeline_l_S_t_1_t_fu_256/hsub_16ns_16ns_16_3_no_dsp_1_U2/node_0_0_hsub_16ns_16ns_16_3_no_dsp_1_ip_u/U0/i_synth/ADDSUB_OP.ADDSUB/LOGIC_SPEED.OP/EXP/NUMB_CMP/NOT_FAST.CMP/C_CHAIN/STRUCT_ADD1.CARRY_MUX2_i_1                                                                | CLB.LUT.LUT6           |
    | grp_node_0_0_Pipeline_l_S_t_1_t_fu_256/hsub_16ns_16ns_16_3_no_dsp_1_U2/node_0_0_hsub_16ns_16ns_16_3_no_dsp_1_ip_u/U0/i_synth/ADDSUB_OP.ADDSUB/LOGIC_SPEED.OP/ALIGN_BLK/FRAC_ADDSUB/LOGIC_ADD.FRAC_ADDSUB/STRUCT_ADD1.CARRY_MUX1_CARRY4_CARRY8                                            | CLB.CARRY.CARRY8       |
    | grp_node_0_0_Pipeline_l_S_t_1_t_fu_256/hsub_16ns_16ns_16_3_no_dsp_1_U2/node_0_0_hsub_16ns_16ns_16_3_no_dsp_1_ip_u/U0/i_synth/ADDSUB_OP.ADDSUB/LOGIC_SPEED.OP/ALIGN_BLK/FRAC_ADDSUB/LOGIC_ADD.FRAC_ADDSUB/STRUCT_ADD2.ADD1/CHAIN_GEN[0].C_MUX.CARRY_MUX_CARRY4_CARRY8                     | CLB.CARRY.CARRY8       |
    | grp_node_0_0_Pipeline_l_S_t_1_t_fu_256/hsub_16ns_16ns_16_3_no_dsp_1_U2/node_0_0_hsub_16ns_16ns_16_3_no_dsp_1_ip_u/U0/i_synth/ADDSUB_OP.ADDSUB/LOGIC_SPEED.OP/ALIGN_BLK/FRAC_ADDSUB/LOGIC_ADD.FRAC_ADDSUB/STRUCT_ADD2.ADD1/CHAIN_GEN[1].C_MUX.CARRY_MUX_i_1__4                            | CLB.LUT.LUT4           |
    | grp_node_0_0_Pipeline_l_S_t_1_t_fu_256/hsub_16ns_16ns_16_3_no_dsp_1_U2/node_0_0_hsub_16ns_16ns_16_3_no_dsp_1_ip_u/U0/i_synth/ADDSUB_OP.ADDSUB/LOGIC_SPEED.OP/NORM/LZE/ZERO_DET_CC_1/CHAIN_GEN[0].C_MUX.CARRY_MUX_CARRY4_CARRY8                                                           | CLB.CARRY.CARRY8       |
    | grp_node_0_0_Pipeline_l_S_t_1_t_fu_256/hsub_16ns_16ns_16_3_no_dsp_1_U2/node_0_0_hsub_16ns_16ns_16_3_no_dsp_1_ip_u/U0/i_synth/ADDSUB_OP.ADDSUB/LOGIC_SPEED.OP/ALIGN_BLK/FRAC_ADDSUB/LOGIC_ADD.FRAC_ADDSUB/STRUCT_ADD2.ADD1/CHAIN_GEN[1].C_MUX.CARRY_MUX_i_5__1                            | CLB.LUT.LUT6           |
    | grp_node_0_0_Pipeline_l_S_t_1_t_fu_256/hsub_16ns_16ns_16_3_no_dsp_1_U2/node_0_0_hsub_16ns_16ns_16_3_no_dsp_1_ip_u/U0/i_synth/ADDSUB_OP.ADDSUB/LOGIC_SPEED.OP/ALIGN_BLK/FRAC_ADDSUB/LOGIC_ADD.FRAC_ADDSUB/STRUCT_ADD2.ADD1/CHAIN_GEN[1].C_MUX.CARRY_MUX_i_2__3                            | CLB.LUT.LUT6           |
    | grp_node_0_0_Pipeline_l_S_t_1_t_fu_256/hsub_16ns_16ns_16_3_no_dsp_1_U2/node_0_0_hsub_16ns_16ns_16_3_no_dsp_1_ip_u/U0/i_synth/ADDSUB_OP.ADDSUB/LOGIC_SPEED.OP/ALIGN_BLK/FRAC_ADDSUB/LOGIC_ADD.FRAC_ADDSUB/STRUCT_ADD2.ADD1/CHAIN_GEN[0].C_MUX.CARRY_MUX_i_6__0                            | CLB.LUT.LUT5           |
    | grp_node_0_0_Pipeline_l_S_t_1_t_fu_256/hsub_16ns_16ns_16_3_no_dsp_1_U2/node_0_0_hsub_16ns_16ns_16_3_no_dsp_1_ip_u/U0/i_synth/ADDSUB_OP.ADDSUB/LOGIC_SPEED.OP/ALIGN_BLK/FRAC_ADDSUB/LOGIC_ADD.FRAC_ADDSUB/STRUCT_ADD1.ADD1/CHAIN_GEN[0].C_MUX.CARRY_MUX_i_5__0                            | CLB.LUT.LUT6           |
    | grp_node_0_0_Pipeline_l_S_t_1_t_fu_256/hsub_16ns_16ns_16_3_no_dsp_1_U2/node_0_0_hsub_16ns_16ns_16_3_no_dsp_1_ip_u/U0/i_synth/ADDSUB_OP.ADDSUB/LOGIC_SPEED.OP/ALIGN_BLK/FRAC_ADDSUB/LOGIC_ADD.FRAC_ADDSUB/STRUCT_ADD1.ADD1/CHAIN_GEN[0].C_MUX.CARRY_MUX_i_1__9                            | CLB.LUT.LUT6           |
    | grp_node_0_0_Pipeline_l_S_t_1_t_fu_256/hsub_16ns_16ns_16_3_no_dsp_1_U2/node_0_0_hsub_16ns_16ns_16_3_no_dsp_1_ip_u/U0/i_synth/ADDSUB_OP.ADDSUB/LOGIC_SPEED.OP/NORM/ROUND/RND_BIT_GEN/NORM_2.RND_CHAIN/CHAIN_GEN[0].C_MUX.CARRY_MUX_CARRY4_CARRY8                                          | CLB.CARRY.CARRY8       |
    | grp_node_0_0_Pipeline_l_S_t_1_t_fu_256/hsub_16ns_16ns_16_3_no_dsp_1_U2/node_0_0_hsub_16ns_16ns_16_3_no_dsp_1_ip_u/U0/i_synth/ADDSUB_OP.ADDSUB/LOGIC_SPEED.OP/NORM/ROUND/LOGIC.RND1/CHAIN_GEN[2].C_MUX.CARRY_MUX_CARRY4_CARRY8                                                            | CLB.CARRY.CARRY8       |
    | grp_node_0_0_Pipeline_l_S_t_1_t_fu_256/hsub_16ns_16ns_16_3_no_dsp_1_U2/node_0_0_hsub_16ns_16ns_16_3_no_dsp_1_ip_u/U0/i_synth/ADDSUB_OP.ADDSUB/LOGIC_SPEED.OP/NORM/ROUND/LOGIC.RND2/CHAIN_GEN[5].Q_XOR.SUM_XOR_CARRY4_CARRY8                                                              | CLB.CARRY.CARRY8       |
    | grp_node_0_0_Pipeline_l_S_t_1_t_fu_256/hsub_16ns_16ns_16_3_no_dsp_1_U2/node_0_0_hsub_16ns_16ns_16_3_no_dsp_1_ip_u/U0/i_synth/ADDSUB_OP.ADDSUB/LOGIC_SPEED.OP/EXP/EXP_OFF.STRUCT_ADD/RESULT_REG.NORMAL.exp_op[1]_i_2                                                                      | CLB.LUT.LUT5           |
    | grp_node_0_0_Pipeline_l_S_t_1_t_fu_256/hsub_16ns_16ns_16_3_no_dsp_1_U2/node_0_0_hsub_16ns_16ns_16_3_no_dsp_1_ip_u/U0/i_synth/ADDSUB_OP.ADDSUB/LOGIC_SPEED.OP/EXP/EXP_OFF.STRUCT_ADD/RESULT_REG.NORMAL.exp_op[1]_i_1                                                                      | CLB.LUT.LUT6           |
    | grp_node_0_0_Pipeline_l_S_t_1_t_fu_256/hsub_16ns_16ns_16_3_no_dsp_1_U2/node_0_0_hsub_16ns_16ns_16_3_no_dsp_1_ip_u/U0/i_synth/ADDSUB_OP.ADDSUB/LOGIC_SPEED.OP/OP/RESULT_REG.NORMAL.exp_op_reg[1]                                                                                          | REGISTER.SDR.FDRE      |
    +------------------------------------------------------------------------------------------------------------------------------------------------------------------------------------------------------------------------------------------------------------------------------------------+------------------------+

    +------------------------------------------------------------------------------------------------------------------------------------------------------------------------------------------------------------------------------------------------------------------------------------------+------------------------+
    | Path7 Cells                                                                                                                                                                                                                                                                              | Primitive Type         |
    +------------------------------------------------------------------------------------------------------------------------------------------------------------------------------------------------------------------------------------------------------------------------------------------+------------------------+
    | grp_node_0_0_Pipeline_l_S_t_1_t_fu_256/hadd_16ns_16ns_16_3_no_dsp_1_U1/din0_buf1_reg[7]_replica                                                                                                                                                                                          | REGISTER.SDR.FDRE      |
    | grp_node_0_0_Pipeline_l_S_t_1_t_fu_256/hmul_16ns_16ns_16_3_max_dsp_1_U3/node_0_0_hmul_16ns_16ns_16_3_max_dsp_1_ip_u/U0/i_synth/MULT.OP/i_non_prim.MULT/MULT_GEN_VARIANT.FIX_MULT/MULT/gDSP.gDSP_only.iDSP/use_prim.appDSP[0].bppDSP[0].use_dsp.use_dsp48e2.iDSP48E2/DSP_A_B_DATA_INST    | ARITHMETIC.DSP.DSP48E2 |
    | grp_node_0_0_Pipeline_l_S_t_1_t_fu_256/hmul_16ns_16ns_16_3_max_dsp_1_U3/node_0_0_hmul_16ns_16ns_16_3_max_dsp_1_ip_u/U0/i_synth/MULT.OP/i_non_prim.MULT/MULT_GEN_VARIANT.FIX_MULT/MULT/gDSP.gDSP_only.iDSP/use_prim.appDSP[0].bppDSP[0].use_dsp.use_dsp48e2.iDSP48E2/DSP_PREADD_DATA_INST | ARITHMETIC.DSP.DSP48E2 |
    | grp_node_0_0_Pipeline_l_S_t_1_t_fu_256/hmul_16ns_16ns_16_3_max_dsp_1_U3/node_0_0_hmul_16ns_16ns_16_3_max_dsp_1_ip_u/U0/i_synth/MULT.OP/i_non_prim.MULT/MULT_GEN_VARIANT.FIX_MULT/MULT/gDSP.gDSP_only.iDSP/use_prim.appDSP[0].bppDSP[0].use_dsp.use_dsp48e2.iDSP48E2/DSP_MULTIPLIER_INST  | ARITHMETIC.DSP.DSP48E2 |
    | grp_node_0_0_Pipeline_l_S_t_1_t_fu_256/hmul_16ns_16ns_16_3_max_dsp_1_U3/node_0_0_hmul_16ns_16ns_16_3_max_dsp_1_ip_u/U0/i_synth/MULT.OP/i_non_prim.MULT/MULT_GEN_VARIANT.FIX_MULT/MULT/gDSP.gDSP_only.iDSP/use_prim.appDSP[0].bppDSP[0].use_dsp.use_dsp48e2.iDSP48E2/DSP_M_DATA_INST      | ARITHMETIC.DSP.DSP48E2 |
    | grp_node_0_0_Pipeline_l_S_t_1_t_fu_256/hmul_16ns_16ns_16_3_max_dsp_1_U3/node_0_0_hmul_16ns_16ns_16_3_max_dsp_1_ip_u/U0/i_synth/MULT.OP/i_non_prim.MULT/MULT_GEN_VARIANT.FIX_MULT/MULT/gDSP.gDSP_only.iDSP/use_prim.appDSP[0].bppDSP[0].use_dsp.use_dsp48e2.iDSP48E2/DSP_ALU_INST         | ARITHMETIC.DSP.DSP48E2 |
    | grp_node_0_0_Pipeline_l_S_t_1_t_fu_256/hmul_16ns_16ns_16_3_max_dsp_1_U3/node_0_0_hmul_16ns_16ns_16_3_max_dsp_1_ip_u/U0/i_synth/MULT.OP/i_non_prim.MULT/MULT_GEN_VARIANT.FIX_MULT/MULT/gDSP.gDSP_only.iDSP/use_prim.appDSP[0].bppDSP[0].use_dsp.use_dsp48e2.iDSP48E2/DSP_OUTPUT_INST      | ARITHMETIC.DSP.DSP48E2 |
    | grp_node_0_0_Pipeline_l_S_t_1_t_fu_256/hmul_16ns_16ns_16_3_max_dsp_1_U3/node_0_0_hmul_16ns_16ns_16_3_max_dsp_1_ip_u/U0/i_synth/MULT.OP/i_non_prim.MULT/MULT_GEN_VARIANT.FIX_MULT/CHAIN_GEN[0].C_MUX.CARRY_MUX_i_1__0                                                                     | CLB.LUT.LUT3           |
    | grp_node_0_0_Pipeline_l_S_t_1_t_fu_256/hmul_16ns_16ns_16_3_max_dsp_1_U3/node_0_0_hmul_16ns_16ns_16_3_max_dsp_1_ip_u/U0/i_synth/MULT.OP/i_non_prim.R_AND_R/LOGIC.R_AND_R/RND_BIT_GEN/NORM_1_OR_0.STRUCT_REQ.GENERAL.RND1/CHAIN_GEN[0].C_MUX.CARRY_MUX_CARRY4_CARRY8                       | CLB.CARRY.CARRY8       |
    | grp_node_0_0_Pipeline_l_S_t_1_t_fu_256/hmul_16ns_16ns_16_3_max_dsp_1_U3/node_0_0_hmul_16ns_16ns_16_3_max_dsp_1_ip_u/U0/i_synth/MULT.OP/i_non_prim.R_AND_R/LOGIC.R_AND_R/DSP48_E1.DSP48E1_ADD.DSP48E1_ADD/i_no_versal_es1_workaround.DSP/DSP_A_B_DATA_INST                                | ARITHMETIC.DSP.DSP48E2 |
    | grp_node_0_0_Pipeline_l_S_t_1_t_fu_256/hmul_16ns_16ns_16_3_max_dsp_1_U3/node_0_0_hmul_16ns_16ns_16_3_max_dsp_1_ip_u/U0/i_synth/MULT.OP/i_non_prim.R_AND_R/LOGIC.R_AND_R/DSP48_E1.DSP48E1_ADD.DSP48E1_ADD/i_no_versal_es1_workaround.DSP/DSP_ALU_INST                                     | ARITHMETIC.DSP.DSP48E2 |
    | grp_node_0_0_Pipeline_l_S_t_1_t_fu_256/hmul_16ns_16ns_16_3_max_dsp_1_U3/node_0_0_hmul_16ns_16ns_16_3_max_dsp_1_ip_u/U0/i_synth/MULT.OP/i_non_prim.R_AND_R/LOGIC.R_AND_R/DSP48_E1.DSP48E1_ADD.DSP48E1_ADD/i_no_versal_es1_workaround.DSP/DSP_OUTPUT_INST                                  | ARITHMETIC.DSP.DSP48E2 |
    | grp_node_0_0_Pipeline_l_S_t_1_t_fu_256/hmul_16ns_16ns_16_3_max_dsp_1_U3/node_0_0_hmul_16ns_16ns_16_3_max_dsp_1_ip_u/U0/i_synth/MULT.OP/i_non_prim.R_AND_R/LOGIC.R_AND_R/EXP_ADD.ADD/CHAIN_GEN[0].C_MUX.CARRY_MUX_CARRY4_CARRY8                                                           | CLB.CARRY.CARRY8       |
    | grp_node_0_0_Pipeline_l_S_t_1_t_fu_256/hmul_16ns_16ns_16_3_max_dsp_1_U3/node_0_0_hmul_16ns_16ns_16_3_max_dsp_1_ip_u/U0/i_synth/MULT.OP/i_non_prim.R_AND_R/LOGIC.R_AND_R/EXP_ADD.ADD/RESULT_REG.NORMAL.exp_op[3]_i_1                                                                      | CLB.LUT.LUT2           |
    | grp_node_0_0_Pipeline_l_S_t_1_t_fu_256/hmul_16ns_16ns_16_3_max_dsp_1_U3/node_0_0_hmul_16ns_16ns_16_3_max_dsp_1_ip_u/U0/i_synth/MULT.OP/i_non_prim.OP/RESULT_REG.NORMAL.exp_op_reg[3]                                                                                                     | REGISTER.SDR.FDRE      |
    | grp_node_0_0_Pipeline_l_S_t_1_t_fu_256/hadd_16ns_16ns_16_3_no_dsp_1_U1/din0_buf1_reg[7]_replica                                                                                                                                                                                          | REGISTER.SDR.FDRE      |
    | grp_node_0_0_Pipeline_l_S_t_1_t_fu_256/hmul_16ns_16ns_16_3_max_dsp_1_U3/node_0_0_hmul_16ns_16ns_16_3_max_dsp_1_ip_u/U0/i_synth/MULT.OP/i_non_prim.MULT/MULT_GEN_VARIANT.FIX_MULT/MULT/gDSP.gDSP_only.iDSP/use_prim.appDSP[0].bppDSP[0].use_dsp.use_dsp48e2.iDSP48E2/DSP_A_B_DATA_INST    | ARITHMETIC.DSP.DSP48E2 |
    | grp_node_0_0_Pipeline_l_S_t_1_t_fu_256/hmul_16ns_16ns_16_3_max_dsp_1_U3/node_0_0_hmul_16ns_16ns_16_3_max_dsp_1_ip_u/U0/i_synth/MULT.OP/i_non_prim.MULT/MULT_GEN_VARIANT.FIX_MULT/MULT/gDSP.gDSP_only.iDSP/use_prim.appDSP[0].bppDSP[0].use_dsp.use_dsp48e2.iDSP48E2/DSP_PREADD_DATA_INST | ARITHMETIC.DSP.DSP48E2 |
    | grp_node_0_0_Pipeline_l_S_t_1_t_fu_256/hmul_16ns_16ns_16_3_max_dsp_1_U3/node_0_0_hmul_16ns_16ns_16_3_max_dsp_1_ip_u/U0/i_synth/MULT.OP/i_non_prim.MULT/MULT_GEN_VARIANT.FIX_MULT/MULT/gDSP.gDSP_only.iDSP/use_prim.appDSP[0].bppDSP[0].use_dsp.use_dsp48e2.iDSP48E2/DSP_MULTIPLIER_INST  | ARITHMETIC.DSP.DSP48E2 |
    | grp_node_0_0_Pipeline_l_S_t_1_t_fu_256/hmul_16ns_16ns_16_3_max_dsp_1_U3/node_0_0_hmul_16ns_16ns_16_3_max_dsp_1_ip_u/U0/i_synth/MULT.OP/i_non_prim.MULT/MULT_GEN_VARIANT.FIX_MULT/MULT/gDSP.gDSP_only.iDSP/use_prim.appDSP[0].bppDSP[0].use_dsp.use_dsp48e2.iDSP48E2/DSP_M_DATA_INST      | ARITHMETIC.DSP.DSP48E2 |
    | grp_node_0_0_Pipeline_l_S_t_1_t_fu_256/hmul_16ns_16ns_16_3_max_dsp_1_U3/node_0_0_hmul_16ns_16ns_16_3_max_dsp_1_ip_u/U0/i_synth/MULT.OP/i_non_prim.MULT/MULT_GEN_VARIANT.FIX_MULT/MULT/gDSP.gDSP_only.iDSP/use_prim.appDSP[0].bppDSP[0].use_dsp.use_dsp48e2.iDSP48E2/DSP_ALU_INST         | ARITHMETIC.DSP.DSP48E2 |
    | grp_node_0_0_Pipeline_l_S_t_1_t_fu_256/hmul_16ns_16ns_16_3_max_dsp_1_U3/node_0_0_hmul_16ns_16ns_16_3_max_dsp_1_ip_u/U0/i_synth/MULT.OP/i_non_prim.MULT/MULT_GEN_VARIANT.FIX_MULT/MULT/gDSP.gDSP_only.iDSP/use_prim.appDSP[0].bppDSP[0].use_dsp.use_dsp48e2.iDSP48E2/DSP_OUTPUT_INST      | ARITHMETIC.DSP.DSP48E2 |
    | grp_node_0_0_Pipeline_l_S_t_1_t_fu_256/hmul_16ns_16ns_16_3_max_dsp_1_U3/node_0_0_hmul_16ns_16ns_16_3_max_dsp_1_ip_u/U0/i_synth/MULT.OP/i_non_prim.MULT/MULT_GEN_VARIANT.FIX_MULT/CHAIN_GEN[0].C_MUX.CARRY_MUX_i_1__0                                                                     | CLB.LUT.LUT3           |
    | grp_node_0_0_Pipeline_l_S_t_1_t_fu_256/hmul_16ns_16ns_16_3_max_dsp_1_U3/node_0_0_hmul_16ns_16ns_16_3_max_dsp_1_ip_u/U0/i_synth/MULT.OP/i_non_prim.R_AND_R/LOGIC.R_AND_R/RND_BIT_GEN/NORM_1_OR_0.STRUCT_REQ.GENERAL.RND1/CHAIN_GEN[0].C_MUX.CARRY_MUX_CARRY4_CARRY8                       | CLB.CARRY.CARRY8       |
    | grp_node_0_0_Pipeline_l_S_t_1_t_fu_256/hmul_16ns_16ns_16_3_max_dsp_1_U3/node_0_0_hmul_16ns_16ns_16_3_max_dsp_1_ip_u/U0/i_synth/MULT.OP/i_non_prim.R_AND_R/LOGIC.R_AND_R/DSP48_E1.DSP48E1_ADD.DSP48E1_ADD/i_no_versal_es1_workaround.DSP/DSP_A_B_DATA_INST                                | ARITHMETIC.DSP.DSP48E2 |
    | grp_node_0_0_Pipeline_l_S_t_1_t_fu_256/hmul_16ns_16ns_16_3_max_dsp_1_U3/node_0_0_hmul_16ns_16ns_16_3_max_dsp_1_ip_u/U0/i_synth/MULT.OP/i_non_prim.R_AND_R/LOGIC.R_AND_R/DSP48_E1.DSP48E1_ADD.DSP48E1_ADD/i_no_versal_es1_workaround.DSP/DSP_ALU_INST                                     | ARITHMETIC.DSP.DSP48E2 |
    | grp_node_0_0_Pipeline_l_S_t_1_t_fu_256/hmul_16ns_16ns_16_3_max_dsp_1_U3/node_0_0_hmul_16ns_16ns_16_3_max_dsp_1_ip_u/U0/i_synth/MULT.OP/i_non_prim.R_AND_R/LOGIC.R_AND_R/DSP48_E1.DSP48E1_ADD.DSP48E1_ADD/i_no_versal_es1_workaround.DSP/DSP_OUTPUT_INST                                  | ARITHMETIC.DSP.DSP48E2 |
    | grp_node_0_0_Pipeline_l_S_t_1_t_fu_256/hmul_16ns_16ns_16_3_max_dsp_1_U3/node_0_0_hmul_16ns_16ns_16_3_max_dsp_1_ip_u/U0/i_synth/MULT.OP/i_non_prim.R_AND_R/LOGIC.R_AND_R/EXP_ADD.ADD/CHAIN_GEN[0].C_MUX.CARRY_MUX_CARRY4_CARRY8                                                           | CLB.CARRY.CARRY8       |
    | grp_node_0_0_Pipeline_l_S_t_1_t_fu_256/hmul_16ns_16ns_16_3_max_dsp_1_U3/node_0_0_hmul_16ns_16ns_16_3_max_dsp_1_ip_u/U0/i_synth/MULT.OP/i_non_prim.R_AND_R/LOGIC.R_AND_R/EXP_ADD.ADD/RESULT_REG.NORMAL.exp_op[4]_i_2                                                                      | CLB.LUT.LUT2           |
    | grp_node_0_0_Pipeline_l_S_t_1_t_fu_256/hmul_16ns_16ns_16_3_max_dsp_1_U3/node_0_0_hmul_16ns_16ns_16_3_max_dsp_1_ip_u/U0/i_synth/MULT.OP/i_non_prim.OP/RESULT_REG.NORMAL.exp_op_reg[4]                                                                                                     | REGISTER.SDR.FDRE      |
    | grp_node_0_0_Pipeline_l_S_t_1_t_fu_256/hadd_16ns_16ns_16_3_no_dsp_1_U1/din0_buf1_reg[7]_replica                                                                                                                                                                                          | REGISTER.SDR.FDRE      |
    | grp_node_0_0_Pipeline_l_S_t_1_t_fu_256/hmul_16ns_16ns_16_3_max_dsp_1_U3/node_0_0_hmul_16ns_16ns_16_3_max_dsp_1_ip_u/U0/i_synth/MULT.OP/i_non_prim.MULT/MULT_GEN_VARIANT.FIX_MULT/MULT/gDSP.gDSP_only.iDSP/use_prim.appDSP[0].bppDSP[0].use_dsp.use_dsp48e2.iDSP48E2/DSP_A_B_DATA_INST    | ARITHMETIC.DSP.DSP48E2 |
    | grp_node_0_0_Pipeline_l_S_t_1_t_fu_256/hmul_16ns_16ns_16_3_max_dsp_1_U3/node_0_0_hmul_16ns_16ns_16_3_max_dsp_1_ip_u/U0/i_synth/MULT.OP/i_non_prim.MULT/MULT_GEN_VARIANT.FIX_MULT/MULT/gDSP.gDSP_only.iDSP/use_prim.appDSP[0].bppDSP[0].use_dsp.use_dsp48e2.iDSP48E2/DSP_PREADD_DATA_INST | ARITHMETIC.DSP.DSP48E2 |
    | grp_node_0_0_Pipeline_l_S_t_1_t_fu_256/hmul_16ns_16ns_16_3_max_dsp_1_U3/node_0_0_hmul_16ns_16ns_16_3_max_dsp_1_ip_u/U0/i_synth/MULT.OP/i_non_prim.MULT/MULT_GEN_VARIANT.FIX_MULT/MULT/gDSP.gDSP_only.iDSP/use_prim.appDSP[0].bppDSP[0].use_dsp.use_dsp48e2.iDSP48E2/DSP_MULTIPLIER_INST  | ARITHMETIC.DSP.DSP48E2 |
    | grp_node_0_0_Pipeline_l_S_t_1_t_fu_256/hmul_16ns_16ns_16_3_max_dsp_1_U3/node_0_0_hmul_16ns_16ns_16_3_max_dsp_1_ip_u/U0/i_synth/MULT.OP/i_non_prim.MULT/MULT_GEN_VARIANT.FIX_MULT/MULT/gDSP.gDSP_only.iDSP/use_prim.appDSP[0].bppDSP[0].use_dsp.use_dsp48e2.iDSP48E2/DSP_M_DATA_INST      | ARITHMETIC.DSP.DSP48E2 |
    | grp_node_0_0_Pipeline_l_S_t_1_t_fu_256/hmul_16ns_16ns_16_3_max_dsp_1_U3/node_0_0_hmul_16ns_16ns_16_3_max_dsp_1_ip_u/U0/i_synth/MULT.OP/i_non_prim.MULT/MULT_GEN_VARIANT.FIX_MULT/MULT/gDSP.gDSP_only.iDSP/use_prim.appDSP[0].bppDSP[0].use_dsp.use_dsp48e2.iDSP48E2/DSP_ALU_INST         | ARITHMETIC.DSP.DSP48E2 |
    | grp_node_0_0_Pipeline_l_S_t_1_t_fu_256/hmul_16ns_16ns_16_3_max_dsp_1_U3/node_0_0_hmul_16ns_16ns_16_3_max_dsp_1_ip_u/U0/i_synth/MULT.OP/i_non_prim.MULT/MULT_GEN_VARIANT.FIX_MULT/MULT/gDSP.gDSP_only.iDSP/use_prim.appDSP[0].bppDSP[0].use_dsp.use_dsp48e2.iDSP48E2/DSP_OUTPUT_INST      | ARITHMETIC.DSP.DSP48E2 |
    | grp_node_0_0_Pipeline_l_S_t_1_t_fu_256/hmul_16ns_16ns_16_3_max_dsp_1_U3/node_0_0_hmul_16ns_16ns_16_3_max_dsp_1_ip_u/U0/i_synth/MULT.OP/i_non_prim.MULT/MULT_GEN_VARIANT.FIX_MULT/CHAIN_GEN[0].C_MUX.CARRY_MUX_i_1__0                                                                     | CLB.LUT.LUT3           |
    | grp_node_0_0_Pipeline_l_S_t_1_t_fu_256/hmul_16ns_16ns_16_3_max_dsp_1_U3/node_0_0_hmul_16ns_16ns_16_3_max_dsp_1_ip_u/U0/i_synth/MULT.OP/i_non_prim.R_AND_R/LOGIC.R_AND_R/RND_BIT_GEN/NORM_1_OR_0.STRUCT_REQ.GENERAL.RND1/CHAIN_GEN[0].C_MUX.CARRY_MUX_CARRY4_CARRY8                       | CLB.CARRY.CARRY8       |
    | grp_node_0_0_Pipeline_l_S_t_1_t_fu_256/hmul_16ns_16ns_16_3_max_dsp_1_U3/node_0_0_hmul_16ns_16ns_16_3_max_dsp_1_ip_u/U0/i_synth/MULT.OP/i_non_prim.R_AND_R/LOGIC.R_AND_R/DSP48_E1.DSP48E1_ADD.DSP48E1_ADD/i_no_versal_es1_workaround.DSP/DSP_A_B_DATA_INST                                | ARITHMETIC.DSP.DSP48E2 |
    | grp_node_0_0_Pipeline_l_S_t_1_t_fu_256/hmul_16ns_16ns_16_3_max_dsp_1_U3/node_0_0_hmul_16ns_16ns_16_3_max_dsp_1_ip_u/U0/i_synth/MULT.OP/i_non_prim.R_AND_R/LOGIC.R_AND_R/DSP48_E1.DSP48E1_ADD.DSP48E1_ADD/i_no_versal_es1_workaround.DSP/DSP_ALU_INST                                     | ARITHMETIC.DSP.DSP48E2 |
    | grp_node_0_0_Pipeline_l_S_t_1_t_fu_256/hmul_16ns_16ns_16_3_max_dsp_1_U3/node_0_0_hmul_16ns_16ns_16_3_max_dsp_1_ip_u/U0/i_synth/MULT.OP/i_non_prim.R_AND_R/LOGIC.R_AND_R/DSP48_E1.DSP48E1_ADD.DSP48E1_ADD/i_no_versal_es1_workaround.DSP/DSP_OUTPUT_INST                                  | ARITHMETIC.DSP.DSP48E2 |
    | grp_node_0_0_Pipeline_l_S_t_1_t_fu_256/hmul_16ns_16ns_16_3_max_dsp_1_U3/node_0_0_hmul_16ns_16ns_16_3_max_dsp_1_ip_u/U0/i_synth/MULT.OP/i_non_prim.R_AND_R/LOGIC.R_AND_R/EXP_ADD.ADD/CHAIN_GEN[0].C_MUX.CARRY_MUX_CARRY4_CARRY8                                                           | CLB.CARRY.CARRY8       |
    | grp_node_0_0_Pipeline_l_S_t_1_t_fu_256/hmul_16ns_16ns_16_3_max_dsp_1_U3/node_0_0_hmul_16ns_16ns_16_3_max_dsp_1_ip_u/U0/i_synth/MULT.OP/i_non_prim.R_AND_R/LOGIC.R_AND_R/EXP_ADD.ADD/RESULT_REG.NORMAL.exp_op[1]_i_1                                                                      | CLB.LUT.LUT2           |
    | grp_node_0_0_Pipeline_l_S_t_1_t_fu_256/hmul_16ns_16ns_16_3_max_dsp_1_U3/node_0_0_hmul_16ns_16ns_16_3_max_dsp_1_ip_u/U0/i_synth/MULT.OP/i_non_prim.OP/RESULT_REG.NORMAL.exp_op_reg[1]                                                                                                     | REGISTER.SDR.FDRE      |
    | grp_node_0_0_Pipeline_l_S_t_1_t_fu_256/hadd_16ns_16ns_16_3_no_dsp_1_U1/din0_buf1_reg[7]_replica                                                                                                                                                                                          | REGISTER.SDR.FDRE      |
    | grp_node_0_0_Pipeline_l_S_t_1_t_fu_256/hmul_16ns_16ns_16_3_max_dsp_1_U3/node_0_0_hmul_16ns_16ns_16_3_max_dsp_1_ip_u/U0/i_synth/MULT.OP/i_non_prim.MULT/MULT_GEN_VARIANT.FIX_MULT/MULT/gDSP.gDSP_only.iDSP/use_prim.appDSP[0].bppDSP[0].use_dsp.use_dsp48e2.iDSP48E2/DSP_A_B_DATA_INST    | ARITHMETIC.DSP.DSP48E2 |
    | grp_node_0_0_Pipeline_l_S_t_1_t_fu_256/hmul_16ns_16ns_16_3_max_dsp_1_U3/node_0_0_hmul_16ns_16ns_16_3_max_dsp_1_ip_u/U0/i_synth/MULT.OP/i_non_prim.MULT/MULT_GEN_VARIANT.FIX_MULT/MULT/gDSP.gDSP_only.iDSP/use_prim.appDSP[0].bppDSP[0].use_dsp.use_dsp48e2.iDSP48E2/DSP_PREADD_DATA_INST | ARITHMETIC.DSP.DSP48E2 |
    | grp_node_0_0_Pipeline_l_S_t_1_t_fu_256/hmul_16ns_16ns_16_3_max_dsp_1_U3/node_0_0_hmul_16ns_16ns_16_3_max_dsp_1_ip_u/U0/i_synth/MULT.OP/i_non_prim.MULT/MULT_GEN_VARIANT.FIX_MULT/MULT/gDSP.gDSP_only.iDSP/use_prim.appDSP[0].bppDSP[0].use_dsp.use_dsp48e2.iDSP48E2/DSP_MULTIPLIER_INST  | ARITHMETIC.DSP.DSP48E2 |
    | grp_node_0_0_Pipeline_l_S_t_1_t_fu_256/hmul_16ns_16ns_16_3_max_dsp_1_U3/node_0_0_hmul_16ns_16ns_16_3_max_dsp_1_ip_u/U0/i_synth/MULT.OP/i_non_prim.MULT/MULT_GEN_VARIANT.FIX_MULT/MULT/gDSP.gDSP_only.iDSP/use_prim.appDSP[0].bppDSP[0].use_dsp.use_dsp48e2.iDSP48E2/DSP_M_DATA_INST      | ARITHMETIC.DSP.DSP48E2 |
    | grp_node_0_0_Pipeline_l_S_t_1_t_fu_256/hmul_16ns_16ns_16_3_max_dsp_1_U3/node_0_0_hmul_16ns_16ns_16_3_max_dsp_1_ip_u/U0/i_synth/MULT.OP/i_non_prim.MULT/MULT_GEN_VARIANT.FIX_MULT/MULT/gDSP.gDSP_only.iDSP/use_prim.appDSP[0].bppDSP[0].use_dsp.use_dsp48e2.iDSP48E2/DSP_ALU_INST         | ARITHMETIC.DSP.DSP48E2 |
    | grp_node_0_0_Pipeline_l_S_t_1_t_fu_256/hmul_16ns_16ns_16_3_max_dsp_1_U3/node_0_0_hmul_16ns_16ns_16_3_max_dsp_1_ip_u/U0/i_synth/MULT.OP/i_non_prim.MULT/MULT_GEN_VARIANT.FIX_MULT/MULT/gDSP.gDSP_only.iDSP/use_prim.appDSP[0].bppDSP[0].use_dsp.use_dsp48e2.iDSP48E2/DSP_OUTPUT_INST      | ARITHMETIC.DSP.DSP48E2 |
    | grp_node_0_0_Pipeline_l_S_t_1_t_fu_256/hmul_16ns_16ns_16_3_max_dsp_1_U3/node_0_0_hmul_16ns_16ns_16_3_max_dsp_1_ip_u/U0/i_synth/MULT.OP/i_non_prim.MULT/MULT_GEN_VARIANT.FIX_MULT/CHAIN_GEN[0].C_MUX.CARRY_MUX_i_1__0                                                                     | CLB.LUT.LUT3           |
    | grp_node_0_0_Pipeline_l_S_t_1_t_fu_256/hmul_16ns_16ns_16_3_max_dsp_1_U3/node_0_0_hmul_16ns_16ns_16_3_max_dsp_1_ip_u/U0/i_synth/MULT.OP/i_non_prim.R_AND_R/LOGIC.R_AND_R/RND_BIT_GEN/NORM_1_OR_0.STRUCT_REQ.GENERAL.RND1/CHAIN_GEN[0].C_MUX.CARRY_MUX_CARRY4_CARRY8                       | CLB.CARRY.CARRY8       |
    | grp_node_0_0_Pipeline_l_S_t_1_t_fu_256/hmul_16ns_16ns_16_3_max_dsp_1_U3/node_0_0_hmul_16ns_16ns_16_3_max_dsp_1_ip_u/U0/i_synth/MULT.OP/i_non_prim.R_AND_R/LOGIC.R_AND_R/DSP48_E1.DSP48E1_ADD.DSP48E1_ADD/i_no_versal_es1_workaround.DSP/DSP_A_B_DATA_INST                                | ARITHMETIC.DSP.DSP48E2 |
    | grp_node_0_0_Pipeline_l_S_t_1_t_fu_256/hmul_16ns_16ns_16_3_max_dsp_1_U3/node_0_0_hmul_16ns_16ns_16_3_max_dsp_1_ip_u/U0/i_synth/MULT.OP/i_non_prim.R_AND_R/LOGIC.R_AND_R/DSP48_E1.DSP48E1_ADD.DSP48E1_ADD/i_no_versal_es1_workaround.DSP/DSP_ALU_INST                                     | ARITHMETIC.DSP.DSP48E2 |
    | grp_node_0_0_Pipeline_l_S_t_1_t_fu_256/hmul_16ns_16ns_16_3_max_dsp_1_U3/node_0_0_hmul_16ns_16ns_16_3_max_dsp_1_ip_u/U0/i_synth/MULT.OP/i_non_prim.R_AND_R/LOGIC.R_AND_R/DSP48_E1.DSP48E1_ADD.DSP48E1_ADD/i_no_versal_es1_workaround.DSP/DSP_OUTPUT_INST                                  | ARITHMETIC.DSP.DSP48E2 |
    | grp_node_0_0_Pipeline_l_S_t_1_t_fu_256/hmul_16ns_16ns_16_3_max_dsp_1_U3/node_0_0_hmul_16ns_16ns_16_3_max_dsp_1_ip_u/U0/i_synth/MULT.OP/i_non_prim.R_AND_R/LOGIC.R_AND_R/EXP_ADD.ADD/CHAIN_GEN[0].C_MUX.CARRY_MUX_CARRY4_CARRY8                                                           | CLB.CARRY.CARRY8       |
    | grp_node_0_0_Pipeline_l_S_t_1_t_fu_256/hmul_16ns_16ns_16_3_max_dsp_1_U3/node_0_0_hmul_16ns_16ns_16_3_max_dsp_1_ip_u/U0/i_synth/MULT.OP/i_non_prim.R_AND_R/LOGIC.R_AND_R/EXP_ADD.ADD/RESULT_REG.NORMAL.exp_op[2]_i_1                                                                      | CLB.LUT.LUT2           |
    | grp_node_0_0_Pipeline_l_S_t_1_t_fu_256/hmul_16ns_16ns_16_3_max_dsp_1_U3/node_0_0_hmul_16ns_16ns_16_3_max_dsp_1_ip_u/U0/i_synth/MULT.OP/i_non_prim.OP/RESULT_REG.NORMAL.exp_op_reg[2]                                                                                                     | REGISTER.SDR.FDRE      |
    | grp_node_0_0_Pipeline_l_S_t_1_t_fu_256/hadd_16ns_16ns_16_3_no_dsp_1_U1/din0_buf1_reg[7]_replica                                                                                                                                                                                          | REGISTER.SDR.FDRE      |
    | grp_node_0_0_Pipeline_l_S_t_1_t_fu_256/hmul_16ns_16ns_16_3_max_dsp_1_U3/node_0_0_hmul_16ns_16ns_16_3_max_dsp_1_ip_u/U0/i_synth/MULT.OP/i_non_prim.MULT/MULT_GEN_VARIANT.FIX_MULT/MULT/gDSP.gDSP_only.iDSP/use_prim.appDSP[0].bppDSP[0].use_dsp.use_dsp48e2.iDSP48E2/DSP_A_B_DATA_INST    | ARITHMETIC.DSP.DSP48E2 |
    | grp_node_0_0_Pipeline_l_S_t_1_t_fu_256/hmul_16ns_16ns_16_3_max_dsp_1_U3/node_0_0_hmul_16ns_16ns_16_3_max_dsp_1_ip_u/U0/i_synth/MULT.OP/i_non_prim.MULT/MULT_GEN_VARIANT.FIX_MULT/MULT/gDSP.gDSP_only.iDSP/use_prim.appDSP[0].bppDSP[0].use_dsp.use_dsp48e2.iDSP48E2/DSP_PREADD_DATA_INST | ARITHMETIC.DSP.DSP48E2 |
    | grp_node_0_0_Pipeline_l_S_t_1_t_fu_256/hmul_16ns_16ns_16_3_max_dsp_1_U3/node_0_0_hmul_16ns_16ns_16_3_max_dsp_1_ip_u/U0/i_synth/MULT.OP/i_non_prim.MULT/MULT_GEN_VARIANT.FIX_MULT/MULT/gDSP.gDSP_only.iDSP/use_prim.appDSP[0].bppDSP[0].use_dsp.use_dsp48e2.iDSP48E2/DSP_MULTIPLIER_INST  | ARITHMETIC.DSP.DSP48E2 |
    | grp_node_0_0_Pipeline_l_S_t_1_t_fu_256/hmul_16ns_16ns_16_3_max_dsp_1_U3/node_0_0_hmul_16ns_16ns_16_3_max_dsp_1_ip_u/U0/i_synth/MULT.OP/i_non_prim.MULT/MULT_GEN_VARIANT.FIX_MULT/MULT/gDSP.gDSP_only.iDSP/use_prim.appDSP[0].bppDSP[0].use_dsp.use_dsp48e2.iDSP48E2/DSP_M_DATA_INST      | ARITHMETIC.DSP.DSP48E2 |
    | grp_node_0_0_Pipeline_l_S_t_1_t_fu_256/hmul_16ns_16ns_16_3_max_dsp_1_U3/node_0_0_hmul_16ns_16ns_16_3_max_dsp_1_ip_u/U0/i_synth/MULT.OP/i_non_prim.MULT/MULT_GEN_VARIANT.FIX_MULT/MULT/gDSP.gDSP_only.iDSP/use_prim.appDSP[0].bppDSP[0].use_dsp.use_dsp48e2.iDSP48E2/DSP_ALU_INST         | ARITHMETIC.DSP.DSP48E2 |
    | grp_node_0_0_Pipeline_l_S_t_1_t_fu_256/hmul_16ns_16ns_16_3_max_dsp_1_U3/node_0_0_hmul_16ns_16ns_16_3_max_dsp_1_ip_u/U0/i_synth/MULT.OP/i_non_prim.MULT/MULT_GEN_VARIANT.FIX_MULT/MULT/gDSP.gDSP_only.iDSP/use_prim.appDSP[0].bppDSP[0].use_dsp.use_dsp48e2.iDSP48E2/DSP_OUTPUT_INST      | ARITHMETIC.DSP.DSP48E2 |
    | grp_node_0_0_Pipeline_l_S_t_1_t_fu_256/hmul_16ns_16ns_16_3_max_dsp_1_U3/node_0_0_hmul_16ns_16ns_16_3_max_dsp_1_ip_u/U0/i_synth/MULT.OP/i_non_prim.MULT/MULT_GEN_VARIANT.FIX_MULT/CHAIN_GEN[0].C_MUX.CARRY_MUX_i_1__0                                                                     | CLB.LUT.LUT3           |
    | grp_node_0_0_Pipeline_l_S_t_1_t_fu_256/hmul_16ns_16ns_16_3_max_dsp_1_U3/node_0_0_hmul_16ns_16ns_16_3_max_dsp_1_ip_u/U0/i_synth/MULT.OP/i_non_prim.R_AND_R/LOGIC.R_AND_R/RND_BIT_GEN/NORM_1_OR_0.STRUCT_REQ.GENERAL.RND1/CHAIN_GEN[0].C_MUX.CARRY_MUX_CARRY4_CARRY8                       | CLB.CARRY.CARRY8       |
    | grp_node_0_0_Pipeline_l_S_t_1_t_fu_256/hmul_16ns_16ns_16_3_max_dsp_1_U3/node_0_0_hmul_16ns_16ns_16_3_max_dsp_1_ip_u/U0/i_synth/MULT.OP/i_non_prim.R_AND_R/LOGIC.R_AND_R/DSP48_E1.DSP48E1_ADD.DSP48E1_ADD/i_no_versal_es1_workaround.DSP/DSP_A_B_DATA_INST                                | ARITHMETIC.DSP.DSP48E2 |
    | grp_node_0_0_Pipeline_l_S_t_1_t_fu_256/hmul_16ns_16ns_16_3_max_dsp_1_U3/node_0_0_hmul_16ns_16ns_16_3_max_dsp_1_ip_u/U0/i_synth/MULT.OP/i_non_prim.R_AND_R/LOGIC.R_AND_R/DSP48_E1.DSP48E1_ADD.DSP48E1_ADD/i_no_versal_es1_workaround.DSP/DSP_ALU_INST                                     | ARITHMETIC.DSP.DSP48E2 |
    | grp_node_0_0_Pipeline_l_S_t_1_t_fu_256/hmul_16ns_16ns_16_3_max_dsp_1_U3/node_0_0_hmul_16ns_16ns_16_3_max_dsp_1_ip_u/U0/i_synth/MULT.OP/i_non_prim.R_AND_R/LOGIC.R_AND_R/DSP48_E1.DSP48E1_ADD.DSP48E1_ADD/i_no_versal_es1_workaround.DSP/DSP_OUTPUT_INST                                  | ARITHMETIC.DSP.DSP48E2 |
    | grp_node_0_0_Pipeline_l_S_t_1_t_fu_256/hmul_16ns_16ns_16_3_max_dsp_1_U3/node_0_0_hmul_16ns_16ns_16_3_max_dsp_1_ip_u/U0/i_synth/MULT.OP/i_non_prim.R_AND_R/LOGIC.R_AND_R/EXP_ADD.ADD/CHAIN_GEN[0].C_MUX.CARRY_MUX_CARRY4_CARRY8                                                           | CLB.CARRY.CARRY8       |
    | grp_node_0_0_Pipeline_l_S_t_1_t_fu_256/hmul_16ns_16ns_16_3_max_dsp_1_U3/node_0_0_hmul_16ns_16ns_16_3_max_dsp_1_ip_u/U0/i_synth/MULT.OP/i_non_prim.EXP/EXP_ADD.C_CHAIN/RESULT_REG.NORMAL.exp_op[0]_i_1                                                                                    | CLB.LUT.LUT6           |
    | grp_node_0_0_Pipeline_l_S_t_1_t_fu_256/hmul_16ns_16ns_16_3_max_dsp_1_U3/node_0_0_hmul_16ns_16ns_16_3_max_dsp_1_ip_u/U0/i_synth/MULT.OP/i_non_prim.OP/RESULT_REG.NORMAL.exp_op_reg[0]                                                                                                     | REGISTER.SDR.FDRE      |
    | grp_node_0_0_Pipeline_l_S_t_1_t_fu_256/hadd_16ns_16ns_16_3_no_dsp_1_U1/din1_buf1_reg[9]_replica                                                                                                                                                                                          | REGISTER.SDR.FDRE      |
    | grp_node_0_0_Pipeline_l_S_t_1_t_fu_256/hadd_16ns_16ns_16_3_no_dsp_1_U1/node_0_0_hadd_16ns_16ns_16_3_no_dsp_1_ip_u/U0/i_synth/ADDSUB_OP.ADDSUB/LOGIC_SPEED.OP/EXP/NUMB_CMP/NOT_FAST.CMP/C_CHAIN/CHAIN_GEN[4].C_MUX.CARRY_MUX_i_1__3                                                       | CLB.LUT.LUT4           |
    | grp_node_0_0_Pipeline_l_S_t_1_t_fu_256/hadd_16ns_16ns_16_3_no_dsp_1_U1/node_0_0_hadd_16ns_16ns_16_3_no_dsp_1_ip_u/U0/i_synth/ADDSUB_OP.ADDSUB/LOGIC_SPEED.OP/EXP/NUMB_CMP/NOT_FAST.CMP/C_CHAIN/CHAIN_GEN[0].C_MUX.CARRY_MUX_CARRY4_CARRY8                                                | CLB.CARRY.CARRY8       |
    | grp_node_0_0_Pipeline_l_S_t_1_t_fu_256/hadd_16ns_16ns_16_3_no_dsp_1_U1/node_0_0_hadd_16ns_16ns_16_3_no_dsp_1_ip_u/U0/i_synth/ADDSUB_OP.ADDSUB/LOGIC_SPEED.OP/EXP/NUMB_CMP/NOT_FAST.CMP/C_CHAIN/CHAIN_GEN[1].C_MUX.CARRY_MUX_i_2__3                                                       | CLB.LUT.LUT6           |
    | grp_node_0_0_Pipeline_l_S_t_1_t_fu_256/hadd_16ns_16ns_16_3_no_dsp_1_U1/node_0_0_hadd_16ns_16ns_16_3_no_dsp_1_ip_u/U0/i_synth/ADDSUB_OP.ADDSUB/LOGIC_SPEED.OP/EXP/NUMB_CMP/NOT_FAST.CMP/C_CHAIN/CHAIN_GEN[1].C_MUX.CARRY_MUX_i_1__5                                                       | CLB.LUT.LUT4           |
    | grp_node_0_0_Pipeline_l_S_t_1_t_fu_256/hadd_16ns_16ns_16_3_no_dsp_1_U1/node_0_0_hadd_16ns_16ns_16_3_no_dsp_1_ip_u/U0/i_synth/ADDSUB_OP.ADDSUB/LOGIC_SPEED.OP/ALIGN_BLK/ALIGN_SHIFT/ALIGN_Z_D/EQ_ZERO/CARRY_ZERO_DET/CHAIN_GEN[0].C_MUX.CARRY_MUX_CARRY4_CARRY8                           | CLB.CARRY.CARRY8       |
    | grp_node_0_0_Pipeline_l_S_t_1_t_fu_256/hadd_16ns_16ns_16_3_no_dsp_1_U1/node_0_0_hadd_16ns_16ns_16_3_no_dsp_1_ip_u/U0/i_synth/ADDSUB_OP.ADDSUB/LOGIC_SPEED.OP/EXP/NUMB_CMP/NOT_FAST.CMP/C_CHAIN/STRUCT_ADD1.CARRY_MUX2_i_7                                                                | CLB.LUT.LUT5           |
    | grp_node_0_0_Pipeline_l_S_t_1_t_fu_256/hadd_16ns_16ns_16_3_no_dsp_1_U1/node_0_0_hadd_16ns_16ns_16_3_no_dsp_1_ip_u/U0/i_synth/ADDSUB_OP.ADDSUB/LOGIC_SPEED.OP/EXP/NUMB_CMP/NOT_FAST.CMP/C_CHAIN/STRUCT_ADD1.CARRY_MUX2_i_2                                                                | CLB.LUT.LUT6           |
    | grp_node_0_0_Pipeline_l_S_t_1_t_fu_256/hadd_16ns_16ns_16_3_no_dsp_1_U1/node_0_0_hadd_16ns_16ns_16_3_no_dsp_1_ip_u/U0/i_synth/ADDSUB_OP.ADDSUB/LOGIC_SPEED.OP/EXP/NUMB_CMP/NOT_FAST.CMP/C_CHAIN/STRUCT_ADD1.CARRY_MUX2_i_1                                                                | CLB.LUT.LUT6           |
    | grp_node_0_0_Pipeline_l_S_t_1_t_fu_256/hadd_16ns_16ns_16_3_no_dsp_1_U1/node_0_0_hadd_16ns_16ns_16_3_no_dsp_1_ip_u/U0/i_synth/ADDSUB_OP.ADDSUB/LOGIC_SPEED.OP/ALIGN_BLK/FRAC_ADDSUB/LOGIC_ADD.FRAC_ADDSUB/STRUCT_ADD1.CARRY_MUX1_CARRY4_CARRY8                                            | CLB.CARRY.CARRY8       |
    | grp_node_0_0_Pipeline_l_S_t_1_t_fu_256/hadd_16ns_16ns_16_3_no_dsp_1_U1/node_0_0_hadd_16ns_16ns_16_3_no_dsp_1_ip_u/U0/i_synth/ADDSUB_OP.ADDSUB/LOGIC_SPEED.OP/ALIGN_BLK/FRAC_ADDSUB/LOGIC_ADD.FRAC_ADDSUB/STRUCT_ADD2.ADD1/CHAIN_GEN[0].C_MUX.CARRY_MUX_CARRY4_CARRY8                     | CLB.CARRY.CARRY8       |
    | grp_node_0_0_Pipeline_l_S_t_1_t_fu_256/hadd_16ns_16ns_16_3_no_dsp_1_U1/node_0_0_hadd_16ns_16ns_16_3_no_dsp_1_ip_u/U0/i_synth/ADDSUB_OP.ADDSUB/LOGIC_SPEED.OP/ALIGN_BLK/FRAC_ADDSUB/LOGIC_ADD.FRAC_ADDSUB/STRUCT_ADD2.ADD1/CHAIN_GEN[0].C_MUX.CARRY_MUX_i_1__2                            | CLB.LUT.LUT4           |
    | grp_node_0_0_Pipeline_l_S_t_1_t_fu_256/hadd_16ns_16ns_16_3_no_dsp_1_U1/node_0_0_hadd_16ns_16ns_16_3_no_dsp_1_ip_u/U0/i_synth/ADDSUB_OP.ADDSUB/LOGIC_SPEED.OP/NORM/LZE/ZERO_DET_CC_1/CHAIN_GEN[0].C_MUX.CARRY_MUX_CARRY4_CARRY8                                                           | CLB.CARRY.CARRY8       |
    | grp_node_0_0_Pipeline_l_S_t_1_t_fu_256/hadd_16ns_16ns_16_3_no_dsp_1_U1/node_0_0_hadd_16ns_16ns_16_3_no_dsp_1_ip_u/U0/i_synth/ADDSUB_OP.ADDSUB/LOGIC_SPEED.OP/ALIGN_BLK/FRAC_ADDSUB/LOGIC_ADD.FRAC_ADDSUB/STRUCT_ADD2.ADD1/RESULT_REG.NORMAL.exp_op[2]_i_7                                | CLB.LUT.LUT5           |
    | grp_node_0_0_Pipeline_l_S_t_1_t_fu_256/hadd_16ns_16ns_16_3_no_dsp_1_U1/node_0_0_hadd_16ns_16ns_16_3_no_dsp_1_ip_u/U0/i_synth/ADDSUB_OP.ADDSUB/LOGIC_SPEED.OP/ALIGN_BLK/FRAC_ADDSUB/LOGIC_ADD.FRAC_ADDSUB/STRUCT_ADD1.ADD1/RESULT_REG.NORMAL.exp_op[1]_i_3                                | CLB.LUT.LUT5           |
    | grp_node_0_0_Pipeline_l_S_t_1_t_fu_256/hadd_16ns_16ns_16_3_no_dsp_1_U1/node_0_0_hadd_16ns_16ns_16_3_no_dsp_1_ip_u/U0/i_synth/ADDSUB_OP.ADDSUB/LOGIC_SPEED.OP/ALIGN_BLK/FRAC_ADDSUB/LOGIC_ADD.FRAC_ADDSUB/STRUCT_ADD1.ADD1/CHAIN_GEN[0].C_MUX.CARRY_MUX_i_6__0                            | CLB.LUT.LUT5           |
    | grp_node_0_0_Pipeline_l_S_t_1_t_fu_256/hadd_16ns_16ns_16_3_no_dsp_1_U1/node_0_0_hadd_16ns_16ns_16_3_no_dsp_1_ip_u/U0/i_synth/ADDSUB_OP.ADDSUB/LOGIC_SPEED.OP/ALIGN_BLK/FRAC_ADDSUB/LOGIC_ADD.FRAC_ADDSUB/STRUCT_ADD1.ADD1/CHAIN_GEN[0].C_MUX.CARRY_MUX_i_3__0                            | CLB.LUT.LUT6           |
    | grp_node_0_0_Pipeline_l_S_t_1_t_fu_256/hadd_16ns_16ns_16_3_no_dsp_1_U1/node_0_0_hadd_16ns_16ns_16_3_no_dsp_1_ip_u/U0/i_synth/ADDSUB_OP.ADDSUB/LOGIC_SPEED.OP/ALIGN_BLK/FRAC_ADDSUB/LOGIC_ADD.FRAC_ADDSUB/STRUCT_ADD1.ADD1/CHAIN_GEN[0].C_MUX.CARRY_MUX_i_1__10                           | CLB.LUT.LUT5           |
    | grp_node_0_0_Pipeline_l_S_t_1_t_fu_256/hadd_16ns_16ns_16_3_no_dsp_1_U1/node_0_0_hadd_16ns_16ns_16_3_no_dsp_1_ip_u/U0/i_synth/ADDSUB_OP.ADDSUB/LOGIC_SPEED.OP/NORM/ROUND/RND_BIT_GEN/NORM_2.RND_CHAIN/CHAIN_GEN[0].C_MUX.CARRY_MUX_CARRY4_CARRY8                                          | CLB.CARRY.CARRY8       |
    | grp_node_0_0_Pipeline_l_S_t_1_t_fu_256/hadd_16ns_16ns_16_3_no_dsp_1_U1/node_0_0_hadd_16ns_16ns_16_3_no_dsp_1_ip_u/U0/i_synth/ADDSUB_OP.ADDSUB/LOGIC_SPEED.OP/NORM/ROUND/LOGIC.RND1/CHAIN_GEN[2].C_MUX.CARRY_MUX_CARRY4_CARRY8                                                            | CLB.CARRY.CARRY8       |
    | grp_node_0_0_Pipeline_l_S_t_1_t_fu_256/hadd_16ns_16ns_16_3_no_dsp_1_U1/node_0_0_hadd_16ns_16ns_16_3_no_dsp_1_ip_u/U0/i_synth/ADDSUB_OP.ADDSUB/LOGIC_SPEED.OP/NORM/ROUND/LOGIC.RND2/CHAIN_GEN[5].Q_XOR.SUM_XOR_CARRY4_CARRY8                                                              | CLB.CARRY.CARRY8       |
    | grp_node_0_0_Pipeline_l_S_t_1_t_fu_256/hadd_16ns_16ns_16_3_no_dsp_1_U1/node_0_0_hadd_16ns_16ns_16_3_no_dsp_1_ip_u/U0/i_synth/ADDSUB_OP.ADDSUB/LOGIC_SPEED.OP/NORM/LZE/ZERO_DET_CC_1/RESULT_REG.NORMAL.exp_op[4]_i_3                                                                      | CLB.LUT.LUT6           |
    | grp_node_0_0_Pipeline_l_S_t_1_t_fu_256/hadd_16ns_16ns_16_3_no_dsp_1_U1/node_0_0_hadd_16ns_16ns_16_3_no_dsp_1_ip_u/U0/i_synth/ADDSUB_OP.ADDSUB/LOGIC_SPEED.OP/NORM/LZE/ZERO_DET_CC_1/RESULT_REG.NORMAL.exp_op[4]_i_1                                                                      | CLB.LUT.LUT6           |
    | grp_node_0_0_Pipeline_l_S_t_1_t_fu_256/hadd_16ns_16ns_16_3_no_dsp_1_U1/node_0_0_hadd_16ns_16ns_16_3_no_dsp_1_ip_u/U0/i_synth/ADDSUB_OP.ADDSUB/LOGIC_SPEED.OP/OP/RESULT_REG.NORMAL.exp_op_reg[4]                                                                                          | REGISTER.SDR.FDRE      |
    | grp_node_0_0_Pipeline_l_S_t_1_t_fu_256/hadd_16ns_16ns_16_3_no_dsp_1_U1/din1_buf1_reg[9]_replica                                                                                                                                                                                          | REGISTER.SDR.FDRE      |
    | grp_node_0_0_Pipeline_l_S_t_1_t_fu_256/hadd_16ns_16ns_16_3_no_dsp_1_U1/node_0_0_hadd_16ns_16ns_16_3_no_dsp_1_ip_u/U0/i_synth/ADDSUB_OP.ADDSUB/LOGIC_SPEED.OP/EXP/NUMB_CMP/NOT_FAST.CMP/C_CHAIN/CHAIN_GEN[4].C_MUX.CARRY_MUX_i_1__3                                                       | CLB.LUT.LUT4           |
    | grp_node_0_0_Pipeline_l_S_t_1_t_fu_256/hadd_16ns_16ns_16_3_no_dsp_1_U1/node_0_0_hadd_16ns_16ns_16_3_no_dsp_1_ip_u/U0/i_synth/ADDSUB_OP.ADDSUB/LOGIC_SPEED.OP/EXP/NUMB_CMP/NOT_FAST.CMP/C_CHAIN/CHAIN_GEN[0].C_MUX.CARRY_MUX_CARRY4_CARRY8                                                | CLB.CARRY.CARRY8       |
    | grp_node_0_0_Pipeline_l_S_t_1_t_fu_256/hadd_16ns_16ns_16_3_no_dsp_1_U1/node_0_0_hadd_16ns_16ns_16_3_no_dsp_1_ip_u/U0/i_synth/ADDSUB_OP.ADDSUB/LOGIC_SPEED.OP/EXP/NUMB_CMP/NOT_FAST.CMP/C_CHAIN/CHAIN_GEN[1].C_MUX.CARRY_MUX_i_2__3                                                       | CLB.LUT.LUT6           |
    | grp_node_0_0_Pipeline_l_S_t_1_t_fu_256/hadd_16ns_16ns_16_3_no_dsp_1_U1/node_0_0_hadd_16ns_16ns_16_3_no_dsp_1_ip_u/U0/i_synth/ADDSUB_OP.ADDSUB/LOGIC_SPEED.OP/EXP/NUMB_CMP/NOT_FAST.CMP/C_CHAIN/CHAIN_GEN[1].C_MUX.CARRY_MUX_i_1__5                                                       | CLB.LUT.LUT4           |
    | grp_node_0_0_Pipeline_l_S_t_1_t_fu_256/hadd_16ns_16ns_16_3_no_dsp_1_U1/node_0_0_hadd_16ns_16ns_16_3_no_dsp_1_ip_u/U0/i_synth/ADDSUB_OP.ADDSUB/LOGIC_SPEED.OP/ALIGN_BLK/ALIGN_SHIFT/ALIGN_Z_D/EQ_ZERO/CARRY_ZERO_DET/CHAIN_GEN[0].C_MUX.CARRY_MUX_CARRY4_CARRY8                           | CLB.CARRY.CARRY8       |
    | grp_node_0_0_Pipeline_l_S_t_1_t_fu_256/hadd_16ns_16ns_16_3_no_dsp_1_U1/node_0_0_hadd_16ns_16ns_16_3_no_dsp_1_ip_u/U0/i_synth/ADDSUB_OP.ADDSUB/LOGIC_SPEED.OP/EXP/NUMB_CMP/NOT_FAST.CMP/C_CHAIN/STRUCT_ADD1.CARRY_MUX2_i_7                                                                | CLB.LUT.LUT5           |
    | grp_node_0_0_Pipeline_l_S_t_1_t_fu_256/hadd_16ns_16ns_16_3_no_dsp_1_U1/node_0_0_hadd_16ns_16ns_16_3_no_dsp_1_ip_u/U0/i_synth/ADDSUB_OP.ADDSUB/LOGIC_SPEED.OP/EXP/NUMB_CMP/NOT_FAST.CMP/C_CHAIN/STRUCT_ADD1.CARRY_MUX2_i_2                                                                | CLB.LUT.LUT6           |
    | grp_node_0_0_Pipeline_l_S_t_1_t_fu_256/hadd_16ns_16ns_16_3_no_dsp_1_U1/node_0_0_hadd_16ns_16ns_16_3_no_dsp_1_ip_u/U0/i_synth/ADDSUB_OP.ADDSUB/LOGIC_SPEED.OP/EXP/NUMB_CMP/NOT_FAST.CMP/C_CHAIN/STRUCT_ADD1.CARRY_MUX2_i_1                                                                | CLB.LUT.LUT6           |
    | grp_node_0_0_Pipeline_l_S_t_1_t_fu_256/hadd_16ns_16ns_16_3_no_dsp_1_U1/node_0_0_hadd_16ns_16ns_16_3_no_dsp_1_ip_u/U0/i_synth/ADDSUB_OP.ADDSUB/LOGIC_SPEED.OP/ALIGN_BLK/FRAC_ADDSUB/LOGIC_ADD.FRAC_ADDSUB/STRUCT_ADD1.CARRY_MUX1_CARRY4_CARRY8                                            | CLB.CARRY.CARRY8       |
    | grp_node_0_0_Pipeline_l_S_t_1_t_fu_256/hadd_16ns_16ns_16_3_no_dsp_1_U1/node_0_0_hadd_16ns_16ns_16_3_no_dsp_1_ip_u/U0/i_synth/ADDSUB_OP.ADDSUB/LOGIC_SPEED.OP/ALIGN_BLK/FRAC_ADDSUB/LOGIC_ADD.FRAC_ADDSUB/STRUCT_ADD2.ADD1/CHAIN_GEN[0].C_MUX.CARRY_MUX_CARRY4_CARRY8                     | CLB.CARRY.CARRY8       |
    | grp_node_0_0_Pipeline_l_S_t_1_t_fu_256/hadd_16ns_16ns_16_3_no_dsp_1_U1/node_0_0_hadd_16ns_16ns_16_3_no_dsp_1_ip_u/U0/i_synth/ADDSUB_OP.ADDSUB/LOGIC_SPEED.OP/ALIGN_BLK/FRAC_ADDSUB/LOGIC_ADD.FRAC_ADDSUB/STRUCT_ADD2.ADD1/CHAIN_GEN[0].C_MUX.CARRY_MUX_i_1__2                            | CLB.LUT.LUT4           |
    | grp_node_0_0_Pipeline_l_S_t_1_t_fu_256/hadd_16ns_16ns_16_3_no_dsp_1_U1/node_0_0_hadd_16ns_16ns_16_3_no_dsp_1_ip_u/U0/i_synth/ADDSUB_OP.ADDSUB/LOGIC_SPEED.OP/NORM/LZE/ZERO_DET_CC_1/CHAIN_GEN[0].C_MUX.CARRY_MUX_CARRY4_CARRY8                                                           | CLB.CARRY.CARRY8       |
    | grp_node_0_0_Pipeline_l_S_t_1_t_fu_256/hadd_16ns_16ns_16_3_no_dsp_1_U1/node_0_0_hadd_16ns_16ns_16_3_no_dsp_1_ip_u/U0/i_synth/ADDSUB_OP.ADDSUB/LOGIC_SPEED.OP/ALIGN_BLK/FRAC_ADDSUB/LOGIC_ADD.FRAC_ADDSUB/STRUCT_ADD2.ADD1/RESULT_REG.NORMAL.exp_op[2]_i_7                                | CLB.LUT.LUT5           |
    | grp_node_0_0_Pipeline_l_S_t_1_t_fu_256/hadd_16ns_16ns_16_3_no_dsp_1_U1/node_0_0_hadd_16ns_16ns_16_3_no_dsp_1_ip_u/U0/i_synth/ADDSUB_OP.ADDSUB/LOGIC_SPEED.OP/ALIGN_BLK/FRAC_ADDSUB/LOGIC_ADD.FRAC_ADDSUB/STRUCT_ADD1.ADD1/RESULT_REG.NORMAL.exp_op[1]_i_3                                | CLB.LUT.LUT5           |
    | grp_node_0_0_Pipeline_l_S_t_1_t_fu_256/hadd_16ns_16ns_16_3_no_dsp_1_U1/node_0_0_hadd_16ns_16ns_16_3_no_dsp_1_ip_u/U0/i_synth/ADDSUB_OP.ADDSUB/LOGIC_SPEED.OP/ALIGN_BLK/FRAC_ADDSUB/LOGIC_ADD.FRAC_ADDSUB/STRUCT_ADD1.ADD1/CHAIN_GEN[0].C_MUX.CARRY_MUX_i_6__0                            | CLB.LUT.LUT5           |
    | grp_node_0_0_Pipeline_l_S_t_1_t_fu_256/hadd_16ns_16ns_16_3_no_dsp_1_U1/node_0_0_hadd_16ns_16ns_16_3_no_dsp_1_ip_u/U0/i_synth/ADDSUB_OP.ADDSUB/LOGIC_SPEED.OP/ALIGN_BLK/FRAC_ADDSUB/LOGIC_ADD.FRAC_ADDSUB/STRUCT_ADD1.ADD1/CHAIN_GEN[0].C_MUX.CARRY_MUX_i_3__0                            | CLB.LUT.LUT6           |
    | grp_node_0_0_Pipeline_l_S_t_1_t_fu_256/hadd_16ns_16ns_16_3_no_dsp_1_U1/node_0_0_hadd_16ns_16ns_16_3_no_dsp_1_ip_u/U0/i_synth/ADDSUB_OP.ADDSUB/LOGIC_SPEED.OP/ALIGN_BLK/FRAC_ADDSUB/LOGIC_ADD.FRAC_ADDSUB/STRUCT_ADD1.ADD1/CHAIN_GEN[0].C_MUX.CARRY_MUX_i_1__10                           | CLB.LUT.LUT5           |
    | grp_node_0_0_Pipeline_l_S_t_1_t_fu_256/hadd_16ns_16ns_16_3_no_dsp_1_U1/node_0_0_hadd_16ns_16ns_16_3_no_dsp_1_ip_u/U0/i_synth/ADDSUB_OP.ADDSUB/LOGIC_SPEED.OP/NORM/ROUND/RND_BIT_GEN/NORM_2.RND_CHAIN/CHAIN_GEN[0].C_MUX.CARRY_MUX_CARRY4_CARRY8                                          | CLB.CARRY.CARRY8       |
    | grp_node_0_0_Pipeline_l_S_t_1_t_fu_256/hadd_16ns_16ns_16_3_no_dsp_1_U1/node_0_0_hadd_16ns_16ns_16_3_no_dsp_1_ip_u/U0/i_synth/ADDSUB_OP.ADDSUB/LOGIC_SPEED.OP/NORM/ROUND/LOGIC.RND1/CHAIN_GEN[2].C_MUX.CARRY_MUX_CARRY4_CARRY8                                                            | CLB.CARRY.CARRY8       |
    | grp_node_0_0_Pipeline_l_S_t_1_t_fu_256/hadd_16ns_16ns_16_3_no_dsp_1_U1/node_0_0_hadd_16ns_16ns_16_3_no_dsp_1_ip_u/U0/i_synth/ADDSUB_OP.ADDSUB/LOGIC_SPEED.OP/NORM/ROUND/LOGIC.RND2/CHAIN_GEN[5].Q_XOR.SUM_XOR_CARRY4_CARRY8                                                              | CLB.CARRY.CARRY8       |
    | grp_node_0_0_Pipeline_l_S_t_1_t_fu_256/hadd_16ns_16ns_16_3_no_dsp_1_U1/node_0_0_hadd_16ns_16ns_16_3_no_dsp_1_ip_u/U0/i_synth/ADDSUB_OP.ADDSUB/LOGIC_SPEED.OP/NORM/LZE/ZERO_DET_CC_1/RESULT_REG.NORMAL.exp_op[4]_i_3                                                                      | CLB.LUT.LUT6           |
    | grp_node_0_0_Pipeline_l_S_t_1_t_fu_256/hadd_16ns_16ns_16_3_no_dsp_1_U1/node_0_0_hadd_16ns_16ns_16_3_no_dsp_1_ip_u/U0/i_synth/ADDSUB_OP.ADDSUB/LOGIC_SPEED.OP/NORM/LZE/ZERO_DET_CC_1/RESULT_REG.NORMAL.exp_op[3]_i_1                                                                      | CLB.LUT.LUT6           |
    | grp_node_0_0_Pipeline_l_S_t_1_t_fu_256/hadd_16ns_16ns_16_3_no_dsp_1_U1/node_0_0_hadd_16ns_16ns_16_3_no_dsp_1_ip_u/U0/i_synth/ADDSUB_OP.ADDSUB/LOGIC_SPEED.OP/OP/RESULT_REG.NORMAL.exp_op_reg[3]                                                                                          | REGISTER.SDR.FDRE      |
    | grp_node_0_0_Pipeline_l_S_t_1_t_fu_256/hadd_16ns_16ns_16_3_no_dsp_1_U1/din0_buf1_reg[8]                                                                                                                                                                                                  | REGISTER.SDR.FDRE      |
    | grp_node_0_0_Pipeline_l_S_t_1_t_fu_256/hsub_16ns_16ns_16_3_no_dsp_1_U2/node_0_0_hsub_16ns_16ns_16_3_no_dsp_1_ip_u/U0/i_synth/ADDSUB_OP.ADDSUB/LOGIC_SPEED.OP/EXP/NUMB_CMP/NOT_FAST.CMP/C_CHAIN/CHAIN_GEN[4].C_MUX.CARRY_MUX_i_1__3                                                       | CLB.LUT.LUT4           |
    | grp_node_0_0_Pipeline_l_S_t_1_t_fu_256/hsub_16ns_16ns_16_3_no_dsp_1_U2/node_0_0_hsub_16ns_16ns_16_3_no_dsp_1_ip_u/U0/i_synth/ADDSUB_OP.ADDSUB/LOGIC_SPEED.OP/EXP/NUMB_CMP/NOT_FAST.CMP/C_CHAIN/CHAIN_GEN[0].C_MUX.CARRY_MUX_CARRY4_CARRY8                                                | CLB.CARRY.CARRY8       |
    | grp_node_0_0_Pipeline_l_S_t_1_t_fu_256/hsub_16ns_16ns_16_3_no_dsp_1_U2/node_0_0_hsub_16ns_16ns_16_3_no_dsp_1_ip_u/U0/i_synth/ADDSUB_OP.ADDSUB/LOGIC_SPEED.OP/EXP/NUMB_CMP/NOT_FAST.CMP/C_CHAIN/CHAIN_GEN[1].C_MUX.CARRY_MUX_i_3__1                                                       | CLB.LUT.LUT6           |
    | grp_node_0_0_Pipeline_l_S_t_1_t_fu_256/hsub_16ns_16ns_16_3_no_dsp_1_U2/node_0_0_hsub_16ns_16ns_16_3_no_dsp_1_ip_u/U0/i_synth/ADDSUB_OP.ADDSUB/LOGIC_SPEED.OP/EXP/NUMB_CMP/NOT_FAST.CMP/C_CHAIN/CHAIN_GEN[1].C_MUX.CARRY_MUX_i_1__1                                                       | CLB.LUT.LUT4           |
    | grp_node_0_0_Pipeline_l_S_t_1_t_fu_256/hsub_16ns_16ns_16_3_no_dsp_1_U2/node_0_0_hsub_16ns_16ns_16_3_no_dsp_1_ip_u/U0/i_synth/ADDSUB_OP.ADDSUB/LOGIC_SPEED.OP/ALIGN_BLK/ALIGN_SHIFT/ALIGN_Z_D/EQ_ZERO/CARRY_ZERO_DET/CHAIN_GEN[0].C_MUX.CARRY_MUX_CARRY4_CARRY8                           | CLB.CARRY.CARRY8       |
    | grp_node_0_0_Pipeline_l_S_t_1_t_fu_256/hsub_16ns_16ns_16_3_no_dsp_1_U2/node_0_0_hsub_16ns_16ns_16_3_no_dsp_1_ip_u/U0/i_synth/ADDSUB_OP.ADDSUB/LOGIC_SPEED.OP/EXP/NUMB_CMP/NOT_FAST.CMP/C_CHAIN/STRUCT_ADD1.CARRY_MUX2_i_2                                                                | CLB.LUT.LUT5           |
    | grp_node_0_0_Pipeline_l_S_t_1_t_fu_256/hsub_16ns_16ns_16_3_no_dsp_1_U2/node_0_0_hsub_16ns_16ns_16_3_no_dsp_1_ip_u/U0/i_synth/ADDSUB_OP.ADDSUB/LOGIC_SPEED.OP/EXP/NUMB_CMP/NOT_FAST.CMP/C_CHAIN/STRUCT_ADD1.CARRY_MUX2_i_1                                                                | CLB.LUT.LUT6           |
    | grp_node_0_0_Pipeline_l_S_t_1_t_fu_256/hsub_16ns_16ns_16_3_no_dsp_1_U2/node_0_0_hsub_16ns_16ns_16_3_no_dsp_1_ip_u/U0/i_synth/ADDSUB_OP.ADDSUB/LOGIC_SPEED.OP/ALIGN_BLK/FRAC_ADDSUB/LOGIC_ADD.FRAC_ADDSUB/STRUCT_ADD1.CARRY_MUX1_CARRY4_CARRY8                                            | CLB.CARRY.CARRY8       |
    | grp_node_0_0_Pipeline_l_S_t_1_t_fu_256/hsub_16ns_16ns_16_3_no_dsp_1_U2/node_0_0_hsub_16ns_16ns_16_3_no_dsp_1_ip_u/U0/i_synth/ADDSUB_OP.ADDSUB/LOGIC_SPEED.OP/ALIGN_BLK/FRAC_ADDSUB/LOGIC_ADD.FRAC_ADDSUB/STRUCT_ADD2.ADD1/CHAIN_GEN[0].C_MUX.CARRY_MUX_CARRY4_CARRY8                     | CLB.CARRY.CARRY8       |
    | grp_node_0_0_Pipeline_l_S_t_1_t_fu_256/hsub_16ns_16ns_16_3_no_dsp_1_U2/node_0_0_hsub_16ns_16ns_16_3_no_dsp_1_ip_u/U0/i_synth/ADDSUB_OP.ADDSUB/LOGIC_SPEED.OP/ALIGN_BLK/FRAC_ADDSUB/LOGIC_ADD.FRAC_ADDSUB/STRUCT_ADD2.ADD1/CHAIN_GEN[1].C_MUX.CARRY_MUX_i_1__4                            | CLB.LUT.LUT4           |
    | grp_node_0_0_Pipeline_l_S_t_1_t_fu_256/hsub_16ns_16ns_16_3_no_dsp_1_U2/node_0_0_hsub_16ns_16ns_16_3_no_dsp_1_ip_u/U0/i_synth/ADDSUB_OP.ADDSUB/LOGIC_SPEED.OP/NORM/LZE/ZERO_DET_CC_1/CHAIN_GEN[0].C_MUX.CARRY_MUX_CARRY4_CARRY8                                                           | CLB.CARRY.CARRY8       |
    | grp_node_0_0_Pipeline_l_S_t_1_t_fu_256/hsub_16ns_16ns_16_3_no_dsp_1_U2/node_0_0_hsub_16ns_16ns_16_3_no_dsp_1_ip_u/U0/i_synth/ADDSUB_OP.ADDSUB/LOGIC_SPEED.OP/ALIGN_BLK/FRAC_ADDSUB/LOGIC_ADD.FRAC_ADDSUB/STRUCT_ADD2.ADD1/CHAIN_GEN[1].C_MUX.CARRY_MUX_i_5__1                            | CLB.LUT.LUT6           |
    | grp_node_0_0_Pipeline_l_S_t_1_t_fu_256/hsub_16ns_16ns_16_3_no_dsp_1_U2/node_0_0_hsub_16ns_16ns_16_3_no_dsp_1_ip_u/U0/i_synth/ADDSUB_OP.ADDSUB/LOGIC_SPEED.OP/ALIGN_BLK/FRAC_ADDSUB/LOGIC_ADD.FRAC_ADDSUB/STRUCT_ADD2.ADD1/CHAIN_GEN[1].C_MUX.CARRY_MUX_i_2__3                            | CLB.LUT.LUT6           |
    | grp_node_0_0_Pipeline_l_S_t_1_t_fu_256/hsub_16ns_16ns_16_3_no_dsp_1_U2/node_0_0_hsub_16ns_16ns_16_3_no_dsp_1_ip_u/U0/i_synth/ADDSUB_OP.ADDSUB/LOGIC_SPEED.OP/ALIGN_BLK/FRAC_ADDSUB/LOGIC_ADD.FRAC_ADDSUB/STRUCT_ADD2.ADD1/CHAIN_GEN[0].C_MUX.CARRY_MUX_i_6__0                            | CLB.LUT.LUT5           |
    | grp_node_0_0_Pipeline_l_S_t_1_t_fu_256/hsub_16ns_16ns_16_3_no_dsp_1_U2/node_0_0_hsub_16ns_16ns_16_3_no_dsp_1_ip_u/U0/i_synth/ADDSUB_OP.ADDSUB/LOGIC_SPEED.OP/ALIGN_BLK/FRAC_ADDSUB/LOGIC_ADD.FRAC_ADDSUB/STRUCT_ADD1.ADD1/CHAIN_GEN[0].C_MUX.CARRY_MUX_i_5__0                            | CLB.LUT.LUT6           |
    | grp_node_0_0_Pipeline_l_S_t_1_t_fu_256/hsub_16ns_16ns_16_3_no_dsp_1_U2/node_0_0_hsub_16ns_16ns_16_3_no_dsp_1_ip_u/U0/i_synth/ADDSUB_OP.ADDSUB/LOGIC_SPEED.OP/ALIGN_BLK/FRAC_ADDSUB/LOGIC_ADD.FRAC_ADDSUB/STRUCT_ADD1.ADD1/CHAIN_GEN[0].C_MUX.CARRY_MUX_i_1__9                            | CLB.LUT.LUT6           |
    | grp_node_0_0_Pipeline_l_S_t_1_t_fu_256/hsub_16ns_16ns_16_3_no_dsp_1_U2/node_0_0_hsub_16ns_16ns_16_3_no_dsp_1_ip_u/U0/i_synth/ADDSUB_OP.ADDSUB/LOGIC_SPEED.OP/NORM/ROUND/RND_BIT_GEN/NORM_2.RND_CHAIN/CHAIN_GEN[0].C_MUX.CARRY_MUX_CARRY4_CARRY8                                          | CLB.CARRY.CARRY8       |
    | grp_node_0_0_Pipeline_l_S_t_1_t_fu_256/hsub_16ns_16ns_16_3_no_dsp_1_U2/node_0_0_hsub_16ns_16ns_16_3_no_dsp_1_ip_u/U0/i_synth/ADDSUB_OP.ADDSUB/LOGIC_SPEED.OP/NORM/ROUND/LOGIC.RND1/CHAIN_GEN[2].C_MUX.CARRY_MUX_CARRY4_CARRY8                                                            | CLB.CARRY.CARRY8       |
    | grp_node_0_0_Pipeline_l_S_t_1_t_fu_256/hsub_16ns_16ns_16_3_no_dsp_1_U2/node_0_0_hsub_16ns_16ns_16_3_no_dsp_1_ip_u/U0/i_synth/ADDSUB_OP.ADDSUB/LOGIC_SPEED.OP/NORM/ROUND/LOGIC.RND2/CHAIN_GEN[5].Q_XOR.SUM_XOR_CARRY4_CARRY8                                                              | CLB.CARRY.CARRY8       |
    | grp_node_0_0_Pipeline_l_S_t_1_t_fu_256/hsub_16ns_16ns_16_3_no_dsp_1_U2/node_0_0_hsub_16ns_16ns_16_3_no_dsp_1_ip_u/U0/i_synth/ADDSUB_OP.ADDSUB/LOGIC_SPEED.OP/ALIGN_BLK/FRAC_ADDSUB/LOGIC_ADD.FRAC_ADDSUB/STRUCT_ADD1.ADD1/RESULT_REG.NORMAL.exp_op[0]_i_2                                | CLB.LUT.LUT6           |
    | grp_node_0_0_Pipeline_l_S_t_1_t_fu_256/hsub_16ns_16ns_16_3_no_dsp_1_U2/node_0_0_hsub_16ns_16ns_16_3_no_dsp_1_ip_u/U0/i_synth/ADDSUB_OP.ADDSUB/LOGIC_SPEED.OP/EXP/EXP_OFF.STRUCT_ADD/RESULT_REG.NORMAL.exp_op[0]_i_1                                                                      | CLB.LUT.LUT6           |
    | grp_node_0_0_Pipeline_l_S_t_1_t_fu_256/hsub_16ns_16ns_16_3_no_dsp_1_U2/node_0_0_hsub_16ns_16ns_16_3_no_dsp_1_ip_u/U0/i_synth/ADDSUB_OP.ADDSUB/LOGIC_SPEED.OP/OP/RESULT_REG.NORMAL.exp_op_reg[0]                                                                                          | REGISTER.SDR.FDRE      |
    | grp_node_0_0_Pipeline_l_S_t_1_t_fu_256/hadd_16ns_16ns_16_3_no_dsp_1_U1/din1_buf1_reg[9]_replica                                                                                                                                                                                          | REGISTER.SDR.FDRE      |
    | grp_node_0_0_Pipeline_l_S_t_1_t_fu_256/hadd_16ns_16ns_16_3_no_dsp_1_U1/node_0_0_hadd_16ns_16ns_16_3_no_dsp_1_ip_u/U0/i_synth/ADDSUB_OP.ADDSUB/LOGIC_SPEED.OP/EXP/NUMB_CMP/NOT_FAST.CMP/C_CHAIN/CHAIN_GEN[4].C_MUX.CARRY_MUX_i_1__3                                                       | CLB.LUT.LUT4           |
    | grp_node_0_0_Pipeline_l_S_t_1_t_fu_256/hadd_16ns_16ns_16_3_no_dsp_1_U1/node_0_0_hadd_16ns_16ns_16_3_no_dsp_1_ip_u/U0/i_synth/ADDSUB_OP.ADDSUB/LOGIC_SPEED.OP/EXP/NUMB_CMP/NOT_FAST.CMP/C_CHAIN/CHAIN_GEN[0].C_MUX.CARRY_MUX_CARRY4_CARRY8                                                | CLB.CARRY.CARRY8       |
    | grp_node_0_0_Pipeline_l_S_t_1_t_fu_256/hadd_16ns_16ns_16_3_no_dsp_1_U1/node_0_0_hadd_16ns_16ns_16_3_no_dsp_1_ip_u/U0/i_synth/ADDSUB_OP.ADDSUB/LOGIC_SPEED.OP/EXP/NUMB_CMP/NOT_FAST.CMP/C_CHAIN/CHAIN_GEN[1].C_MUX.CARRY_MUX_i_2__3                                                       | CLB.LUT.LUT6           |
    | grp_node_0_0_Pipeline_l_S_t_1_t_fu_256/hadd_16ns_16ns_16_3_no_dsp_1_U1/node_0_0_hadd_16ns_16ns_16_3_no_dsp_1_ip_u/U0/i_synth/ADDSUB_OP.ADDSUB/LOGIC_SPEED.OP/EXP/NUMB_CMP/NOT_FAST.CMP/C_CHAIN/CHAIN_GEN[1].C_MUX.CARRY_MUX_i_1__5                                                       | CLB.LUT.LUT4           |
    | grp_node_0_0_Pipeline_l_S_t_1_t_fu_256/hadd_16ns_16ns_16_3_no_dsp_1_U1/node_0_0_hadd_16ns_16ns_16_3_no_dsp_1_ip_u/U0/i_synth/ADDSUB_OP.ADDSUB/LOGIC_SPEED.OP/ALIGN_BLK/ALIGN_SHIFT/ALIGN_Z_D/EQ_ZERO/CARRY_ZERO_DET/CHAIN_GEN[0].C_MUX.CARRY_MUX_CARRY4_CARRY8                           | CLB.CARRY.CARRY8       |
    | grp_node_0_0_Pipeline_l_S_t_1_t_fu_256/hadd_16ns_16ns_16_3_no_dsp_1_U1/node_0_0_hadd_16ns_16ns_16_3_no_dsp_1_ip_u/U0/i_synth/ADDSUB_OP.ADDSUB/LOGIC_SPEED.OP/EXP/NUMB_CMP/NOT_FAST.CMP/C_CHAIN/STRUCT_ADD1.CARRY_MUX2_i_7                                                                | CLB.LUT.LUT5           |
    | grp_node_0_0_Pipeline_l_S_t_1_t_fu_256/hadd_16ns_16ns_16_3_no_dsp_1_U1/node_0_0_hadd_16ns_16ns_16_3_no_dsp_1_ip_u/U0/i_synth/ADDSUB_OP.ADDSUB/LOGIC_SPEED.OP/EXP/NUMB_CMP/NOT_FAST.CMP/C_CHAIN/STRUCT_ADD1.CARRY_MUX2_i_2                                                                | CLB.LUT.LUT6           |
    | grp_node_0_0_Pipeline_l_S_t_1_t_fu_256/hadd_16ns_16ns_16_3_no_dsp_1_U1/node_0_0_hadd_16ns_16ns_16_3_no_dsp_1_ip_u/U0/i_synth/ADDSUB_OP.ADDSUB/LOGIC_SPEED.OP/EXP/NUMB_CMP/NOT_FAST.CMP/C_CHAIN/STRUCT_ADD1.CARRY_MUX2_i_1                                                                | CLB.LUT.LUT6           |
    | grp_node_0_0_Pipeline_l_S_t_1_t_fu_256/hadd_16ns_16ns_16_3_no_dsp_1_U1/node_0_0_hadd_16ns_16ns_16_3_no_dsp_1_ip_u/U0/i_synth/ADDSUB_OP.ADDSUB/LOGIC_SPEED.OP/ALIGN_BLK/FRAC_ADDSUB/LOGIC_ADD.FRAC_ADDSUB/STRUCT_ADD1.CARRY_MUX1_CARRY4_CARRY8                                            | CLB.CARRY.CARRY8       |
    | grp_node_0_0_Pipeline_l_S_t_1_t_fu_256/hadd_16ns_16ns_16_3_no_dsp_1_U1/node_0_0_hadd_16ns_16ns_16_3_no_dsp_1_ip_u/U0/i_synth/ADDSUB_OP.ADDSUB/LOGIC_SPEED.OP/ALIGN_BLK/FRAC_ADDSUB/LOGIC_ADD.FRAC_ADDSUB/STRUCT_ADD2.ADD1/CHAIN_GEN[0].C_MUX.CARRY_MUX_CARRY4_CARRY8                     | CLB.CARRY.CARRY8       |
    | grp_node_0_0_Pipeline_l_S_t_1_t_fu_256/hadd_16ns_16ns_16_3_no_dsp_1_U1/node_0_0_hadd_16ns_16ns_16_3_no_dsp_1_ip_u/U0/i_synth/ADDSUB_OP.ADDSUB/LOGIC_SPEED.OP/ALIGN_BLK/FRAC_ADDSUB/LOGIC_ADD.FRAC_ADDSUB/STRUCT_ADD2.ADD1/CHAIN_GEN[0].C_MUX.CARRY_MUX_i_1__2                            | CLB.LUT.LUT4           |
    | grp_node_0_0_Pipeline_l_S_t_1_t_fu_256/hadd_16ns_16ns_16_3_no_dsp_1_U1/node_0_0_hadd_16ns_16ns_16_3_no_dsp_1_ip_u/U0/i_synth/ADDSUB_OP.ADDSUB/LOGIC_SPEED.OP/NORM/LZE/ZERO_DET_CC_1/CHAIN_GEN[0].C_MUX.CARRY_MUX_CARRY4_CARRY8                                                           | CLB.CARRY.CARRY8       |
    | grp_node_0_0_Pipeline_l_S_t_1_t_fu_256/hadd_16ns_16ns_16_3_no_dsp_1_U1/node_0_0_hadd_16ns_16ns_16_3_no_dsp_1_ip_u/U0/i_synth/ADDSUB_OP.ADDSUB/LOGIC_SPEED.OP/ALIGN_BLK/FRAC_ADDSUB/LOGIC_ADD.FRAC_ADDSUB/STRUCT_ADD2.ADD1/RESULT_REG.NORMAL.exp_op[2]_i_7                                | CLB.LUT.LUT5           |
    | grp_node_0_0_Pipeline_l_S_t_1_t_fu_256/hadd_16ns_16ns_16_3_no_dsp_1_U1/node_0_0_hadd_16ns_16ns_16_3_no_dsp_1_ip_u/U0/i_synth/ADDSUB_OP.ADDSUB/LOGIC_SPEED.OP/ALIGN_BLK/FRAC_ADDSUB/LOGIC_ADD.FRAC_ADDSUB/STRUCT_ADD1.ADD1/RESULT_REG.NORMAL.exp_op[1]_i_3                                | CLB.LUT.LUT5           |
    | grp_node_0_0_Pipeline_l_S_t_1_t_fu_256/hadd_16ns_16ns_16_3_no_dsp_1_U1/node_0_0_hadd_16ns_16ns_16_3_no_dsp_1_ip_u/U0/i_synth/ADDSUB_OP.ADDSUB/LOGIC_SPEED.OP/ALIGN_BLK/FRAC_ADDSUB/LOGIC_ADD.FRAC_ADDSUB/STRUCT_ADD1.ADD1/CHAIN_GEN[0].C_MUX.CARRY_MUX_i_6__0                            | CLB.LUT.LUT5           |
    | grp_node_0_0_Pipeline_l_S_t_1_t_fu_256/hadd_16ns_16ns_16_3_no_dsp_1_U1/node_0_0_hadd_16ns_16ns_16_3_no_dsp_1_ip_u/U0/i_synth/ADDSUB_OP.ADDSUB/LOGIC_SPEED.OP/ALIGN_BLK/FRAC_ADDSUB/LOGIC_ADD.FRAC_ADDSUB/STRUCT_ADD1.ADD1/CHAIN_GEN[0].C_MUX.CARRY_MUX_i_3__0                            | CLB.LUT.LUT6           |
    | grp_node_0_0_Pipeline_l_S_t_1_t_fu_256/hadd_16ns_16ns_16_3_no_dsp_1_U1/node_0_0_hadd_16ns_16ns_16_3_no_dsp_1_ip_u/U0/i_synth/ADDSUB_OP.ADDSUB/LOGIC_SPEED.OP/ALIGN_BLK/FRAC_ADDSUB/LOGIC_ADD.FRAC_ADDSUB/STRUCT_ADD1.ADD1/CHAIN_GEN[0].C_MUX.CARRY_MUX_i_1__10                           | CLB.LUT.LUT5           |
    | grp_node_0_0_Pipeline_l_S_t_1_t_fu_256/hadd_16ns_16ns_16_3_no_dsp_1_U1/node_0_0_hadd_16ns_16ns_16_3_no_dsp_1_ip_u/U0/i_synth/ADDSUB_OP.ADDSUB/LOGIC_SPEED.OP/NORM/ROUND/RND_BIT_GEN/NORM_2.RND_CHAIN/CHAIN_GEN[0].C_MUX.CARRY_MUX_CARRY4_CARRY8                                          | CLB.CARRY.CARRY8       |
    | grp_node_0_0_Pipeline_l_S_t_1_t_fu_256/hadd_16ns_16ns_16_3_no_dsp_1_U1/node_0_0_hadd_16ns_16ns_16_3_no_dsp_1_ip_u/U0/i_synth/ADDSUB_OP.ADDSUB/LOGIC_SPEED.OP/NORM/ROUND/LOGIC.RND1/CHAIN_GEN[2].C_MUX.CARRY_MUX_CARRY4_CARRY8                                                            | CLB.CARRY.CARRY8       |
    | grp_node_0_0_Pipeline_l_S_t_1_t_fu_256/hadd_16ns_16ns_16_3_no_dsp_1_U1/node_0_0_hadd_16ns_16ns_16_3_no_dsp_1_ip_u/U0/i_synth/ADDSUB_OP.ADDSUB/LOGIC_SPEED.OP/EXP/COND_DET_A/MANT_CARRY.MANT_ALL_ZERO_DET/CARRY_ZERO_DET/RESULT_REG.NORMAL.mant_op[9]_i_1                                 | CLB.LUT.LUT6           |
    | grp_node_0_0_Pipeline_l_S_t_1_t_fu_256/hadd_16ns_16ns_16_3_no_dsp_1_U1/node_0_0_hadd_16ns_16ns_16_3_no_dsp_1_ip_u/U0/i_synth/ADDSUB_OP.ADDSUB/LOGIC_SPEED.OP/OP/RESULT_REG.NORMAL.mant_op_reg[9]                                                                                         | REGISTER.SDR.FDRE      |
    | grp_node_0_0_Pipeline_l_S_t_1_t_fu_256/hadd_16ns_16ns_16_3_no_dsp_1_U1/din0_buf1_reg[8]                                                                                                                                                                                                  | REGISTER.SDR.FDRE      |
    | grp_node_0_0_Pipeline_l_S_t_1_t_fu_256/hsub_16ns_16ns_16_3_no_dsp_1_U2/node_0_0_hsub_16ns_16ns_16_3_no_dsp_1_ip_u/U0/i_synth/ADDSUB_OP.ADDSUB/LOGIC_SPEED.OP/EXP/NUMB_CMP/NOT_FAST.CMP/C_CHAIN/CHAIN_GEN[4].C_MUX.CARRY_MUX_i_1__3                                                       | CLB.LUT.LUT4           |
    | grp_node_0_0_Pipeline_l_S_t_1_t_fu_256/hsub_16ns_16ns_16_3_no_dsp_1_U2/node_0_0_hsub_16ns_16ns_16_3_no_dsp_1_ip_u/U0/i_synth/ADDSUB_OP.ADDSUB/LOGIC_SPEED.OP/EXP/NUMB_CMP/NOT_FAST.CMP/C_CHAIN/CHAIN_GEN[0].C_MUX.CARRY_MUX_CARRY4_CARRY8                                                | CLB.CARRY.CARRY8       |
    | grp_node_0_0_Pipeline_l_S_t_1_t_fu_256/hsub_16ns_16ns_16_3_no_dsp_1_U2/node_0_0_hsub_16ns_16ns_16_3_no_dsp_1_ip_u/U0/i_synth/ADDSUB_OP.ADDSUB/LOGIC_SPEED.OP/EXP/NUMB_CMP/NOT_FAST.CMP/C_CHAIN/CHAIN_GEN[1].C_MUX.CARRY_MUX_i_3__1                                                       | CLB.LUT.LUT6           |
    | grp_node_0_0_Pipeline_l_S_t_1_t_fu_256/hsub_16ns_16ns_16_3_no_dsp_1_U2/node_0_0_hsub_16ns_16ns_16_3_no_dsp_1_ip_u/U0/i_synth/ADDSUB_OP.ADDSUB/LOGIC_SPEED.OP/EXP/NUMB_CMP/NOT_FAST.CMP/C_CHAIN/CHAIN_GEN[1].C_MUX.CARRY_MUX_i_1__1                                                       | CLB.LUT.LUT4           |
    | grp_node_0_0_Pipeline_l_S_t_1_t_fu_256/hsub_16ns_16ns_16_3_no_dsp_1_U2/node_0_0_hsub_16ns_16ns_16_3_no_dsp_1_ip_u/U0/i_synth/ADDSUB_OP.ADDSUB/LOGIC_SPEED.OP/ALIGN_BLK/ALIGN_SHIFT/ALIGN_Z_D/EQ_ZERO/CARRY_ZERO_DET/CHAIN_GEN[0].C_MUX.CARRY_MUX_CARRY4_CARRY8                           | CLB.CARRY.CARRY8       |
    | grp_node_0_0_Pipeline_l_S_t_1_t_fu_256/hsub_16ns_16ns_16_3_no_dsp_1_U2/node_0_0_hsub_16ns_16ns_16_3_no_dsp_1_ip_u/U0/i_synth/ADDSUB_OP.ADDSUB/LOGIC_SPEED.OP/EXP/NUMB_CMP/NOT_FAST.CMP/C_CHAIN/STRUCT_ADD1.CARRY_MUX2_i_2                                                                | CLB.LUT.LUT5           |
    | grp_node_0_0_Pipeline_l_S_t_1_t_fu_256/hsub_16ns_16ns_16_3_no_dsp_1_U2/node_0_0_hsub_16ns_16ns_16_3_no_dsp_1_ip_u/U0/i_synth/ADDSUB_OP.ADDSUB/LOGIC_SPEED.OP/EXP/NUMB_CMP/NOT_FAST.CMP/C_CHAIN/STRUCT_ADD1.CARRY_MUX2_i_1                                                                | CLB.LUT.LUT6           |
    | grp_node_0_0_Pipeline_l_S_t_1_t_fu_256/hsub_16ns_16ns_16_3_no_dsp_1_U2/node_0_0_hsub_16ns_16ns_16_3_no_dsp_1_ip_u/U0/i_synth/ADDSUB_OP.ADDSUB/LOGIC_SPEED.OP/ALIGN_BLK/FRAC_ADDSUB/LOGIC_ADD.FRAC_ADDSUB/STRUCT_ADD1.CARRY_MUX1_CARRY4_CARRY8                                            | CLB.CARRY.CARRY8       |
    | grp_node_0_0_Pipeline_l_S_t_1_t_fu_256/hsub_16ns_16ns_16_3_no_dsp_1_U2/node_0_0_hsub_16ns_16ns_16_3_no_dsp_1_ip_u/U0/i_synth/ADDSUB_OP.ADDSUB/LOGIC_SPEED.OP/ALIGN_BLK/FRAC_ADDSUB/LOGIC_ADD.FRAC_ADDSUB/STRUCT_ADD2.ADD1/CHAIN_GEN[0].C_MUX.CARRY_MUX_CARRY4_CARRY8                     | CLB.CARRY.CARRY8       |
    | grp_node_0_0_Pipeline_l_S_t_1_t_fu_256/hsub_16ns_16ns_16_3_no_dsp_1_U2/node_0_0_hsub_16ns_16ns_16_3_no_dsp_1_ip_u/U0/i_synth/ADDSUB_OP.ADDSUB/LOGIC_SPEED.OP/ALIGN_BLK/FRAC_ADDSUB/LOGIC_ADD.FRAC_ADDSUB/STRUCT_ADD2.ADD1/CHAIN_GEN[1].C_MUX.CARRY_MUX_i_1__4                            | CLB.LUT.LUT4           |
    | grp_node_0_0_Pipeline_l_S_t_1_t_fu_256/hsub_16ns_16ns_16_3_no_dsp_1_U2/node_0_0_hsub_16ns_16ns_16_3_no_dsp_1_ip_u/U0/i_synth/ADDSUB_OP.ADDSUB/LOGIC_SPEED.OP/NORM/LZE/ZERO_DET_CC_1/CHAIN_GEN[0].C_MUX.CARRY_MUX_CARRY4_CARRY8                                                           | CLB.CARRY.CARRY8       |
    | grp_node_0_0_Pipeline_l_S_t_1_t_fu_256/hsub_16ns_16ns_16_3_no_dsp_1_U2/node_0_0_hsub_16ns_16ns_16_3_no_dsp_1_ip_u/U0/i_synth/ADDSUB_OP.ADDSUB/LOGIC_SPEED.OP/ALIGN_BLK/FRAC_ADDSUB/LOGIC_ADD.FRAC_ADDSUB/STRUCT_ADD2.ADD1/CHAIN_GEN[1].C_MUX.CARRY_MUX_i_5__1                            | CLB.LUT.LUT6           |
    | grp_node_0_0_Pipeline_l_S_t_1_t_fu_256/hsub_16ns_16ns_16_3_no_dsp_1_U2/node_0_0_hsub_16ns_16ns_16_3_no_dsp_1_ip_u/U0/i_synth/ADDSUB_OP.ADDSUB/LOGIC_SPEED.OP/ALIGN_BLK/FRAC_ADDSUB/LOGIC_ADD.FRAC_ADDSUB/STRUCT_ADD2.ADD1/CHAIN_GEN[1].C_MUX.CARRY_MUX_i_2__3                            | CLB.LUT.LUT6           |
    | grp_node_0_0_Pipeline_l_S_t_1_t_fu_256/hsub_16ns_16ns_16_3_no_dsp_1_U2/node_0_0_hsub_16ns_16ns_16_3_no_dsp_1_ip_u/U0/i_synth/ADDSUB_OP.ADDSUB/LOGIC_SPEED.OP/ALIGN_BLK/FRAC_ADDSUB/LOGIC_ADD.FRAC_ADDSUB/STRUCT_ADD2.ADD1/CHAIN_GEN[0].C_MUX.CARRY_MUX_i_6__0                            | CLB.LUT.LUT5           |
    | grp_node_0_0_Pipeline_l_S_t_1_t_fu_256/hsub_16ns_16ns_16_3_no_dsp_1_U2/node_0_0_hsub_16ns_16ns_16_3_no_dsp_1_ip_u/U0/i_synth/ADDSUB_OP.ADDSUB/LOGIC_SPEED.OP/ALIGN_BLK/FRAC_ADDSUB/LOGIC_ADD.FRAC_ADDSUB/STRUCT_ADD1.ADD1/CHAIN_GEN[0].C_MUX.CARRY_MUX_i_5__0                            | CLB.LUT.LUT6           |
    | grp_node_0_0_Pipeline_l_S_t_1_t_fu_256/hsub_16ns_16ns_16_3_no_dsp_1_U2/node_0_0_hsub_16ns_16ns_16_3_no_dsp_1_ip_u/U0/i_synth/ADDSUB_OP.ADDSUB/LOGIC_SPEED.OP/ALIGN_BLK/FRAC_ADDSUB/LOGIC_ADD.FRAC_ADDSUB/STRUCT_ADD1.ADD1/CHAIN_GEN[0].C_MUX.CARRY_MUX_i_1__9                            | CLB.LUT.LUT6           |
    | grp_node_0_0_Pipeline_l_S_t_1_t_fu_256/hsub_16ns_16ns_16_3_no_dsp_1_U2/node_0_0_hsub_16ns_16ns_16_3_no_dsp_1_ip_u/U0/i_synth/ADDSUB_OP.ADDSUB/LOGIC_SPEED.OP/NORM/ROUND/RND_BIT_GEN/NORM_2.RND_CHAIN/CHAIN_GEN[0].C_MUX.CARRY_MUX_CARRY4_CARRY8                                          | CLB.CARRY.CARRY8       |
    | grp_node_0_0_Pipeline_l_S_t_1_t_fu_256/hsub_16ns_16ns_16_3_no_dsp_1_U2/node_0_0_hsub_16ns_16ns_16_3_no_dsp_1_ip_u/U0/i_synth/ADDSUB_OP.ADDSUB/LOGIC_SPEED.OP/NORM/ROUND/LOGIC.RND1/CHAIN_GEN[2].C_MUX.CARRY_MUX_CARRY4_CARRY8                                                            | CLB.CARRY.CARRY8       |
    | grp_node_0_0_Pipeline_l_S_t_1_t_fu_256/hsub_16ns_16ns_16_3_no_dsp_1_U2/node_0_0_hsub_16ns_16ns_16_3_no_dsp_1_ip_u/U0/i_synth/ADDSUB_OP.ADDSUB/LOGIC_SPEED.OP/NORM/ROUND/LOGIC.RND2/CHAIN_GEN[5].Q_XOR.SUM_XOR_CARRY4_CARRY8                                                              | CLB.CARRY.CARRY8       |
    | grp_node_0_0_Pipeline_l_S_t_1_t_fu_256/hsub_16ns_16ns_16_3_no_dsp_1_U2/node_0_0_hsub_16ns_16ns_16_3_no_dsp_1_ip_u/U0/i_synth/ADDSUB_OP.ADDSUB/LOGIC_SPEED.OP/EXP/EXP_OFF.STRUCT_ADD/RESULT_REG.NORMAL.exp_op[1]_i_2                                                                      | CLB.LUT.LUT5           |
    | grp_node_0_0_Pipeline_l_S_t_1_t_fu_256/hsub_16ns_16ns_16_3_no_dsp_1_U2/node_0_0_hsub_16ns_16ns_16_3_no_dsp_1_ip_u/U0/i_synth/ADDSUB_OP.ADDSUB/LOGIC_SPEED.OP/EXP/EXP_OFF.STRUCT_ADD/RESULT_REG.NORMAL.exp_op[1]_i_1                                                                      | CLB.LUT.LUT6           |
    | grp_node_0_0_Pipeline_l_S_t_1_t_fu_256/hsub_16ns_16ns_16_3_no_dsp_1_U2/node_0_0_hsub_16ns_16ns_16_3_no_dsp_1_ip_u/U0/i_synth/ADDSUB_OP.ADDSUB/LOGIC_SPEED.OP/OP/RESULT_REG.NORMAL.exp_op_reg[1]                                                                                          | REGISTER.SDR.FDRE      |
    +------------------------------------------------------------------------------------------------------------------------------------------------------------------------------------------------------------------------------------------------------------------------------------------+------------------------+

    +------------------------------------------------------------------------------------------------------------------------------------------------------------------------------------------------------------------------------------------------------------------------------------------+------------------------+
    | Path8 Cells                                                                                                                                                                                                                                                                              | Primitive Type         |
    +------------------------------------------------------------------------------------------------------------------------------------------------------------------------------------------------------------------------------------------------------------------------------------------+------------------------+
    | grp_node_0_0_Pipeline_l_S_t_1_t_fu_256/hadd_16ns_16ns_16_3_no_dsp_1_U1/din0_buf1_reg[7]_replica                                                                                                                                                                                          | REGISTER.SDR.FDRE      |
    | grp_node_0_0_Pipeline_l_S_t_1_t_fu_256/hmul_16ns_16ns_16_3_max_dsp_1_U3/node_0_0_hmul_16ns_16ns_16_3_max_dsp_1_ip_u/U0/i_synth/MULT.OP/i_non_prim.MULT/MULT_GEN_VARIANT.FIX_MULT/MULT/gDSP.gDSP_only.iDSP/use_prim.appDSP[0].bppDSP[0].use_dsp.use_dsp48e2.iDSP48E2/DSP_A_B_DATA_INST    | ARITHMETIC.DSP.DSP48E2 |
    | grp_node_0_0_Pipeline_l_S_t_1_t_fu_256/hmul_16ns_16ns_16_3_max_dsp_1_U3/node_0_0_hmul_16ns_16ns_16_3_max_dsp_1_ip_u/U0/i_synth/MULT.OP/i_non_prim.MULT/MULT_GEN_VARIANT.FIX_MULT/MULT/gDSP.gDSP_only.iDSP/use_prim.appDSP[0].bppDSP[0].use_dsp.use_dsp48e2.iDSP48E2/DSP_PREADD_DATA_INST | ARITHMETIC.DSP.DSP48E2 |
    | grp_node_0_0_Pipeline_l_S_t_1_t_fu_256/hmul_16ns_16ns_16_3_max_dsp_1_U3/node_0_0_hmul_16ns_16ns_16_3_max_dsp_1_ip_u/U0/i_synth/MULT.OP/i_non_prim.MULT/MULT_GEN_VARIANT.FIX_MULT/MULT/gDSP.gDSP_only.iDSP/use_prim.appDSP[0].bppDSP[0].use_dsp.use_dsp48e2.iDSP48E2/DSP_MULTIPLIER_INST  | ARITHMETIC.DSP.DSP48E2 |
    | grp_node_0_0_Pipeline_l_S_t_1_t_fu_256/hmul_16ns_16ns_16_3_max_dsp_1_U3/node_0_0_hmul_16ns_16ns_16_3_max_dsp_1_ip_u/U0/i_synth/MULT.OP/i_non_prim.MULT/MULT_GEN_VARIANT.FIX_MULT/MULT/gDSP.gDSP_only.iDSP/use_prim.appDSP[0].bppDSP[0].use_dsp.use_dsp48e2.iDSP48E2/DSP_M_DATA_INST      | ARITHMETIC.DSP.DSP48E2 |
    | grp_node_0_0_Pipeline_l_S_t_1_t_fu_256/hmul_16ns_16ns_16_3_max_dsp_1_U3/node_0_0_hmul_16ns_16ns_16_3_max_dsp_1_ip_u/U0/i_synth/MULT.OP/i_non_prim.MULT/MULT_GEN_VARIANT.FIX_MULT/MULT/gDSP.gDSP_only.iDSP/use_prim.appDSP[0].bppDSP[0].use_dsp.use_dsp48e2.iDSP48E2/DSP_ALU_INST         | ARITHMETIC.DSP.DSP48E2 |
    | grp_node_0_0_Pipeline_l_S_t_1_t_fu_256/hmul_16ns_16ns_16_3_max_dsp_1_U3/node_0_0_hmul_16ns_16ns_16_3_max_dsp_1_ip_u/U0/i_synth/MULT.OP/i_non_prim.MULT/MULT_GEN_VARIANT.FIX_MULT/MULT/gDSP.gDSP_only.iDSP/use_prim.appDSP[0].bppDSP[0].use_dsp.use_dsp48e2.iDSP48E2/DSP_OUTPUT_INST      | ARITHMETIC.DSP.DSP48E2 |
    | grp_node_0_0_Pipeline_l_S_t_1_t_fu_256/hmul_16ns_16ns_16_3_max_dsp_1_U3/node_0_0_hmul_16ns_16ns_16_3_max_dsp_1_ip_u/U0/i_synth/MULT.OP/i_non_prim.MULT/MULT_GEN_VARIANT.FIX_MULT/CHAIN_GEN[0].C_MUX.CARRY_MUX_i_1__0                                                                     | CLB.LUT.LUT3           |
    | grp_node_0_0_Pipeline_l_S_t_1_t_fu_256/hmul_16ns_16ns_16_3_max_dsp_1_U3/node_0_0_hmul_16ns_16ns_16_3_max_dsp_1_ip_u/U0/i_synth/MULT.OP/i_non_prim.R_AND_R/LOGIC.R_AND_R/RND_BIT_GEN/NORM_1_OR_0.STRUCT_REQ.GENERAL.RND1/CHAIN_GEN[0].C_MUX.CARRY_MUX_CARRY4_CARRY8                       | CLB.CARRY.CARRY8       |
    | grp_node_0_0_Pipeline_l_S_t_1_t_fu_256/hmul_16ns_16ns_16_3_max_dsp_1_U3/node_0_0_hmul_16ns_16ns_16_3_max_dsp_1_ip_u/U0/i_synth/MULT.OP/i_non_prim.R_AND_R/LOGIC.R_AND_R/DSP48_E1.DSP48E1_ADD.DSP48E1_ADD/i_no_versal_es1_workaround.DSP/DSP_A_B_DATA_INST                                | ARITHMETIC.DSP.DSP48E2 |
    | grp_node_0_0_Pipeline_l_S_t_1_t_fu_256/hmul_16ns_16ns_16_3_max_dsp_1_U3/node_0_0_hmul_16ns_16ns_16_3_max_dsp_1_ip_u/U0/i_synth/MULT.OP/i_non_prim.R_AND_R/LOGIC.R_AND_R/DSP48_E1.DSP48E1_ADD.DSP48E1_ADD/i_no_versal_es1_workaround.DSP/DSP_ALU_INST                                     | ARITHMETIC.DSP.DSP48E2 |
    | grp_node_0_0_Pipeline_l_S_t_1_t_fu_256/hmul_16ns_16ns_16_3_max_dsp_1_U3/node_0_0_hmul_16ns_16ns_16_3_max_dsp_1_ip_u/U0/i_synth/MULT.OP/i_non_prim.R_AND_R/LOGIC.R_AND_R/DSP48_E1.DSP48E1_ADD.DSP48E1_ADD/i_no_versal_es1_workaround.DSP/DSP_OUTPUT_INST                                  | ARITHMETIC.DSP.DSP48E2 |
    | grp_node_0_0_Pipeline_l_S_t_1_t_fu_256/hmul_16ns_16ns_16_3_max_dsp_1_U3/node_0_0_hmul_16ns_16ns_16_3_max_dsp_1_ip_u/U0/i_synth/MULT.OP/i_non_prim.R_AND_R/LOGIC.R_AND_R/EXP_ADD.ADD/CHAIN_GEN[0].C_MUX.CARRY_MUX_CARRY4_CARRY8                                                           | CLB.CARRY.CARRY8       |
    | grp_node_0_0_Pipeline_l_S_t_1_t_fu_256/hmul_16ns_16ns_16_3_max_dsp_1_U3/node_0_0_hmul_16ns_16ns_16_3_max_dsp_1_ip_u/U0/i_synth/MULT.OP/i_non_prim.R_AND_R/LOGIC.R_AND_R/EXP_ADD.ADD/RESULT_REG.NORMAL.exp_op[3]_i_1                                                                      | CLB.LUT.LUT2           |
    | grp_node_0_0_Pipeline_l_S_t_1_t_fu_256/hmul_16ns_16ns_16_3_max_dsp_1_U3/node_0_0_hmul_16ns_16ns_16_3_max_dsp_1_ip_u/U0/i_synth/MULT.OP/i_non_prim.OP/RESULT_REG.NORMAL.exp_op_reg[3]                                                                                                     | REGISTER.SDR.FDRE      |
    | grp_node_0_0_Pipeline_l_S_t_1_t_fu_256/hadd_16ns_16ns_16_3_no_dsp_1_U1/din0_buf1_reg[7]_replica                                                                                                                                                                                          | REGISTER.SDR.FDRE      |
    | grp_node_0_0_Pipeline_l_S_t_1_t_fu_256/hmul_16ns_16ns_16_3_max_dsp_1_U3/node_0_0_hmul_16ns_16ns_16_3_max_dsp_1_ip_u/U0/i_synth/MULT.OP/i_non_prim.MULT/MULT_GEN_VARIANT.FIX_MULT/MULT/gDSP.gDSP_only.iDSP/use_prim.appDSP[0].bppDSP[0].use_dsp.use_dsp48e2.iDSP48E2/DSP_A_B_DATA_INST    | ARITHMETIC.DSP.DSP48E2 |
    | grp_node_0_0_Pipeline_l_S_t_1_t_fu_256/hmul_16ns_16ns_16_3_max_dsp_1_U3/node_0_0_hmul_16ns_16ns_16_3_max_dsp_1_ip_u/U0/i_synth/MULT.OP/i_non_prim.MULT/MULT_GEN_VARIANT.FIX_MULT/MULT/gDSP.gDSP_only.iDSP/use_prim.appDSP[0].bppDSP[0].use_dsp.use_dsp48e2.iDSP48E2/DSP_PREADD_DATA_INST | ARITHMETIC.DSP.DSP48E2 |
    | grp_node_0_0_Pipeline_l_S_t_1_t_fu_256/hmul_16ns_16ns_16_3_max_dsp_1_U3/node_0_0_hmul_16ns_16ns_16_3_max_dsp_1_ip_u/U0/i_synth/MULT.OP/i_non_prim.MULT/MULT_GEN_VARIANT.FIX_MULT/MULT/gDSP.gDSP_only.iDSP/use_prim.appDSP[0].bppDSP[0].use_dsp.use_dsp48e2.iDSP48E2/DSP_MULTIPLIER_INST  | ARITHMETIC.DSP.DSP48E2 |
    | grp_node_0_0_Pipeline_l_S_t_1_t_fu_256/hmul_16ns_16ns_16_3_max_dsp_1_U3/node_0_0_hmul_16ns_16ns_16_3_max_dsp_1_ip_u/U0/i_synth/MULT.OP/i_non_prim.MULT/MULT_GEN_VARIANT.FIX_MULT/MULT/gDSP.gDSP_only.iDSP/use_prim.appDSP[0].bppDSP[0].use_dsp.use_dsp48e2.iDSP48E2/DSP_M_DATA_INST      | ARITHMETIC.DSP.DSP48E2 |
    | grp_node_0_0_Pipeline_l_S_t_1_t_fu_256/hmul_16ns_16ns_16_3_max_dsp_1_U3/node_0_0_hmul_16ns_16ns_16_3_max_dsp_1_ip_u/U0/i_synth/MULT.OP/i_non_prim.MULT/MULT_GEN_VARIANT.FIX_MULT/MULT/gDSP.gDSP_only.iDSP/use_prim.appDSP[0].bppDSP[0].use_dsp.use_dsp48e2.iDSP48E2/DSP_ALU_INST         | ARITHMETIC.DSP.DSP48E2 |
    | grp_node_0_0_Pipeline_l_S_t_1_t_fu_256/hmul_16ns_16ns_16_3_max_dsp_1_U3/node_0_0_hmul_16ns_16ns_16_3_max_dsp_1_ip_u/U0/i_synth/MULT.OP/i_non_prim.MULT/MULT_GEN_VARIANT.FIX_MULT/MULT/gDSP.gDSP_only.iDSP/use_prim.appDSP[0].bppDSP[0].use_dsp.use_dsp48e2.iDSP48E2/DSP_OUTPUT_INST      | ARITHMETIC.DSP.DSP48E2 |
    | grp_node_0_0_Pipeline_l_S_t_1_t_fu_256/hmul_16ns_16ns_16_3_max_dsp_1_U3/node_0_0_hmul_16ns_16ns_16_3_max_dsp_1_ip_u/U0/i_synth/MULT.OP/i_non_prim.MULT/MULT_GEN_VARIANT.FIX_MULT/CHAIN_GEN[0].C_MUX.CARRY_MUX_i_1__0                                                                     | CLB.LUT.LUT3           |
    | grp_node_0_0_Pipeline_l_S_t_1_t_fu_256/hmul_16ns_16ns_16_3_max_dsp_1_U3/node_0_0_hmul_16ns_16ns_16_3_max_dsp_1_ip_u/U0/i_synth/MULT.OP/i_non_prim.R_AND_R/LOGIC.R_AND_R/RND_BIT_GEN/NORM_1_OR_0.STRUCT_REQ.GENERAL.RND1/CHAIN_GEN[0].C_MUX.CARRY_MUX_CARRY4_CARRY8                       | CLB.CARRY.CARRY8       |
    | grp_node_0_0_Pipeline_l_S_t_1_t_fu_256/hmul_16ns_16ns_16_3_max_dsp_1_U3/node_0_0_hmul_16ns_16ns_16_3_max_dsp_1_ip_u/U0/i_synth/MULT.OP/i_non_prim.R_AND_R/LOGIC.R_AND_R/DSP48_E1.DSP48E1_ADD.DSP48E1_ADD/i_no_versal_es1_workaround.DSP/DSP_A_B_DATA_INST                                | ARITHMETIC.DSP.DSP48E2 |
    | grp_node_0_0_Pipeline_l_S_t_1_t_fu_256/hmul_16ns_16ns_16_3_max_dsp_1_U3/node_0_0_hmul_16ns_16ns_16_3_max_dsp_1_ip_u/U0/i_synth/MULT.OP/i_non_prim.R_AND_R/LOGIC.R_AND_R/DSP48_E1.DSP48E1_ADD.DSP48E1_ADD/i_no_versal_es1_workaround.DSP/DSP_ALU_INST                                     | ARITHMETIC.DSP.DSP48E2 |
    | grp_node_0_0_Pipeline_l_S_t_1_t_fu_256/hmul_16ns_16ns_16_3_max_dsp_1_U3/node_0_0_hmul_16ns_16ns_16_3_max_dsp_1_ip_u/U0/i_synth/MULT.OP/i_non_prim.R_AND_R/LOGIC.R_AND_R/DSP48_E1.DSP48E1_ADD.DSP48E1_ADD/i_no_versal_es1_workaround.DSP/DSP_OUTPUT_INST                                  | ARITHMETIC.DSP.DSP48E2 |
    | grp_node_0_0_Pipeline_l_S_t_1_t_fu_256/hmul_16ns_16ns_16_3_max_dsp_1_U3/node_0_0_hmul_16ns_16ns_16_3_max_dsp_1_ip_u/U0/i_synth/MULT.OP/i_non_prim.R_AND_R/LOGIC.R_AND_R/EXP_ADD.ADD/CHAIN_GEN[0].C_MUX.CARRY_MUX_CARRY4_CARRY8                                                           | CLB.CARRY.CARRY8       |
    | grp_node_0_0_Pipeline_l_S_t_1_t_fu_256/hmul_16ns_16ns_16_3_max_dsp_1_U3/node_0_0_hmul_16ns_16ns_16_3_max_dsp_1_ip_u/U0/i_synth/MULT.OP/i_non_prim.R_AND_R/LOGIC.R_AND_R/EXP_ADD.ADD/RESULT_REG.NORMAL.exp_op[4]_i_2                                                                      | CLB.LUT.LUT2           |
    | grp_node_0_0_Pipeline_l_S_t_1_t_fu_256/hmul_16ns_16ns_16_3_max_dsp_1_U3/node_0_0_hmul_16ns_16ns_16_3_max_dsp_1_ip_u/U0/i_synth/MULT.OP/i_non_prim.OP/RESULT_REG.NORMAL.exp_op_reg[4]                                                                                                     | REGISTER.SDR.FDRE      |
    | grp_node_0_0_Pipeline_l_S_t_1_t_fu_256/hadd_16ns_16ns_16_3_no_dsp_1_U1/din0_buf1_reg[7]_replica                                                                                                                                                                                          | REGISTER.SDR.FDRE      |
    | grp_node_0_0_Pipeline_l_S_t_1_t_fu_256/hmul_16ns_16ns_16_3_max_dsp_1_U3/node_0_0_hmul_16ns_16ns_16_3_max_dsp_1_ip_u/U0/i_synth/MULT.OP/i_non_prim.MULT/MULT_GEN_VARIANT.FIX_MULT/MULT/gDSP.gDSP_only.iDSP/use_prim.appDSP[0].bppDSP[0].use_dsp.use_dsp48e2.iDSP48E2/DSP_A_B_DATA_INST    | ARITHMETIC.DSP.DSP48E2 |
    | grp_node_0_0_Pipeline_l_S_t_1_t_fu_256/hmul_16ns_16ns_16_3_max_dsp_1_U3/node_0_0_hmul_16ns_16ns_16_3_max_dsp_1_ip_u/U0/i_synth/MULT.OP/i_non_prim.MULT/MULT_GEN_VARIANT.FIX_MULT/MULT/gDSP.gDSP_only.iDSP/use_prim.appDSP[0].bppDSP[0].use_dsp.use_dsp48e2.iDSP48E2/DSP_PREADD_DATA_INST | ARITHMETIC.DSP.DSP48E2 |
    | grp_node_0_0_Pipeline_l_S_t_1_t_fu_256/hmul_16ns_16ns_16_3_max_dsp_1_U3/node_0_0_hmul_16ns_16ns_16_3_max_dsp_1_ip_u/U0/i_synth/MULT.OP/i_non_prim.MULT/MULT_GEN_VARIANT.FIX_MULT/MULT/gDSP.gDSP_only.iDSP/use_prim.appDSP[0].bppDSP[0].use_dsp.use_dsp48e2.iDSP48E2/DSP_MULTIPLIER_INST  | ARITHMETIC.DSP.DSP48E2 |
    | grp_node_0_0_Pipeline_l_S_t_1_t_fu_256/hmul_16ns_16ns_16_3_max_dsp_1_U3/node_0_0_hmul_16ns_16ns_16_3_max_dsp_1_ip_u/U0/i_synth/MULT.OP/i_non_prim.MULT/MULT_GEN_VARIANT.FIX_MULT/MULT/gDSP.gDSP_only.iDSP/use_prim.appDSP[0].bppDSP[0].use_dsp.use_dsp48e2.iDSP48E2/DSP_M_DATA_INST      | ARITHMETIC.DSP.DSP48E2 |
    | grp_node_0_0_Pipeline_l_S_t_1_t_fu_256/hmul_16ns_16ns_16_3_max_dsp_1_U3/node_0_0_hmul_16ns_16ns_16_3_max_dsp_1_ip_u/U0/i_synth/MULT.OP/i_non_prim.MULT/MULT_GEN_VARIANT.FIX_MULT/MULT/gDSP.gDSP_only.iDSP/use_prim.appDSP[0].bppDSP[0].use_dsp.use_dsp48e2.iDSP48E2/DSP_ALU_INST         | ARITHMETIC.DSP.DSP48E2 |
    | grp_node_0_0_Pipeline_l_S_t_1_t_fu_256/hmul_16ns_16ns_16_3_max_dsp_1_U3/node_0_0_hmul_16ns_16ns_16_3_max_dsp_1_ip_u/U0/i_synth/MULT.OP/i_non_prim.MULT/MULT_GEN_VARIANT.FIX_MULT/MULT/gDSP.gDSP_only.iDSP/use_prim.appDSP[0].bppDSP[0].use_dsp.use_dsp48e2.iDSP48E2/DSP_OUTPUT_INST      | ARITHMETIC.DSP.DSP48E2 |
    | grp_node_0_0_Pipeline_l_S_t_1_t_fu_256/hmul_16ns_16ns_16_3_max_dsp_1_U3/node_0_0_hmul_16ns_16ns_16_3_max_dsp_1_ip_u/U0/i_synth/MULT.OP/i_non_prim.MULT/MULT_GEN_VARIANT.FIX_MULT/CHAIN_GEN[0].C_MUX.CARRY_MUX_i_1__0                                                                     | CLB.LUT.LUT3           |
    | grp_node_0_0_Pipeline_l_S_t_1_t_fu_256/hmul_16ns_16ns_16_3_max_dsp_1_U3/node_0_0_hmul_16ns_16ns_16_3_max_dsp_1_ip_u/U0/i_synth/MULT.OP/i_non_prim.R_AND_R/LOGIC.R_AND_R/RND_BIT_GEN/NORM_1_OR_0.STRUCT_REQ.GENERAL.RND1/CHAIN_GEN[0].C_MUX.CARRY_MUX_CARRY4_CARRY8                       | CLB.CARRY.CARRY8       |
    | grp_node_0_0_Pipeline_l_S_t_1_t_fu_256/hmul_16ns_16ns_16_3_max_dsp_1_U3/node_0_0_hmul_16ns_16ns_16_3_max_dsp_1_ip_u/U0/i_synth/MULT.OP/i_non_prim.R_AND_R/LOGIC.R_AND_R/DSP48_E1.DSP48E1_ADD.DSP48E1_ADD/i_no_versal_es1_workaround.DSP/DSP_A_B_DATA_INST                                | ARITHMETIC.DSP.DSP48E2 |
    | grp_node_0_0_Pipeline_l_S_t_1_t_fu_256/hmul_16ns_16ns_16_3_max_dsp_1_U3/node_0_0_hmul_16ns_16ns_16_3_max_dsp_1_ip_u/U0/i_synth/MULT.OP/i_non_prim.R_AND_R/LOGIC.R_AND_R/DSP48_E1.DSP48E1_ADD.DSP48E1_ADD/i_no_versal_es1_workaround.DSP/DSP_ALU_INST                                     | ARITHMETIC.DSP.DSP48E2 |
    | grp_node_0_0_Pipeline_l_S_t_1_t_fu_256/hmul_16ns_16ns_16_3_max_dsp_1_U3/node_0_0_hmul_16ns_16ns_16_3_max_dsp_1_ip_u/U0/i_synth/MULT.OP/i_non_prim.R_AND_R/LOGIC.R_AND_R/DSP48_E1.DSP48E1_ADD.DSP48E1_ADD/i_no_versal_es1_workaround.DSP/DSP_OUTPUT_INST                                  | ARITHMETIC.DSP.DSP48E2 |
    | grp_node_0_0_Pipeline_l_S_t_1_t_fu_256/hmul_16ns_16ns_16_3_max_dsp_1_U3/node_0_0_hmul_16ns_16ns_16_3_max_dsp_1_ip_u/U0/i_synth/MULT.OP/i_non_prim.R_AND_R/LOGIC.R_AND_R/EXP_ADD.ADD/CHAIN_GEN[0].C_MUX.CARRY_MUX_CARRY4_CARRY8                                                           | CLB.CARRY.CARRY8       |
    | grp_node_0_0_Pipeline_l_S_t_1_t_fu_256/hmul_16ns_16ns_16_3_max_dsp_1_U3/node_0_0_hmul_16ns_16ns_16_3_max_dsp_1_ip_u/U0/i_synth/MULT.OP/i_non_prim.R_AND_R/LOGIC.R_AND_R/EXP_ADD.ADD/RESULT_REG.NORMAL.exp_op[1]_i_1                                                                      | CLB.LUT.LUT2           |
    | grp_node_0_0_Pipeline_l_S_t_1_t_fu_256/hmul_16ns_16ns_16_3_max_dsp_1_U3/node_0_0_hmul_16ns_16ns_16_3_max_dsp_1_ip_u/U0/i_synth/MULT.OP/i_non_prim.OP/RESULT_REG.NORMAL.exp_op_reg[1]                                                                                                     | REGISTER.SDR.FDRE      |
    | grp_node_0_0_Pipeline_l_S_t_1_t_fu_256/hadd_16ns_16ns_16_3_no_dsp_1_U1/din0_buf1_reg[7]_replica                                                                                                                                                                                          | REGISTER.SDR.FDRE      |
    | grp_node_0_0_Pipeline_l_S_t_1_t_fu_256/hmul_16ns_16ns_16_3_max_dsp_1_U3/node_0_0_hmul_16ns_16ns_16_3_max_dsp_1_ip_u/U0/i_synth/MULT.OP/i_non_prim.MULT/MULT_GEN_VARIANT.FIX_MULT/MULT/gDSP.gDSP_only.iDSP/use_prim.appDSP[0].bppDSP[0].use_dsp.use_dsp48e2.iDSP48E2/DSP_A_B_DATA_INST    | ARITHMETIC.DSP.DSP48E2 |
    | grp_node_0_0_Pipeline_l_S_t_1_t_fu_256/hmul_16ns_16ns_16_3_max_dsp_1_U3/node_0_0_hmul_16ns_16ns_16_3_max_dsp_1_ip_u/U0/i_synth/MULT.OP/i_non_prim.MULT/MULT_GEN_VARIANT.FIX_MULT/MULT/gDSP.gDSP_only.iDSP/use_prim.appDSP[0].bppDSP[0].use_dsp.use_dsp48e2.iDSP48E2/DSP_PREADD_DATA_INST | ARITHMETIC.DSP.DSP48E2 |
    | grp_node_0_0_Pipeline_l_S_t_1_t_fu_256/hmul_16ns_16ns_16_3_max_dsp_1_U3/node_0_0_hmul_16ns_16ns_16_3_max_dsp_1_ip_u/U0/i_synth/MULT.OP/i_non_prim.MULT/MULT_GEN_VARIANT.FIX_MULT/MULT/gDSP.gDSP_only.iDSP/use_prim.appDSP[0].bppDSP[0].use_dsp.use_dsp48e2.iDSP48E2/DSP_MULTIPLIER_INST  | ARITHMETIC.DSP.DSP48E2 |
    | grp_node_0_0_Pipeline_l_S_t_1_t_fu_256/hmul_16ns_16ns_16_3_max_dsp_1_U3/node_0_0_hmul_16ns_16ns_16_3_max_dsp_1_ip_u/U0/i_synth/MULT.OP/i_non_prim.MULT/MULT_GEN_VARIANT.FIX_MULT/MULT/gDSP.gDSP_only.iDSP/use_prim.appDSP[0].bppDSP[0].use_dsp.use_dsp48e2.iDSP48E2/DSP_M_DATA_INST      | ARITHMETIC.DSP.DSP48E2 |
    | grp_node_0_0_Pipeline_l_S_t_1_t_fu_256/hmul_16ns_16ns_16_3_max_dsp_1_U3/node_0_0_hmul_16ns_16ns_16_3_max_dsp_1_ip_u/U0/i_synth/MULT.OP/i_non_prim.MULT/MULT_GEN_VARIANT.FIX_MULT/MULT/gDSP.gDSP_only.iDSP/use_prim.appDSP[0].bppDSP[0].use_dsp.use_dsp48e2.iDSP48E2/DSP_ALU_INST         | ARITHMETIC.DSP.DSP48E2 |
    | grp_node_0_0_Pipeline_l_S_t_1_t_fu_256/hmul_16ns_16ns_16_3_max_dsp_1_U3/node_0_0_hmul_16ns_16ns_16_3_max_dsp_1_ip_u/U0/i_synth/MULT.OP/i_non_prim.MULT/MULT_GEN_VARIANT.FIX_MULT/MULT/gDSP.gDSP_only.iDSP/use_prim.appDSP[0].bppDSP[0].use_dsp.use_dsp48e2.iDSP48E2/DSP_OUTPUT_INST      | ARITHMETIC.DSP.DSP48E2 |
    | grp_node_0_0_Pipeline_l_S_t_1_t_fu_256/hmul_16ns_16ns_16_3_max_dsp_1_U3/node_0_0_hmul_16ns_16ns_16_3_max_dsp_1_ip_u/U0/i_synth/MULT.OP/i_non_prim.MULT/MULT_GEN_VARIANT.FIX_MULT/CHAIN_GEN[0].C_MUX.CARRY_MUX_i_1__0                                                                     | CLB.LUT.LUT3           |
    | grp_node_0_0_Pipeline_l_S_t_1_t_fu_256/hmul_16ns_16ns_16_3_max_dsp_1_U3/node_0_0_hmul_16ns_16ns_16_3_max_dsp_1_ip_u/U0/i_synth/MULT.OP/i_non_prim.R_AND_R/LOGIC.R_AND_R/RND_BIT_GEN/NORM_1_OR_0.STRUCT_REQ.GENERAL.RND1/CHAIN_GEN[0].C_MUX.CARRY_MUX_CARRY4_CARRY8                       | CLB.CARRY.CARRY8       |
    | grp_node_0_0_Pipeline_l_S_t_1_t_fu_256/hmul_16ns_16ns_16_3_max_dsp_1_U3/node_0_0_hmul_16ns_16ns_16_3_max_dsp_1_ip_u/U0/i_synth/MULT.OP/i_non_prim.R_AND_R/LOGIC.R_AND_R/DSP48_E1.DSP48E1_ADD.DSP48E1_ADD/i_no_versal_es1_workaround.DSP/DSP_A_B_DATA_INST                                | ARITHMETIC.DSP.DSP48E2 |
    | grp_node_0_0_Pipeline_l_S_t_1_t_fu_256/hmul_16ns_16ns_16_3_max_dsp_1_U3/node_0_0_hmul_16ns_16ns_16_3_max_dsp_1_ip_u/U0/i_synth/MULT.OP/i_non_prim.R_AND_R/LOGIC.R_AND_R/DSP48_E1.DSP48E1_ADD.DSP48E1_ADD/i_no_versal_es1_workaround.DSP/DSP_ALU_INST                                     | ARITHMETIC.DSP.DSP48E2 |
    | grp_node_0_0_Pipeline_l_S_t_1_t_fu_256/hmul_16ns_16ns_16_3_max_dsp_1_U3/node_0_0_hmul_16ns_16ns_16_3_max_dsp_1_ip_u/U0/i_synth/MULT.OP/i_non_prim.R_AND_R/LOGIC.R_AND_R/DSP48_E1.DSP48E1_ADD.DSP48E1_ADD/i_no_versal_es1_workaround.DSP/DSP_OUTPUT_INST                                  | ARITHMETIC.DSP.DSP48E2 |
    | grp_node_0_0_Pipeline_l_S_t_1_t_fu_256/hmul_16ns_16ns_16_3_max_dsp_1_U3/node_0_0_hmul_16ns_16ns_16_3_max_dsp_1_ip_u/U0/i_synth/MULT.OP/i_non_prim.R_AND_R/LOGIC.R_AND_R/EXP_ADD.ADD/CHAIN_GEN[0].C_MUX.CARRY_MUX_CARRY4_CARRY8                                                           | CLB.CARRY.CARRY8       |
    | grp_node_0_0_Pipeline_l_S_t_1_t_fu_256/hmul_16ns_16ns_16_3_max_dsp_1_U3/node_0_0_hmul_16ns_16ns_16_3_max_dsp_1_ip_u/U0/i_synth/MULT.OP/i_non_prim.R_AND_R/LOGIC.R_AND_R/EXP_ADD.ADD/RESULT_REG.NORMAL.exp_op[2]_i_1                                                                      | CLB.LUT.LUT2           |
    | grp_node_0_0_Pipeline_l_S_t_1_t_fu_256/hmul_16ns_16ns_16_3_max_dsp_1_U3/node_0_0_hmul_16ns_16ns_16_3_max_dsp_1_ip_u/U0/i_synth/MULT.OP/i_non_prim.OP/RESULT_REG.NORMAL.exp_op_reg[2]                                                                                                     | REGISTER.SDR.FDRE      |
    | grp_node_0_0_Pipeline_l_S_t_1_t_fu_256/hadd_16ns_16ns_16_3_no_dsp_1_U1/din0_buf1_reg[7]_replica                                                                                                                                                                                          | REGISTER.SDR.FDRE      |
    | grp_node_0_0_Pipeline_l_S_t_1_t_fu_256/hmul_16ns_16ns_16_3_max_dsp_1_U3/node_0_0_hmul_16ns_16ns_16_3_max_dsp_1_ip_u/U0/i_synth/MULT.OP/i_non_prim.MULT/MULT_GEN_VARIANT.FIX_MULT/MULT/gDSP.gDSP_only.iDSP/use_prim.appDSP[0].bppDSP[0].use_dsp.use_dsp48e2.iDSP48E2/DSP_A_B_DATA_INST    | ARITHMETIC.DSP.DSP48E2 |
    | grp_node_0_0_Pipeline_l_S_t_1_t_fu_256/hmul_16ns_16ns_16_3_max_dsp_1_U3/node_0_0_hmul_16ns_16ns_16_3_max_dsp_1_ip_u/U0/i_synth/MULT.OP/i_non_prim.MULT/MULT_GEN_VARIANT.FIX_MULT/MULT/gDSP.gDSP_only.iDSP/use_prim.appDSP[0].bppDSP[0].use_dsp.use_dsp48e2.iDSP48E2/DSP_PREADD_DATA_INST | ARITHMETIC.DSP.DSP48E2 |
    | grp_node_0_0_Pipeline_l_S_t_1_t_fu_256/hmul_16ns_16ns_16_3_max_dsp_1_U3/node_0_0_hmul_16ns_16ns_16_3_max_dsp_1_ip_u/U0/i_synth/MULT.OP/i_non_prim.MULT/MULT_GEN_VARIANT.FIX_MULT/MULT/gDSP.gDSP_only.iDSP/use_prim.appDSP[0].bppDSP[0].use_dsp.use_dsp48e2.iDSP48E2/DSP_MULTIPLIER_INST  | ARITHMETIC.DSP.DSP48E2 |
    | grp_node_0_0_Pipeline_l_S_t_1_t_fu_256/hmul_16ns_16ns_16_3_max_dsp_1_U3/node_0_0_hmul_16ns_16ns_16_3_max_dsp_1_ip_u/U0/i_synth/MULT.OP/i_non_prim.MULT/MULT_GEN_VARIANT.FIX_MULT/MULT/gDSP.gDSP_only.iDSP/use_prim.appDSP[0].bppDSP[0].use_dsp.use_dsp48e2.iDSP48E2/DSP_M_DATA_INST      | ARITHMETIC.DSP.DSP48E2 |
    | grp_node_0_0_Pipeline_l_S_t_1_t_fu_256/hmul_16ns_16ns_16_3_max_dsp_1_U3/node_0_0_hmul_16ns_16ns_16_3_max_dsp_1_ip_u/U0/i_synth/MULT.OP/i_non_prim.MULT/MULT_GEN_VARIANT.FIX_MULT/MULT/gDSP.gDSP_only.iDSP/use_prim.appDSP[0].bppDSP[0].use_dsp.use_dsp48e2.iDSP48E2/DSP_ALU_INST         | ARITHMETIC.DSP.DSP48E2 |
    | grp_node_0_0_Pipeline_l_S_t_1_t_fu_256/hmul_16ns_16ns_16_3_max_dsp_1_U3/node_0_0_hmul_16ns_16ns_16_3_max_dsp_1_ip_u/U0/i_synth/MULT.OP/i_non_prim.MULT/MULT_GEN_VARIANT.FIX_MULT/MULT/gDSP.gDSP_only.iDSP/use_prim.appDSP[0].bppDSP[0].use_dsp.use_dsp48e2.iDSP48E2/DSP_OUTPUT_INST      | ARITHMETIC.DSP.DSP48E2 |
    | grp_node_0_0_Pipeline_l_S_t_1_t_fu_256/hmul_16ns_16ns_16_3_max_dsp_1_U3/node_0_0_hmul_16ns_16ns_16_3_max_dsp_1_ip_u/U0/i_synth/MULT.OP/i_non_prim.MULT/MULT_GEN_VARIANT.FIX_MULT/CHAIN_GEN[0].C_MUX.CARRY_MUX_i_1__0                                                                     | CLB.LUT.LUT3           |
    | grp_node_0_0_Pipeline_l_S_t_1_t_fu_256/hmul_16ns_16ns_16_3_max_dsp_1_U3/node_0_0_hmul_16ns_16ns_16_3_max_dsp_1_ip_u/U0/i_synth/MULT.OP/i_non_prim.R_AND_R/LOGIC.R_AND_R/RND_BIT_GEN/NORM_1_OR_0.STRUCT_REQ.GENERAL.RND1/CHAIN_GEN[0].C_MUX.CARRY_MUX_CARRY4_CARRY8                       | CLB.CARRY.CARRY8       |
    | grp_node_0_0_Pipeline_l_S_t_1_t_fu_256/hmul_16ns_16ns_16_3_max_dsp_1_U3/node_0_0_hmul_16ns_16ns_16_3_max_dsp_1_ip_u/U0/i_synth/MULT.OP/i_non_prim.R_AND_R/LOGIC.R_AND_R/DSP48_E1.DSP48E1_ADD.DSP48E1_ADD/i_no_versal_es1_workaround.DSP/DSP_A_B_DATA_INST                                | ARITHMETIC.DSP.DSP48E2 |
    | grp_node_0_0_Pipeline_l_S_t_1_t_fu_256/hmul_16ns_16ns_16_3_max_dsp_1_U3/node_0_0_hmul_16ns_16ns_16_3_max_dsp_1_ip_u/U0/i_synth/MULT.OP/i_non_prim.R_AND_R/LOGIC.R_AND_R/DSP48_E1.DSP48E1_ADD.DSP48E1_ADD/i_no_versal_es1_workaround.DSP/DSP_ALU_INST                                     | ARITHMETIC.DSP.DSP48E2 |
    | grp_node_0_0_Pipeline_l_S_t_1_t_fu_256/hmul_16ns_16ns_16_3_max_dsp_1_U3/node_0_0_hmul_16ns_16ns_16_3_max_dsp_1_ip_u/U0/i_synth/MULT.OP/i_non_prim.R_AND_R/LOGIC.R_AND_R/DSP48_E1.DSP48E1_ADD.DSP48E1_ADD/i_no_versal_es1_workaround.DSP/DSP_OUTPUT_INST                                  | ARITHMETIC.DSP.DSP48E2 |
    | grp_node_0_0_Pipeline_l_S_t_1_t_fu_256/hmul_16ns_16ns_16_3_max_dsp_1_U3/node_0_0_hmul_16ns_16ns_16_3_max_dsp_1_ip_u/U0/i_synth/MULT.OP/i_non_prim.R_AND_R/LOGIC.R_AND_R/EXP_ADD.ADD/CHAIN_GEN[0].C_MUX.CARRY_MUX_CARRY4_CARRY8                                                           | CLB.CARRY.CARRY8       |
    | grp_node_0_0_Pipeline_l_S_t_1_t_fu_256/hmul_16ns_16ns_16_3_max_dsp_1_U3/node_0_0_hmul_16ns_16ns_16_3_max_dsp_1_ip_u/U0/i_synth/MULT.OP/i_non_prim.EXP/EXP_ADD.C_CHAIN/RESULT_REG.NORMAL.exp_op[0]_i_1                                                                                    | CLB.LUT.LUT6           |
    | grp_node_0_0_Pipeline_l_S_t_1_t_fu_256/hmul_16ns_16ns_16_3_max_dsp_1_U3/node_0_0_hmul_16ns_16ns_16_3_max_dsp_1_ip_u/U0/i_synth/MULT.OP/i_non_prim.OP/RESULT_REG.NORMAL.exp_op_reg[0]                                                                                                     | REGISTER.SDR.FDRE      |
    | grp_node_0_0_Pipeline_l_S_t_1_t_fu_256/hadd_16ns_16ns_16_3_no_dsp_1_U1/din1_buf1_reg[9]_replica                                                                                                                                                                                          | REGISTER.SDR.FDRE      |
    | grp_node_0_0_Pipeline_l_S_t_1_t_fu_256/hadd_16ns_16ns_16_3_no_dsp_1_U1/node_0_0_hadd_16ns_16ns_16_3_no_dsp_1_ip_u/U0/i_synth/ADDSUB_OP.ADDSUB/LOGIC_SPEED.OP/EXP/NUMB_CMP/NOT_FAST.CMP/C_CHAIN/CHAIN_GEN[4].C_MUX.CARRY_MUX_i_1__3                                                       | CLB.LUT.LUT4           |
    | grp_node_0_0_Pipeline_l_S_t_1_t_fu_256/hadd_16ns_16ns_16_3_no_dsp_1_U1/node_0_0_hadd_16ns_16ns_16_3_no_dsp_1_ip_u/U0/i_synth/ADDSUB_OP.ADDSUB/LOGIC_SPEED.OP/EXP/NUMB_CMP/NOT_FAST.CMP/C_CHAIN/CHAIN_GEN[0].C_MUX.CARRY_MUX_CARRY4_CARRY8                                                | CLB.CARRY.CARRY8       |
    | grp_node_0_0_Pipeline_l_S_t_1_t_fu_256/hadd_16ns_16ns_16_3_no_dsp_1_U1/node_0_0_hadd_16ns_16ns_16_3_no_dsp_1_ip_u/U0/i_synth/ADDSUB_OP.ADDSUB/LOGIC_SPEED.OP/EXP/NUMB_CMP/NOT_FAST.CMP/C_CHAIN/CHAIN_GEN[1].C_MUX.CARRY_MUX_i_2__3                                                       | CLB.LUT.LUT6           |
    | grp_node_0_0_Pipeline_l_S_t_1_t_fu_256/hadd_16ns_16ns_16_3_no_dsp_1_U1/node_0_0_hadd_16ns_16ns_16_3_no_dsp_1_ip_u/U0/i_synth/ADDSUB_OP.ADDSUB/LOGIC_SPEED.OP/EXP/NUMB_CMP/NOT_FAST.CMP/C_CHAIN/CHAIN_GEN[1].C_MUX.CARRY_MUX_i_1__5                                                       | CLB.LUT.LUT4           |
    | grp_node_0_0_Pipeline_l_S_t_1_t_fu_256/hadd_16ns_16ns_16_3_no_dsp_1_U1/node_0_0_hadd_16ns_16ns_16_3_no_dsp_1_ip_u/U0/i_synth/ADDSUB_OP.ADDSUB/LOGIC_SPEED.OP/ALIGN_BLK/ALIGN_SHIFT/ALIGN_Z_D/EQ_ZERO/CARRY_ZERO_DET/CHAIN_GEN[0].C_MUX.CARRY_MUX_CARRY4_CARRY8                           | CLB.CARRY.CARRY8       |
    | grp_node_0_0_Pipeline_l_S_t_1_t_fu_256/hadd_16ns_16ns_16_3_no_dsp_1_U1/node_0_0_hadd_16ns_16ns_16_3_no_dsp_1_ip_u/U0/i_synth/ADDSUB_OP.ADDSUB/LOGIC_SPEED.OP/EXP/NUMB_CMP/NOT_FAST.CMP/C_CHAIN/STRUCT_ADD1.CARRY_MUX2_i_7                                                                | CLB.LUT.LUT5           |
    | grp_node_0_0_Pipeline_l_S_t_1_t_fu_256/hadd_16ns_16ns_16_3_no_dsp_1_U1/node_0_0_hadd_16ns_16ns_16_3_no_dsp_1_ip_u/U0/i_synth/ADDSUB_OP.ADDSUB/LOGIC_SPEED.OP/EXP/NUMB_CMP/NOT_FAST.CMP/C_CHAIN/STRUCT_ADD1.CARRY_MUX2_i_2                                                                | CLB.LUT.LUT6           |
    | grp_node_0_0_Pipeline_l_S_t_1_t_fu_256/hadd_16ns_16ns_16_3_no_dsp_1_U1/node_0_0_hadd_16ns_16ns_16_3_no_dsp_1_ip_u/U0/i_synth/ADDSUB_OP.ADDSUB/LOGIC_SPEED.OP/EXP/NUMB_CMP/NOT_FAST.CMP/C_CHAIN/STRUCT_ADD1.CARRY_MUX2_i_1                                                                | CLB.LUT.LUT6           |
    | grp_node_0_0_Pipeline_l_S_t_1_t_fu_256/hadd_16ns_16ns_16_3_no_dsp_1_U1/node_0_0_hadd_16ns_16ns_16_3_no_dsp_1_ip_u/U0/i_synth/ADDSUB_OP.ADDSUB/LOGIC_SPEED.OP/ALIGN_BLK/FRAC_ADDSUB/LOGIC_ADD.FRAC_ADDSUB/STRUCT_ADD1.CARRY_MUX1_CARRY4_CARRY8                                            | CLB.CARRY.CARRY8       |
    | grp_node_0_0_Pipeline_l_S_t_1_t_fu_256/hadd_16ns_16ns_16_3_no_dsp_1_U1/node_0_0_hadd_16ns_16ns_16_3_no_dsp_1_ip_u/U0/i_synth/ADDSUB_OP.ADDSUB/LOGIC_SPEED.OP/ALIGN_BLK/FRAC_ADDSUB/LOGIC_ADD.FRAC_ADDSUB/STRUCT_ADD2.ADD1/CHAIN_GEN[0].C_MUX.CARRY_MUX_CARRY4_CARRY8                     | CLB.CARRY.CARRY8       |
    | grp_node_0_0_Pipeline_l_S_t_1_t_fu_256/hadd_16ns_16ns_16_3_no_dsp_1_U1/node_0_0_hadd_16ns_16ns_16_3_no_dsp_1_ip_u/U0/i_synth/ADDSUB_OP.ADDSUB/LOGIC_SPEED.OP/ALIGN_BLK/FRAC_ADDSUB/LOGIC_ADD.FRAC_ADDSUB/STRUCT_ADD2.ADD1/CHAIN_GEN[0].C_MUX.CARRY_MUX_i_1__2                            | CLB.LUT.LUT4           |
    | grp_node_0_0_Pipeline_l_S_t_1_t_fu_256/hadd_16ns_16ns_16_3_no_dsp_1_U1/node_0_0_hadd_16ns_16ns_16_3_no_dsp_1_ip_u/U0/i_synth/ADDSUB_OP.ADDSUB/LOGIC_SPEED.OP/NORM/LZE/ZERO_DET_CC_1/CHAIN_GEN[0].C_MUX.CARRY_MUX_CARRY4_CARRY8                                                           | CLB.CARRY.CARRY8       |
    | grp_node_0_0_Pipeline_l_S_t_1_t_fu_256/hadd_16ns_16ns_16_3_no_dsp_1_U1/node_0_0_hadd_16ns_16ns_16_3_no_dsp_1_ip_u/U0/i_synth/ADDSUB_OP.ADDSUB/LOGIC_SPEED.OP/ALIGN_BLK/FRAC_ADDSUB/LOGIC_ADD.FRAC_ADDSUB/STRUCT_ADD2.ADD1/RESULT_REG.NORMAL.exp_op[2]_i_7                                | CLB.LUT.LUT5           |
    | grp_node_0_0_Pipeline_l_S_t_1_t_fu_256/hadd_16ns_16ns_16_3_no_dsp_1_U1/node_0_0_hadd_16ns_16ns_16_3_no_dsp_1_ip_u/U0/i_synth/ADDSUB_OP.ADDSUB/LOGIC_SPEED.OP/ALIGN_BLK/FRAC_ADDSUB/LOGIC_ADD.FRAC_ADDSUB/STRUCT_ADD1.ADD1/RESULT_REG.NORMAL.exp_op[1]_i_3                                | CLB.LUT.LUT5           |
    | grp_node_0_0_Pipeline_l_S_t_1_t_fu_256/hadd_16ns_16ns_16_3_no_dsp_1_U1/node_0_0_hadd_16ns_16ns_16_3_no_dsp_1_ip_u/U0/i_synth/ADDSUB_OP.ADDSUB/LOGIC_SPEED.OP/ALIGN_BLK/FRAC_ADDSUB/LOGIC_ADD.FRAC_ADDSUB/STRUCT_ADD1.ADD1/CHAIN_GEN[0].C_MUX.CARRY_MUX_i_6__0                            | CLB.LUT.LUT5           |
    | grp_node_0_0_Pipeline_l_S_t_1_t_fu_256/hadd_16ns_16ns_16_3_no_dsp_1_U1/node_0_0_hadd_16ns_16ns_16_3_no_dsp_1_ip_u/U0/i_synth/ADDSUB_OP.ADDSUB/LOGIC_SPEED.OP/ALIGN_BLK/FRAC_ADDSUB/LOGIC_ADD.FRAC_ADDSUB/STRUCT_ADD1.ADD1/CHAIN_GEN[0].C_MUX.CARRY_MUX_i_3__0                            | CLB.LUT.LUT6           |
    | grp_node_0_0_Pipeline_l_S_t_1_t_fu_256/hadd_16ns_16ns_16_3_no_dsp_1_U1/node_0_0_hadd_16ns_16ns_16_3_no_dsp_1_ip_u/U0/i_synth/ADDSUB_OP.ADDSUB/LOGIC_SPEED.OP/ALIGN_BLK/FRAC_ADDSUB/LOGIC_ADD.FRAC_ADDSUB/STRUCT_ADD1.ADD1/CHAIN_GEN[0].C_MUX.CARRY_MUX_i_1__10                           | CLB.LUT.LUT5           |
    | grp_node_0_0_Pipeline_l_S_t_1_t_fu_256/hadd_16ns_16ns_16_3_no_dsp_1_U1/node_0_0_hadd_16ns_16ns_16_3_no_dsp_1_ip_u/U0/i_synth/ADDSUB_OP.ADDSUB/LOGIC_SPEED.OP/NORM/ROUND/RND_BIT_GEN/NORM_2.RND_CHAIN/CHAIN_GEN[0].C_MUX.CARRY_MUX_CARRY4_CARRY8                                          | CLB.CARRY.CARRY8       |
    | grp_node_0_0_Pipeline_l_S_t_1_t_fu_256/hadd_16ns_16ns_16_3_no_dsp_1_U1/node_0_0_hadd_16ns_16ns_16_3_no_dsp_1_ip_u/U0/i_synth/ADDSUB_OP.ADDSUB/LOGIC_SPEED.OP/NORM/ROUND/LOGIC.RND1/CHAIN_GEN[2].C_MUX.CARRY_MUX_CARRY4_CARRY8                                                            | CLB.CARRY.CARRY8       |
    | grp_node_0_0_Pipeline_l_S_t_1_t_fu_256/hadd_16ns_16ns_16_3_no_dsp_1_U1/node_0_0_hadd_16ns_16ns_16_3_no_dsp_1_ip_u/U0/i_synth/ADDSUB_OP.ADDSUB/LOGIC_SPEED.OP/NORM/ROUND/LOGIC.RND2/CHAIN_GEN[5].Q_XOR.SUM_XOR_CARRY4_CARRY8                                                              | CLB.CARRY.CARRY8       |
    | grp_node_0_0_Pipeline_l_S_t_1_t_fu_256/hadd_16ns_16ns_16_3_no_dsp_1_U1/node_0_0_hadd_16ns_16ns_16_3_no_dsp_1_ip_u/U0/i_synth/ADDSUB_OP.ADDSUB/LOGIC_SPEED.OP/NORM/LZE/ZERO_DET_CC_1/RESULT_REG.NORMAL.exp_op[4]_i_3                                                                      | CLB.LUT.LUT6           |
    | grp_node_0_0_Pipeline_l_S_t_1_t_fu_256/hadd_16ns_16ns_16_3_no_dsp_1_U1/node_0_0_hadd_16ns_16ns_16_3_no_dsp_1_ip_u/U0/i_synth/ADDSUB_OP.ADDSUB/LOGIC_SPEED.OP/NORM/LZE/ZERO_DET_CC_1/RESULT_REG.NORMAL.exp_op[4]_i_1                                                                      | CLB.LUT.LUT6           |
    | grp_node_0_0_Pipeline_l_S_t_1_t_fu_256/hadd_16ns_16ns_16_3_no_dsp_1_U1/node_0_0_hadd_16ns_16ns_16_3_no_dsp_1_ip_u/U0/i_synth/ADDSUB_OP.ADDSUB/LOGIC_SPEED.OP/OP/RESULT_REG.NORMAL.exp_op_reg[4]                                                                                          | REGISTER.SDR.FDRE      |
    | grp_node_0_0_Pipeline_l_S_t_1_t_fu_256/hadd_16ns_16ns_16_3_no_dsp_1_U1/din1_buf1_reg[9]_replica                                                                                                                                                                                          | REGISTER.SDR.FDRE      |
    | grp_node_0_0_Pipeline_l_S_t_1_t_fu_256/hadd_16ns_16ns_16_3_no_dsp_1_U1/node_0_0_hadd_16ns_16ns_16_3_no_dsp_1_ip_u/U0/i_synth/ADDSUB_OP.ADDSUB/LOGIC_SPEED.OP/EXP/NUMB_CMP/NOT_FAST.CMP/C_CHAIN/CHAIN_GEN[4].C_MUX.CARRY_MUX_i_1__3                                                       | CLB.LUT.LUT4           |
    | grp_node_0_0_Pipeline_l_S_t_1_t_fu_256/hadd_16ns_16ns_16_3_no_dsp_1_U1/node_0_0_hadd_16ns_16ns_16_3_no_dsp_1_ip_u/U0/i_synth/ADDSUB_OP.ADDSUB/LOGIC_SPEED.OP/EXP/NUMB_CMP/NOT_FAST.CMP/C_CHAIN/CHAIN_GEN[0].C_MUX.CARRY_MUX_CARRY4_CARRY8                                                | CLB.CARRY.CARRY8       |
    | grp_node_0_0_Pipeline_l_S_t_1_t_fu_256/hadd_16ns_16ns_16_3_no_dsp_1_U1/node_0_0_hadd_16ns_16ns_16_3_no_dsp_1_ip_u/U0/i_synth/ADDSUB_OP.ADDSUB/LOGIC_SPEED.OP/EXP/NUMB_CMP/NOT_FAST.CMP/C_CHAIN/CHAIN_GEN[1].C_MUX.CARRY_MUX_i_2__3                                                       | CLB.LUT.LUT6           |
    | grp_node_0_0_Pipeline_l_S_t_1_t_fu_256/hadd_16ns_16ns_16_3_no_dsp_1_U1/node_0_0_hadd_16ns_16ns_16_3_no_dsp_1_ip_u/U0/i_synth/ADDSUB_OP.ADDSUB/LOGIC_SPEED.OP/EXP/NUMB_CMP/NOT_FAST.CMP/C_CHAIN/CHAIN_GEN[1].C_MUX.CARRY_MUX_i_1__5                                                       | CLB.LUT.LUT4           |
    | grp_node_0_0_Pipeline_l_S_t_1_t_fu_256/hadd_16ns_16ns_16_3_no_dsp_1_U1/node_0_0_hadd_16ns_16ns_16_3_no_dsp_1_ip_u/U0/i_synth/ADDSUB_OP.ADDSUB/LOGIC_SPEED.OP/ALIGN_BLK/ALIGN_SHIFT/ALIGN_Z_D/EQ_ZERO/CARRY_ZERO_DET/CHAIN_GEN[0].C_MUX.CARRY_MUX_CARRY4_CARRY8                           | CLB.CARRY.CARRY8       |
    | grp_node_0_0_Pipeline_l_S_t_1_t_fu_256/hadd_16ns_16ns_16_3_no_dsp_1_U1/node_0_0_hadd_16ns_16ns_16_3_no_dsp_1_ip_u/U0/i_synth/ADDSUB_OP.ADDSUB/LOGIC_SPEED.OP/EXP/NUMB_CMP/NOT_FAST.CMP/C_CHAIN/STRUCT_ADD1.CARRY_MUX2_i_7                                                                | CLB.LUT.LUT5           |
    | grp_node_0_0_Pipeline_l_S_t_1_t_fu_256/hadd_16ns_16ns_16_3_no_dsp_1_U1/node_0_0_hadd_16ns_16ns_16_3_no_dsp_1_ip_u/U0/i_synth/ADDSUB_OP.ADDSUB/LOGIC_SPEED.OP/EXP/NUMB_CMP/NOT_FAST.CMP/C_CHAIN/STRUCT_ADD1.CARRY_MUX2_i_2                                                                | CLB.LUT.LUT6           |
    | grp_node_0_0_Pipeline_l_S_t_1_t_fu_256/hadd_16ns_16ns_16_3_no_dsp_1_U1/node_0_0_hadd_16ns_16ns_16_3_no_dsp_1_ip_u/U0/i_synth/ADDSUB_OP.ADDSUB/LOGIC_SPEED.OP/EXP/NUMB_CMP/NOT_FAST.CMP/C_CHAIN/STRUCT_ADD1.CARRY_MUX2_i_1                                                                | CLB.LUT.LUT6           |
    | grp_node_0_0_Pipeline_l_S_t_1_t_fu_256/hadd_16ns_16ns_16_3_no_dsp_1_U1/node_0_0_hadd_16ns_16ns_16_3_no_dsp_1_ip_u/U0/i_synth/ADDSUB_OP.ADDSUB/LOGIC_SPEED.OP/ALIGN_BLK/FRAC_ADDSUB/LOGIC_ADD.FRAC_ADDSUB/STRUCT_ADD1.CARRY_MUX1_CARRY4_CARRY8                                            | CLB.CARRY.CARRY8       |
    | grp_node_0_0_Pipeline_l_S_t_1_t_fu_256/hadd_16ns_16ns_16_3_no_dsp_1_U1/node_0_0_hadd_16ns_16ns_16_3_no_dsp_1_ip_u/U0/i_synth/ADDSUB_OP.ADDSUB/LOGIC_SPEED.OP/ALIGN_BLK/FRAC_ADDSUB/LOGIC_ADD.FRAC_ADDSUB/STRUCT_ADD2.ADD1/CHAIN_GEN[0].C_MUX.CARRY_MUX_CARRY4_CARRY8                     | CLB.CARRY.CARRY8       |
    | grp_node_0_0_Pipeline_l_S_t_1_t_fu_256/hadd_16ns_16ns_16_3_no_dsp_1_U1/node_0_0_hadd_16ns_16ns_16_3_no_dsp_1_ip_u/U0/i_synth/ADDSUB_OP.ADDSUB/LOGIC_SPEED.OP/ALIGN_BLK/FRAC_ADDSUB/LOGIC_ADD.FRAC_ADDSUB/STRUCT_ADD2.ADD1/CHAIN_GEN[0].C_MUX.CARRY_MUX_i_1__2                            | CLB.LUT.LUT4           |
    | grp_node_0_0_Pipeline_l_S_t_1_t_fu_256/hadd_16ns_16ns_16_3_no_dsp_1_U1/node_0_0_hadd_16ns_16ns_16_3_no_dsp_1_ip_u/U0/i_synth/ADDSUB_OP.ADDSUB/LOGIC_SPEED.OP/NORM/LZE/ZERO_DET_CC_1/CHAIN_GEN[0].C_MUX.CARRY_MUX_CARRY4_CARRY8                                                           | CLB.CARRY.CARRY8       |
    | grp_node_0_0_Pipeline_l_S_t_1_t_fu_256/hadd_16ns_16ns_16_3_no_dsp_1_U1/node_0_0_hadd_16ns_16ns_16_3_no_dsp_1_ip_u/U0/i_synth/ADDSUB_OP.ADDSUB/LOGIC_SPEED.OP/ALIGN_BLK/FRAC_ADDSUB/LOGIC_ADD.FRAC_ADDSUB/STRUCT_ADD2.ADD1/RESULT_REG.NORMAL.exp_op[2]_i_7                                | CLB.LUT.LUT5           |
    | grp_node_0_0_Pipeline_l_S_t_1_t_fu_256/hadd_16ns_16ns_16_3_no_dsp_1_U1/node_0_0_hadd_16ns_16ns_16_3_no_dsp_1_ip_u/U0/i_synth/ADDSUB_OP.ADDSUB/LOGIC_SPEED.OP/ALIGN_BLK/FRAC_ADDSUB/LOGIC_ADD.FRAC_ADDSUB/STRUCT_ADD1.ADD1/RESULT_REG.NORMAL.exp_op[1]_i_3                                | CLB.LUT.LUT5           |
    | grp_node_0_0_Pipeline_l_S_t_1_t_fu_256/hadd_16ns_16ns_16_3_no_dsp_1_U1/node_0_0_hadd_16ns_16ns_16_3_no_dsp_1_ip_u/U0/i_synth/ADDSUB_OP.ADDSUB/LOGIC_SPEED.OP/ALIGN_BLK/FRAC_ADDSUB/LOGIC_ADD.FRAC_ADDSUB/STRUCT_ADD1.ADD1/CHAIN_GEN[0].C_MUX.CARRY_MUX_i_6__0                            | CLB.LUT.LUT5           |
    | grp_node_0_0_Pipeline_l_S_t_1_t_fu_256/hadd_16ns_16ns_16_3_no_dsp_1_U1/node_0_0_hadd_16ns_16ns_16_3_no_dsp_1_ip_u/U0/i_synth/ADDSUB_OP.ADDSUB/LOGIC_SPEED.OP/ALIGN_BLK/FRAC_ADDSUB/LOGIC_ADD.FRAC_ADDSUB/STRUCT_ADD1.ADD1/CHAIN_GEN[0].C_MUX.CARRY_MUX_i_3__0                            | CLB.LUT.LUT6           |
    | grp_node_0_0_Pipeline_l_S_t_1_t_fu_256/hadd_16ns_16ns_16_3_no_dsp_1_U1/node_0_0_hadd_16ns_16ns_16_3_no_dsp_1_ip_u/U0/i_synth/ADDSUB_OP.ADDSUB/LOGIC_SPEED.OP/ALIGN_BLK/FRAC_ADDSUB/LOGIC_ADD.FRAC_ADDSUB/STRUCT_ADD1.ADD1/CHAIN_GEN[0].C_MUX.CARRY_MUX_i_1__10                           | CLB.LUT.LUT5           |
    | grp_node_0_0_Pipeline_l_S_t_1_t_fu_256/hadd_16ns_16ns_16_3_no_dsp_1_U1/node_0_0_hadd_16ns_16ns_16_3_no_dsp_1_ip_u/U0/i_synth/ADDSUB_OP.ADDSUB/LOGIC_SPEED.OP/NORM/ROUND/RND_BIT_GEN/NORM_2.RND_CHAIN/CHAIN_GEN[0].C_MUX.CARRY_MUX_CARRY4_CARRY8                                          | CLB.CARRY.CARRY8       |
    | grp_node_0_0_Pipeline_l_S_t_1_t_fu_256/hadd_16ns_16ns_16_3_no_dsp_1_U1/node_0_0_hadd_16ns_16ns_16_3_no_dsp_1_ip_u/U0/i_synth/ADDSUB_OP.ADDSUB/LOGIC_SPEED.OP/NORM/ROUND/LOGIC.RND1/CHAIN_GEN[2].C_MUX.CARRY_MUX_CARRY4_CARRY8                                                            | CLB.CARRY.CARRY8       |
    | grp_node_0_0_Pipeline_l_S_t_1_t_fu_256/hadd_16ns_16ns_16_3_no_dsp_1_U1/node_0_0_hadd_16ns_16ns_16_3_no_dsp_1_ip_u/U0/i_synth/ADDSUB_OP.ADDSUB/LOGIC_SPEED.OP/NORM/ROUND/LOGIC.RND2/CHAIN_GEN[5].Q_XOR.SUM_XOR_CARRY4_CARRY8                                                              | CLB.CARRY.CARRY8       |
    | grp_node_0_0_Pipeline_l_S_t_1_t_fu_256/hadd_16ns_16ns_16_3_no_dsp_1_U1/node_0_0_hadd_16ns_16ns_16_3_no_dsp_1_ip_u/U0/i_synth/ADDSUB_OP.ADDSUB/LOGIC_SPEED.OP/NORM/LZE/ZERO_DET_CC_1/RESULT_REG.NORMAL.exp_op[4]_i_3                                                                      | CLB.LUT.LUT6           |
    | grp_node_0_0_Pipeline_l_S_t_1_t_fu_256/hadd_16ns_16ns_16_3_no_dsp_1_U1/node_0_0_hadd_16ns_16ns_16_3_no_dsp_1_ip_u/U0/i_synth/ADDSUB_OP.ADDSUB/LOGIC_SPEED.OP/NORM/LZE/ZERO_DET_CC_1/RESULT_REG.NORMAL.exp_op[3]_i_1                                                                      | CLB.LUT.LUT6           |
    | grp_node_0_0_Pipeline_l_S_t_1_t_fu_256/hadd_16ns_16ns_16_3_no_dsp_1_U1/node_0_0_hadd_16ns_16ns_16_3_no_dsp_1_ip_u/U0/i_synth/ADDSUB_OP.ADDSUB/LOGIC_SPEED.OP/OP/RESULT_REG.NORMAL.exp_op_reg[3]                                                                                          | REGISTER.SDR.FDRE      |
    | grp_node_0_0_Pipeline_l_S_t_1_t_fu_256/hadd_16ns_16ns_16_3_no_dsp_1_U1/din0_buf1_reg[8]                                                                                                                                                                                                  | REGISTER.SDR.FDRE      |
    | grp_node_0_0_Pipeline_l_S_t_1_t_fu_256/hsub_16ns_16ns_16_3_no_dsp_1_U2/node_0_0_hsub_16ns_16ns_16_3_no_dsp_1_ip_u/U0/i_synth/ADDSUB_OP.ADDSUB/LOGIC_SPEED.OP/EXP/NUMB_CMP/NOT_FAST.CMP/C_CHAIN/CHAIN_GEN[4].C_MUX.CARRY_MUX_i_1__3                                                       | CLB.LUT.LUT4           |
    | grp_node_0_0_Pipeline_l_S_t_1_t_fu_256/hsub_16ns_16ns_16_3_no_dsp_1_U2/node_0_0_hsub_16ns_16ns_16_3_no_dsp_1_ip_u/U0/i_synth/ADDSUB_OP.ADDSUB/LOGIC_SPEED.OP/EXP/NUMB_CMP/NOT_FAST.CMP/C_CHAIN/CHAIN_GEN[0].C_MUX.CARRY_MUX_CARRY4_CARRY8                                                | CLB.CARRY.CARRY8       |
    | grp_node_0_0_Pipeline_l_S_t_1_t_fu_256/hsub_16ns_16ns_16_3_no_dsp_1_U2/node_0_0_hsub_16ns_16ns_16_3_no_dsp_1_ip_u/U0/i_synth/ADDSUB_OP.ADDSUB/LOGIC_SPEED.OP/EXP/NUMB_CMP/NOT_FAST.CMP/C_CHAIN/CHAIN_GEN[1].C_MUX.CARRY_MUX_i_3__1                                                       | CLB.LUT.LUT6           |
    | grp_node_0_0_Pipeline_l_S_t_1_t_fu_256/hsub_16ns_16ns_16_3_no_dsp_1_U2/node_0_0_hsub_16ns_16ns_16_3_no_dsp_1_ip_u/U0/i_synth/ADDSUB_OP.ADDSUB/LOGIC_SPEED.OP/EXP/NUMB_CMP/NOT_FAST.CMP/C_CHAIN/CHAIN_GEN[1].C_MUX.CARRY_MUX_i_1__1                                                       | CLB.LUT.LUT4           |
    | grp_node_0_0_Pipeline_l_S_t_1_t_fu_256/hsub_16ns_16ns_16_3_no_dsp_1_U2/node_0_0_hsub_16ns_16ns_16_3_no_dsp_1_ip_u/U0/i_synth/ADDSUB_OP.ADDSUB/LOGIC_SPEED.OP/ALIGN_BLK/ALIGN_SHIFT/ALIGN_Z_D/EQ_ZERO/CARRY_ZERO_DET/CHAIN_GEN[0].C_MUX.CARRY_MUX_CARRY4_CARRY8                           | CLB.CARRY.CARRY8       |
    | grp_node_0_0_Pipeline_l_S_t_1_t_fu_256/hsub_16ns_16ns_16_3_no_dsp_1_U2/node_0_0_hsub_16ns_16ns_16_3_no_dsp_1_ip_u/U0/i_synth/ADDSUB_OP.ADDSUB/LOGIC_SPEED.OP/EXP/NUMB_CMP/NOT_FAST.CMP/C_CHAIN/STRUCT_ADD1.CARRY_MUX2_i_2                                                                | CLB.LUT.LUT5           |
    | grp_node_0_0_Pipeline_l_S_t_1_t_fu_256/hsub_16ns_16ns_16_3_no_dsp_1_U2/node_0_0_hsub_16ns_16ns_16_3_no_dsp_1_ip_u/U0/i_synth/ADDSUB_OP.ADDSUB/LOGIC_SPEED.OP/EXP/NUMB_CMP/NOT_FAST.CMP/C_CHAIN/STRUCT_ADD1.CARRY_MUX2_i_1                                                                | CLB.LUT.LUT6           |
    | grp_node_0_0_Pipeline_l_S_t_1_t_fu_256/hsub_16ns_16ns_16_3_no_dsp_1_U2/node_0_0_hsub_16ns_16ns_16_3_no_dsp_1_ip_u/U0/i_synth/ADDSUB_OP.ADDSUB/LOGIC_SPEED.OP/ALIGN_BLK/FRAC_ADDSUB/LOGIC_ADD.FRAC_ADDSUB/STRUCT_ADD1.CARRY_MUX1_CARRY4_CARRY8                                            | CLB.CARRY.CARRY8       |
    | grp_node_0_0_Pipeline_l_S_t_1_t_fu_256/hsub_16ns_16ns_16_3_no_dsp_1_U2/node_0_0_hsub_16ns_16ns_16_3_no_dsp_1_ip_u/U0/i_synth/ADDSUB_OP.ADDSUB/LOGIC_SPEED.OP/ALIGN_BLK/FRAC_ADDSUB/LOGIC_ADD.FRAC_ADDSUB/STRUCT_ADD2.ADD1/CHAIN_GEN[0].C_MUX.CARRY_MUX_CARRY4_CARRY8                     | CLB.CARRY.CARRY8       |
    | grp_node_0_0_Pipeline_l_S_t_1_t_fu_256/hsub_16ns_16ns_16_3_no_dsp_1_U2/node_0_0_hsub_16ns_16ns_16_3_no_dsp_1_ip_u/U0/i_synth/ADDSUB_OP.ADDSUB/LOGIC_SPEED.OP/ALIGN_BLK/FRAC_ADDSUB/LOGIC_ADD.FRAC_ADDSUB/STRUCT_ADD2.ADD1/CHAIN_GEN[1].C_MUX.CARRY_MUX_i_1__4                            | CLB.LUT.LUT4           |
    | grp_node_0_0_Pipeline_l_S_t_1_t_fu_256/hsub_16ns_16ns_16_3_no_dsp_1_U2/node_0_0_hsub_16ns_16ns_16_3_no_dsp_1_ip_u/U0/i_synth/ADDSUB_OP.ADDSUB/LOGIC_SPEED.OP/NORM/LZE/ZERO_DET_CC_1/CHAIN_GEN[0].C_MUX.CARRY_MUX_CARRY4_CARRY8                                                           | CLB.CARRY.CARRY8       |
    | grp_node_0_0_Pipeline_l_S_t_1_t_fu_256/hsub_16ns_16ns_16_3_no_dsp_1_U2/node_0_0_hsub_16ns_16ns_16_3_no_dsp_1_ip_u/U0/i_synth/ADDSUB_OP.ADDSUB/LOGIC_SPEED.OP/ALIGN_BLK/FRAC_ADDSUB/LOGIC_ADD.FRAC_ADDSUB/STRUCT_ADD2.ADD1/CHAIN_GEN[1].C_MUX.CARRY_MUX_i_5__1                            | CLB.LUT.LUT6           |
    | grp_node_0_0_Pipeline_l_S_t_1_t_fu_256/hsub_16ns_16ns_16_3_no_dsp_1_U2/node_0_0_hsub_16ns_16ns_16_3_no_dsp_1_ip_u/U0/i_synth/ADDSUB_OP.ADDSUB/LOGIC_SPEED.OP/ALIGN_BLK/FRAC_ADDSUB/LOGIC_ADD.FRAC_ADDSUB/STRUCT_ADD2.ADD1/CHAIN_GEN[1].C_MUX.CARRY_MUX_i_2__3                            | CLB.LUT.LUT6           |
    | grp_node_0_0_Pipeline_l_S_t_1_t_fu_256/hsub_16ns_16ns_16_3_no_dsp_1_U2/node_0_0_hsub_16ns_16ns_16_3_no_dsp_1_ip_u/U0/i_synth/ADDSUB_OP.ADDSUB/LOGIC_SPEED.OP/ALIGN_BLK/FRAC_ADDSUB/LOGIC_ADD.FRAC_ADDSUB/STRUCT_ADD2.ADD1/CHAIN_GEN[0].C_MUX.CARRY_MUX_i_6__0                            | CLB.LUT.LUT5           |
    | grp_node_0_0_Pipeline_l_S_t_1_t_fu_256/hsub_16ns_16ns_16_3_no_dsp_1_U2/node_0_0_hsub_16ns_16ns_16_3_no_dsp_1_ip_u/U0/i_synth/ADDSUB_OP.ADDSUB/LOGIC_SPEED.OP/ALIGN_BLK/FRAC_ADDSUB/LOGIC_ADD.FRAC_ADDSUB/STRUCT_ADD1.ADD1/CHAIN_GEN[0].C_MUX.CARRY_MUX_i_5__0                            | CLB.LUT.LUT6           |
    | grp_node_0_0_Pipeline_l_S_t_1_t_fu_256/hsub_16ns_16ns_16_3_no_dsp_1_U2/node_0_0_hsub_16ns_16ns_16_3_no_dsp_1_ip_u/U0/i_synth/ADDSUB_OP.ADDSUB/LOGIC_SPEED.OP/ALIGN_BLK/FRAC_ADDSUB/LOGIC_ADD.FRAC_ADDSUB/STRUCT_ADD1.ADD1/CHAIN_GEN[0].C_MUX.CARRY_MUX_i_1__9                            | CLB.LUT.LUT6           |
    | grp_node_0_0_Pipeline_l_S_t_1_t_fu_256/hsub_16ns_16ns_16_3_no_dsp_1_U2/node_0_0_hsub_16ns_16ns_16_3_no_dsp_1_ip_u/U0/i_synth/ADDSUB_OP.ADDSUB/LOGIC_SPEED.OP/NORM/ROUND/RND_BIT_GEN/NORM_2.RND_CHAIN/CHAIN_GEN[0].C_MUX.CARRY_MUX_CARRY4_CARRY8                                          | CLB.CARRY.CARRY8       |
    | grp_node_0_0_Pipeline_l_S_t_1_t_fu_256/hsub_16ns_16ns_16_3_no_dsp_1_U2/node_0_0_hsub_16ns_16ns_16_3_no_dsp_1_ip_u/U0/i_synth/ADDSUB_OP.ADDSUB/LOGIC_SPEED.OP/NORM/ROUND/LOGIC.RND1/CHAIN_GEN[2].C_MUX.CARRY_MUX_CARRY4_CARRY8                                                            | CLB.CARRY.CARRY8       |
    | grp_node_0_0_Pipeline_l_S_t_1_t_fu_256/hsub_16ns_16ns_16_3_no_dsp_1_U2/node_0_0_hsub_16ns_16ns_16_3_no_dsp_1_ip_u/U0/i_synth/ADDSUB_OP.ADDSUB/LOGIC_SPEED.OP/NORM/ROUND/LOGIC.RND2/CHAIN_GEN[5].Q_XOR.SUM_XOR_CARRY4_CARRY8                                                              | CLB.CARRY.CARRY8       |
    | grp_node_0_0_Pipeline_l_S_t_1_t_fu_256/hsub_16ns_16ns_16_3_no_dsp_1_U2/node_0_0_hsub_16ns_16ns_16_3_no_dsp_1_ip_u/U0/i_synth/ADDSUB_OP.ADDSUB/LOGIC_SPEED.OP/ALIGN_BLK/FRAC_ADDSUB/LOGIC_ADD.FRAC_ADDSUB/STRUCT_ADD1.ADD1/RESULT_REG.NORMAL.exp_op[0]_i_2                                | CLB.LUT.LUT6           |
    | grp_node_0_0_Pipeline_l_S_t_1_t_fu_256/hsub_16ns_16ns_16_3_no_dsp_1_U2/node_0_0_hsub_16ns_16ns_16_3_no_dsp_1_ip_u/U0/i_synth/ADDSUB_OP.ADDSUB/LOGIC_SPEED.OP/EXP/EXP_OFF.STRUCT_ADD/RESULT_REG.NORMAL.exp_op[0]_i_1                                                                      | CLB.LUT.LUT6           |
    | grp_node_0_0_Pipeline_l_S_t_1_t_fu_256/hsub_16ns_16ns_16_3_no_dsp_1_U2/node_0_0_hsub_16ns_16ns_16_3_no_dsp_1_ip_u/U0/i_synth/ADDSUB_OP.ADDSUB/LOGIC_SPEED.OP/OP/RESULT_REG.NORMAL.exp_op_reg[0]                                                                                          | REGISTER.SDR.FDRE      |
    | grp_node_0_0_Pipeline_l_S_t_1_t_fu_256/hadd_16ns_16ns_16_3_no_dsp_1_U1/din1_buf1_reg[9]_replica                                                                                                                                                                                          | REGISTER.SDR.FDRE      |
    | grp_node_0_0_Pipeline_l_S_t_1_t_fu_256/hadd_16ns_16ns_16_3_no_dsp_1_U1/node_0_0_hadd_16ns_16ns_16_3_no_dsp_1_ip_u/U0/i_synth/ADDSUB_OP.ADDSUB/LOGIC_SPEED.OP/EXP/NUMB_CMP/NOT_FAST.CMP/C_CHAIN/CHAIN_GEN[4].C_MUX.CARRY_MUX_i_1__3                                                       | CLB.LUT.LUT4           |
    | grp_node_0_0_Pipeline_l_S_t_1_t_fu_256/hadd_16ns_16ns_16_3_no_dsp_1_U1/node_0_0_hadd_16ns_16ns_16_3_no_dsp_1_ip_u/U0/i_synth/ADDSUB_OP.ADDSUB/LOGIC_SPEED.OP/EXP/NUMB_CMP/NOT_FAST.CMP/C_CHAIN/CHAIN_GEN[0].C_MUX.CARRY_MUX_CARRY4_CARRY8                                                | CLB.CARRY.CARRY8       |
    | grp_node_0_0_Pipeline_l_S_t_1_t_fu_256/hadd_16ns_16ns_16_3_no_dsp_1_U1/node_0_0_hadd_16ns_16ns_16_3_no_dsp_1_ip_u/U0/i_synth/ADDSUB_OP.ADDSUB/LOGIC_SPEED.OP/EXP/NUMB_CMP/NOT_FAST.CMP/C_CHAIN/CHAIN_GEN[1].C_MUX.CARRY_MUX_i_2__3                                                       | CLB.LUT.LUT6           |
    | grp_node_0_0_Pipeline_l_S_t_1_t_fu_256/hadd_16ns_16ns_16_3_no_dsp_1_U1/node_0_0_hadd_16ns_16ns_16_3_no_dsp_1_ip_u/U0/i_synth/ADDSUB_OP.ADDSUB/LOGIC_SPEED.OP/EXP/NUMB_CMP/NOT_FAST.CMP/C_CHAIN/CHAIN_GEN[1].C_MUX.CARRY_MUX_i_1__5                                                       | CLB.LUT.LUT4           |
    | grp_node_0_0_Pipeline_l_S_t_1_t_fu_256/hadd_16ns_16ns_16_3_no_dsp_1_U1/node_0_0_hadd_16ns_16ns_16_3_no_dsp_1_ip_u/U0/i_synth/ADDSUB_OP.ADDSUB/LOGIC_SPEED.OP/ALIGN_BLK/ALIGN_SHIFT/ALIGN_Z_D/EQ_ZERO/CARRY_ZERO_DET/CHAIN_GEN[0].C_MUX.CARRY_MUX_CARRY4_CARRY8                           | CLB.CARRY.CARRY8       |
    | grp_node_0_0_Pipeline_l_S_t_1_t_fu_256/hadd_16ns_16ns_16_3_no_dsp_1_U1/node_0_0_hadd_16ns_16ns_16_3_no_dsp_1_ip_u/U0/i_synth/ADDSUB_OP.ADDSUB/LOGIC_SPEED.OP/EXP/NUMB_CMP/NOT_FAST.CMP/C_CHAIN/STRUCT_ADD1.CARRY_MUX2_i_7                                                                | CLB.LUT.LUT5           |
    | grp_node_0_0_Pipeline_l_S_t_1_t_fu_256/hadd_16ns_16ns_16_3_no_dsp_1_U1/node_0_0_hadd_16ns_16ns_16_3_no_dsp_1_ip_u/U0/i_synth/ADDSUB_OP.ADDSUB/LOGIC_SPEED.OP/EXP/NUMB_CMP/NOT_FAST.CMP/C_CHAIN/STRUCT_ADD1.CARRY_MUX2_i_2                                                                | CLB.LUT.LUT6           |
    | grp_node_0_0_Pipeline_l_S_t_1_t_fu_256/hadd_16ns_16ns_16_3_no_dsp_1_U1/node_0_0_hadd_16ns_16ns_16_3_no_dsp_1_ip_u/U0/i_synth/ADDSUB_OP.ADDSUB/LOGIC_SPEED.OP/EXP/NUMB_CMP/NOT_FAST.CMP/C_CHAIN/STRUCT_ADD1.CARRY_MUX2_i_1                                                                | CLB.LUT.LUT6           |
    | grp_node_0_0_Pipeline_l_S_t_1_t_fu_256/hadd_16ns_16ns_16_3_no_dsp_1_U1/node_0_0_hadd_16ns_16ns_16_3_no_dsp_1_ip_u/U0/i_synth/ADDSUB_OP.ADDSUB/LOGIC_SPEED.OP/ALIGN_BLK/FRAC_ADDSUB/LOGIC_ADD.FRAC_ADDSUB/STRUCT_ADD1.CARRY_MUX1_CARRY4_CARRY8                                            | CLB.CARRY.CARRY8       |
    | grp_node_0_0_Pipeline_l_S_t_1_t_fu_256/hadd_16ns_16ns_16_3_no_dsp_1_U1/node_0_0_hadd_16ns_16ns_16_3_no_dsp_1_ip_u/U0/i_synth/ADDSUB_OP.ADDSUB/LOGIC_SPEED.OP/ALIGN_BLK/FRAC_ADDSUB/LOGIC_ADD.FRAC_ADDSUB/STRUCT_ADD2.ADD1/CHAIN_GEN[0].C_MUX.CARRY_MUX_CARRY4_CARRY8                     | CLB.CARRY.CARRY8       |
    | grp_node_0_0_Pipeline_l_S_t_1_t_fu_256/hadd_16ns_16ns_16_3_no_dsp_1_U1/node_0_0_hadd_16ns_16ns_16_3_no_dsp_1_ip_u/U0/i_synth/ADDSUB_OP.ADDSUB/LOGIC_SPEED.OP/ALIGN_BLK/FRAC_ADDSUB/LOGIC_ADD.FRAC_ADDSUB/STRUCT_ADD2.ADD1/CHAIN_GEN[0].C_MUX.CARRY_MUX_i_1__2                            | CLB.LUT.LUT4           |
    | grp_node_0_0_Pipeline_l_S_t_1_t_fu_256/hadd_16ns_16ns_16_3_no_dsp_1_U1/node_0_0_hadd_16ns_16ns_16_3_no_dsp_1_ip_u/U0/i_synth/ADDSUB_OP.ADDSUB/LOGIC_SPEED.OP/NORM/LZE/ZERO_DET_CC_1/CHAIN_GEN[0].C_MUX.CARRY_MUX_CARRY4_CARRY8                                                           | CLB.CARRY.CARRY8       |
    | grp_node_0_0_Pipeline_l_S_t_1_t_fu_256/hadd_16ns_16ns_16_3_no_dsp_1_U1/node_0_0_hadd_16ns_16ns_16_3_no_dsp_1_ip_u/U0/i_synth/ADDSUB_OP.ADDSUB/LOGIC_SPEED.OP/ALIGN_BLK/FRAC_ADDSUB/LOGIC_ADD.FRAC_ADDSUB/STRUCT_ADD2.ADD1/RESULT_REG.NORMAL.exp_op[2]_i_7                                | CLB.LUT.LUT5           |
    | grp_node_0_0_Pipeline_l_S_t_1_t_fu_256/hadd_16ns_16ns_16_3_no_dsp_1_U1/node_0_0_hadd_16ns_16ns_16_3_no_dsp_1_ip_u/U0/i_synth/ADDSUB_OP.ADDSUB/LOGIC_SPEED.OP/ALIGN_BLK/FRAC_ADDSUB/LOGIC_ADD.FRAC_ADDSUB/STRUCT_ADD1.ADD1/RESULT_REG.NORMAL.exp_op[1]_i_3                                | CLB.LUT.LUT5           |
    | grp_node_0_0_Pipeline_l_S_t_1_t_fu_256/hadd_16ns_16ns_16_3_no_dsp_1_U1/node_0_0_hadd_16ns_16ns_16_3_no_dsp_1_ip_u/U0/i_synth/ADDSUB_OP.ADDSUB/LOGIC_SPEED.OP/ALIGN_BLK/FRAC_ADDSUB/LOGIC_ADD.FRAC_ADDSUB/STRUCT_ADD1.ADD1/CHAIN_GEN[0].C_MUX.CARRY_MUX_i_6__0                            | CLB.LUT.LUT5           |
    | grp_node_0_0_Pipeline_l_S_t_1_t_fu_256/hadd_16ns_16ns_16_3_no_dsp_1_U1/node_0_0_hadd_16ns_16ns_16_3_no_dsp_1_ip_u/U0/i_synth/ADDSUB_OP.ADDSUB/LOGIC_SPEED.OP/ALIGN_BLK/FRAC_ADDSUB/LOGIC_ADD.FRAC_ADDSUB/STRUCT_ADD1.ADD1/CHAIN_GEN[0].C_MUX.CARRY_MUX_i_3__0                            | CLB.LUT.LUT6           |
    | grp_node_0_0_Pipeline_l_S_t_1_t_fu_256/hadd_16ns_16ns_16_3_no_dsp_1_U1/node_0_0_hadd_16ns_16ns_16_3_no_dsp_1_ip_u/U0/i_synth/ADDSUB_OP.ADDSUB/LOGIC_SPEED.OP/ALIGN_BLK/FRAC_ADDSUB/LOGIC_ADD.FRAC_ADDSUB/STRUCT_ADD1.ADD1/CHAIN_GEN[0].C_MUX.CARRY_MUX_i_1__10                           | CLB.LUT.LUT5           |
    | grp_node_0_0_Pipeline_l_S_t_1_t_fu_256/hadd_16ns_16ns_16_3_no_dsp_1_U1/node_0_0_hadd_16ns_16ns_16_3_no_dsp_1_ip_u/U0/i_synth/ADDSUB_OP.ADDSUB/LOGIC_SPEED.OP/NORM/ROUND/RND_BIT_GEN/NORM_2.RND_CHAIN/CHAIN_GEN[0].C_MUX.CARRY_MUX_CARRY4_CARRY8                                          | CLB.CARRY.CARRY8       |
    | grp_node_0_0_Pipeline_l_S_t_1_t_fu_256/hadd_16ns_16ns_16_3_no_dsp_1_U1/node_0_0_hadd_16ns_16ns_16_3_no_dsp_1_ip_u/U0/i_synth/ADDSUB_OP.ADDSUB/LOGIC_SPEED.OP/NORM/ROUND/LOGIC.RND1/CHAIN_GEN[2].C_MUX.CARRY_MUX_CARRY4_CARRY8                                                            | CLB.CARRY.CARRY8       |
    | grp_node_0_0_Pipeline_l_S_t_1_t_fu_256/hadd_16ns_16ns_16_3_no_dsp_1_U1/node_0_0_hadd_16ns_16ns_16_3_no_dsp_1_ip_u/U0/i_synth/ADDSUB_OP.ADDSUB/LOGIC_SPEED.OP/EXP/COND_DET_A/MANT_CARRY.MANT_ALL_ZERO_DET/CARRY_ZERO_DET/RESULT_REG.NORMAL.mant_op[9]_i_1                                 | CLB.LUT.LUT6           |
    | grp_node_0_0_Pipeline_l_S_t_1_t_fu_256/hadd_16ns_16ns_16_3_no_dsp_1_U1/node_0_0_hadd_16ns_16ns_16_3_no_dsp_1_ip_u/U0/i_synth/ADDSUB_OP.ADDSUB/LOGIC_SPEED.OP/OP/RESULT_REG.NORMAL.mant_op_reg[9]                                                                                         | REGISTER.SDR.FDRE      |
    | grp_node_0_0_Pipeline_l_S_t_1_t_fu_256/hadd_16ns_16ns_16_3_no_dsp_1_U1/din0_buf1_reg[8]                                                                                                                                                                                                  | REGISTER.SDR.FDRE      |
    | grp_node_0_0_Pipeline_l_S_t_1_t_fu_256/hsub_16ns_16ns_16_3_no_dsp_1_U2/node_0_0_hsub_16ns_16ns_16_3_no_dsp_1_ip_u/U0/i_synth/ADDSUB_OP.ADDSUB/LOGIC_SPEED.OP/EXP/NUMB_CMP/NOT_FAST.CMP/C_CHAIN/CHAIN_GEN[4].C_MUX.CARRY_MUX_i_1__3                                                       | CLB.LUT.LUT4           |
    | grp_node_0_0_Pipeline_l_S_t_1_t_fu_256/hsub_16ns_16ns_16_3_no_dsp_1_U2/node_0_0_hsub_16ns_16ns_16_3_no_dsp_1_ip_u/U0/i_synth/ADDSUB_OP.ADDSUB/LOGIC_SPEED.OP/EXP/NUMB_CMP/NOT_FAST.CMP/C_CHAIN/CHAIN_GEN[0].C_MUX.CARRY_MUX_CARRY4_CARRY8                                                | CLB.CARRY.CARRY8       |
    | grp_node_0_0_Pipeline_l_S_t_1_t_fu_256/hsub_16ns_16ns_16_3_no_dsp_1_U2/node_0_0_hsub_16ns_16ns_16_3_no_dsp_1_ip_u/U0/i_synth/ADDSUB_OP.ADDSUB/LOGIC_SPEED.OP/EXP/NUMB_CMP/NOT_FAST.CMP/C_CHAIN/CHAIN_GEN[1].C_MUX.CARRY_MUX_i_3__1                                                       | CLB.LUT.LUT6           |
    | grp_node_0_0_Pipeline_l_S_t_1_t_fu_256/hsub_16ns_16ns_16_3_no_dsp_1_U2/node_0_0_hsub_16ns_16ns_16_3_no_dsp_1_ip_u/U0/i_synth/ADDSUB_OP.ADDSUB/LOGIC_SPEED.OP/EXP/NUMB_CMP/NOT_FAST.CMP/C_CHAIN/CHAIN_GEN[1].C_MUX.CARRY_MUX_i_1__1                                                       | CLB.LUT.LUT4           |
    | grp_node_0_0_Pipeline_l_S_t_1_t_fu_256/hsub_16ns_16ns_16_3_no_dsp_1_U2/node_0_0_hsub_16ns_16ns_16_3_no_dsp_1_ip_u/U0/i_synth/ADDSUB_OP.ADDSUB/LOGIC_SPEED.OP/ALIGN_BLK/ALIGN_SHIFT/ALIGN_Z_D/EQ_ZERO/CARRY_ZERO_DET/CHAIN_GEN[0].C_MUX.CARRY_MUX_CARRY4_CARRY8                           | CLB.CARRY.CARRY8       |
    | grp_node_0_0_Pipeline_l_S_t_1_t_fu_256/hsub_16ns_16ns_16_3_no_dsp_1_U2/node_0_0_hsub_16ns_16ns_16_3_no_dsp_1_ip_u/U0/i_synth/ADDSUB_OP.ADDSUB/LOGIC_SPEED.OP/EXP/NUMB_CMP/NOT_FAST.CMP/C_CHAIN/STRUCT_ADD1.CARRY_MUX2_i_2                                                                | CLB.LUT.LUT5           |
    | grp_node_0_0_Pipeline_l_S_t_1_t_fu_256/hsub_16ns_16ns_16_3_no_dsp_1_U2/node_0_0_hsub_16ns_16ns_16_3_no_dsp_1_ip_u/U0/i_synth/ADDSUB_OP.ADDSUB/LOGIC_SPEED.OP/EXP/NUMB_CMP/NOT_FAST.CMP/C_CHAIN/STRUCT_ADD1.CARRY_MUX2_i_1                                                                | CLB.LUT.LUT6           |
    | grp_node_0_0_Pipeline_l_S_t_1_t_fu_256/hsub_16ns_16ns_16_3_no_dsp_1_U2/node_0_0_hsub_16ns_16ns_16_3_no_dsp_1_ip_u/U0/i_synth/ADDSUB_OP.ADDSUB/LOGIC_SPEED.OP/ALIGN_BLK/FRAC_ADDSUB/LOGIC_ADD.FRAC_ADDSUB/STRUCT_ADD1.CARRY_MUX1_CARRY4_CARRY8                                            | CLB.CARRY.CARRY8       |
    | grp_node_0_0_Pipeline_l_S_t_1_t_fu_256/hsub_16ns_16ns_16_3_no_dsp_1_U2/node_0_0_hsub_16ns_16ns_16_3_no_dsp_1_ip_u/U0/i_synth/ADDSUB_OP.ADDSUB/LOGIC_SPEED.OP/ALIGN_BLK/FRAC_ADDSUB/LOGIC_ADD.FRAC_ADDSUB/STRUCT_ADD2.ADD1/CHAIN_GEN[0].C_MUX.CARRY_MUX_CARRY4_CARRY8                     | CLB.CARRY.CARRY8       |
    | grp_node_0_0_Pipeline_l_S_t_1_t_fu_256/hsub_16ns_16ns_16_3_no_dsp_1_U2/node_0_0_hsub_16ns_16ns_16_3_no_dsp_1_ip_u/U0/i_synth/ADDSUB_OP.ADDSUB/LOGIC_SPEED.OP/ALIGN_BLK/FRAC_ADDSUB/LOGIC_ADD.FRAC_ADDSUB/STRUCT_ADD2.ADD1/CHAIN_GEN[1].C_MUX.CARRY_MUX_i_1__4                            | CLB.LUT.LUT4           |
    | grp_node_0_0_Pipeline_l_S_t_1_t_fu_256/hsub_16ns_16ns_16_3_no_dsp_1_U2/node_0_0_hsub_16ns_16ns_16_3_no_dsp_1_ip_u/U0/i_synth/ADDSUB_OP.ADDSUB/LOGIC_SPEED.OP/NORM/LZE/ZERO_DET_CC_1/CHAIN_GEN[0].C_MUX.CARRY_MUX_CARRY4_CARRY8                                                           | CLB.CARRY.CARRY8       |
    | grp_node_0_0_Pipeline_l_S_t_1_t_fu_256/hsub_16ns_16ns_16_3_no_dsp_1_U2/node_0_0_hsub_16ns_16ns_16_3_no_dsp_1_ip_u/U0/i_synth/ADDSUB_OP.ADDSUB/LOGIC_SPEED.OP/ALIGN_BLK/FRAC_ADDSUB/LOGIC_ADD.FRAC_ADDSUB/STRUCT_ADD2.ADD1/CHAIN_GEN[1].C_MUX.CARRY_MUX_i_5__1                            | CLB.LUT.LUT6           |
    | grp_node_0_0_Pipeline_l_S_t_1_t_fu_256/hsub_16ns_16ns_16_3_no_dsp_1_U2/node_0_0_hsub_16ns_16ns_16_3_no_dsp_1_ip_u/U0/i_synth/ADDSUB_OP.ADDSUB/LOGIC_SPEED.OP/ALIGN_BLK/FRAC_ADDSUB/LOGIC_ADD.FRAC_ADDSUB/STRUCT_ADD2.ADD1/CHAIN_GEN[1].C_MUX.CARRY_MUX_i_2__3                            | CLB.LUT.LUT6           |
    | grp_node_0_0_Pipeline_l_S_t_1_t_fu_256/hsub_16ns_16ns_16_3_no_dsp_1_U2/node_0_0_hsub_16ns_16ns_16_3_no_dsp_1_ip_u/U0/i_synth/ADDSUB_OP.ADDSUB/LOGIC_SPEED.OP/ALIGN_BLK/FRAC_ADDSUB/LOGIC_ADD.FRAC_ADDSUB/STRUCT_ADD2.ADD1/CHAIN_GEN[0].C_MUX.CARRY_MUX_i_6__0                            | CLB.LUT.LUT5           |
    | grp_node_0_0_Pipeline_l_S_t_1_t_fu_256/hsub_16ns_16ns_16_3_no_dsp_1_U2/node_0_0_hsub_16ns_16ns_16_3_no_dsp_1_ip_u/U0/i_synth/ADDSUB_OP.ADDSUB/LOGIC_SPEED.OP/ALIGN_BLK/FRAC_ADDSUB/LOGIC_ADD.FRAC_ADDSUB/STRUCT_ADD1.ADD1/CHAIN_GEN[0].C_MUX.CARRY_MUX_i_5__0                            | CLB.LUT.LUT6           |
    | grp_node_0_0_Pipeline_l_S_t_1_t_fu_256/hsub_16ns_16ns_16_3_no_dsp_1_U2/node_0_0_hsub_16ns_16ns_16_3_no_dsp_1_ip_u/U0/i_synth/ADDSUB_OP.ADDSUB/LOGIC_SPEED.OP/ALIGN_BLK/FRAC_ADDSUB/LOGIC_ADD.FRAC_ADDSUB/STRUCT_ADD1.ADD1/CHAIN_GEN[0].C_MUX.CARRY_MUX_i_1__9                            | CLB.LUT.LUT6           |
    | grp_node_0_0_Pipeline_l_S_t_1_t_fu_256/hsub_16ns_16ns_16_3_no_dsp_1_U2/node_0_0_hsub_16ns_16ns_16_3_no_dsp_1_ip_u/U0/i_synth/ADDSUB_OP.ADDSUB/LOGIC_SPEED.OP/NORM/ROUND/RND_BIT_GEN/NORM_2.RND_CHAIN/CHAIN_GEN[0].C_MUX.CARRY_MUX_CARRY4_CARRY8                                          | CLB.CARRY.CARRY8       |
    | grp_node_0_0_Pipeline_l_S_t_1_t_fu_256/hsub_16ns_16ns_16_3_no_dsp_1_U2/node_0_0_hsub_16ns_16ns_16_3_no_dsp_1_ip_u/U0/i_synth/ADDSUB_OP.ADDSUB/LOGIC_SPEED.OP/NORM/ROUND/LOGIC.RND1/CHAIN_GEN[2].C_MUX.CARRY_MUX_CARRY4_CARRY8                                                            | CLB.CARRY.CARRY8       |
    | grp_node_0_0_Pipeline_l_S_t_1_t_fu_256/hsub_16ns_16ns_16_3_no_dsp_1_U2/node_0_0_hsub_16ns_16ns_16_3_no_dsp_1_ip_u/U0/i_synth/ADDSUB_OP.ADDSUB/LOGIC_SPEED.OP/NORM/ROUND/LOGIC.RND2/CHAIN_GEN[5].Q_XOR.SUM_XOR_CARRY4_CARRY8                                                              | CLB.CARRY.CARRY8       |
    | grp_node_0_0_Pipeline_l_S_t_1_t_fu_256/hsub_16ns_16ns_16_3_no_dsp_1_U2/node_0_0_hsub_16ns_16ns_16_3_no_dsp_1_ip_u/U0/i_synth/ADDSUB_OP.ADDSUB/LOGIC_SPEED.OP/EXP/EXP_OFF.STRUCT_ADD/RESULT_REG.NORMAL.exp_op[1]_i_2                                                                      | CLB.LUT.LUT5           |
    | grp_node_0_0_Pipeline_l_S_t_1_t_fu_256/hsub_16ns_16ns_16_3_no_dsp_1_U2/node_0_0_hsub_16ns_16ns_16_3_no_dsp_1_ip_u/U0/i_synth/ADDSUB_OP.ADDSUB/LOGIC_SPEED.OP/EXP/EXP_OFF.STRUCT_ADD/RESULT_REG.NORMAL.exp_op[1]_i_1                                                                      | CLB.LUT.LUT6           |
    | grp_node_0_0_Pipeline_l_S_t_1_t_fu_256/hsub_16ns_16ns_16_3_no_dsp_1_U2/node_0_0_hsub_16ns_16ns_16_3_no_dsp_1_ip_u/U0/i_synth/ADDSUB_OP.ADDSUB/LOGIC_SPEED.OP/OP/RESULT_REG.NORMAL.exp_op_reg[1]                                                                                          | REGISTER.SDR.FDRE      |
    +------------------------------------------------------------------------------------------------------------------------------------------------------------------------------------------------------------------------------------------------------------------------------------------+------------------------+

    +------------------------------------------------------------------------------------------------------------------------------------------------------------------------------------------------------------------------------------------------------------------------------------------+------------------------+
    | Path9 Cells                                                                                                                                                                                                                                                                              | Primitive Type         |
    +------------------------------------------------------------------------------------------------------------------------------------------------------------------------------------------------------------------------------------------------------------------------------------------+------------------------+
    | grp_node_0_0_Pipeline_l_S_t_1_t_fu_256/hadd_16ns_16ns_16_3_no_dsp_1_U1/din0_buf1_reg[7]_replica                                                                                                                                                                                          | REGISTER.SDR.FDRE      |
    | grp_node_0_0_Pipeline_l_S_t_1_t_fu_256/hmul_16ns_16ns_16_3_max_dsp_1_U3/node_0_0_hmul_16ns_16ns_16_3_max_dsp_1_ip_u/U0/i_synth/MULT.OP/i_non_prim.MULT/MULT_GEN_VARIANT.FIX_MULT/MULT/gDSP.gDSP_only.iDSP/use_prim.appDSP[0].bppDSP[0].use_dsp.use_dsp48e2.iDSP48E2/DSP_A_B_DATA_INST    | ARITHMETIC.DSP.DSP48E2 |
    | grp_node_0_0_Pipeline_l_S_t_1_t_fu_256/hmul_16ns_16ns_16_3_max_dsp_1_U3/node_0_0_hmul_16ns_16ns_16_3_max_dsp_1_ip_u/U0/i_synth/MULT.OP/i_non_prim.MULT/MULT_GEN_VARIANT.FIX_MULT/MULT/gDSP.gDSP_only.iDSP/use_prim.appDSP[0].bppDSP[0].use_dsp.use_dsp48e2.iDSP48E2/DSP_PREADD_DATA_INST | ARITHMETIC.DSP.DSP48E2 |
    | grp_node_0_0_Pipeline_l_S_t_1_t_fu_256/hmul_16ns_16ns_16_3_max_dsp_1_U3/node_0_0_hmul_16ns_16ns_16_3_max_dsp_1_ip_u/U0/i_synth/MULT.OP/i_non_prim.MULT/MULT_GEN_VARIANT.FIX_MULT/MULT/gDSP.gDSP_only.iDSP/use_prim.appDSP[0].bppDSP[0].use_dsp.use_dsp48e2.iDSP48E2/DSP_MULTIPLIER_INST  | ARITHMETIC.DSP.DSP48E2 |
    | grp_node_0_0_Pipeline_l_S_t_1_t_fu_256/hmul_16ns_16ns_16_3_max_dsp_1_U3/node_0_0_hmul_16ns_16ns_16_3_max_dsp_1_ip_u/U0/i_synth/MULT.OP/i_non_prim.MULT/MULT_GEN_VARIANT.FIX_MULT/MULT/gDSP.gDSP_only.iDSP/use_prim.appDSP[0].bppDSP[0].use_dsp.use_dsp48e2.iDSP48E2/DSP_M_DATA_INST      | ARITHMETIC.DSP.DSP48E2 |
    | grp_node_0_0_Pipeline_l_S_t_1_t_fu_256/hmul_16ns_16ns_16_3_max_dsp_1_U3/node_0_0_hmul_16ns_16ns_16_3_max_dsp_1_ip_u/U0/i_synth/MULT.OP/i_non_prim.MULT/MULT_GEN_VARIANT.FIX_MULT/MULT/gDSP.gDSP_only.iDSP/use_prim.appDSP[0].bppDSP[0].use_dsp.use_dsp48e2.iDSP48E2/DSP_ALU_INST         | ARITHMETIC.DSP.DSP48E2 |
    | grp_node_0_0_Pipeline_l_S_t_1_t_fu_256/hmul_16ns_16ns_16_3_max_dsp_1_U3/node_0_0_hmul_16ns_16ns_16_3_max_dsp_1_ip_u/U0/i_synth/MULT.OP/i_non_prim.MULT/MULT_GEN_VARIANT.FIX_MULT/MULT/gDSP.gDSP_only.iDSP/use_prim.appDSP[0].bppDSP[0].use_dsp.use_dsp48e2.iDSP48E2/DSP_OUTPUT_INST      | ARITHMETIC.DSP.DSP48E2 |
    | grp_node_0_0_Pipeline_l_S_t_1_t_fu_256/hmul_16ns_16ns_16_3_max_dsp_1_U3/node_0_0_hmul_16ns_16ns_16_3_max_dsp_1_ip_u/U0/i_synth/MULT.OP/i_non_prim.MULT/MULT_GEN_VARIANT.FIX_MULT/CHAIN_GEN[0].C_MUX.CARRY_MUX_i_1__0                                                                     | CLB.LUT.LUT3           |
    | grp_node_0_0_Pipeline_l_S_t_1_t_fu_256/hmul_16ns_16ns_16_3_max_dsp_1_U3/node_0_0_hmul_16ns_16ns_16_3_max_dsp_1_ip_u/U0/i_synth/MULT.OP/i_non_prim.R_AND_R/LOGIC.R_AND_R/RND_BIT_GEN/NORM_1_OR_0.STRUCT_REQ.GENERAL.RND1/CHAIN_GEN[0].C_MUX.CARRY_MUX_CARRY4_CARRY8                       | CLB.CARRY.CARRY8       |
    | grp_node_0_0_Pipeline_l_S_t_1_t_fu_256/hmul_16ns_16ns_16_3_max_dsp_1_U3/node_0_0_hmul_16ns_16ns_16_3_max_dsp_1_ip_u/U0/i_synth/MULT.OP/i_non_prim.R_AND_R/LOGIC.R_AND_R/DSP48_E1.DSP48E1_ADD.DSP48E1_ADD/i_no_versal_es1_workaround.DSP/DSP_A_B_DATA_INST                                | ARITHMETIC.DSP.DSP48E2 |
    | grp_node_0_0_Pipeline_l_S_t_1_t_fu_256/hmul_16ns_16ns_16_3_max_dsp_1_U3/node_0_0_hmul_16ns_16ns_16_3_max_dsp_1_ip_u/U0/i_synth/MULT.OP/i_non_prim.R_AND_R/LOGIC.R_AND_R/DSP48_E1.DSP48E1_ADD.DSP48E1_ADD/i_no_versal_es1_workaround.DSP/DSP_ALU_INST                                     | ARITHMETIC.DSP.DSP48E2 |
    | grp_node_0_0_Pipeline_l_S_t_1_t_fu_256/hmul_16ns_16ns_16_3_max_dsp_1_U3/node_0_0_hmul_16ns_16ns_16_3_max_dsp_1_ip_u/U0/i_synth/MULT.OP/i_non_prim.R_AND_R/LOGIC.R_AND_R/DSP48_E1.DSP48E1_ADD.DSP48E1_ADD/i_no_versal_es1_workaround.DSP/DSP_OUTPUT_INST                                  | ARITHMETIC.DSP.DSP48E2 |
    | grp_node_0_0_Pipeline_l_S_t_1_t_fu_256/hmul_16ns_16ns_16_3_max_dsp_1_U3/node_0_0_hmul_16ns_16ns_16_3_max_dsp_1_ip_u/U0/i_synth/MULT.OP/i_non_prim.R_AND_R/LOGIC.R_AND_R/EXP_ADD.ADD/CHAIN_GEN[0].C_MUX.CARRY_MUX_CARRY4_CARRY8                                                           | CLB.CARRY.CARRY8       |
    | grp_node_0_0_Pipeline_l_S_t_1_t_fu_256/hmul_16ns_16ns_16_3_max_dsp_1_U3/node_0_0_hmul_16ns_16ns_16_3_max_dsp_1_ip_u/U0/i_synth/MULT.OP/i_non_prim.R_AND_R/LOGIC.R_AND_R/EXP_ADD.ADD/RESULT_REG.NORMAL.exp_op[3]_i_1                                                                      | CLB.LUT.LUT2           |
    | grp_node_0_0_Pipeline_l_S_t_1_t_fu_256/hmul_16ns_16ns_16_3_max_dsp_1_U3/node_0_0_hmul_16ns_16ns_16_3_max_dsp_1_ip_u/U0/i_synth/MULT.OP/i_non_prim.OP/RESULT_REG.NORMAL.exp_op_reg[3]                                                                                                     | REGISTER.SDR.FDRE      |
    | grp_node_0_0_Pipeline_l_S_t_1_t_fu_256/hadd_16ns_16ns_16_3_no_dsp_1_U1/din0_buf1_reg[7]_replica                                                                                                                                                                                          | REGISTER.SDR.FDRE      |
    | grp_node_0_0_Pipeline_l_S_t_1_t_fu_256/hmul_16ns_16ns_16_3_max_dsp_1_U3/node_0_0_hmul_16ns_16ns_16_3_max_dsp_1_ip_u/U0/i_synth/MULT.OP/i_non_prim.MULT/MULT_GEN_VARIANT.FIX_MULT/MULT/gDSP.gDSP_only.iDSP/use_prim.appDSP[0].bppDSP[0].use_dsp.use_dsp48e2.iDSP48E2/DSP_A_B_DATA_INST    | ARITHMETIC.DSP.DSP48E2 |
    | grp_node_0_0_Pipeline_l_S_t_1_t_fu_256/hmul_16ns_16ns_16_3_max_dsp_1_U3/node_0_0_hmul_16ns_16ns_16_3_max_dsp_1_ip_u/U0/i_synth/MULT.OP/i_non_prim.MULT/MULT_GEN_VARIANT.FIX_MULT/MULT/gDSP.gDSP_only.iDSP/use_prim.appDSP[0].bppDSP[0].use_dsp.use_dsp48e2.iDSP48E2/DSP_PREADD_DATA_INST | ARITHMETIC.DSP.DSP48E2 |
    | grp_node_0_0_Pipeline_l_S_t_1_t_fu_256/hmul_16ns_16ns_16_3_max_dsp_1_U3/node_0_0_hmul_16ns_16ns_16_3_max_dsp_1_ip_u/U0/i_synth/MULT.OP/i_non_prim.MULT/MULT_GEN_VARIANT.FIX_MULT/MULT/gDSP.gDSP_only.iDSP/use_prim.appDSP[0].bppDSP[0].use_dsp.use_dsp48e2.iDSP48E2/DSP_MULTIPLIER_INST  | ARITHMETIC.DSP.DSP48E2 |
    | grp_node_0_0_Pipeline_l_S_t_1_t_fu_256/hmul_16ns_16ns_16_3_max_dsp_1_U3/node_0_0_hmul_16ns_16ns_16_3_max_dsp_1_ip_u/U0/i_synth/MULT.OP/i_non_prim.MULT/MULT_GEN_VARIANT.FIX_MULT/MULT/gDSP.gDSP_only.iDSP/use_prim.appDSP[0].bppDSP[0].use_dsp.use_dsp48e2.iDSP48E2/DSP_M_DATA_INST      | ARITHMETIC.DSP.DSP48E2 |
    | grp_node_0_0_Pipeline_l_S_t_1_t_fu_256/hmul_16ns_16ns_16_3_max_dsp_1_U3/node_0_0_hmul_16ns_16ns_16_3_max_dsp_1_ip_u/U0/i_synth/MULT.OP/i_non_prim.MULT/MULT_GEN_VARIANT.FIX_MULT/MULT/gDSP.gDSP_only.iDSP/use_prim.appDSP[0].bppDSP[0].use_dsp.use_dsp48e2.iDSP48E2/DSP_ALU_INST         | ARITHMETIC.DSP.DSP48E2 |
    | grp_node_0_0_Pipeline_l_S_t_1_t_fu_256/hmul_16ns_16ns_16_3_max_dsp_1_U3/node_0_0_hmul_16ns_16ns_16_3_max_dsp_1_ip_u/U0/i_synth/MULT.OP/i_non_prim.MULT/MULT_GEN_VARIANT.FIX_MULT/MULT/gDSP.gDSP_only.iDSP/use_prim.appDSP[0].bppDSP[0].use_dsp.use_dsp48e2.iDSP48E2/DSP_OUTPUT_INST      | ARITHMETIC.DSP.DSP48E2 |
    | grp_node_0_0_Pipeline_l_S_t_1_t_fu_256/hmul_16ns_16ns_16_3_max_dsp_1_U3/node_0_0_hmul_16ns_16ns_16_3_max_dsp_1_ip_u/U0/i_synth/MULT.OP/i_non_prim.MULT/MULT_GEN_VARIANT.FIX_MULT/CHAIN_GEN[0].C_MUX.CARRY_MUX_i_1__0                                                                     | CLB.LUT.LUT3           |
    | grp_node_0_0_Pipeline_l_S_t_1_t_fu_256/hmul_16ns_16ns_16_3_max_dsp_1_U3/node_0_0_hmul_16ns_16ns_16_3_max_dsp_1_ip_u/U0/i_synth/MULT.OP/i_non_prim.R_AND_R/LOGIC.R_AND_R/RND_BIT_GEN/NORM_1_OR_0.STRUCT_REQ.GENERAL.RND1/CHAIN_GEN[0].C_MUX.CARRY_MUX_CARRY4_CARRY8                       | CLB.CARRY.CARRY8       |
    | grp_node_0_0_Pipeline_l_S_t_1_t_fu_256/hmul_16ns_16ns_16_3_max_dsp_1_U3/node_0_0_hmul_16ns_16ns_16_3_max_dsp_1_ip_u/U0/i_synth/MULT.OP/i_non_prim.R_AND_R/LOGIC.R_AND_R/DSP48_E1.DSP48E1_ADD.DSP48E1_ADD/i_no_versal_es1_workaround.DSP/DSP_A_B_DATA_INST                                | ARITHMETIC.DSP.DSP48E2 |
    | grp_node_0_0_Pipeline_l_S_t_1_t_fu_256/hmul_16ns_16ns_16_3_max_dsp_1_U3/node_0_0_hmul_16ns_16ns_16_3_max_dsp_1_ip_u/U0/i_synth/MULT.OP/i_non_prim.R_AND_R/LOGIC.R_AND_R/DSP48_E1.DSP48E1_ADD.DSP48E1_ADD/i_no_versal_es1_workaround.DSP/DSP_ALU_INST                                     | ARITHMETIC.DSP.DSP48E2 |
    | grp_node_0_0_Pipeline_l_S_t_1_t_fu_256/hmul_16ns_16ns_16_3_max_dsp_1_U3/node_0_0_hmul_16ns_16ns_16_3_max_dsp_1_ip_u/U0/i_synth/MULT.OP/i_non_prim.R_AND_R/LOGIC.R_AND_R/DSP48_E1.DSP48E1_ADD.DSP48E1_ADD/i_no_versal_es1_workaround.DSP/DSP_OUTPUT_INST                                  | ARITHMETIC.DSP.DSP48E2 |
    | grp_node_0_0_Pipeline_l_S_t_1_t_fu_256/hmul_16ns_16ns_16_3_max_dsp_1_U3/node_0_0_hmul_16ns_16ns_16_3_max_dsp_1_ip_u/U0/i_synth/MULT.OP/i_non_prim.R_AND_R/LOGIC.R_AND_R/EXP_ADD.ADD/CHAIN_GEN[0].C_MUX.CARRY_MUX_CARRY4_CARRY8                                                           | CLB.CARRY.CARRY8       |
    | grp_node_0_0_Pipeline_l_S_t_1_t_fu_256/hmul_16ns_16ns_16_3_max_dsp_1_U3/node_0_0_hmul_16ns_16ns_16_3_max_dsp_1_ip_u/U0/i_synth/MULT.OP/i_non_prim.R_AND_R/LOGIC.R_AND_R/EXP_ADD.ADD/RESULT_REG.NORMAL.exp_op[4]_i_2                                                                      | CLB.LUT.LUT2           |
    | grp_node_0_0_Pipeline_l_S_t_1_t_fu_256/hmul_16ns_16ns_16_3_max_dsp_1_U3/node_0_0_hmul_16ns_16ns_16_3_max_dsp_1_ip_u/U0/i_synth/MULT.OP/i_non_prim.OP/RESULT_REG.NORMAL.exp_op_reg[4]                                                                                                     | REGISTER.SDR.FDRE      |
    | grp_node_0_0_Pipeline_l_S_t_1_t_fu_256/hadd_16ns_16ns_16_3_no_dsp_1_U1/din0_buf1_reg[7]_replica                                                                                                                                                                                          | REGISTER.SDR.FDRE      |
    | grp_node_0_0_Pipeline_l_S_t_1_t_fu_256/hmul_16ns_16ns_16_3_max_dsp_1_U3/node_0_0_hmul_16ns_16ns_16_3_max_dsp_1_ip_u/U0/i_synth/MULT.OP/i_non_prim.MULT/MULT_GEN_VARIANT.FIX_MULT/MULT/gDSP.gDSP_only.iDSP/use_prim.appDSP[0].bppDSP[0].use_dsp.use_dsp48e2.iDSP48E2/DSP_A_B_DATA_INST    | ARITHMETIC.DSP.DSP48E2 |
    | grp_node_0_0_Pipeline_l_S_t_1_t_fu_256/hmul_16ns_16ns_16_3_max_dsp_1_U3/node_0_0_hmul_16ns_16ns_16_3_max_dsp_1_ip_u/U0/i_synth/MULT.OP/i_non_prim.MULT/MULT_GEN_VARIANT.FIX_MULT/MULT/gDSP.gDSP_only.iDSP/use_prim.appDSP[0].bppDSP[0].use_dsp.use_dsp48e2.iDSP48E2/DSP_PREADD_DATA_INST | ARITHMETIC.DSP.DSP48E2 |
    | grp_node_0_0_Pipeline_l_S_t_1_t_fu_256/hmul_16ns_16ns_16_3_max_dsp_1_U3/node_0_0_hmul_16ns_16ns_16_3_max_dsp_1_ip_u/U0/i_synth/MULT.OP/i_non_prim.MULT/MULT_GEN_VARIANT.FIX_MULT/MULT/gDSP.gDSP_only.iDSP/use_prim.appDSP[0].bppDSP[0].use_dsp.use_dsp48e2.iDSP48E2/DSP_MULTIPLIER_INST  | ARITHMETIC.DSP.DSP48E2 |
    | grp_node_0_0_Pipeline_l_S_t_1_t_fu_256/hmul_16ns_16ns_16_3_max_dsp_1_U3/node_0_0_hmul_16ns_16ns_16_3_max_dsp_1_ip_u/U0/i_synth/MULT.OP/i_non_prim.MULT/MULT_GEN_VARIANT.FIX_MULT/MULT/gDSP.gDSP_only.iDSP/use_prim.appDSP[0].bppDSP[0].use_dsp.use_dsp48e2.iDSP48E2/DSP_M_DATA_INST      | ARITHMETIC.DSP.DSP48E2 |
    | grp_node_0_0_Pipeline_l_S_t_1_t_fu_256/hmul_16ns_16ns_16_3_max_dsp_1_U3/node_0_0_hmul_16ns_16ns_16_3_max_dsp_1_ip_u/U0/i_synth/MULT.OP/i_non_prim.MULT/MULT_GEN_VARIANT.FIX_MULT/MULT/gDSP.gDSP_only.iDSP/use_prim.appDSP[0].bppDSP[0].use_dsp.use_dsp48e2.iDSP48E2/DSP_ALU_INST         | ARITHMETIC.DSP.DSP48E2 |
    | grp_node_0_0_Pipeline_l_S_t_1_t_fu_256/hmul_16ns_16ns_16_3_max_dsp_1_U3/node_0_0_hmul_16ns_16ns_16_3_max_dsp_1_ip_u/U0/i_synth/MULT.OP/i_non_prim.MULT/MULT_GEN_VARIANT.FIX_MULT/MULT/gDSP.gDSP_only.iDSP/use_prim.appDSP[0].bppDSP[0].use_dsp.use_dsp48e2.iDSP48E2/DSP_OUTPUT_INST      | ARITHMETIC.DSP.DSP48E2 |
    | grp_node_0_0_Pipeline_l_S_t_1_t_fu_256/hmul_16ns_16ns_16_3_max_dsp_1_U3/node_0_0_hmul_16ns_16ns_16_3_max_dsp_1_ip_u/U0/i_synth/MULT.OP/i_non_prim.MULT/MULT_GEN_VARIANT.FIX_MULT/CHAIN_GEN[0].C_MUX.CARRY_MUX_i_1__0                                                                     | CLB.LUT.LUT3           |
    | grp_node_0_0_Pipeline_l_S_t_1_t_fu_256/hmul_16ns_16ns_16_3_max_dsp_1_U3/node_0_0_hmul_16ns_16ns_16_3_max_dsp_1_ip_u/U0/i_synth/MULT.OP/i_non_prim.R_AND_R/LOGIC.R_AND_R/RND_BIT_GEN/NORM_1_OR_0.STRUCT_REQ.GENERAL.RND1/CHAIN_GEN[0].C_MUX.CARRY_MUX_CARRY4_CARRY8                       | CLB.CARRY.CARRY8       |
    | grp_node_0_0_Pipeline_l_S_t_1_t_fu_256/hmul_16ns_16ns_16_3_max_dsp_1_U3/node_0_0_hmul_16ns_16ns_16_3_max_dsp_1_ip_u/U0/i_synth/MULT.OP/i_non_prim.R_AND_R/LOGIC.R_AND_R/DSP48_E1.DSP48E1_ADD.DSP48E1_ADD/i_no_versal_es1_workaround.DSP/DSP_A_B_DATA_INST                                | ARITHMETIC.DSP.DSP48E2 |
    | grp_node_0_0_Pipeline_l_S_t_1_t_fu_256/hmul_16ns_16ns_16_3_max_dsp_1_U3/node_0_0_hmul_16ns_16ns_16_3_max_dsp_1_ip_u/U0/i_synth/MULT.OP/i_non_prim.R_AND_R/LOGIC.R_AND_R/DSP48_E1.DSP48E1_ADD.DSP48E1_ADD/i_no_versal_es1_workaround.DSP/DSP_ALU_INST                                     | ARITHMETIC.DSP.DSP48E2 |
    | grp_node_0_0_Pipeline_l_S_t_1_t_fu_256/hmul_16ns_16ns_16_3_max_dsp_1_U3/node_0_0_hmul_16ns_16ns_16_3_max_dsp_1_ip_u/U0/i_synth/MULT.OP/i_non_prim.R_AND_R/LOGIC.R_AND_R/DSP48_E1.DSP48E1_ADD.DSP48E1_ADD/i_no_versal_es1_workaround.DSP/DSP_OUTPUT_INST                                  | ARITHMETIC.DSP.DSP48E2 |
    | grp_node_0_0_Pipeline_l_S_t_1_t_fu_256/hmul_16ns_16ns_16_3_max_dsp_1_U3/node_0_0_hmul_16ns_16ns_16_3_max_dsp_1_ip_u/U0/i_synth/MULT.OP/i_non_prim.R_AND_R/LOGIC.R_AND_R/EXP_ADD.ADD/CHAIN_GEN[0].C_MUX.CARRY_MUX_CARRY4_CARRY8                                                           | CLB.CARRY.CARRY8       |
    | grp_node_0_0_Pipeline_l_S_t_1_t_fu_256/hmul_16ns_16ns_16_3_max_dsp_1_U3/node_0_0_hmul_16ns_16ns_16_3_max_dsp_1_ip_u/U0/i_synth/MULT.OP/i_non_prim.R_AND_R/LOGIC.R_AND_R/EXP_ADD.ADD/RESULT_REG.NORMAL.exp_op[1]_i_1                                                                      | CLB.LUT.LUT2           |
    | grp_node_0_0_Pipeline_l_S_t_1_t_fu_256/hmul_16ns_16ns_16_3_max_dsp_1_U3/node_0_0_hmul_16ns_16ns_16_3_max_dsp_1_ip_u/U0/i_synth/MULT.OP/i_non_prim.OP/RESULT_REG.NORMAL.exp_op_reg[1]                                                                                                     | REGISTER.SDR.FDRE      |
    | grp_node_0_0_Pipeline_l_S_t_1_t_fu_256/hadd_16ns_16ns_16_3_no_dsp_1_U1/din0_buf1_reg[7]_replica                                                                                                                                                                                          | REGISTER.SDR.FDRE      |
    | grp_node_0_0_Pipeline_l_S_t_1_t_fu_256/hmul_16ns_16ns_16_3_max_dsp_1_U3/node_0_0_hmul_16ns_16ns_16_3_max_dsp_1_ip_u/U0/i_synth/MULT.OP/i_non_prim.MULT/MULT_GEN_VARIANT.FIX_MULT/MULT/gDSP.gDSP_only.iDSP/use_prim.appDSP[0].bppDSP[0].use_dsp.use_dsp48e2.iDSP48E2/DSP_A_B_DATA_INST    | ARITHMETIC.DSP.DSP48E2 |
    | grp_node_0_0_Pipeline_l_S_t_1_t_fu_256/hmul_16ns_16ns_16_3_max_dsp_1_U3/node_0_0_hmul_16ns_16ns_16_3_max_dsp_1_ip_u/U0/i_synth/MULT.OP/i_non_prim.MULT/MULT_GEN_VARIANT.FIX_MULT/MULT/gDSP.gDSP_only.iDSP/use_prim.appDSP[0].bppDSP[0].use_dsp.use_dsp48e2.iDSP48E2/DSP_PREADD_DATA_INST | ARITHMETIC.DSP.DSP48E2 |
    | grp_node_0_0_Pipeline_l_S_t_1_t_fu_256/hmul_16ns_16ns_16_3_max_dsp_1_U3/node_0_0_hmul_16ns_16ns_16_3_max_dsp_1_ip_u/U0/i_synth/MULT.OP/i_non_prim.MULT/MULT_GEN_VARIANT.FIX_MULT/MULT/gDSP.gDSP_only.iDSP/use_prim.appDSP[0].bppDSP[0].use_dsp.use_dsp48e2.iDSP48E2/DSP_MULTIPLIER_INST  | ARITHMETIC.DSP.DSP48E2 |
    | grp_node_0_0_Pipeline_l_S_t_1_t_fu_256/hmul_16ns_16ns_16_3_max_dsp_1_U3/node_0_0_hmul_16ns_16ns_16_3_max_dsp_1_ip_u/U0/i_synth/MULT.OP/i_non_prim.MULT/MULT_GEN_VARIANT.FIX_MULT/MULT/gDSP.gDSP_only.iDSP/use_prim.appDSP[0].bppDSP[0].use_dsp.use_dsp48e2.iDSP48E2/DSP_M_DATA_INST      | ARITHMETIC.DSP.DSP48E2 |
    | grp_node_0_0_Pipeline_l_S_t_1_t_fu_256/hmul_16ns_16ns_16_3_max_dsp_1_U3/node_0_0_hmul_16ns_16ns_16_3_max_dsp_1_ip_u/U0/i_synth/MULT.OP/i_non_prim.MULT/MULT_GEN_VARIANT.FIX_MULT/MULT/gDSP.gDSP_only.iDSP/use_prim.appDSP[0].bppDSP[0].use_dsp.use_dsp48e2.iDSP48E2/DSP_ALU_INST         | ARITHMETIC.DSP.DSP48E2 |
    | grp_node_0_0_Pipeline_l_S_t_1_t_fu_256/hmul_16ns_16ns_16_3_max_dsp_1_U3/node_0_0_hmul_16ns_16ns_16_3_max_dsp_1_ip_u/U0/i_synth/MULT.OP/i_non_prim.MULT/MULT_GEN_VARIANT.FIX_MULT/MULT/gDSP.gDSP_only.iDSP/use_prim.appDSP[0].bppDSP[0].use_dsp.use_dsp48e2.iDSP48E2/DSP_OUTPUT_INST      | ARITHMETIC.DSP.DSP48E2 |
    | grp_node_0_0_Pipeline_l_S_t_1_t_fu_256/hmul_16ns_16ns_16_3_max_dsp_1_U3/node_0_0_hmul_16ns_16ns_16_3_max_dsp_1_ip_u/U0/i_synth/MULT.OP/i_non_prim.MULT/MULT_GEN_VARIANT.FIX_MULT/CHAIN_GEN[0].C_MUX.CARRY_MUX_i_1__0                                                                     | CLB.LUT.LUT3           |
    | grp_node_0_0_Pipeline_l_S_t_1_t_fu_256/hmul_16ns_16ns_16_3_max_dsp_1_U3/node_0_0_hmul_16ns_16ns_16_3_max_dsp_1_ip_u/U0/i_synth/MULT.OP/i_non_prim.R_AND_R/LOGIC.R_AND_R/RND_BIT_GEN/NORM_1_OR_0.STRUCT_REQ.GENERAL.RND1/CHAIN_GEN[0].C_MUX.CARRY_MUX_CARRY4_CARRY8                       | CLB.CARRY.CARRY8       |
    | grp_node_0_0_Pipeline_l_S_t_1_t_fu_256/hmul_16ns_16ns_16_3_max_dsp_1_U3/node_0_0_hmul_16ns_16ns_16_3_max_dsp_1_ip_u/U0/i_synth/MULT.OP/i_non_prim.R_AND_R/LOGIC.R_AND_R/DSP48_E1.DSP48E1_ADD.DSP48E1_ADD/i_no_versal_es1_workaround.DSP/DSP_A_B_DATA_INST                                | ARITHMETIC.DSP.DSP48E2 |
    | grp_node_0_0_Pipeline_l_S_t_1_t_fu_256/hmul_16ns_16ns_16_3_max_dsp_1_U3/node_0_0_hmul_16ns_16ns_16_3_max_dsp_1_ip_u/U0/i_synth/MULT.OP/i_non_prim.R_AND_R/LOGIC.R_AND_R/DSP48_E1.DSP48E1_ADD.DSP48E1_ADD/i_no_versal_es1_workaround.DSP/DSP_ALU_INST                                     | ARITHMETIC.DSP.DSP48E2 |
    | grp_node_0_0_Pipeline_l_S_t_1_t_fu_256/hmul_16ns_16ns_16_3_max_dsp_1_U3/node_0_0_hmul_16ns_16ns_16_3_max_dsp_1_ip_u/U0/i_synth/MULT.OP/i_non_prim.R_AND_R/LOGIC.R_AND_R/DSP48_E1.DSP48E1_ADD.DSP48E1_ADD/i_no_versal_es1_workaround.DSP/DSP_OUTPUT_INST                                  | ARITHMETIC.DSP.DSP48E2 |
    | grp_node_0_0_Pipeline_l_S_t_1_t_fu_256/hmul_16ns_16ns_16_3_max_dsp_1_U3/node_0_0_hmul_16ns_16ns_16_3_max_dsp_1_ip_u/U0/i_synth/MULT.OP/i_non_prim.R_AND_R/LOGIC.R_AND_R/EXP_ADD.ADD/CHAIN_GEN[0].C_MUX.CARRY_MUX_CARRY4_CARRY8                                                           | CLB.CARRY.CARRY8       |
    | grp_node_0_0_Pipeline_l_S_t_1_t_fu_256/hmul_16ns_16ns_16_3_max_dsp_1_U3/node_0_0_hmul_16ns_16ns_16_3_max_dsp_1_ip_u/U0/i_synth/MULT.OP/i_non_prim.R_AND_R/LOGIC.R_AND_R/EXP_ADD.ADD/RESULT_REG.NORMAL.exp_op[2]_i_1                                                                      | CLB.LUT.LUT2           |
    | grp_node_0_0_Pipeline_l_S_t_1_t_fu_256/hmul_16ns_16ns_16_3_max_dsp_1_U3/node_0_0_hmul_16ns_16ns_16_3_max_dsp_1_ip_u/U0/i_synth/MULT.OP/i_non_prim.OP/RESULT_REG.NORMAL.exp_op_reg[2]                                                                                                     | REGISTER.SDR.FDRE      |
    | grp_node_0_0_Pipeline_l_S_t_1_t_fu_256/hadd_16ns_16ns_16_3_no_dsp_1_U1/din0_buf1_reg[7]_replica                                                                                                                                                                                          | REGISTER.SDR.FDRE      |
    | grp_node_0_0_Pipeline_l_S_t_1_t_fu_256/hmul_16ns_16ns_16_3_max_dsp_1_U3/node_0_0_hmul_16ns_16ns_16_3_max_dsp_1_ip_u/U0/i_synth/MULT.OP/i_non_prim.MULT/MULT_GEN_VARIANT.FIX_MULT/MULT/gDSP.gDSP_only.iDSP/use_prim.appDSP[0].bppDSP[0].use_dsp.use_dsp48e2.iDSP48E2/DSP_A_B_DATA_INST    | ARITHMETIC.DSP.DSP48E2 |
    | grp_node_0_0_Pipeline_l_S_t_1_t_fu_256/hmul_16ns_16ns_16_3_max_dsp_1_U3/node_0_0_hmul_16ns_16ns_16_3_max_dsp_1_ip_u/U0/i_synth/MULT.OP/i_non_prim.MULT/MULT_GEN_VARIANT.FIX_MULT/MULT/gDSP.gDSP_only.iDSP/use_prim.appDSP[0].bppDSP[0].use_dsp.use_dsp48e2.iDSP48E2/DSP_PREADD_DATA_INST | ARITHMETIC.DSP.DSP48E2 |
    | grp_node_0_0_Pipeline_l_S_t_1_t_fu_256/hmul_16ns_16ns_16_3_max_dsp_1_U3/node_0_0_hmul_16ns_16ns_16_3_max_dsp_1_ip_u/U0/i_synth/MULT.OP/i_non_prim.MULT/MULT_GEN_VARIANT.FIX_MULT/MULT/gDSP.gDSP_only.iDSP/use_prim.appDSP[0].bppDSP[0].use_dsp.use_dsp48e2.iDSP48E2/DSP_MULTIPLIER_INST  | ARITHMETIC.DSP.DSP48E2 |
    | grp_node_0_0_Pipeline_l_S_t_1_t_fu_256/hmul_16ns_16ns_16_3_max_dsp_1_U3/node_0_0_hmul_16ns_16ns_16_3_max_dsp_1_ip_u/U0/i_synth/MULT.OP/i_non_prim.MULT/MULT_GEN_VARIANT.FIX_MULT/MULT/gDSP.gDSP_only.iDSP/use_prim.appDSP[0].bppDSP[0].use_dsp.use_dsp48e2.iDSP48E2/DSP_M_DATA_INST      | ARITHMETIC.DSP.DSP48E2 |
    | grp_node_0_0_Pipeline_l_S_t_1_t_fu_256/hmul_16ns_16ns_16_3_max_dsp_1_U3/node_0_0_hmul_16ns_16ns_16_3_max_dsp_1_ip_u/U0/i_synth/MULT.OP/i_non_prim.MULT/MULT_GEN_VARIANT.FIX_MULT/MULT/gDSP.gDSP_only.iDSP/use_prim.appDSP[0].bppDSP[0].use_dsp.use_dsp48e2.iDSP48E2/DSP_ALU_INST         | ARITHMETIC.DSP.DSP48E2 |
    | grp_node_0_0_Pipeline_l_S_t_1_t_fu_256/hmul_16ns_16ns_16_3_max_dsp_1_U3/node_0_0_hmul_16ns_16ns_16_3_max_dsp_1_ip_u/U0/i_synth/MULT.OP/i_non_prim.MULT/MULT_GEN_VARIANT.FIX_MULT/MULT/gDSP.gDSP_only.iDSP/use_prim.appDSP[0].bppDSP[0].use_dsp.use_dsp48e2.iDSP48E2/DSP_OUTPUT_INST      | ARITHMETIC.DSP.DSP48E2 |
    | grp_node_0_0_Pipeline_l_S_t_1_t_fu_256/hmul_16ns_16ns_16_3_max_dsp_1_U3/node_0_0_hmul_16ns_16ns_16_3_max_dsp_1_ip_u/U0/i_synth/MULT.OP/i_non_prim.MULT/MULT_GEN_VARIANT.FIX_MULT/CHAIN_GEN[0].C_MUX.CARRY_MUX_i_1__0                                                                     | CLB.LUT.LUT3           |
    | grp_node_0_0_Pipeline_l_S_t_1_t_fu_256/hmul_16ns_16ns_16_3_max_dsp_1_U3/node_0_0_hmul_16ns_16ns_16_3_max_dsp_1_ip_u/U0/i_synth/MULT.OP/i_non_prim.R_AND_R/LOGIC.R_AND_R/RND_BIT_GEN/NORM_1_OR_0.STRUCT_REQ.GENERAL.RND1/CHAIN_GEN[0].C_MUX.CARRY_MUX_CARRY4_CARRY8                       | CLB.CARRY.CARRY8       |
    | grp_node_0_0_Pipeline_l_S_t_1_t_fu_256/hmul_16ns_16ns_16_3_max_dsp_1_U3/node_0_0_hmul_16ns_16ns_16_3_max_dsp_1_ip_u/U0/i_synth/MULT.OP/i_non_prim.R_AND_R/LOGIC.R_AND_R/DSP48_E1.DSP48E1_ADD.DSP48E1_ADD/i_no_versal_es1_workaround.DSP/DSP_A_B_DATA_INST                                | ARITHMETIC.DSP.DSP48E2 |
    | grp_node_0_0_Pipeline_l_S_t_1_t_fu_256/hmul_16ns_16ns_16_3_max_dsp_1_U3/node_0_0_hmul_16ns_16ns_16_3_max_dsp_1_ip_u/U0/i_synth/MULT.OP/i_non_prim.R_AND_R/LOGIC.R_AND_R/DSP48_E1.DSP48E1_ADD.DSP48E1_ADD/i_no_versal_es1_workaround.DSP/DSP_ALU_INST                                     | ARITHMETIC.DSP.DSP48E2 |
    | grp_node_0_0_Pipeline_l_S_t_1_t_fu_256/hmul_16ns_16ns_16_3_max_dsp_1_U3/node_0_0_hmul_16ns_16ns_16_3_max_dsp_1_ip_u/U0/i_synth/MULT.OP/i_non_prim.R_AND_R/LOGIC.R_AND_R/DSP48_E1.DSP48E1_ADD.DSP48E1_ADD/i_no_versal_es1_workaround.DSP/DSP_OUTPUT_INST                                  | ARITHMETIC.DSP.DSP48E2 |
    | grp_node_0_0_Pipeline_l_S_t_1_t_fu_256/hmul_16ns_16ns_16_3_max_dsp_1_U3/node_0_0_hmul_16ns_16ns_16_3_max_dsp_1_ip_u/U0/i_synth/MULT.OP/i_non_prim.R_AND_R/LOGIC.R_AND_R/EXP_ADD.ADD/CHAIN_GEN[0].C_MUX.CARRY_MUX_CARRY4_CARRY8                                                           | CLB.CARRY.CARRY8       |
    | grp_node_0_0_Pipeline_l_S_t_1_t_fu_256/hmul_16ns_16ns_16_3_max_dsp_1_U3/node_0_0_hmul_16ns_16ns_16_3_max_dsp_1_ip_u/U0/i_synth/MULT.OP/i_non_prim.EXP/EXP_ADD.C_CHAIN/RESULT_REG.NORMAL.exp_op[0]_i_1                                                                                    | CLB.LUT.LUT6           |
    | grp_node_0_0_Pipeline_l_S_t_1_t_fu_256/hmul_16ns_16ns_16_3_max_dsp_1_U3/node_0_0_hmul_16ns_16ns_16_3_max_dsp_1_ip_u/U0/i_synth/MULT.OP/i_non_prim.OP/RESULT_REG.NORMAL.exp_op_reg[0]                                                                                                     | REGISTER.SDR.FDRE      |
    | grp_node_0_0_Pipeline_l_S_t_1_t_fu_256/hadd_16ns_16ns_16_3_no_dsp_1_U1/din1_buf1_reg[9]_replica                                                                                                                                                                                          | REGISTER.SDR.FDRE      |
    | grp_node_0_0_Pipeline_l_S_t_1_t_fu_256/hadd_16ns_16ns_16_3_no_dsp_1_U1/node_0_0_hadd_16ns_16ns_16_3_no_dsp_1_ip_u/U0/i_synth/ADDSUB_OP.ADDSUB/LOGIC_SPEED.OP/EXP/NUMB_CMP/NOT_FAST.CMP/C_CHAIN/CHAIN_GEN[4].C_MUX.CARRY_MUX_i_1__3                                                       | CLB.LUT.LUT4           |
    | grp_node_0_0_Pipeline_l_S_t_1_t_fu_256/hadd_16ns_16ns_16_3_no_dsp_1_U1/node_0_0_hadd_16ns_16ns_16_3_no_dsp_1_ip_u/U0/i_synth/ADDSUB_OP.ADDSUB/LOGIC_SPEED.OP/EXP/NUMB_CMP/NOT_FAST.CMP/C_CHAIN/CHAIN_GEN[0].C_MUX.CARRY_MUX_CARRY4_CARRY8                                                | CLB.CARRY.CARRY8       |
    | grp_node_0_0_Pipeline_l_S_t_1_t_fu_256/hadd_16ns_16ns_16_3_no_dsp_1_U1/node_0_0_hadd_16ns_16ns_16_3_no_dsp_1_ip_u/U0/i_synth/ADDSUB_OP.ADDSUB/LOGIC_SPEED.OP/EXP/NUMB_CMP/NOT_FAST.CMP/C_CHAIN/CHAIN_GEN[1].C_MUX.CARRY_MUX_i_2__3                                                       | CLB.LUT.LUT6           |
    | grp_node_0_0_Pipeline_l_S_t_1_t_fu_256/hadd_16ns_16ns_16_3_no_dsp_1_U1/node_0_0_hadd_16ns_16ns_16_3_no_dsp_1_ip_u/U0/i_synth/ADDSUB_OP.ADDSUB/LOGIC_SPEED.OP/EXP/NUMB_CMP/NOT_FAST.CMP/C_CHAIN/CHAIN_GEN[1].C_MUX.CARRY_MUX_i_1__5                                                       | CLB.LUT.LUT4           |
    | grp_node_0_0_Pipeline_l_S_t_1_t_fu_256/hadd_16ns_16ns_16_3_no_dsp_1_U1/node_0_0_hadd_16ns_16ns_16_3_no_dsp_1_ip_u/U0/i_synth/ADDSUB_OP.ADDSUB/LOGIC_SPEED.OP/ALIGN_BLK/ALIGN_SHIFT/ALIGN_Z_D/EQ_ZERO/CARRY_ZERO_DET/CHAIN_GEN[0].C_MUX.CARRY_MUX_CARRY4_CARRY8                           | CLB.CARRY.CARRY8       |
    | grp_node_0_0_Pipeline_l_S_t_1_t_fu_256/hadd_16ns_16ns_16_3_no_dsp_1_U1/node_0_0_hadd_16ns_16ns_16_3_no_dsp_1_ip_u/U0/i_synth/ADDSUB_OP.ADDSUB/LOGIC_SPEED.OP/EXP/NUMB_CMP/NOT_FAST.CMP/C_CHAIN/STRUCT_ADD1.CARRY_MUX2_i_7                                                                | CLB.LUT.LUT5           |
    | grp_node_0_0_Pipeline_l_S_t_1_t_fu_256/hadd_16ns_16ns_16_3_no_dsp_1_U1/node_0_0_hadd_16ns_16ns_16_3_no_dsp_1_ip_u/U0/i_synth/ADDSUB_OP.ADDSUB/LOGIC_SPEED.OP/EXP/NUMB_CMP/NOT_FAST.CMP/C_CHAIN/STRUCT_ADD1.CARRY_MUX2_i_2                                                                | CLB.LUT.LUT6           |
    | grp_node_0_0_Pipeline_l_S_t_1_t_fu_256/hadd_16ns_16ns_16_3_no_dsp_1_U1/node_0_0_hadd_16ns_16ns_16_3_no_dsp_1_ip_u/U0/i_synth/ADDSUB_OP.ADDSUB/LOGIC_SPEED.OP/EXP/NUMB_CMP/NOT_FAST.CMP/C_CHAIN/STRUCT_ADD1.CARRY_MUX2_i_1                                                                | CLB.LUT.LUT6           |
    | grp_node_0_0_Pipeline_l_S_t_1_t_fu_256/hadd_16ns_16ns_16_3_no_dsp_1_U1/node_0_0_hadd_16ns_16ns_16_3_no_dsp_1_ip_u/U0/i_synth/ADDSUB_OP.ADDSUB/LOGIC_SPEED.OP/ALIGN_BLK/FRAC_ADDSUB/LOGIC_ADD.FRAC_ADDSUB/STRUCT_ADD1.CARRY_MUX1_CARRY4_CARRY8                                            | CLB.CARRY.CARRY8       |
    | grp_node_0_0_Pipeline_l_S_t_1_t_fu_256/hadd_16ns_16ns_16_3_no_dsp_1_U1/node_0_0_hadd_16ns_16ns_16_3_no_dsp_1_ip_u/U0/i_synth/ADDSUB_OP.ADDSUB/LOGIC_SPEED.OP/ALIGN_BLK/FRAC_ADDSUB/LOGIC_ADD.FRAC_ADDSUB/STRUCT_ADD2.ADD1/CHAIN_GEN[0].C_MUX.CARRY_MUX_CARRY4_CARRY8                     | CLB.CARRY.CARRY8       |
    | grp_node_0_0_Pipeline_l_S_t_1_t_fu_256/hadd_16ns_16ns_16_3_no_dsp_1_U1/node_0_0_hadd_16ns_16ns_16_3_no_dsp_1_ip_u/U0/i_synth/ADDSUB_OP.ADDSUB/LOGIC_SPEED.OP/ALIGN_BLK/FRAC_ADDSUB/LOGIC_ADD.FRAC_ADDSUB/STRUCT_ADD2.ADD1/CHAIN_GEN[0].C_MUX.CARRY_MUX_i_1__2                            | CLB.LUT.LUT4           |
    | grp_node_0_0_Pipeline_l_S_t_1_t_fu_256/hadd_16ns_16ns_16_3_no_dsp_1_U1/node_0_0_hadd_16ns_16ns_16_3_no_dsp_1_ip_u/U0/i_synth/ADDSUB_OP.ADDSUB/LOGIC_SPEED.OP/NORM/LZE/ZERO_DET_CC_1/CHAIN_GEN[0].C_MUX.CARRY_MUX_CARRY4_CARRY8                                                           | CLB.CARRY.CARRY8       |
    | grp_node_0_0_Pipeline_l_S_t_1_t_fu_256/hadd_16ns_16ns_16_3_no_dsp_1_U1/node_0_0_hadd_16ns_16ns_16_3_no_dsp_1_ip_u/U0/i_synth/ADDSUB_OP.ADDSUB/LOGIC_SPEED.OP/ALIGN_BLK/FRAC_ADDSUB/LOGIC_ADD.FRAC_ADDSUB/STRUCT_ADD2.ADD1/RESULT_REG.NORMAL.exp_op[2]_i_7                                | CLB.LUT.LUT5           |
    | grp_node_0_0_Pipeline_l_S_t_1_t_fu_256/hadd_16ns_16ns_16_3_no_dsp_1_U1/node_0_0_hadd_16ns_16ns_16_3_no_dsp_1_ip_u/U0/i_synth/ADDSUB_OP.ADDSUB/LOGIC_SPEED.OP/ALIGN_BLK/FRAC_ADDSUB/LOGIC_ADD.FRAC_ADDSUB/STRUCT_ADD1.ADD1/RESULT_REG.NORMAL.exp_op[1]_i_3                                | CLB.LUT.LUT5           |
    | grp_node_0_0_Pipeline_l_S_t_1_t_fu_256/hadd_16ns_16ns_16_3_no_dsp_1_U1/node_0_0_hadd_16ns_16ns_16_3_no_dsp_1_ip_u/U0/i_synth/ADDSUB_OP.ADDSUB/LOGIC_SPEED.OP/ALIGN_BLK/FRAC_ADDSUB/LOGIC_ADD.FRAC_ADDSUB/STRUCT_ADD1.ADD1/CHAIN_GEN[0].C_MUX.CARRY_MUX_i_6__0                            | CLB.LUT.LUT5           |
    | grp_node_0_0_Pipeline_l_S_t_1_t_fu_256/hadd_16ns_16ns_16_3_no_dsp_1_U1/node_0_0_hadd_16ns_16ns_16_3_no_dsp_1_ip_u/U0/i_synth/ADDSUB_OP.ADDSUB/LOGIC_SPEED.OP/ALIGN_BLK/FRAC_ADDSUB/LOGIC_ADD.FRAC_ADDSUB/STRUCT_ADD1.ADD1/CHAIN_GEN[0].C_MUX.CARRY_MUX_i_3__0                            | CLB.LUT.LUT6           |
    | grp_node_0_0_Pipeline_l_S_t_1_t_fu_256/hadd_16ns_16ns_16_3_no_dsp_1_U1/node_0_0_hadd_16ns_16ns_16_3_no_dsp_1_ip_u/U0/i_synth/ADDSUB_OP.ADDSUB/LOGIC_SPEED.OP/ALIGN_BLK/FRAC_ADDSUB/LOGIC_ADD.FRAC_ADDSUB/STRUCT_ADD1.ADD1/CHAIN_GEN[0].C_MUX.CARRY_MUX_i_1__10                           | CLB.LUT.LUT5           |
    | grp_node_0_0_Pipeline_l_S_t_1_t_fu_256/hadd_16ns_16ns_16_3_no_dsp_1_U1/node_0_0_hadd_16ns_16ns_16_3_no_dsp_1_ip_u/U0/i_synth/ADDSUB_OP.ADDSUB/LOGIC_SPEED.OP/NORM/ROUND/RND_BIT_GEN/NORM_2.RND_CHAIN/CHAIN_GEN[0].C_MUX.CARRY_MUX_CARRY4_CARRY8                                          | CLB.CARRY.CARRY8       |
    | grp_node_0_0_Pipeline_l_S_t_1_t_fu_256/hadd_16ns_16ns_16_3_no_dsp_1_U1/node_0_0_hadd_16ns_16ns_16_3_no_dsp_1_ip_u/U0/i_synth/ADDSUB_OP.ADDSUB/LOGIC_SPEED.OP/NORM/ROUND/LOGIC.RND1/CHAIN_GEN[2].C_MUX.CARRY_MUX_CARRY4_CARRY8                                                            | CLB.CARRY.CARRY8       |
    | grp_node_0_0_Pipeline_l_S_t_1_t_fu_256/hadd_16ns_16ns_16_3_no_dsp_1_U1/node_0_0_hadd_16ns_16ns_16_3_no_dsp_1_ip_u/U0/i_synth/ADDSUB_OP.ADDSUB/LOGIC_SPEED.OP/NORM/ROUND/LOGIC.RND2/CHAIN_GEN[5].Q_XOR.SUM_XOR_CARRY4_CARRY8                                                              | CLB.CARRY.CARRY8       |
    | grp_node_0_0_Pipeline_l_S_t_1_t_fu_256/hadd_16ns_16ns_16_3_no_dsp_1_U1/node_0_0_hadd_16ns_16ns_16_3_no_dsp_1_ip_u/U0/i_synth/ADDSUB_OP.ADDSUB/LOGIC_SPEED.OP/NORM/LZE/ZERO_DET_CC_1/RESULT_REG.NORMAL.exp_op[4]_i_3                                                                      | CLB.LUT.LUT6           |
    | grp_node_0_0_Pipeline_l_S_t_1_t_fu_256/hadd_16ns_16ns_16_3_no_dsp_1_U1/node_0_0_hadd_16ns_16ns_16_3_no_dsp_1_ip_u/U0/i_synth/ADDSUB_OP.ADDSUB/LOGIC_SPEED.OP/NORM/LZE/ZERO_DET_CC_1/RESULT_REG.NORMAL.exp_op[4]_i_1                                                                      | CLB.LUT.LUT6           |
    | grp_node_0_0_Pipeline_l_S_t_1_t_fu_256/hadd_16ns_16ns_16_3_no_dsp_1_U1/node_0_0_hadd_16ns_16ns_16_3_no_dsp_1_ip_u/U0/i_synth/ADDSUB_OP.ADDSUB/LOGIC_SPEED.OP/OP/RESULT_REG.NORMAL.exp_op_reg[4]                                                                                          | REGISTER.SDR.FDRE      |
    | grp_node_0_0_Pipeline_l_S_t_1_t_fu_256/hadd_16ns_16ns_16_3_no_dsp_1_U1/din1_buf1_reg[9]_replica                                                                                                                                                                                          | REGISTER.SDR.FDRE      |
    | grp_node_0_0_Pipeline_l_S_t_1_t_fu_256/hadd_16ns_16ns_16_3_no_dsp_1_U1/node_0_0_hadd_16ns_16ns_16_3_no_dsp_1_ip_u/U0/i_synth/ADDSUB_OP.ADDSUB/LOGIC_SPEED.OP/EXP/NUMB_CMP/NOT_FAST.CMP/C_CHAIN/CHAIN_GEN[4].C_MUX.CARRY_MUX_i_1__3                                                       | CLB.LUT.LUT4           |
    | grp_node_0_0_Pipeline_l_S_t_1_t_fu_256/hadd_16ns_16ns_16_3_no_dsp_1_U1/node_0_0_hadd_16ns_16ns_16_3_no_dsp_1_ip_u/U0/i_synth/ADDSUB_OP.ADDSUB/LOGIC_SPEED.OP/EXP/NUMB_CMP/NOT_FAST.CMP/C_CHAIN/CHAIN_GEN[0].C_MUX.CARRY_MUX_CARRY4_CARRY8                                                | CLB.CARRY.CARRY8       |
    | grp_node_0_0_Pipeline_l_S_t_1_t_fu_256/hadd_16ns_16ns_16_3_no_dsp_1_U1/node_0_0_hadd_16ns_16ns_16_3_no_dsp_1_ip_u/U0/i_synth/ADDSUB_OP.ADDSUB/LOGIC_SPEED.OP/EXP/NUMB_CMP/NOT_FAST.CMP/C_CHAIN/CHAIN_GEN[1].C_MUX.CARRY_MUX_i_2__3                                                       | CLB.LUT.LUT6           |
    | grp_node_0_0_Pipeline_l_S_t_1_t_fu_256/hadd_16ns_16ns_16_3_no_dsp_1_U1/node_0_0_hadd_16ns_16ns_16_3_no_dsp_1_ip_u/U0/i_synth/ADDSUB_OP.ADDSUB/LOGIC_SPEED.OP/EXP/NUMB_CMP/NOT_FAST.CMP/C_CHAIN/CHAIN_GEN[1].C_MUX.CARRY_MUX_i_1__5                                                       | CLB.LUT.LUT4           |
    | grp_node_0_0_Pipeline_l_S_t_1_t_fu_256/hadd_16ns_16ns_16_3_no_dsp_1_U1/node_0_0_hadd_16ns_16ns_16_3_no_dsp_1_ip_u/U0/i_synth/ADDSUB_OP.ADDSUB/LOGIC_SPEED.OP/ALIGN_BLK/ALIGN_SHIFT/ALIGN_Z_D/EQ_ZERO/CARRY_ZERO_DET/CHAIN_GEN[0].C_MUX.CARRY_MUX_CARRY4_CARRY8                           | CLB.CARRY.CARRY8       |
    | grp_node_0_0_Pipeline_l_S_t_1_t_fu_256/hadd_16ns_16ns_16_3_no_dsp_1_U1/node_0_0_hadd_16ns_16ns_16_3_no_dsp_1_ip_u/U0/i_synth/ADDSUB_OP.ADDSUB/LOGIC_SPEED.OP/EXP/NUMB_CMP/NOT_FAST.CMP/C_CHAIN/STRUCT_ADD1.CARRY_MUX2_i_7                                                                | CLB.LUT.LUT5           |
    | grp_node_0_0_Pipeline_l_S_t_1_t_fu_256/hadd_16ns_16ns_16_3_no_dsp_1_U1/node_0_0_hadd_16ns_16ns_16_3_no_dsp_1_ip_u/U0/i_synth/ADDSUB_OP.ADDSUB/LOGIC_SPEED.OP/EXP/NUMB_CMP/NOT_FAST.CMP/C_CHAIN/STRUCT_ADD1.CARRY_MUX2_i_2                                                                | CLB.LUT.LUT6           |
    | grp_node_0_0_Pipeline_l_S_t_1_t_fu_256/hadd_16ns_16ns_16_3_no_dsp_1_U1/node_0_0_hadd_16ns_16ns_16_3_no_dsp_1_ip_u/U0/i_synth/ADDSUB_OP.ADDSUB/LOGIC_SPEED.OP/EXP/NUMB_CMP/NOT_FAST.CMP/C_CHAIN/STRUCT_ADD1.CARRY_MUX2_i_1                                                                | CLB.LUT.LUT6           |
    | grp_node_0_0_Pipeline_l_S_t_1_t_fu_256/hadd_16ns_16ns_16_3_no_dsp_1_U1/node_0_0_hadd_16ns_16ns_16_3_no_dsp_1_ip_u/U0/i_synth/ADDSUB_OP.ADDSUB/LOGIC_SPEED.OP/ALIGN_BLK/FRAC_ADDSUB/LOGIC_ADD.FRAC_ADDSUB/STRUCT_ADD1.CARRY_MUX1_CARRY4_CARRY8                                            | CLB.CARRY.CARRY8       |
    | grp_node_0_0_Pipeline_l_S_t_1_t_fu_256/hadd_16ns_16ns_16_3_no_dsp_1_U1/node_0_0_hadd_16ns_16ns_16_3_no_dsp_1_ip_u/U0/i_synth/ADDSUB_OP.ADDSUB/LOGIC_SPEED.OP/ALIGN_BLK/FRAC_ADDSUB/LOGIC_ADD.FRAC_ADDSUB/STRUCT_ADD2.ADD1/CHAIN_GEN[0].C_MUX.CARRY_MUX_CARRY4_CARRY8                     | CLB.CARRY.CARRY8       |
    | grp_node_0_0_Pipeline_l_S_t_1_t_fu_256/hadd_16ns_16ns_16_3_no_dsp_1_U1/node_0_0_hadd_16ns_16ns_16_3_no_dsp_1_ip_u/U0/i_synth/ADDSUB_OP.ADDSUB/LOGIC_SPEED.OP/ALIGN_BLK/FRAC_ADDSUB/LOGIC_ADD.FRAC_ADDSUB/STRUCT_ADD2.ADD1/CHAIN_GEN[0].C_MUX.CARRY_MUX_i_1__2                            | CLB.LUT.LUT4           |
    | grp_node_0_0_Pipeline_l_S_t_1_t_fu_256/hadd_16ns_16ns_16_3_no_dsp_1_U1/node_0_0_hadd_16ns_16ns_16_3_no_dsp_1_ip_u/U0/i_synth/ADDSUB_OP.ADDSUB/LOGIC_SPEED.OP/NORM/LZE/ZERO_DET_CC_1/CHAIN_GEN[0].C_MUX.CARRY_MUX_CARRY4_CARRY8                                                           | CLB.CARRY.CARRY8       |
    | grp_node_0_0_Pipeline_l_S_t_1_t_fu_256/hadd_16ns_16ns_16_3_no_dsp_1_U1/node_0_0_hadd_16ns_16ns_16_3_no_dsp_1_ip_u/U0/i_synth/ADDSUB_OP.ADDSUB/LOGIC_SPEED.OP/ALIGN_BLK/FRAC_ADDSUB/LOGIC_ADD.FRAC_ADDSUB/STRUCT_ADD2.ADD1/RESULT_REG.NORMAL.exp_op[2]_i_7                                | CLB.LUT.LUT5           |
    | grp_node_0_0_Pipeline_l_S_t_1_t_fu_256/hadd_16ns_16ns_16_3_no_dsp_1_U1/node_0_0_hadd_16ns_16ns_16_3_no_dsp_1_ip_u/U0/i_synth/ADDSUB_OP.ADDSUB/LOGIC_SPEED.OP/ALIGN_BLK/FRAC_ADDSUB/LOGIC_ADD.FRAC_ADDSUB/STRUCT_ADD1.ADD1/RESULT_REG.NORMAL.exp_op[1]_i_3                                | CLB.LUT.LUT5           |
    | grp_node_0_0_Pipeline_l_S_t_1_t_fu_256/hadd_16ns_16ns_16_3_no_dsp_1_U1/node_0_0_hadd_16ns_16ns_16_3_no_dsp_1_ip_u/U0/i_synth/ADDSUB_OP.ADDSUB/LOGIC_SPEED.OP/ALIGN_BLK/FRAC_ADDSUB/LOGIC_ADD.FRAC_ADDSUB/STRUCT_ADD1.ADD1/CHAIN_GEN[0].C_MUX.CARRY_MUX_i_6__0                            | CLB.LUT.LUT5           |
    | grp_node_0_0_Pipeline_l_S_t_1_t_fu_256/hadd_16ns_16ns_16_3_no_dsp_1_U1/node_0_0_hadd_16ns_16ns_16_3_no_dsp_1_ip_u/U0/i_synth/ADDSUB_OP.ADDSUB/LOGIC_SPEED.OP/ALIGN_BLK/FRAC_ADDSUB/LOGIC_ADD.FRAC_ADDSUB/STRUCT_ADD1.ADD1/CHAIN_GEN[0].C_MUX.CARRY_MUX_i_3__0                            | CLB.LUT.LUT6           |
    | grp_node_0_0_Pipeline_l_S_t_1_t_fu_256/hadd_16ns_16ns_16_3_no_dsp_1_U1/node_0_0_hadd_16ns_16ns_16_3_no_dsp_1_ip_u/U0/i_synth/ADDSUB_OP.ADDSUB/LOGIC_SPEED.OP/ALIGN_BLK/FRAC_ADDSUB/LOGIC_ADD.FRAC_ADDSUB/STRUCT_ADD1.ADD1/CHAIN_GEN[0].C_MUX.CARRY_MUX_i_1__10                           | CLB.LUT.LUT5           |
    | grp_node_0_0_Pipeline_l_S_t_1_t_fu_256/hadd_16ns_16ns_16_3_no_dsp_1_U1/node_0_0_hadd_16ns_16ns_16_3_no_dsp_1_ip_u/U0/i_synth/ADDSUB_OP.ADDSUB/LOGIC_SPEED.OP/NORM/ROUND/RND_BIT_GEN/NORM_2.RND_CHAIN/CHAIN_GEN[0].C_MUX.CARRY_MUX_CARRY4_CARRY8                                          | CLB.CARRY.CARRY8       |
    | grp_node_0_0_Pipeline_l_S_t_1_t_fu_256/hadd_16ns_16ns_16_3_no_dsp_1_U1/node_0_0_hadd_16ns_16ns_16_3_no_dsp_1_ip_u/U0/i_synth/ADDSUB_OP.ADDSUB/LOGIC_SPEED.OP/NORM/ROUND/LOGIC.RND1/CHAIN_GEN[2].C_MUX.CARRY_MUX_CARRY4_CARRY8                                                            | CLB.CARRY.CARRY8       |
    | grp_node_0_0_Pipeline_l_S_t_1_t_fu_256/hadd_16ns_16ns_16_3_no_dsp_1_U1/node_0_0_hadd_16ns_16ns_16_3_no_dsp_1_ip_u/U0/i_synth/ADDSUB_OP.ADDSUB/LOGIC_SPEED.OP/NORM/ROUND/LOGIC.RND2/CHAIN_GEN[5].Q_XOR.SUM_XOR_CARRY4_CARRY8                                                              | CLB.CARRY.CARRY8       |
    | grp_node_0_0_Pipeline_l_S_t_1_t_fu_256/hadd_16ns_16ns_16_3_no_dsp_1_U1/node_0_0_hadd_16ns_16ns_16_3_no_dsp_1_ip_u/U0/i_synth/ADDSUB_OP.ADDSUB/LOGIC_SPEED.OP/NORM/LZE/ZERO_DET_CC_1/RESULT_REG.NORMAL.exp_op[4]_i_3                                                                      | CLB.LUT.LUT6           |
    | grp_node_0_0_Pipeline_l_S_t_1_t_fu_256/hadd_16ns_16ns_16_3_no_dsp_1_U1/node_0_0_hadd_16ns_16ns_16_3_no_dsp_1_ip_u/U0/i_synth/ADDSUB_OP.ADDSUB/LOGIC_SPEED.OP/NORM/LZE/ZERO_DET_CC_1/RESULT_REG.NORMAL.exp_op[3]_i_1                                                                      | CLB.LUT.LUT6           |
    | grp_node_0_0_Pipeline_l_S_t_1_t_fu_256/hadd_16ns_16ns_16_3_no_dsp_1_U1/node_0_0_hadd_16ns_16ns_16_3_no_dsp_1_ip_u/U0/i_synth/ADDSUB_OP.ADDSUB/LOGIC_SPEED.OP/OP/RESULT_REG.NORMAL.exp_op_reg[3]                                                                                          | REGISTER.SDR.FDRE      |
    | grp_node_0_0_Pipeline_l_S_t_1_t_fu_256/hadd_16ns_16ns_16_3_no_dsp_1_U1/din0_buf1_reg[8]                                                                                                                                                                                                  | REGISTER.SDR.FDRE      |
    | grp_node_0_0_Pipeline_l_S_t_1_t_fu_256/hsub_16ns_16ns_16_3_no_dsp_1_U2/node_0_0_hsub_16ns_16ns_16_3_no_dsp_1_ip_u/U0/i_synth/ADDSUB_OP.ADDSUB/LOGIC_SPEED.OP/EXP/NUMB_CMP/NOT_FAST.CMP/C_CHAIN/CHAIN_GEN[4].C_MUX.CARRY_MUX_i_1__3                                                       | CLB.LUT.LUT4           |
    | grp_node_0_0_Pipeline_l_S_t_1_t_fu_256/hsub_16ns_16ns_16_3_no_dsp_1_U2/node_0_0_hsub_16ns_16ns_16_3_no_dsp_1_ip_u/U0/i_synth/ADDSUB_OP.ADDSUB/LOGIC_SPEED.OP/EXP/NUMB_CMP/NOT_FAST.CMP/C_CHAIN/CHAIN_GEN[0].C_MUX.CARRY_MUX_CARRY4_CARRY8                                                | CLB.CARRY.CARRY8       |
    | grp_node_0_0_Pipeline_l_S_t_1_t_fu_256/hsub_16ns_16ns_16_3_no_dsp_1_U2/node_0_0_hsub_16ns_16ns_16_3_no_dsp_1_ip_u/U0/i_synth/ADDSUB_OP.ADDSUB/LOGIC_SPEED.OP/EXP/NUMB_CMP/NOT_FAST.CMP/C_CHAIN/CHAIN_GEN[1].C_MUX.CARRY_MUX_i_3__1                                                       | CLB.LUT.LUT6           |
    | grp_node_0_0_Pipeline_l_S_t_1_t_fu_256/hsub_16ns_16ns_16_3_no_dsp_1_U2/node_0_0_hsub_16ns_16ns_16_3_no_dsp_1_ip_u/U0/i_synth/ADDSUB_OP.ADDSUB/LOGIC_SPEED.OP/EXP/NUMB_CMP/NOT_FAST.CMP/C_CHAIN/CHAIN_GEN[1].C_MUX.CARRY_MUX_i_1__1                                                       | CLB.LUT.LUT4           |
    | grp_node_0_0_Pipeline_l_S_t_1_t_fu_256/hsub_16ns_16ns_16_3_no_dsp_1_U2/node_0_0_hsub_16ns_16ns_16_3_no_dsp_1_ip_u/U0/i_synth/ADDSUB_OP.ADDSUB/LOGIC_SPEED.OP/ALIGN_BLK/ALIGN_SHIFT/ALIGN_Z_D/EQ_ZERO/CARRY_ZERO_DET/CHAIN_GEN[0].C_MUX.CARRY_MUX_CARRY4_CARRY8                           | CLB.CARRY.CARRY8       |
    | grp_node_0_0_Pipeline_l_S_t_1_t_fu_256/hsub_16ns_16ns_16_3_no_dsp_1_U2/node_0_0_hsub_16ns_16ns_16_3_no_dsp_1_ip_u/U0/i_synth/ADDSUB_OP.ADDSUB/LOGIC_SPEED.OP/EXP/NUMB_CMP/NOT_FAST.CMP/C_CHAIN/STRUCT_ADD1.CARRY_MUX2_i_2                                                                | CLB.LUT.LUT5           |
    | grp_node_0_0_Pipeline_l_S_t_1_t_fu_256/hsub_16ns_16ns_16_3_no_dsp_1_U2/node_0_0_hsub_16ns_16ns_16_3_no_dsp_1_ip_u/U0/i_synth/ADDSUB_OP.ADDSUB/LOGIC_SPEED.OP/EXP/NUMB_CMP/NOT_FAST.CMP/C_CHAIN/STRUCT_ADD1.CARRY_MUX2_i_1                                                                | CLB.LUT.LUT6           |
    | grp_node_0_0_Pipeline_l_S_t_1_t_fu_256/hsub_16ns_16ns_16_3_no_dsp_1_U2/node_0_0_hsub_16ns_16ns_16_3_no_dsp_1_ip_u/U0/i_synth/ADDSUB_OP.ADDSUB/LOGIC_SPEED.OP/ALIGN_BLK/FRAC_ADDSUB/LOGIC_ADD.FRAC_ADDSUB/STRUCT_ADD1.CARRY_MUX1_CARRY4_CARRY8                                            | CLB.CARRY.CARRY8       |
    | grp_node_0_0_Pipeline_l_S_t_1_t_fu_256/hsub_16ns_16ns_16_3_no_dsp_1_U2/node_0_0_hsub_16ns_16ns_16_3_no_dsp_1_ip_u/U0/i_synth/ADDSUB_OP.ADDSUB/LOGIC_SPEED.OP/ALIGN_BLK/FRAC_ADDSUB/LOGIC_ADD.FRAC_ADDSUB/STRUCT_ADD2.ADD1/CHAIN_GEN[0].C_MUX.CARRY_MUX_CARRY4_CARRY8                     | CLB.CARRY.CARRY8       |
    | grp_node_0_0_Pipeline_l_S_t_1_t_fu_256/hsub_16ns_16ns_16_3_no_dsp_1_U2/node_0_0_hsub_16ns_16ns_16_3_no_dsp_1_ip_u/U0/i_synth/ADDSUB_OP.ADDSUB/LOGIC_SPEED.OP/ALIGN_BLK/FRAC_ADDSUB/LOGIC_ADD.FRAC_ADDSUB/STRUCT_ADD2.ADD1/CHAIN_GEN[1].C_MUX.CARRY_MUX_i_1__4                            | CLB.LUT.LUT4           |
    | grp_node_0_0_Pipeline_l_S_t_1_t_fu_256/hsub_16ns_16ns_16_3_no_dsp_1_U2/node_0_0_hsub_16ns_16ns_16_3_no_dsp_1_ip_u/U0/i_synth/ADDSUB_OP.ADDSUB/LOGIC_SPEED.OP/NORM/LZE/ZERO_DET_CC_1/CHAIN_GEN[0].C_MUX.CARRY_MUX_CARRY4_CARRY8                                                           | CLB.CARRY.CARRY8       |
    | grp_node_0_0_Pipeline_l_S_t_1_t_fu_256/hsub_16ns_16ns_16_3_no_dsp_1_U2/node_0_0_hsub_16ns_16ns_16_3_no_dsp_1_ip_u/U0/i_synth/ADDSUB_OP.ADDSUB/LOGIC_SPEED.OP/ALIGN_BLK/FRAC_ADDSUB/LOGIC_ADD.FRAC_ADDSUB/STRUCT_ADD2.ADD1/CHAIN_GEN[1].C_MUX.CARRY_MUX_i_5__1                            | CLB.LUT.LUT6           |
    | grp_node_0_0_Pipeline_l_S_t_1_t_fu_256/hsub_16ns_16ns_16_3_no_dsp_1_U2/node_0_0_hsub_16ns_16ns_16_3_no_dsp_1_ip_u/U0/i_synth/ADDSUB_OP.ADDSUB/LOGIC_SPEED.OP/ALIGN_BLK/FRAC_ADDSUB/LOGIC_ADD.FRAC_ADDSUB/STRUCT_ADD2.ADD1/CHAIN_GEN[1].C_MUX.CARRY_MUX_i_2__3                            | CLB.LUT.LUT6           |
    | grp_node_0_0_Pipeline_l_S_t_1_t_fu_256/hsub_16ns_16ns_16_3_no_dsp_1_U2/node_0_0_hsub_16ns_16ns_16_3_no_dsp_1_ip_u/U0/i_synth/ADDSUB_OP.ADDSUB/LOGIC_SPEED.OP/ALIGN_BLK/FRAC_ADDSUB/LOGIC_ADD.FRAC_ADDSUB/STRUCT_ADD2.ADD1/CHAIN_GEN[0].C_MUX.CARRY_MUX_i_6__0                            | CLB.LUT.LUT5           |
    | grp_node_0_0_Pipeline_l_S_t_1_t_fu_256/hsub_16ns_16ns_16_3_no_dsp_1_U2/node_0_0_hsub_16ns_16ns_16_3_no_dsp_1_ip_u/U0/i_synth/ADDSUB_OP.ADDSUB/LOGIC_SPEED.OP/ALIGN_BLK/FRAC_ADDSUB/LOGIC_ADD.FRAC_ADDSUB/STRUCT_ADD1.ADD1/CHAIN_GEN[0].C_MUX.CARRY_MUX_i_5__0                            | CLB.LUT.LUT6           |
    | grp_node_0_0_Pipeline_l_S_t_1_t_fu_256/hsub_16ns_16ns_16_3_no_dsp_1_U2/node_0_0_hsub_16ns_16ns_16_3_no_dsp_1_ip_u/U0/i_synth/ADDSUB_OP.ADDSUB/LOGIC_SPEED.OP/ALIGN_BLK/FRAC_ADDSUB/LOGIC_ADD.FRAC_ADDSUB/STRUCT_ADD1.ADD1/CHAIN_GEN[0].C_MUX.CARRY_MUX_i_1__9                            | CLB.LUT.LUT6           |
    | grp_node_0_0_Pipeline_l_S_t_1_t_fu_256/hsub_16ns_16ns_16_3_no_dsp_1_U2/node_0_0_hsub_16ns_16ns_16_3_no_dsp_1_ip_u/U0/i_synth/ADDSUB_OP.ADDSUB/LOGIC_SPEED.OP/NORM/ROUND/RND_BIT_GEN/NORM_2.RND_CHAIN/CHAIN_GEN[0].C_MUX.CARRY_MUX_CARRY4_CARRY8                                          | CLB.CARRY.CARRY8       |
    | grp_node_0_0_Pipeline_l_S_t_1_t_fu_256/hsub_16ns_16ns_16_3_no_dsp_1_U2/node_0_0_hsub_16ns_16ns_16_3_no_dsp_1_ip_u/U0/i_synth/ADDSUB_OP.ADDSUB/LOGIC_SPEED.OP/NORM/ROUND/LOGIC.RND1/CHAIN_GEN[2].C_MUX.CARRY_MUX_CARRY4_CARRY8                                                            | CLB.CARRY.CARRY8       |
    | grp_node_0_0_Pipeline_l_S_t_1_t_fu_256/hsub_16ns_16ns_16_3_no_dsp_1_U2/node_0_0_hsub_16ns_16ns_16_3_no_dsp_1_ip_u/U0/i_synth/ADDSUB_OP.ADDSUB/LOGIC_SPEED.OP/NORM/ROUND/LOGIC.RND2/CHAIN_GEN[5].Q_XOR.SUM_XOR_CARRY4_CARRY8                                                              | CLB.CARRY.CARRY8       |
    | grp_node_0_0_Pipeline_l_S_t_1_t_fu_256/hsub_16ns_16ns_16_3_no_dsp_1_U2/node_0_0_hsub_16ns_16ns_16_3_no_dsp_1_ip_u/U0/i_synth/ADDSUB_OP.ADDSUB/LOGIC_SPEED.OP/ALIGN_BLK/FRAC_ADDSUB/LOGIC_ADD.FRAC_ADDSUB/STRUCT_ADD1.ADD1/RESULT_REG.NORMAL.exp_op[0]_i_2                                | CLB.LUT.LUT6           |
    | grp_node_0_0_Pipeline_l_S_t_1_t_fu_256/hsub_16ns_16ns_16_3_no_dsp_1_U2/node_0_0_hsub_16ns_16ns_16_3_no_dsp_1_ip_u/U0/i_synth/ADDSUB_OP.ADDSUB/LOGIC_SPEED.OP/EXP/EXP_OFF.STRUCT_ADD/RESULT_REG.NORMAL.exp_op[0]_i_1                                                                      | CLB.LUT.LUT6           |
    | grp_node_0_0_Pipeline_l_S_t_1_t_fu_256/hsub_16ns_16ns_16_3_no_dsp_1_U2/node_0_0_hsub_16ns_16ns_16_3_no_dsp_1_ip_u/U0/i_synth/ADDSUB_OP.ADDSUB/LOGIC_SPEED.OP/OP/RESULT_REG.NORMAL.exp_op_reg[0]                                                                                          | REGISTER.SDR.FDRE      |
    | grp_node_0_0_Pipeline_l_S_t_1_t_fu_256/hadd_16ns_16ns_16_3_no_dsp_1_U1/din1_buf1_reg[9]_replica                                                                                                                                                                                          | REGISTER.SDR.FDRE      |
    | grp_node_0_0_Pipeline_l_S_t_1_t_fu_256/hadd_16ns_16ns_16_3_no_dsp_1_U1/node_0_0_hadd_16ns_16ns_16_3_no_dsp_1_ip_u/U0/i_synth/ADDSUB_OP.ADDSUB/LOGIC_SPEED.OP/EXP/NUMB_CMP/NOT_FAST.CMP/C_CHAIN/CHAIN_GEN[4].C_MUX.CARRY_MUX_i_1__3                                                       | CLB.LUT.LUT4           |
    | grp_node_0_0_Pipeline_l_S_t_1_t_fu_256/hadd_16ns_16ns_16_3_no_dsp_1_U1/node_0_0_hadd_16ns_16ns_16_3_no_dsp_1_ip_u/U0/i_synth/ADDSUB_OP.ADDSUB/LOGIC_SPEED.OP/EXP/NUMB_CMP/NOT_FAST.CMP/C_CHAIN/CHAIN_GEN[0].C_MUX.CARRY_MUX_CARRY4_CARRY8                                                | CLB.CARRY.CARRY8       |
    | grp_node_0_0_Pipeline_l_S_t_1_t_fu_256/hadd_16ns_16ns_16_3_no_dsp_1_U1/node_0_0_hadd_16ns_16ns_16_3_no_dsp_1_ip_u/U0/i_synth/ADDSUB_OP.ADDSUB/LOGIC_SPEED.OP/EXP/NUMB_CMP/NOT_FAST.CMP/C_CHAIN/CHAIN_GEN[1].C_MUX.CARRY_MUX_i_2__3                                                       | CLB.LUT.LUT6           |
    | grp_node_0_0_Pipeline_l_S_t_1_t_fu_256/hadd_16ns_16ns_16_3_no_dsp_1_U1/node_0_0_hadd_16ns_16ns_16_3_no_dsp_1_ip_u/U0/i_synth/ADDSUB_OP.ADDSUB/LOGIC_SPEED.OP/EXP/NUMB_CMP/NOT_FAST.CMP/C_CHAIN/CHAIN_GEN[1].C_MUX.CARRY_MUX_i_1__5                                                       | CLB.LUT.LUT4           |
    | grp_node_0_0_Pipeline_l_S_t_1_t_fu_256/hadd_16ns_16ns_16_3_no_dsp_1_U1/node_0_0_hadd_16ns_16ns_16_3_no_dsp_1_ip_u/U0/i_synth/ADDSUB_OP.ADDSUB/LOGIC_SPEED.OP/ALIGN_BLK/ALIGN_SHIFT/ALIGN_Z_D/EQ_ZERO/CARRY_ZERO_DET/CHAIN_GEN[0].C_MUX.CARRY_MUX_CARRY4_CARRY8                           | CLB.CARRY.CARRY8       |
    | grp_node_0_0_Pipeline_l_S_t_1_t_fu_256/hadd_16ns_16ns_16_3_no_dsp_1_U1/node_0_0_hadd_16ns_16ns_16_3_no_dsp_1_ip_u/U0/i_synth/ADDSUB_OP.ADDSUB/LOGIC_SPEED.OP/EXP/NUMB_CMP/NOT_FAST.CMP/C_CHAIN/STRUCT_ADD1.CARRY_MUX2_i_7                                                                | CLB.LUT.LUT5           |
    | grp_node_0_0_Pipeline_l_S_t_1_t_fu_256/hadd_16ns_16ns_16_3_no_dsp_1_U1/node_0_0_hadd_16ns_16ns_16_3_no_dsp_1_ip_u/U0/i_synth/ADDSUB_OP.ADDSUB/LOGIC_SPEED.OP/EXP/NUMB_CMP/NOT_FAST.CMP/C_CHAIN/STRUCT_ADD1.CARRY_MUX2_i_2                                                                | CLB.LUT.LUT6           |
    | grp_node_0_0_Pipeline_l_S_t_1_t_fu_256/hadd_16ns_16ns_16_3_no_dsp_1_U1/node_0_0_hadd_16ns_16ns_16_3_no_dsp_1_ip_u/U0/i_synth/ADDSUB_OP.ADDSUB/LOGIC_SPEED.OP/EXP/NUMB_CMP/NOT_FAST.CMP/C_CHAIN/STRUCT_ADD1.CARRY_MUX2_i_1                                                                | CLB.LUT.LUT6           |
    | grp_node_0_0_Pipeline_l_S_t_1_t_fu_256/hadd_16ns_16ns_16_3_no_dsp_1_U1/node_0_0_hadd_16ns_16ns_16_3_no_dsp_1_ip_u/U0/i_synth/ADDSUB_OP.ADDSUB/LOGIC_SPEED.OP/ALIGN_BLK/FRAC_ADDSUB/LOGIC_ADD.FRAC_ADDSUB/STRUCT_ADD1.CARRY_MUX1_CARRY4_CARRY8                                            | CLB.CARRY.CARRY8       |
    | grp_node_0_0_Pipeline_l_S_t_1_t_fu_256/hadd_16ns_16ns_16_3_no_dsp_1_U1/node_0_0_hadd_16ns_16ns_16_3_no_dsp_1_ip_u/U0/i_synth/ADDSUB_OP.ADDSUB/LOGIC_SPEED.OP/ALIGN_BLK/FRAC_ADDSUB/LOGIC_ADD.FRAC_ADDSUB/STRUCT_ADD2.ADD1/CHAIN_GEN[0].C_MUX.CARRY_MUX_CARRY4_CARRY8                     | CLB.CARRY.CARRY8       |
    | grp_node_0_0_Pipeline_l_S_t_1_t_fu_256/hadd_16ns_16ns_16_3_no_dsp_1_U1/node_0_0_hadd_16ns_16ns_16_3_no_dsp_1_ip_u/U0/i_synth/ADDSUB_OP.ADDSUB/LOGIC_SPEED.OP/ALIGN_BLK/FRAC_ADDSUB/LOGIC_ADD.FRAC_ADDSUB/STRUCT_ADD2.ADD1/CHAIN_GEN[0].C_MUX.CARRY_MUX_i_1__2                            | CLB.LUT.LUT4           |
    | grp_node_0_0_Pipeline_l_S_t_1_t_fu_256/hadd_16ns_16ns_16_3_no_dsp_1_U1/node_0_0_hadd_16ns_16ns_16_3_no_dsp_1_ip_u/U0/i_synth/ADDSUB_OP.ADDSUB/LOGIC_SPEED.OP/NORM/LZE/ZERO_DET_CC_1/CHAIN_GEN[0].C_MUX.CARRY_MUX_CARRY4_CARRY8                                                           | CLB.CARRY.CARRY8       |
    | grp_node_0_0_Pipeline_l_S_t_1_t_fu_256/hadd_16ns_16ns_16_3_no_dsp_1_U1/node_0_0_hadd_16ns_16ns_16_3_no_dsp_1_ip_u/U0/i_synth/ADDSUB_OP.ADDSUB/LOGIC_SPEED.OP/ALIGN_BLK/FRAC_ADDSUB/LOGIC_ADD.FRAC_ADDSUB/STRUCT_ADD2.ADD1/RESULT_REG.NORMAL.exp_op[2]_i_7                                | CLB.LUT.LUT5           |
    | grp_node_0_0_Pipeline_l_S_t_1_t_fu_256/hadd_16ns_16ns_16_3_no_dsp_1_U1/node_0_0_hadd_16ns_16ns_16_3_no_dsp_1_ip_u/U0/i_synth/ADDSUB_OP.ADDSUB/LOGIC_SPEED.OP/ALIGN_BLK/FRAC_ADDSUB/LOGIC_ADD.FRAC_ADDSUB/STRUCT_ADD1.ADD1/RESULT_REG.NORMAL.exp_op[1]_i_3                                | CLB.LUT.LUT5           |
    | grp_node_0_0_Pipeline_l_S_t_1_t_fu_256/hadd_16ns_16ns_16_3_no_dsp_1_U1/node_0_0_hadd_16ns_16ns_16_3_no_dsp_1_ip_u/U0/i_synth/ADDSUB_OP.ADDSUB/LOGIC_SPEED.OP/ALIGN_BLK/FRAC_ADDSUB/LOGIC_ADD.FRAC_ADDSUB/STRUCT_ADD1.ADD1/CHAIN_GEN[0].C_MUX.CARRY_MUX_i_6__0                            | CLB.LUT.LUT5           |
    | grp_node_0_0_Pipeline_l_S_t_1_t_fu_256/hadd_16ns_16ns_16_3_no_dsp_1_U1/node_0_0_hadd_16ns_16ns_16_3_no_dsp_1_ip_u/U0/i_synth/ADDSUB_OP.ADDSUB/LOGIC_SPEED.OP/ALIGN_BLK/FRAC_ADDSUB/LOGIC_ADD.FRAC_ADDSUB/STRUCT_ADD1.ADD1/CHAIN_GEN[0].C_MUX.CARRY_MUX_i_3__0                            | CLB.LUT.LUT6           |
    | grp_node_0_0_Pipeline_l_S_t_1_t_fu_256/hadd_16ns_16ns_16_3_no_dsp_1_U1/node_0_0_hadd_16ns_16ns_16_3_no_dsp_1_ip_u/U0/i_synth/ADDSUB_OP.ADDSUB/LOGIC_SPEED.OP/ALIGN_BLK/FRAC_ADDSUB/LOGIC_ADD.FRAC_ADDSUB/STRUCT_ADD1.ADD1/CHAIN_GEN[0].C_MUX.CARRY_MUX_i_1__10                           | CLB.LUT.LUT5           |
    | grp_node_0_0_Pipeline_l_S_t_1_t_fu_256/hadd_16ns_16ns_16_3_no_dsp_1_U1/node_0_0_hadd_16ns_16ns_16_3_no_dsp_1_ip_u/U0/i_synth/ADDSUB_OP.ADDSUB/LOGIC_SPEED.OP/NORM/ROUND/RND_BIT_GEN/NORM_2.RND_CHAIN/CHAIN_GEN[0].C_MUX.CARRY_MUX_CARRY4_CARRY8                                          | CLB.CARRY.CARRY8       |
    | grp_node_0_0_Pipeline_l_S_t_1_t_fu_256/hadd_16ns_16ns_16_3_no_dsp_1_U1/node_0_0_hadd_16ns_16ns_16_3_no_dsp_1_ip_u/U0/i_synth/ADDSUB_OP.ADDSUB/LOGIC_SPEED.OP/NORM/ROUND/LOGIC.RND1/CHAIN_GEN[2].C_MUX.CARRY_MUX_CARRY4_CARRY8                                                            | CLB.CARRY.CARRY8       |
    | grp_node_0_0_Pipeline_l_S_t_1_t_fu_256/hadd_16ns_16ns_16_3_no_dsp_1_U1/node_0_0_hadd_16ns_16ns_16_3_no_dsp_1_ip_u/U0/i_synth/ADDSUB_OP.ADDSUB/LOGIC_SPEED.OP/EXP/COND_DET_A/MANT_CARRY.MANT_ALL_ZERO_DET/CARRY_ZERO_DET/RESULT_REG.NORMAL.mant_op[9]_i_1                                 | CLB.LUT.LUT6           |
    | grp_node_0_0_Pipeline_l_S_t_1_t_fu_256/hadd_16ns_16ns_16_3_no_dsp_1_U1/node_0_0_hadd_16ns_16ns_16_3_no_dsp_1_ip_u/U0/i_synth/ADDSUB_OP.ADDSUB/LOGIC_SPEED.OP/OP/RESULT_REG.NORMAL.mant_op_reg[9]                                                                                         | REGISTER.SDR.FDRE      |
    | grp_node_0_0_Pipeline_l_S_t_1_t_fu_256/hadd_16ns_16ns_16_3_no_dsp_1_U1/din0_buf1_reg[8]                                                                                                                                                                                                  | REGISTER.SDR.FDRE      |
    | grp_node_0_0_Pipeline_l_S_t_1_t_fu_256/hsub_16ns_16ns_16_3_no_dsp_1_U2/node_0_0_hsub_16ns_16ns_16_3_no_dsp_1_ip_u/U0/i_synth/ADDSUB_OP.ADDSUB/LOGIC_SPEED.OP/EXP/NUMB_CMP/NOT_FAST.CMP/C_CHAIN/CHAIN_GEN[4].C_MUX.CARRY_MUX_i_1__3                                                       | CLB.LUT.LUT4           |
    | grp_node_0_0_Pipeline_l_S_t_1_t_fu_256/hsub_16ns_16ns_16_3_no_dsp_1_U2/node_0_0_hsub_16ns_16ns_16_3_no_dsp_1_ip_u/U0/i_synth/ADDSUB_OP.ADDSUB/LOGIC_SPEED.OP/EXP/NUMB_CMP/NOT_FAST.CMP/C_CHAIN/CHAIN_GEN[0].C_MUX.CARRY_MUX_CARRY4_CARRY8                                                | CLB.CARRY.CARRY8       |
    | grp_node_0_0_Pipeline_l_S_t_1_t_fu_256/hsub_16ns_16ns_16_3_no_dsp_1_U2/node_0_0_hsub_16ns_16ns_16_3_no_dsp_1_ip_u/U0/i_synth/ADDSUB_OP.ADDSUB/LOGIC_SPEED.OP/EXP/NUMB_CMP/NOT_FAST.CMP/C_CHAIN/CHAIN_GEN[1].C_MUX.CARRY_MUX_i_3__1                                                       | CLB.LUT.LUT6           |
    | grp_node_0_0_Pipeline_l_S_t_1_t_fu_256/hsub_16ns_16ns_16_3_no_dsp_1_U2/node_0_0_hsub_16ns_16ns_16_3_no_dsp_1_ip_u/U0/i_synth/ADDSUB_OP.ADDSUB/LOGIC_SPEED.OP/EXP/NUMB_CMP/NOT_FAST.CMP/C_CHAIN/CHAIN_GEN[1].C_MUX.CARRY_MUX_i_1__1                                                       | CLB.LUT.LUT4           |
    | grp_node_0_0_Pipeline_l_S_t_1_t_fu_256/hsub_16ns_16ns_16_3_no_dsp_1_U2/node_0_0_hsub_16ns_16ns_16_3_no_dsp_1_ip_u/U0/i_synth/ADDSUB_OP.ADDSUB/LOGIC_SPEED.OP/ALIGN_BLK/ALIGN_SHIFT/ALIGN_Z_D/EQ_ZERO/CARRY_ZERO_DET/CHAIN_GEN[0].C_MUX.CARRY_MUX_CARRY4_CARRY8                           | CLB.CARRY.CARRY8       |
    | grp_node_0_0_Pipeline_l_S_t_1_t_fu_256/hsub_16ns_16ns_16_3_no_dsp_1_U2/node_0_0_hsub_16ns_16ns_16_3_no_dsp_1_ip_u/U0/i_synth/ADDSUB_OP.ADDSUB/LOGIC_SPEED.OP/EXP/NUMB_CMP/NOT_FAST.CMP/C_CHAIN/STRUCT_ADD1.CARRY_MUX2_i_2                                                                | CLB.LUT.LUT5           |
    | grp_node_0_0_Pipeline_l_S_t_1_t_fu_256/hsub_16ns_16ns_16_3_no_dsp_1_U2/node_0_0_hsub_16ns_16ns_16_3_no_dsp_1_ip_u/U0/i_synth/ADDSUB_OP.ADDSUB/LOGIC_SPEED.OP/EXP/NUMB_CMP/NOT_FAST.CMP/C_CHAIN/STRUCT_ADD1.CARRY_MUX2_i_1                                                                | CLB.LUT.LUT6           |
    | grp_node_0_0_Pipeline_l_S_t_1_t_fu_256/hsub_16ns_16ns_16_3_no_dsp_1_U2/node_0_0_hsub_16ns_16ns_16_3_no_dsp_1_ip_u/U0/i_synth/ADDSUB_OP.ADDSUB/LOGIC_SPEED.OP/ALIGN_BLK/FRAC_ADDSUB/LOGIC_ADD.FRAC_ADDSUB/STRUCT_ADD1.CARRY_MUX1_CARRY4_CARRY8                                            | CLB.CARRY.CARRY8       |
    | grp_node_0_0_Pipeline_l_S_t_1_t_fu_256/hsub_16ns_16ns_16_3_no_dsp_1_U2/node_0_0_hsub_16ns_16ns_16_3_no_dsp_1_ip_u/U0/i_synth/ADDSUB_OP.ADDSUB/LOGIC_SPEED.OP/ALIGN_BLK/FRAC_ADDSUB/LOGIC_ADD.FRAC_ADDSUB/STRUCT_ADD2.ADD1/CHAIN_GEN[0].C_MUX.CARRY_MUX_CARRY4_CARRY8                     | CLB.CARRY.CARRY8       |
    | grp_node_0_0_Pipeline_l_S_t_1_t_fu_256/hsub_16ns_16ns_16_3_no_dsp_1_U2/node_0_0_hsub_16ns_16ns_16_3_no_dsp_1_ip_u/U0/i_synth/ADDSUB_OP.ADDSUB/LOGIC_SPEED.OP/ALIGN_BLK/FRAC_ADDSUB/LOGIC_ADD.FRAC_ADDSUB/STRUCT_ADD2.ADD1/CHAIN_GEN[1].C_MUX.CARRY_MUX_i_1__4                            | CLB.LUT.LUT4           |
    | grp_node_0_0_Pipeline_l_S_t_1_t_fu_256/hsub_16ns_16ns_16_3_no_dsp_1_U2/node_0_0_hsub_16ns_16ns_16_3_no_dsp_1_ip_u/U0/i_synth/ADDSUB_OP.ADDSUB/LOGIC_SPEED.OP/NORM/LZE/ZERO_DET_CC_1/CHAIN_GEN[0].C_MUX.CARRY_MUX_CARRY4_CARRY8                                                           | CLB.CARRY.CARRY8       |
    | grp_node_0_0_Pipeline_l_S_t_1_t_fu_256/hsub_16ns_16ns_16_3_no_dsp_1_U2/node_0_0_hsub_16ns_16ns_16_3_no_dsp_1_ip_u/U0/i_synth/ADDSUB_OP.ADDSUB/LOGIC_SPEED.OP/ALIGN_BLK/FRAC_ADDSUB/LOGIC_ADD.FRAC_ADDSUB/STRUCT_ADD2.ADD1/CHAIN_GEN[1].C_MUX.CARRY_MUX_i_5__1                            | CLB.LUT.LUT6           |
    | grp_node_0_0_Pipeline_l_S_t_1_t_fu_256/hsub_16ns_16ns_16_3_no_dsp_1_U2/node_0_0_hsub_16ns_16ns_16_3_no_dsp_1_ip_u/U0/i_synth/ADDSUB_OP.ADDSUB/LOGIC_SPEED.OP/ALIGN_BLK/FRAC_ADDSUB/LOGIC_ADD.FRAC_ADDSUB/STRUCT_ADD2.ADD1/CHAIN_GEN[1].C_MUX.CARRY_MUX_i_2__3                            | CLB.LUT.LUT6           |
    | grp_node_0_0_Pipeline_l_S_t_1_t_fu_256/hsub_16ns_16ns_16_3_no_dsp_1_U2/node_0_0_hsub_16ns_16ns_16_3_no_dsp_1_ip_u/U0/i_synth/ADDSUB_OP.ADDSUB/LOGIC_SPEED.OP/ALIGN_BLK/FRAC_ADDSUB/LOGIC_ADD.FRAC_ADDSUB/STRUCT_ADD2.ADD1/CHAIN_GEN[0].C_MUX.CARRY_MUX_i_6__0                            | CLB.LUT.LUT5           |
    | grp_node_0_0_Pipeline_l_S_t_1_t_fu_256/hsub_16ns_16ns_16_3_no_dsp_1_U2/node_0_0_hsub_16ns_16ns_16_3_no_dsp_1_ip_u/U0/i_synth/ADDSUB_OP.ADDSUB/LOGIC_SPEED.OP/ALIGN_BLK/FRAC_ADDSUB/LOGIC_ADD.FRAC_ADDSUB/STRUCT_ADD1.ADD1/CHAIN_GEN[0].C_MUX.CARRY_MUX_i_5__0                            | CLB.LUT.LUT6           |
    | grp_node_0_0_Pipeline_l_S_t_1_t_fu_256/hsub_16ns_16ns_16_3_no_dsp_1_U2/node_0_0_hsub_16ns_16ns_16_3_no_dsp_1_ip_u/U0/i_synth/ADDSUB_OP.ADDSUB/LOGIC_SPEED.OP/ALIGN_BLK/FRAC_ADDSUB/LOGIC_ADD.FRAC_ADDSUB/STRUCT_ADD1.ADD1/CHAIN_GEN[0].C_MUX.CARRY_MUX_i_1__9                            | CLB.LUT.LUT6           |
    | grp_node_0_0_Pipeline_l_S_t_1_t_fu_256/hsub_16ns_16ns_16_3_no_dsp_1_U2/node_0_0_hsub_16ns_16ns_16_3_no_dsp_1_ip_u/U0/i_synth/ADDSUB_OP.ADDSUB/LOGIC_SPEED.OP/NORM/ROUND/RND_BIT_GEN/NORM_2.RND_CHAIN/CHAIN_GEN[0].C_MUX.CARRY_MUX_CARRY4_CARRY8                                          | CLB.CARRY.CARRY8       |
    | grp_node_0_0_Pipeline_l_S_t_1_t_fu_256/hsub_16ns_16ns_16_3_no_dsp_1_U2/node_0_0_hsub_16ns_16ns_16_3_no_dsp_1_ip_u/U0/i_synth/ADDSUB_OP.ADDSUB/LOGIC_SPEED.OP/NORM/ROUND/LOGIC.RND1/CHAIN_GEN[2].C_MUX.CARRY_MUX_CARRY4_CARRY8                                                            | CLB.CARRY.CARRY8       |
    | grp_node_0_0_Pipeline_l_S_t_1_t_fu_256/hsub_16ns_16ns_16_3_no_dsp_1_U2/node_0_0_hsub_16ns_16ns_16_3_no_dsp_1_ip_u/U0/i_synth/ADDSUB_OP.ADDSUB/LOGIC_SPEED.OP/NORM/ROUND/LOGIC.RND2/CHAIN_GEN[5].Q_XOR.SUM_XOR_CARRY4_CARRY8                                                              | CLB.CARRY.CARRY8       |
    | grp_node_0_0_Pipeline_l_S_t_1_t_fu_256/hsub_16ns_16ns_16_3_no_dsp_1_U2/node_0_0_hsub_16ns_16ns_16_3_no_dsp_1_ip_u/U0/i_synth/ADDSUB_OP.ADDSUB/LOGIC_SPEED.OP/EXP/EXP_OFF.STRUCT_ADD/RESULT_REG.NORMAL.exp_op[1]_i_2                                                                      | CLB.LUT.LUT5           |
    | grp_node_0_0_Pipeline_l_S_t_1_t_fu_256/hsub_16ns_16ns_16_3_no_dsp_1_U2/node_0_0_hsub_16ns_16ns_16_3_no_dsp_1_ip_u/U0/i_synth/ADDSUB_OP.ADDSUB/LOGIC_SPEED.OP/EXP/EXP_OFF.STRUCT_ADD/RESULT_REG.NORMAL.exp_op[1]_i_1                                                                      | CLB.LUT.LUT6           |
    | grp_node_0_0_Pipeline_l_S_t_1_t_fu_256/hsub_16ns_16ns_16_3_no_dsp_1_U2/node_0_0_hsub_16ns_16ns_16_3_no_dsp_1_ip_u/U0/i_synth/ADDSUB_OP.ADDSUB/LOGIC_SPEED.OP/OP/RESULT_REG.NORMAL.exp_op_reg[1]                                                                                          | REGISTER.SDR.FDRE      |
    +------------------------------------------------------------------------------------------------------------------------------------------------------------------------------------------------------------------------------------------------------------------------------------------+------------------------+

    +------------------------------------------------------------------------------------------------------------------------------------------------------------------------------------------------------------------------------------------------------------------------------------------+------------------------+
    | Path10 Cells                                                                                                                                                                                                                                                                             | Primitive Type         |
    +------------------------------------------------------------------------------------------------------------------------------------------------------------------------------------------------------------------------------------------------------------------------------------------+------------------------+
    | grp_node_0_0_Pipeline_l_S_t_1_t_fu_256/hadd_16ns_16ns_16_3_no_dsp_1_U1/din0_buf1_reg[7]_replica                                                                                                                                                                                          | REGISTER.SDR.FDRE      |
    | grp_node_0_0_Pipeline_l_S_t_1_t_fu_256/hmul_16ns_16ns_16_3_max_dsp_1_U3/node_0_0_hmul_16ns_16ns_16_3_max_dsp_1_ip_u/U0/i_synth/MULT.OP/i_non_prim.MULT/MULT_GEN_VARIANT.FIX_MULT/MULT/gDSP.gDSP_only.iDSP/use_prim.appDSP[0].bppDSP[0].use_dsp.use_dsp48e2.iDSP48E2/DSP_A_B_DATA_INST    | ARITHMETIC.DSP.DSP48E2 |
    | grp_node_0_0_Pipeline_l_S_t_1_t_fu_256/hmul_16ns_16ns_16_3_max_dsp_1_U3/node_0_0_hmul_16ns_16ns_16_3_max_dsp_1_ip_u/U0/i_synth/MULT.OP/i_non_prim.MULT/MULT_GEN_VARIANT.FIX_MULT/MULT/gDSP.gDSP_only.iDSP/use_prim.appDSP[0].bppDSP[0].use_dsp.use_dsp48e2.iDSP48E2/DSP_PREADD_DATA_INST | ARITHMETIC.DSP.DSP48E2 |
    | grp_node_0_0_Pipeline_l_S_t_1_t_fu_256/hmul_16ns_16ns_16_3_max_dsp_1_U3/node_0_0_hmul_16ns_16ns_16_3_max_dsp_1_ip_u/U0/i_synth/MULT.OP/i_non_prim.MULT/MULT_GEN_VARIANT.FIX_MULT/MULT/gDSP.gDSP_only.iDSP/use_prim.appDSP[0].bppDSP[0].use_dsp.use_dsp48e2.iDSP48E2/DSP_MULTIPLIER_INST  | ARITHMETIC.DSP.DSP48E2 |
    | grp_node_0_0_Pipeline_l_S_t_1_t_fu_256/hmul_16ns_16ns_16_3_max_dsp_1_U3/node_0_0_hmul_16ns_16ns_16_3_max_dsp_1_ip_u/U0/i_synth/MULT.OP/i_non_prim.MULT/MULT_GEN_VARIANT.FIX_MULT/MULT/gDSP.gDSP_only.iDSP/use_prim.appDSP[0].bppDSP[0].use_dsp.use_dsp48e2.iDSP48E2/DSP_M_DATA_INST      | ARITHMETIC.DSP.DSP48E2 |
    | grp_node_0_0_Pipeline_l_S_t_1_t_fu_256/hmul_16ns_16ns_16_3_max_dsp_1_U3/node_0_0_hmul_16ns_16ns_16_3_max_dsp_1_ip_u/U0/i_synth/MULT.OP/i_non_prim.MULT/MULT_GEN_VARIANT.FIX_MULT/MULT/gDSP.gDSP_only.iDSP/use_prim.appDSP[0].bppDSP[0].use_dsp.use_dsp48e2.iDSP48E2/DSP_ALU_INST         | ARITHMETIC.DSP.DSP48E2 |
    | grp_node_0_0_Pipeline_l_S_t_1_t_fu_256/hmul_16ns_16ns_16_3_max_dsp_1_U3/node_0_0_hmul_16ns_16ns_16_3_max_dsp_1_ip_u/U0/i_synth/MULT.OP/i_non_prim.MULT/MULT_GEN_VARIANT.FIX_MULT/MULT/gDSP.gDSP_only.iDSP/use_prim.appDSP[0].bppDSP[0].use_dsp.use_dsp48e2.iDSP48E2/DSP_OUTPUT_INST      | ARITHMETIC.DSP.DSP48E2 |
    | grp_node_0_0_Pipeline_l_S_t_1_t_fu_256/hmul_16ns_16ns_16_3_max_dsp_1_U3/node_0_0_hmul_16ns_16ns_16_3_max_dsp_1_ip_u/U0/i_synth/MULT.OP/i_non_prim.MULT/MULT_GEN_VARIANT.FIX_MULT/CHAIN_GEN[0].C_MUX.CARRY_MUX_i_1__0                                                                     | CLB.LUT.LUT3           |
    | grp_node_0_0_Pipeline_l_S_t_1_t_fu_256/hmul_16ns_16ns_16_3_max_dsp_1_U3/node_0_0_hmul_16ns_16ns_16_3_max_dsp_1_ip_u/U0/i_synth/MULT.OP/i_non_prim.R_AND_R/LOGIC.R_AND_R/RND_BIT_GEN/NORM_1_OR_0.STRUCT_REQ.GENERAL.RND1/CHAIN_GEN[0].C_MUX.CARRY_MUX_CARRY4_CARRY8                       | CLB.CARRY.CARRY8       |
    | grp_node_0_0_Pipeline_l_S_t_1_t_fu_256/hmul_16ns_16ns_16_3_max_dsp_1_U3/node_0_0_hmul_16ns_16ns_16_3_max_dsp_1_ip_u/U0/i_synth/MULT.OP/i_non_prim.R_AND_R/LOGIC.R_AND_R/DSP48_E1.DSP48E1_ADD.DSP48E1_ADD/i_no_versal_es1_workaround.DSP/DSP_A_B_DATA_INST                                | ARITHMETIC.DSP.DSP48E2 |
    | grp_node_0_0_Pipeline_l_S_t_1_t_fu_256/hmul_16ns_16ns_16_3_max_dsp_1_U3/node_0_0_hmul_16ns_16ns_16_3_max_dsp_1_ip_u/U0/i_synth/MULT.OP/i_non_prim.R_AND_R/LOGIC.R_AND_R/DSP48_E1.DSP48E1_ADD.DSP48E1_ADD/i_no_versal_es1_workaround.DSP/DSP_ALU_INST                                     | ARITHMETIC.DSP.DSP48E2 |
    | grp_node_0_0_Pipeline_l_S_t_1_t_fu_256/hmul_16ns_16ns_16_3_max_dsp_1_U3/node_0_0_hmul_16ns_16ns_16_3_max_dsp_1_ip_u/U0/i_synth/MULT.OP/i_non_prim.R_AND_R/LOGIC.R_AND_R/DSP48_E1.DSP48E1_ADD.DSP48E1_ADD/i_no_versal_es1_workaround.DSP/DSP_OUTPUT_INST                                  | ARITHMETIC.DSP.DSP48E2 |
    | grp_node_0_0_Pipeline_l_S_t_1_t_fu_256/hmul_16ns_16ns_16_3_max_dsp_1_U3/node_0_0_hmul_16ns_16ns_16_3_max_dsp_1_ip_u/U0/i_synth/MULT.OP/i_non_prim.R_AND_R/LOGIC.R_AND_R/EXP_ADD.ADD/CHAIN_GEN[0].C_MUX.CARRY_MUX_CARRY4_CARRY8                                                           | CLB.CARRY.CARRY8       |
    | grp_node_0_0_Pipeline_l_S_t_1_t_fu_256/hmul_16ns_16ns_16_3_max_dsp_1_U3/node_0_0_hmul_16ns_16ns_16_3_max_dsp_1_ip_u/U0/i_synth/MULT.OP/i_non_prim.R_AND_R/LOGIC.R_AND_R/EXP_ADD.ADD/RESULT_REG.NORMAL.exp_op[3]_i_1                                                                      | CLB.LUT.LUT2           |
    | grp_node_0_0_Pipeline_l_S_t_1_t_fu_256/hmul_16ns_16ns_16_3_max_dsp_1_U3/node_0_0_hmul_16ns_16ns_16_3_max_dsp_1_ip_u/U0/i_synth/MULT.OP/i_non_prim.OP/RESULT_REG.NORMAL.exp_op_reg[3]                                                                                                     | REGISTER.SDR.FDRE      |
    | grp_node_0_0_Pipeline_l_S_t_1_t_fu_256/hadd_16ns_16ns_16_3_no_dsp_1_U1/din0_buf1_reg[7]_replica                                                                                                                                                                                          | REGISTER.SDR.FDRE      |
    | grp_node_0_0_Pipeline_l_S_t_1_t_fu_256/hmul_16ns_16ns_16_3_max_dsp_1_U3/node_0_0_hmul_16ns_16ns_16_3_max_dsp_1_ip_u/U0/i_synth/MULT.OP/i_non_prim.MULT/MULT_GEN_VARIANT.FIX_MULT/MULT/gDSP.gDSP_only.iDSP/use_prim.appDSP[0].bppDSP[0].use_dsp.use_dsp48e2.iDSP48E2/DSP_A_B_DATA_INST    | ARITHMETIC.DSP.DSP48E2 |
    | grp_node_0_0_Pipeline_l_S_t_1_t_fu_256/hmul_16ns_16ns_16_3_max_dsp_1_U3/node_0_0_hmul_16ns_16ns_16_3_max_dsp_1_ip_u/U0/i_synth/MULT.OP/i_non_prim.MULT/MULT_GEN_VARIANT.FIX_MULT/MULT/gDSP.gDSP_only.iDSP/use_prim.appDSP[0].bppDSP[0].use_dsp.use_dsp48e2.iDSP48E2/DSP_PREADD_DATA_INST | ARITHMETIC.DSP.DSP48E2 |
    | grp_node_0_0_Pipeline_l_S_t_1_t_fu_256/hmul_16ns_16ns_16_3_max_dsp_1_U3/node_0_0_hmul_16ns_16ns_16_3_max_dsp_1_ip_u/U0/i_synth/MULT.OP/i_non_prim.MULT/MULT_GEN_VARIANT.FIX_MULT/MULT/gDSP.gDSP_only.iDSP/use_prim.appDSP[0].bppDSP[0].use_dsp.use_dsp48e2.iDSP48E2/DSP_MULTIPLIER_INST  | ARITHMETIC.DSP.DSP48E2 |
    | grp_node_0_0_Pipeline_l_S_t_1_t_fu_256/hmul_16ns_16ns_16_3_max_dsp_1_U3/node_0_0_hmul_16ns_16ns_16_3_max_dsp_1_ip_u/U0/i_synth/MULT.OP/i_non_prim.MULT/MULT_GEN_VARIANT.FIX_MULT/MULT/gDSP.gDSP_only.iDSP/use_prim.appDSP[0].bppDSP[0].use_dsp.use_dsp48e2.iDSP48E2/DSP_M_DATA_INST      | ARITHMETIC.DSP.DSP48E2 |
    | grp_node_0_0_Pipeline_l_S_t_1_t_fu_256/hmul_16ns_16ns_16_3_max_dsp_1_U3/node_0_0_hmul_16ns_16ns_16_3_max_dsp_1_ip_u/U0/i_synth/MULT.OP/i_non_prim.MULT/MULT_GEN_VARIANT.FIX_MULT/MULT/gDSP.gDSP_only.iDSP/use_prim.appDSP[0].bppDSP[0].use_dsp.use_dsp48e2.iDSP48E2/DSP_ALU_INST         | ARITHMETIC.DSP.DSP48E2 |
    | grp_node_0_0_Pipeline_l_S_t_1_t_fu_256/hmul_16ns_16ns_16_3_max_dsp_1_U3/node_0_0_hmul_16ns_16ns_16_3_max_dsp_1_ip_u/U0/i_synth/MULT.OP/i_non_prim.MULT/MULT_GEN_VARIANT.FIX_MULT/MULT/gDSP.gDSP_only.iDSP/use_prim.appDSP[0].bppDSP[0].use_dsp.use_dsp48e2.iDSP48E2/DSP_OUTPUT_INST      | ARITHMETIC.DSP.DSP48E2 |
    | grp_node_0_0_Pipeline_l_S_t_1_t_fu_256/hmul_16ns_16ns_16_3_max_dsp_1_U3/node_0_0_hmul_16ns_16ns_16_3_max_dsp_1_ip_u/U0/i_synth/MULT.OP/i_non_prim.MULT/MULT_GEN_VARIANT.FIX_MULT/CHAIN_GEN[0].C_MUX.CARRY_MUX_i_1__0                                                                     | CLB.LUT.LUT3           |
    | grp_node_0_0_Pipeline_l_S_t_1_t_fu_256/hmul_16ns_16ns_16_3_max_dsp_1_U3/node_0_0_hmul_16ns_16ns_16_3_max_dsp_1_ip_u/U0/i_synth/MULT.OP/i_non_prim.R_AND_R/LOGIC.R_AND_R/RND_BIT_GEN/NORM_1_OR_0.STRUCT_REQ.GENERAL.RND1/CHAIN_GEN[0].C_MUX.CARRY_MUX_CARRY4_CARRY8                       | CLB.CARRY.CARRY8       |
    | grp_node_0_0_Pipeline_l_S_t_1_t_fu_256/hmul_16ns_16ns_16_3_max_dsp_1_U3/node_0_0_hmul_16ns_16ns_16_3_max_dsp_1_ip_u/U0/i_synth/MULT.OP/i_non_prim.R_AND_R/LOGIC.R_AND_R/DSP48_E1.DSP48E1_ADD.DSP48E1_ADD/i_no_versal_es1_workaround.DSP/DSP_A_B_DATA_INST                                | ARITHMETIC.DSP.DSP48E2 |
    | grp_node_0_0_Pipeline_l_S_t_1_t_fu_256/hmul_16ns_16ns_16_3_max_dsp_1_U3/node_0_0_hmul_16ns_16ns_16_3_max_dsp_1_ip_u/U0/i_synth/MULT.OP/i_non_prim.R_AND_R/LOGIC.R_AND_R/DSP48_E1.DSP48E1_ADD.DSP48E1_ADD/i_no_versal_es1_workaround.DSP/DSP_ALU_INST                                     | ARITHMETIC.DSP.DSP48E2 |
    | grp_node_0_0_Pipeline_l_S_t_1_t_fu_256/hmul_16ns_16ns_16_3_max_dsp_1_U3/node_0_0_hmul_16ns_16ns_16_3_max_dsp_1_ip_u/U0/i_synth/MULT.OP/i_non_prim.R_AND_R/LOGIC.R_AND_R/DSP48_E1.DSP48E1_ADD.DSP48E1_ADD/i_no_versal_es1_workaround.DSP/DSP_OUTPUT_INST                                  | ARITHMETIC.DSP.DSP48E2 |
    | grp_node_0_0_Pipeline_l_S_t_1_t_fu_256/hmul_16ns_16ns_16_3_max_dsp_1_U3/node_0_0_hmul_16ns_16ns_16_3_max_dsp_1_ip_u/U0/i_synth/MULT.OP/i_non_prim.R_AND_R/LOGIC.R_AND_R/EXP_ADD.ADD/CHAIN_GEN[0].C_MUX.CARRY_MUX_CARRY4_CARRY8                                                           | CLB.CARRY.CARRY8       |
    | grp_node_0_0_Pipeline_l_S_t_1_t_fu_256/hmul_16ns_16ns_16_3_max_dsp_1_U3/node_0_0_hmul_16ns_16ns_16_3_max_dsp_1_ip_u/U0/i_synth/MULT.OP/i_non_prim.R_AND_R/LOGIC.R_AND_R/EXP_ADD.ADD/RESULT_REG.NORMAL.exp_op[4]_i_2                                                                      | CLB.LUT.LUT2           |
    | grp_node_0_0_Pipeline_l_S_t_1_t_fu_256/hmul_16ns_16ns_16_3_max_dsp_1_U3/node_0_0_hmul_16ns_16ns_16_3_max_dsp_1_ip_u/U0/i_synth/MULT.OP/i_non_prim.OP/RESULT_REG.NORMAL.exp_op_reg[4]                                                                                                     | REGISTER.SDR.FDRE      |
    | grp_node_0_0_Pipeline_l_S_t_1_t_fu_256/hadd_16ns_16ns_16_3_no_dsp_1_U1/din0_buf1_reg[7]_replica                                                                                                                                                                                          | REGISTER.SDR.FDRE      |
    | grp_node_0_0_Pipeline_l_S_t_1_t_fu_256/hmul_16ns_16ns_16_3_max_dsp_1_U3/node_0_0_hmul_16ns_16ns_16_3_max_dsp_1_ip_u/U0/i_synth/MULT.OP/i_non_prim.MULT/MULT_GEN_VARIANT.FIX_MULT/MULT/gDSP.gDSP_only.iDSP/use_prim.appDSP[0].bppDSP[0].use_dsp.use_dsp48e2.iDSP48E2/DSP_A_B_DATA_INST    | ARITHMETIC.DSP.DSP48E2 |
    | grp_node_0_0_Pipeline_l_S_t_1_t_fu_256/hmul_16ns_16ns_16_3_max_dsp_1_U3/node_0_0_hmul_16ns_16ns_16_3_max_dsp_1_ip_u/U0/i_synth/MULT.OP/i_non_prim.MULT/MULT_GEN_VARIANT.FIX_MULT/MULT/gDSP.gDSP_only.iDSP/use_prim.appDSP[0].bppDSP[0].use_dsp.use_dsp48e2.iDSP48E2/DSP_PREADD_DATA_INST | ARITHMETIC.DSP.DSP48E2 |
    | grp_node_0_0_Pipeline_l_S_t_1_t_fu_256/hmul_16ns_16ns_16_3_max_dsp_1_U3/node_0_0_hmul_16ns_16ns_16_3_max_dsp_1_ip_u/U0/i_synth/MULT.OP/i_non_prim.MULT/MULT_GEN_VARIANT.FIX_MULT/MULT/gDSP.gDSP_only.iDSP/use_prim.appDSP[0].bppDSP[0].use_dsp.use_dsp48e2.iDSP48E2/DSP_MULTIPLIER_INST  | ARITHMETIC.DSP.DSP48E2 |
    | grp_node_0_0_Pipeline_l_S_t_1_t_fu_256/hmul_16ns_16ns_16_3_max_dsp_1_U3/node_0_0_hmul_16ns_16ns_16_3_max_dsp_1_ip_u/U0/i_synth/MULT.OP/i_non_prim.MULT/MULT_GEN_VARIANT.FIX_MULT/MULT/gDSP.gDSP_only.iDSP/use_prim.appDSP[0].bppDSP[0].use_dsp.use_dsp48e2.iDSP48E2/DSP_M_DATA_INST      | ARITHMETIC.DSP.DSP48E2 |
    | grp_node_0_0_Pipeline_l_S_t_1_t_fu_256/hmul_16ns_16ns_16_3_max_dsp_1_U3/node_0_0_hmul_16ns_16ns_16_3_max_dsp_1_ip_u/U0/i_synth/MULT.OP/i_non_prim.MULT/MULT_GEN_VARIANT.FIX_MULT/MULT/gDSP.gDSP_only.iDSP/use_prim.appDSP[0].bppDSP[0].use_dsp.use_dsp48e2.iDSP48E2/DSP_ALU_INST         | ARITHMETIC.DSP.DSP48E2 |
    | grp_node_0_0_Pipeline_l_S_t_1_t_fu_256/hmul_16ns_16ns_16_3_max_dsp_1_U3/node_0_0_hmul_16ns_16ns_16_3_max_dsp_1_ip_u/U0/i_synth/MULT.OP/i_non_prim.MULT/MULT_GEN_VARIANT.FIX_MULT/MULT/gDSP.gDSP_only.iDSP/use_prim.appDSP[0].bppDSP[0].use_dsp.use_dsp48e2.iDSP48E2/DSP_OUTPUT_INST      | ARITHMETIC.DSP.DSP48E2 |
    | grp_node_0_0_Pipeline_l_S_t_1_t_fu_256/hmul_16ns_16ns_16_3_max_dsp_1_U3/node_0_0_hmul_16ns_16ns_16_3_max_dsp_1_ip_u/U0/i_synth/MULT.OP/i_non_prim.MULT/MULT_GEN_VARIANT.FIX_MULT/CHAIN_GEN[0].C_MUX.CARRY_MUX_i_1__0                                                                     | CLB.LUT.LUT3           |
    | grp_node_0_0_Pipeline_l_S_t_1_t_fu_256/hmul_16ns_16ns_16_3_max_dsp_1_U3/node_0_0_hmul_16ns_16ns_16_3_max_dsp_1_ip_u/U0/i_synth/MULT.OP/i_non_prim.R_AND_R/LOGIC.R_AND_R/RND_BIT_GEN/NORM_1_OR_0.STRUCT_REQ.GENERAL.RND1/CHAIN_GEN[0].C_MUX.CARRY_MUX_CARRY4_CARRY8                       | CLB.CARRY.CARRY8       |
    | grp_node_0_0_Pipeline_l_S_t_1_t_fu_256/hmul_16ns_16ns_16_3_max_dsp_1_U3/node_0_0_hmul_16ns_16ns_16_3_max_dsp_1_ip_u/U0/i_synth/MULT.OP/i_non_prim.R_AND_R/LOGIC.R_AND_R/DSP48_E1.DSP48E1_ADD.DSP48E1_ADD/i_no_versal_es1_workaround.DSP/DSP_A_B_DATA_INST                                | ARITHMETIC.DSP.DSP48E2 |
    | grp_node_0_0_Pipeline_l_S_t_1_t_fu_256/hmul_16ns_16ns_16_3_max_dsp_1_U3/node_0_0_hmul_16ns_16ns_16_3_max_dsp_1_ip_u/U0/i_synth/MULT.OP/i_non_prim.R_AND_R/LOGIC.R_AND_R/DSP48_E1.DSP48E1_ADD.DSP48E1_ADD/i_no_versal_es1_workaround.DSP/DSP_ALU_INST                                     | ARITHMETIC.DSP.DSP48E2 |
    | grp_node_0_0_Pipeline_l_S_t_1_t_fu_256/hmul_16ns_16ns_16_3_max_dsp_1_U3/node_0_0_hmul_16ns_16ns_16_3_max_dsp_1_ip_u/U0/i_synth/MULT.OP/i_non_prim.R_AND_R/LOGIC.R_AND_R/DSP48_E1.DSP48E1_ADD.DSP48E1_ADD/i_no_versal_es1_workaround.DSP/DSP_OUTPUT_INST                                  | ARITHMETIC.DSP.DSP48E2 |
    | grp_node_0_0_Pipeline_l_S_t_1_t_fu_256/hmul_16ns_16ns_16_3_max_dsp_1_U3/node_0_0_hmul_16ns_16ns_16_3_max_dsp_1_ip_u/U0/i_synth/MULT.OP/i_non_prim.R_AND_R/LOGIC.R_AND_R/EXP_ADD.ADD/CHAIN_GEN[0].C_MUX.CARRY_MUX_CARRY4_CARRY8                                                           | CLB.CARRY.CARRY8       |
    | grp_node_0_0_Pipeline_l_S_t_1_t_fu_256/hmul_16ns_16ns_16_3_max_dsp_1_U3/node_0_0_hmul_16ns_16ns_16_3_max_dsp_1_ip_u/U0/i_synth/MULT.OP/i_non_prim.R_AND_R/LOGIC.R_AND_R/EXP_ADD.ADD/RESULT_REG.NORMAL.exp_op[1]_i_1                                                                      | CLB.LUT.LUT2           |
    | grp_node_0_0_Pipeline_l_S_t_1_t_fu_256/hmul_16ns_16ns_16_3_max_dsp_1_U3/node_0_0_hmul_16ns_16ns_16_3_max_dsp_1_ip_u/U0/i_synth/MULT.OP/i_non_prim.OP/RESULT_REG.NORMAL.exp_op_reg[1]                                                                                                     | REGISTER.SDR.FDRE      |
    | grp_node_0_0_Pipeline_l_S_t_1_t_fu_256/hadd_16ns_16ns_16_3_no_dsp_1_U1/din0_buf1_reg[7]_replica                                                                                                                                                                                          | REGISTER.SDR.FDRE      |
    | grp_node_0_0_Pipeline_l_S_t_1_t_fu_256/hmul_16ns_16ns_16_3_max_dsp_1_U3/node_0_0_hmul_16ns_16ns_16_3_max_dsp_1_ip_u/U0/i_synth/MULT.OP/i_non_prim.MULT/MULT_GEN_VARIANT.FIX_MULT/MULT/gDSP.gDSP_only.iDSP/use_prim.appDSP[0].bppDSP[0].use_dsp.use_dsp48e2.iDSP48E2/DSP_A_B_DATA_INST    | ARITHMETIC.DSP.DSP48E2 |
    | grp_node_0_0_Pipeline_l_S_t_1_t_fu_256/hmul_16ns_16ns_16_3_max_dsp_1_U3/node_0_0_hmul_16ns_16ns_16_3_max_dsp_1_ip_u/U0/i_synth/MULT.OP/i_non_prim.MULT/MULT_GEN_VARIANT.FIX_MULT/MULT/gDSP.gDSP_only.iDSP/use_prim.appDSP[0].bppDSP[0].use_dsp.use_dsp48e2.iDSP48E2/DSP_PREADD_DATA_INST | ARITHMETIC.DSP.DSP48E2 |
    | grp_node_0_0_Pipeline_l_S_t_1_t_fu_256/hmul_16ns_16ns_16_3_max_dsp_1_U3/node_0_0_hmul_16ns_16ns_16_3_max_dsp_1_ip_u/U0/i_synth/MULT.OP/i_non_prim.MULT/MULT_GEN_VARIANT.FIX_MULT/MULT/gDSP.gDSP_only.iDSP/use_prim.appDSP[0].bppDSP[0].use_dsp.use_dsp48e2.iDSP48E2/DSP_MULTIPLIER_INST  | ARITHMETIC.DSP.DSP48E2 |
    | grp_node_0_0_Pipeline_l_S_t_1_t_fu_256/hmul_16ns_16ns_16_3_max_dsp_1_U3/node_0_0_hmul_16ns_16ns_16_3_max_dsp_1_ip_u/U0/i_synth/MULT.OP/i_non_prim.MULT/MULT_GEN_VARIANT.FIX_MULT/MULT/gDSP.gDSP_only.iDSP/use_prim.appDSP[0].bppDSP[0].use_dsp.use_dsp48e2.iDSP48E2/DSP_M_DATA_INST      | ARITHMETIC.DSP.DSP48E2 |
    | grp_node_0_0_Pipeline_l_S_t_1_t_fu_256/hmul_16ns_16ns_16_3_max_dsp_1_U3/node_0_0_hmul_16ns_16ns_16_3_max_dsp_1_ip_u/U0/i_synth/MULT.OP/i_non_prim.MULT/MULT_GEN_VARIANT.FIX_MULT/MULT/gDSP.gDSP_only.iDSP/use_prim.appDSP[0].bppDSP[0].use_dsp.use_dsp48e2.iDSP48E2/DSP_ALU_INST         | ARITHMETIC.DSP.DSP48E2 |
    | grp_node_0_0_Pipeline_l_S_t_1_t_fu_256/hmul_16ns_16ns_16_3_max_dsp_1_U3/node_0_0_hmul_16ns_16ns_16_3_max_dsp_1_ip_u/U0/i_synth/MULT.OP/i_non_prim.MULT/MULT_GEN_VARIANT.FIX_MULT/MULT/gDSP.gDSP_only.iDSP/use_prim.appDSP[0].bppDSP[0].use_dsp.use_dsp48e2.iDSP48E2/DSP_OUTPUT_INST      | ARITHMETIC.DSP.DSP48E2 |
    | grp_node_0_0_Pipeline_l_S_t_1_t_fu_256/hmul_16ns_16ns_16_3_max_dsp_1_U3/node_0_0_hmul_16ns_16ns_16_3_max_dsp_1_ip_u/U0/i_synth/MULT.OP/i_non_prim.MULT/MULT_GEN_VARIANT.FIX_MULT/CHAIN_GEN[0].C_MUX.CARRY_MUX_i_1__0                                                                     | CLB.LUT.LUT3           |
    | grp_node_0_0_Pipeline_l_S_t_1_t_fu_256/hmul_16ns_16ns_16_3_max_dsp_1_U3/node_0_0_hmul_16ns_16ns_16_3_max_dsp_1_ip_u/U0/i_synth/MULT.OP/i_non_prim.R_AND_R/LOGIC.R_AND_R/RND_BIT_GEN/NORM_1_OR_0.STRUCT_REQ.GENERAL.RND1/CHAIN_GEN[0].C_MUX.CARRY_MUX_CARRY4_CARRY8                       | CLB.CARRY.CARRY8       |
    | grp_node_0_0_Pipeline_l_S_t_1_t_fu_256/hmul_16ns_16ns_16_3_max_dsp_1_U3/node_0_0_hmul_16ns_16ns_16_3_max_dsp_1_ip_u/U0/i_synth/MULT.OP/i_non_prim.R_AND_R/LOGIC.R_AND_R/DSP48_E1.DSP48E1_ADD.DSP48E1_ADD/i_no_versal_es1_workaround.DSP/DSP_A_B_DATA_INST                                | ARITHMETIC.DSP.DSP48E2 |
    | grp_node_0_0_Pipeline_l_S_t_1_t_fu_256/hmul_16ns_16ns_16_3_max_dsp_1_U3/node_0_0_hmul_16ns_16ns_16_3_max_dsp_1_ip_u/U0/i_synth/MULT.OP/i_non_prim.R_AND_R/LOGIC.R_AND_R/DSP48_E1.DSP48E1_ADD.DSP48E1_ADD/i_no_versal_es1_workaround.DSP/DSP_ALU_INST                                     | ARITHMETIC.DSP.DSP48E2 |
    | grp_node_0_0_Pipeline_l_S_t_1_t_fu_256/hmul_16ns_16ns_16_3_max_dsp_1_U3/node_0_0_hmul_16ns_16ns_16_3_max_dsp_1_ip_u/U0/i_synth/MULT.OP/i_non_prim.R_AND_R/LOGIC.R_AND_R/DSP48_E1.DSP48E1_ADD.DSP48E1_ADD/i_no_versal_es1_workaround.DSP/DSP_OUTPUT_INST                                  | ARITHMETIC.DSP.DSP48E2 |
    | grp_node_0_0_Pipeline_l_S_t_1_t_fu_256/hmul_16ns_16ns_16_3_max_dsp_1_U3/node_0_0_hmul_16ns_16ns_16_3_max_dsp_1_ip_u/U0/i_synth/MULT.OP/i_non_prim.R_AND_R/LOGIC.R_AND_R/EXP_ADD.ADD/CHAIN_GEN[0].C_MUX.CARRY_MUX_CARRY4_CARRY8                                                           | CLB.CARRY.CARRY8       |
    | grp_node_0_0_Pipeline_l_S_t_1_t_fu_256/hmul_16ns_16ns_16_3_max_dsp_1_U3/node_0_0_hmul_16ns_16ns_16_3_max_dsp_1_ip_u/U0/i_synth/MULT.OP/i_non_prim.R_AND_R/LOGIC.R_AND_R/EXP_ADD.ADD/RESULT_REG.NORMAL.exp_op[2]_i_1                                                                      | CLB.LUT.LUT2           |
    | grp_node_0_0_Pipeline_l_S_t_1_t_fu_256/hmul_16ns_16ns_16_3_max_dsp_1_U3/node_0_0_hmul_16ns_16ns_16_3_max_dsp_1_ip_u/U0/i_synth/MULT.OP/i_non_prim.OP/RESULT_REG.NORMAL.exp_op_reg[2]                                                                                                     | REGISTER.SDR.FDRE      |
    | grp_node_0_0_Pipeline_l_S_t_1_t_fu_256/hadd_16ns_16ns_16_3_no_dsp_1_U1/din0_buf1_reg[7]_replica                                                                                                                                                                                          | REGISTER.SDR.FDRE      |
    | grp_node_0_0_Pipeline_l_S_t_1_t_fu_256/hmul_16ns_16ns_16_3_max_dsp_1_U3/node_0_0_hmul_16ns_16ns_16_3_max_dsp_1_ip_u/U0/i_synth/MULT.OP/i_non_prim.MULT/MULT_GEN_VARIANT.FIX_MULT/MULT/gDSP.gDSP_only.iDSP/use_prim.appDSP[0].bppDSP[0].use_dsp.use_dsp48e2.iDSP48E2/DSP_A_B_DATA_INST    | ARITHMETIC.DSP.DSP48E2 |
    | grp_node_0_0_Pipeline_l_S_t_1_t_fu_256/hmul_16ns_16ns_16_3_max_dsp_1_U3/node_0_0_hmul_16ns_16ns_16_3_max_dsp_1_ip_u/U0/i_synth/MULT.OP/i_non_prim.MULT/MULT_GEN_VARIANT.FIX_MULT/MULT/gDSP.gDSP_only.iDSP/use_prim.appDSP[0].bppDSP[0].use_dsp.use_dsp48e2.iDSP48E2/DSP_PREADD_DATA_INST | ARITHMETIC.DSP.DSP48E2 |
    | grp_node_0_0_Pipeline_l_S_t_1_t_fu_256/hmul_16ns_16ns_16_3_max_dsp_1_U3/node_0_0_hmul_16ns_16ns_16_3_max_dsp_1_ip_u/U0/i_synth/MULT.OP/i_non_prim.MULT/MULT_GEN_VARIANT.FIX_MULT/MULT/gDSP.gDSP_only.iDSP/use_prim.appDSP[0].bppDSP[0].use_dsp.use_dsp48e2.iDSP48E2/DSP_MULTIPLIER_INST  | ARITHMETIC.DSP.DSP48E2 |
    | grp_node_0_0_Pipeline_l_S_t_1_t_fu_256/hmul_16ns_16ns_16_3_max_dsp_1_U3/node_0_0_hmul_16ns_16ns_16_3_max_dsp_1_ip_u/U0/i_synth/MULT.OP/i_non_prim.MULT/MULT_GEN_VARIANT.FIX_MULT/MULT/gDSP.gDSP_only.iDSP/use_prim.appDSP[0].bppDSP[0].use_dsp.use_dsp48e2.iDSP48E2/DSP_M_DATA_INST      | ARITHMETIC.DSP.DSP48E2 |
    | grp_node_0_0_Pipeline_l_S_t_1_t_fu_256/hmul_16ns_16ns_16_3_max_dsp_1_U3/node_0_0_hmul_16ns_16ns_16_3_max_dsp_1_ip_u/U0/i_synth/MULT.OP/i_non_prim.MULT/MULT_GEN_VARIANT.FIX_MULT/MULT/gDSP.gDSP_only.iDSP/use_prim.appDSP[0].bppDSP[0].use_dsp.use_dsp48e2.iDSP48E2/DSP_ALU_INST         | ARITHMETIC.DSP.DSP48E2 |
    | grp_node_0_0_Pipeline_l_S_t_1_t_fu_256/hmul_16ns_16ns_16_3_max_dsp_1_U3/node_0_0_hmul_16ns_16ns_16_3_max_dsp_1_ip_u/U0/i_synth/MULT.OP/i_non_prim.MULT/MULT_GEN_VARIANT.FIX_MULT/MULT/gDSP.gDSP_only.iDSP/use_prim.appDSP[0].bppDSP[0].use_dsp.use_dsp48e2.iDSP48E2/DSP_OUTPUT_INST      | ARITHMETIC.DSP.DSP48E2 |
    | grp_node_0_0_Pipeline_l_S_t_1_t_fu_256/hmul_16ns_16ns_16_3_max_dsp_1_U3/node_0_0_hmul_16ns_16ns_16_3_max_dsp_1_ip_u/U0/i_synth/MULT.OP/i_non_prim.MULT/MULT_GEN_VARIANT.FIX_MULT/CHAIN_GEN[0].C_MUX.CARRY_MUX_i_1__0                                                                     | CLB.LUT.LUT3           |
    | grp_node_0_0_Pipeline_l_S_t_1_t_fu_256/hmul_16ns_16ns_16_3_max_dsp_1_U3/node_0_0_hmul_16ns_16ns_16_3_max_dsp_1_ip_u/U0/i_synth/MULT.OP/i_non_prim.R_AND_R/LOGIC.R_AND_R/RND_BIT_GEN/NORM_1_OR_0.STRUCT_REQ.GENERAL.RND1/CHAIN_GEN[0].C_MUX.CARRY_MUX_CARRY4_CARRY8                       | CLB.CARRY.CARRY8       |
    | grp_node_0_0_Pipeline_l_S_t_1_t_fu_256/hmul_16ns_16ns_16_3_max_dsp_1_U3/node_0_0_hmul_16ns_16ns_16_3_max_dsp_1_ip_u/U0/i_synth/MULT.OP/i_non_prim.R_AND_R/LOGIC.R_AND_R/DSP48_E1.DSP48E1_ADD.DSP48E1_ADD/i_no_versal_es1_workaround.DSP/DSP_A_B_DATA_INST                                | ARITHMETIC.DSP.DSP48E2 |
    | grp_node_0_0_Pipeline_l_S_t_1_t_fu_256/hmul_16ns_16ns_16_3_max_dsp_1_U3/node_0_0_hmul_16ns_16ns_16_3_max_dsp_1_ip_u/U0/i_synth/MULT.OP/i_non_prim.R_AND_R/LOGIC.R_AND_R/DSP48_E1.DSP48E1_ADD.DSP48E1_ADD/i_no_versal_es1_workaround.DSP/DSP_ALU_INST                                     | ARITHMETIC.DSP.DSP48E2 |
    | grp_node_0_0_Pipeline_l_S_t_1_t_fu_256/hmul_16ns_16ns_16_3_max_dsp_1_U3/node_0_0_hmul_16ns_16ns_16_3_max_dsp_1_ip_u/U0/i_synth/MULT.OP/i_non_prim.R_AND_R/LOGIC.R_AND_R/DSP48_E1.DSP48E1_ADD.DSP48E1_ADD/i_no_versal_es1_workaround.DSP/DSP_OUTPUT_INST                                  | ARITHMETIC.DSP.DSP48E2 |
    | grp_node_0_0_Pipeline_l_S_t_1_t_fu_256/hmul_16ns_16ns_16_3_max_dsp_1_U3/node_0_0_hmul_16ns_16ns_16_3_max_dsp_1_ip_u/U0/i_synth/MULT.OP/i_non_prim.R_AND_R/LOGIC.R_AND_R/EXP_ADD.ADD/CHAIN_GEN[0].C_MUX.CARRY_MUX_CARRY4_CARRY8                                                           | CLB.CARRY.CARRY8       |
    | grp_node_0_0_Pipeline_l_S_t_1_t_fu_256/hmul_16ns_16ns_16_3_max_dsp_1_U3/node_0_0_hmul_16ns_16ns_16_3_max_dsp_1_ip_u/U0/i_synth/MULT.OP/i_non_prim.EXP/EXP_ADD.C_CHAIN/RESULT_REG.NORMAL.exp_op[0]_i_1                                                                                    | CLB.LUT.LUT6           |
    | grp_node_0_0_Pipeline_l_S_t_1_t_fu_256/hmul_16ns_16ns_16_3_max_dsp_1_U3/node_0_0_hmul_16ns_16ns_16_3_max_dsp_1_ip_u/U0/i_synth/MULT.OP/i_non_prim.OP/RESULT_REG.NORMAL.exp_op_reg[0]                                                                                                     | REGISTER.SDR.FDRE      |
    | grp_node_0_0_Pipeline_l_S_t_1_t_fu_256/hadd_16ns_16ns_16_3_no_dsp_1_U1/din1_buf1_reg[9]_replica                                                                                                                                                                                          | REGISTER.SDR.FDRE      |
    | grp_node_0_0_Pipeline_l_S_t_1_t_fu_256/hadd_16ns_16ns_16_3_no_dsp_1_U1/node_0_0_hadd_16ns_16ns_16_3_no_dsp_1_ip_u/U0/i_synth/ADDSUB_OP.ADDSUB/LOGIC_SPEED.OP/EXP/NUMB_CMP/NOT_FAST.CMP/C_CHAIN/CHAIN_GEN[4].C_MUX.CARRY_MUX_i_1__3                                                       | CLB.LUT.LUT4           |
    | grp_node_0_0_Pipeline_l_S_t_1_t_fu_256/hadd_16ns_16ns_16_3_no_dsp_1_U1/node_0_0_hadd_16ns_16ns_16_3_no_dsp_1_ip_u/U0/i_synth/ADDSUB_OP.ADDSUB/LOGIC_SPEED.OP/EXP/NUMB_CMP/NOT_FAST.CMP/C_CHAIN/CHAIN_GEN[0].C_MUX.CARRY_MUX_CARRY4_CARRY8                                                | CLB.CARRY.CARRY8       |
    | grp_node_0_0_Pipeline_l_S_t_1_t_fu_256/hadd_16ns_16ns_16_3_no_dsp_1_U1/node_0_0_hadd_16ns_16ns_16_3_no_dsp_1_ip_u/U0/i_synth/ADDSUB_OP.ADDSUB/LOGIC_SPEED.OP/EXP/NUMB_CMP/NOT_FAST.CMP/C_CHAIN/CHAIN_GEN[1].C_MUX.CARRY_MUX_i_2__3                                                       | CLB.LUT.LUT6           |
    | grp_node_0_0_Pipeline_l_S_t_1_t_fu_256/hadd_16ns_16ns_16_3_no_dsp_1_U1/node_0_0_hadd_16ns_16ns_16_3_no_dsp_1_ip_u/U0/i_synth/ADDSUB_OP.ADDSUB/LOGIC_SPEED.OP/EXP/NUMB_CMP/NOT_FAST.CMP/C_CHAIN/CHAIN_GEN[1].C_MUX.CARRY_MUX_i_1__5                                                       | CLB.LUT.LUT4           |
    | grp_node_0_0_Pipeline_l_S_t_1_t_fu_256/hadd_16ns_16ns_16_3_no_dsp_1_U1/node_0_0_hadd_16ns_16ns_16_3_no_dsp_1_ip_u/U0/i_synth/ADDSUB_OP.ADDSUB/LOGIC_SPEED.OP/ALIGN_BLK/ALIGN_SHIFT/ALIGN_Z_D/EQ_ZERO/CARRY_ZERO_DET/CHAIN_GEN[0].C_MUX.CARRY_MUX_CARRY4_CARRY8                           | CLB.CARRY.CARRY8       |
    | grp_node_0_0_Pipeline_l_S_t_1_t_fu_256/hadd_16ns_16ns_16_3_no_dsp_1_U1/node_0_0_hadd_16ns_16ns_16_3_no_dsp_1_ip_u/U0/i_synth/ADDSUB_OP.ADDSUB/LOGIC_SPEED.OP/EXP/NUMB_CMP/NOT_FAST.CMP/C_CHAIN/STRUCT_ADD1.CARRY_MUX2_i_7                                                                | CLB.LUT.LUT5           |
    | grp_node_0_0_Pipeline_l_S_t_1_t_fu_256/hadd_16ns_16ns_16_3_no_dsp_1_U1/node_0_0_hadd_16ns_16ns_16_3_no_dsp_1_ip_u/U0/i_synth/ADDSUB_OP.ADDSUB/LOGIC_SPEED.OP/EXP/NUMB_CMP/NOT_FAST.CMP/C_CHAIN/STRUCT_ADD1.CARRY_MUX2_i_2                                                                | CLB.LUT.LUT6           |
    | grp_node_0_0_Pipeline_l_S_t_1_t_fu_256/hadd_16ns_16ns_16_3_no_dsp_1_U1/node_0_0_hadd_16ns_16ns_16_3_no_dsp_1_ip_u/U0/i_synth/ADDSUB_OP.ADDSUB/LOGIC_SPEED.OP/EXP/NUMB_CMP/NOT_FAST.CMP/C_CHAIN/STRUCT_ADD1.CARRY_MUX2_i_1                                                                | CLB.LUT.LUT6           |
    | grp_node_0_0_Pipeline_l_S_t_1_t_fu_256/hadd_16ns_16ns_16_3_no_dsp_1_U1/node_0_0_hadd_16ns_16ns_16_3_no_dsp_1_ip_u/U0/i_synth/ADDSUB_OP.ADDSUB/LOGIC_SPEED.OP/ALIGN_BLK/FRAC_ADDSUB/LOGIC_ADD.FRAC_ADDSUB/STRUCT_ADD1.CARRY_MUX1_CARRY4_CARRY8                                            | CLB.CARRY.CARRY8       |
    | grp_node_0_0_Pipeline_l_S_t_1_t_fu_256/hadd_16ns_16ns_16_3_no_dsp_1_U1/node_0_0_hadd_16ns_16ns_16_3_no_dsp_1_ip_u/U0/i_synth/ADDSUB_OP.ADDSUB/LOGIC_SPEED.OP/ALIGN_BLK/FRAC_ADDSUB/LOGIC_ADD.FRAC_ADDSUB/STRUCT_ADD2.ADD1/CHAIN_GEN[0].C_MUX.CARRY_MUX_CARRY4_CARRY8                     | CLB.CARRY.CARRY8       |
    | grp_node_0_0_Pipeline_l_S_t_1_t_fu_256/hadd_16ns_16ns_16_3_no_dsp_1_U1/node_0_0_hadd_16ns_16ns_16_3_no_dsp_1_ip_u/U0/i_synth/ADDSUB_OP.ADDSUB/LOGIC_SPEED.OP/ALIGN_BLK/FRAC_ADDSUB/LOGIC_ADD.FRAC_ADDSUB/STRUCT_ADD2.ADD1/CHAIN_GEN[0].C_MUX.CARRY_MUX_i_1__2                            | CLB.LUT.LUT4           |
    | grp_node_0_0_Pipeline_l_S_t_1_t_fu_256/hadd_16ns_16ns_16_3_no_dsp_1_U1/node_0_0_hadd_16ns_16ns_16_3_no_dsp_1_ip_u/U0/i_synth/ADDSUB_OP.ADDSUB/LOGIC_SPEED.OP/NORM/LZE/ZERO_DET_CC_1/CHAIN_GEN[0].C_MUX.CARRY_MUX_CARRY4_CARRY8                                                           | CLB.CARRY.CARRY8       |
    | grp_node_0_0_Pipeline_l_S_t_1_t_fu_256/hadd_16ns_16ns_16_3_no_dsp_1_U1/node_0_0_hadd_16ns_16ns_16_3_no_dsp_1_ip_u/U0/i_synth/ADDSUB_OP.ADDSUB/LOGIC_SPEED.OP/ALIGN_BLK/FRAC_ADDSUB/LOGIC_ADD.FRAC_ADDSUB/STRUCT_ADD2.ADD1/RESULT_REG.NORMAL.exp_op[2]_i_7                                | CLB.LUT.LUT5           |
    | grp_node_0_0_Pipeline_l_S_t_1_t_fu_256/hadd_16ns_16ns_16_3_no_dsp_1_U1/node_0_0_hadd_16ns_16ns_16_3_no_dsp_1_ip_u/U0/i_synth/ADDSUB_OP.ADDSUB/LOGIC_SPEED.OP/ALIGN_BLK/FRAC_ADDSUB/LOGIC_ADD.FRAC_ADDSUB/STRUCT_ADD1.ADD1/RESULT_REG.NORMAL.exp_op[1]_i_3                                | CLB.LUT.LUT5           |
    | grp_node_0_0_Pipeline_l_S_t_1_t_fu_256/hadd_16ns_16ns_16_3_no_dsp_1_U1/node_0_0_hadd_16ns_16ns_16_3_no_dsp_1_ip_u/U0/i_synth/ADDSUB_OP.ADDSUB/LOGIC_SPEED.OP/ALIGN_BLK/FRAC_ADDSUB/LOGIC_ADD.FRAC_ADDSUB/STRUCT_ADD1.ADD1/CHAIN_GEN[0].C_MUX.CARRY_MUX_i_6__0                            | CLB.LUT.LUT5           |
    | grp_node_0_0_Pipeline_l_S_t_1_t_fu_256/hadd_16ns_16ns_16_3_no_dsp_1_U1/node_0_0_hadd_16ns_16ns_16_3_no_dsp_1_ip_u/U0/i_synth/ADDSUB_OP.ADDSUB/LOGIC_SPEED.OP/ALIGN_BLK/FRAC_ADDSUB/LOGIC_ADD.FRAC_ADDSUB/STRUCT_ADD1.ADD1/CHAIN_GEN[0].C_MUX.CARRY_MUX_i_3__0                            | CLB.LUT.LUT6           |
    | grp_node_0_0_Pipeline_l_S_t_1_t_fu_256/hadd_16ns_16ns_16_3_no_dsp_1_U1/node_0_0_hadd_16ns_16ns_16_3_no_dsp_1_ip_u/U0/i_synth/ADDSUB_OP.ADDSUB/LOGIC_SPEED.OP/ALIGN_BLK/FRAC_ADDSUB/LOGIC_ADD.FRAC_ADDSUB/STRUCT_ADD1.ADD1/CHAIN_GEN[0].C_MUX.CARRY_MUX_i_1__10                           | CLB.LUT.LUT5           |
    | grp_node_0_0_Pipeline_l_S_t_1_t_fu_256/hadd_16ns_16ns_16_3_no_dsp_1_U1/node_0_0_hadd_16ns_16ns_16_3_no_dsp_1_ip_u/U0/i_synth/ADDSUB_OP.ADDSUB/LOGIC_SPEED.OP/NORM/ROUND/RND_BIT_GEN/NORM_2.RND_CHAIN/CHAIN_GEN[0].C_MUX.CARRY_MUX_CARRY4_CARRY8                                          | CLB.CARRY.CARRY8       |
    | grp_node_0_0_Pipeline_l_S_t_1_t_fu_256/hadd_16ns_16ns_16_3_no_dsp_1_U1/node_0_0_hadd_16ns_16ns_16_3_no_dsp_1_ip_u/U0/i_synth/ADDSUB_OP.ADDSUB/LOGIC_SPEED.OP/NORM/ROUND/LOGIC.RND1/CHAIN_GEN[2].C_MUX.CARRY_MUX_CARRY4_CARRY8                                                            | CLB.CARRY.CARRY8       |
    | grp_node_0_0_Pipeline_l_S_t_1_t_fu_256/hadd_16ns_16ns_16_3_no_dsp_1_U1/node_0_0_hadd_16ns_16ns_16_3_no_dsp_1_ip_u/U0/i_synth/ADDSUB_OP.ADDSUB/LOGIC_SPEED.OP/NORM/ROUND/LOGIC.RND2/CHAIN_GEN[5].Q_XOR.SUM_XOR_CARRY4_CARRY8                                                              | CLB.CARRY.CARRY8       |
    | grp_node_0_0_Pipeline_l_S_t_1_t_fu_256/hadd_16ns_16ns_16_3_no_dsp_1_U1/node_0_0_hadd_16ns_16ns_16_3_no_dsp_1_ip_u/U0/i_synth/ADDSUB_OP.ADDSUB/LOGIC_SPEED.OP/NORM/LZE/ZERO_DET_CC_1/RESULT_REG.NORMAL.exp_op[4]_i_3                                                                      | CLB.LUT.LUT6           |
    | grp_node_0_0_Pipeline_l_S_t_1_t_fu_256/hadd_16ns_16ns_16_3_no_dsp_1_U1/node_0_0_hadd_16ns_16ns_16_3_no_dsp_1_ip_u/U0/i_synth/ADDSUB_OP.ADDSUB/LOGIC_SPEED.OP/NORM/LZE/ZERO_DET_CC_1/RESULT_REG.NORMAL.exp_op[4]_i_1                                                                      | CLB.LUT.LUT6           |
    | grp_node_0_0_Pipeline_l_S_t_1_t_fu_256/hadd_16ns_16ns_16_3_no_dsp_1_U1/node_0_0_hadd_16ns_16ns_16_3_no_dsp_1_ip_u/U0/i_synth/ADDSUB_OP.ADDSUB/LOGIC_SPEED.OP/OP/RESULT_REG.NORMAL.exp_op_reg[4]                                                                                          | REGISTER.SDR.FDRE      |
    | grp_node_0_0_Pipeline_l_S_t_1_t_fu_256/hadd_16ns_16ns_16_3_no_dsp_1_U1/din1_buf1_reg[9]_replica                                                                                                                                                                                          | REGISTER.SDR.FDRE      |
    | grp_node_0_0_Pipeline_l_S_t_1_t_fu_256/hadd_16ns_16ns_16_3_no_dsp_1_U1/node_0_0_hadd_16ns_16ns_16_3_no_dsp_1_ip_u/U0/i_synth/ADDSUB_OP.ADDSUB/LOGIC_SPEED.OP/EXP/NUMB_CMP/NOT_FAST.CMP/C_CHAIN/CHAIN_GEN[4].C_MUX.CARRY_MUX_i_1__3                                                       | CLB.LUT.LUT4           |
    | grp_node_0_0_Pipeline_l_S_t_1_t_fu_256/hadd_16ns_16ns_16_3_no_dsp_1_U1/node_0_0_hadd_16ns_16ns_16_3_no_dsp_1_ip_u/U0/i_synth/ADDSUB_OP.ADDSUB/LOGIC_SPEED.OP/EXP/NUMB_CMP/NOT_FAST.CMP/C_CHAIN/CHAIN_GEN[0].C_MUX.CARRY_MUX_CARRY4_CARRY8                                                | CLB.CARRY.CARRY8       |
    | grp_node_0_0_Pipeline_l_S_t_1_t_fu_256/hadd_16ns_16ns_16_3_no_dsp_1_U1/node_0_0_hadd_16ns_16ns_16_3_no_dsp_1_ip_u/U0/i_synth/ADDSUB_OP.ADDSUB/LOGIC_SPEED.OP/EXP/NUMB_CMP/NOT_FAST.CMP/C_CHAIN/CHAIN_GEN[1].C_MUX.CARRY_MUX_i_2__3                                                       | CLB.LUT.LUT6           |
    | grp_node_0_0_Pipeline_l_S_t_1_t_fu_256/hadd_16ns_16ns_16_3_no_dsp_1_U1/node_0_0_hadd_16ns_16ns_16_3_no_dsp_1_ip_u/U0/i_synth/ADDSUB_OP.ADDSUB/LOGIC_SPEED.OP/EXP/NUMB_CMP/NOT_FAST.CMP/C_CHAIN/CHAIN_GEN[1].C_MUX.CARRY_MUX_i_1__5                                                       | CLB.LUT.LUT4           |
    | grp_node_0_0_Pipeline_l_S_t_1_t_fu_256/hadd_16ns_16ns_16_3_no_dsp_1_U1/node_0_0_hadd_16ns_16ns_16_3_no_dsp_1_ip_u/U0/i_synth/ADDSUB_OP.ADDSUB/LOGIC_SPEED.OP/ALIGN_BLK/ALIGN_SHIFT/ALIGN_Z_D/EQ_ZERO/CARRY_ZERO_DET/CHAIN_GEN[0].C_MUX.CARRY_MUX_CARRY4_CARRY8                           | CLB.CARRY.CARRY8       |
    | grp_node_0_0_Pipeline_l_S_t_1_t_fu_256/hadd_16ns_16ns_16_3_no_dsp_1_U1/node_0_0_hadd_16ns_16ns_16_3_no_dsp_1_ip_u/U0/i_synth/ADDSUB_OP.ADDSUB/LOGIC_SPEED.OP/EXP/NUMB_CMP/NOT_FAST.CMP/C_CHAIN/STRUCT_ADD1.CARRY_MUX2_i_7                                                                | CLB.LUT.LUT5           |
    | grp_node_0_0_Pipeline_l_S_t_1_t_fu_256/hadd_16ns_16ns_16_3_no_dsp_1_U1/node_0_0_hadd_16ns_16ns_16_3_no_dsp_1_ip_u/U0/i_synth/ADDSUB_OP.ADDSUB/LOGIC_SPEED.OP/EXP/NUMB_CMP/NOT_FAST.CMP/C_CHAIN/STRUCT_ADD1.CARRY_MUX2_i_2                                                                | CLB.LUT.LUT6           |
    | grp_node_0_0_Pipeline_l_S_t_1_t_fu_256/hadd_16ns_16ns_16_3_no_dsp_1_U1/node_0_0_hadd_16ns_16ns_16_3_no_dsp_1_ip_u/U0/i_synth/ADDSUB_OP.ADDSUB/LOGIC_SPEED.OP/EXP/NUMB_CMP/NOT_FAST.CMP/C_CHAIN/STRUCT_ADD1.CARRY_MUX2_i_1                                                                | CLB.LUT.LUT6           |
    | grp_node_0_0_Pipeline_l_S_t_1_t_fu_256/hadd_16ns_16ns_16_3_no_dsp_1_U1/node_0_0_hadd_16ns_16ns_16_3_no_dsp_1_ip_u/U0/i_synth/ADDSUB_OP.ADDSUB/LOGIC_SPEED.OP/ALIGN_BLK/FRAC_ADDSUB/LOGIC_ADD.FRAC_ADDSUB/STRUCT_ADD1.CARRY_MUX1_CARRY4_CARRY8                                            | CLB.CARRY.CARRY8       |
    | grp_node_0_0_Pipeline_l_S_t_1_t_fu_256/hadd_16ns_16ns_16_3_no_dsp_1_U1/node_0_0_hadd_16ns_16ns_16_3_no_dsp_1_ip_u/U0/i_synth/ADDSUB_OP.ADDSUB/LOGIC_SPEED.OP/ALIGN_BLK/FRAC_ADDSUB/LOGIC_ADD.FRAC_ADDSUB/STRUCT_ADD2.ADD1/CHAIN_GEN[0].C_MUX.CARRY_MUX_CARRY4_CARRY8                     | CLB.CARRY.CARRY8       |
    | grp_node_0_0_Pipeline_l_S_t_1_t_fu_256/hadd_16ns_16ns_16_3_no_dsp_1_U1/node_0_0_hadd_16ns_16ns_16_3_no_dsp_1_ip_u/U0/i_synth/ADDSUB_OP.ADDSUB/LOGIC_SPEED.OP/ALIGN_BLK/FRAC_ADDSUB/LOGIC_ADD.FRAC_ADDSUB/STRUCT_ADD2.ADD1/CHAIN_GEN[0].C_MUX.CARRY_MUX_i_1__2                            | CLB.LUT.LUT4           |
    | grp_node_0_0_Pipeline_l_S_t_1_t_fu_256/hadd_16ns_16ns_16_3_no_dsp_1_U1/node_0_0_hadd_16ns_16ns_16_3_no_dsp_1_ip_u/U0/i_synth/ADDSUB_OP.ADDSUB/LOGIC_SPEED.OP/NORM/LZE/ZERO_DET_CC_1/CHAIN_GEN[0].C_MUX.CARRY_MUX_CARRY4_CARRY8                                                           | CLB.CARRY.CARRY8       |
    | grp_node_0_0_Pipeline_l_S_t_1_t_fu_256/hadd_16ns_16ns_16_3_no_dsp_1_U1/node_0_0_hadd_16ns_16ns_16_3_no_dsp_1_ip_u/U0/i_synth/ADDSUB_OP.ADDSUB/LOGIC_SPEED.OP/ALIGN_BLK/FRAC_ADDSUB/LOGIC_ADD.FRAC_ADDSUB/STRUCT_ADD2.ADD1/RESULT_REG.NORMAL.exp_op[2]_i_7                                | CLB.LUT.LUT5           |
    | grp_node_0_0_Pipeline_l_S_t_1_t_fu_256/hadd_16ns_16ns_16_3_no_dsp_1_U1/node_0_0_hadd_16ns_16ns_16_3_no_dsp_1_ip_u/U0/i_synth/ADDSUB_OP.ADDSUB/LOGIC_SPEED.OP/ALIGN_BLK/FRAC_ADDSUB/LOGIC_ADD.FRAC_ADDSUB/STRUCT_ADD1.ADD1/RESULT_REG.NORMAL.exp_op[1]_i_3                                | CLB.LUT.LUT5           |
    | grp_node_0_0_Pipeline_l_S_t_1_t_fu_256/hadd_16ns_16ns_16_3_no_dsp_1_U1/node_0_0_hadd_16ns_16ns_16_3_no_dsp_1_ip_u/U0/i_synth/ADDSUB_OP.ADDSUB/LOGIC_SPEED.OP/ALIGN_BLK/FRAC_ADDSUB/LOGIC_ADD.FRAC_ADDSUB/STRUCT_ADD1.ADD1/CHAIN_GEN[0].C_MUX.CARRY_MUX_i_6__0                            | CLB.LUT.LUT5           |
    | grp_node_0_0_Pipeline_l_S_t_1_t_fu_256/hadd_16ns_16ns_16_3_no_dsp_1_U1/node_0_0_hadd_16ns_16ns_16_3_no_dsp_1_ip_u/U0/i_synth/ADDSUB_OP.ADDSUB/LOGIC_SPEED.OP/ALIGN_BLK/FRAC_ADDSUB/LOGIC_ADD.FRAC_ADDSUB/STRUCT_ADD1.ADD1/CHAIN_GEN[0].C_MUX.CARRY_MUX_i_3__0                            | CLB.LUT.LUT6           |
    | grp_node_0_0_Pipeline_l_S_t_1_t_fu_256/hadd_16ns_16ns_16_3_no_dsp_1_U1/node_0_0_hadd_16ns_16ns_16_3_no_dsp_1_ip_u/U0/i_synth/ADDSUB_OP.ADDSUB/LOGIC_SPEED.OP/ALIGN_BLK/FRAC_ADDSUB/LOGIC_ADD.FRAC_ADDSUB/STRUCT_ADD1.ADD1/CHAIN_GEN[0].C_MUX.CARRY_MUX_i_1__10                           | CLB.LUT.LUT5           |
    | grp_node_0_0_Pipeline_l_S_t_1_t_fu_256/hadd_16ns_16ns_16_3_no_dsp_1_U1/node_0_0_hadd_16ns_16ns_16_3_no_dsp_1_ip_u/U0/i_synth/ADDSUB_OP.ADDSUB/LOGIC_SPEED.OP/NORM/ROUND/RND_BIT_GEN/NORM_2.RND_CHAIN/CHAIN_GEN[0].C_MUX.CARRY_MUX_CARRY4_CARRY8                                          | CLB.CARRY.CARRY8       |
    | grp_node_0_0_Pipeline_l_S_t_1_t_fu_256/hadd_16ns_16ns_16_3_no_dsp_1_U1/node_0_0_hadd_16ns_16ns_16_3_no_dsp_1_ip_u/U0/i_synth/ADDSUB_OP.ADDSUB/LOGIC_SPEED.OP/NORM/ROUND/LOGIC.RND1/CHAIN_GEN[2].C_MUX.CARRY_MUX_CARRY4_CARRY8                                                            | CLB.CARRY.CARRY8       |
    | grp_node_0_0_Pipeline_l_S_t_1_t_fu_256/hadd_16ns_16ns_16_3_no_dsp_1_U1/node_0_0_hadd_16ns_16ns_16_3_no_dsp_1_ip_u/U0/i_synth/ADDSUB_OP.ADDSUB/LOGIC_SPEED.OP/NORM/ROUND/LOGIC.RND2/CHAIN_GEN[5].Q_XOR.SUM_XOR_CARRY4_CARRY8                                                              | CLB.CARRY.CARRY8       |
    | grp_node_0_0_Pipeline_l_S_t_1_t_fu_256/hadd_16ns_16ns_16_3_no_dsp_1_U1/node_0_0_hadd_16ns_16ns_16_3_no_dsp_1_ip_u/U0/i_synth/ADDSUB_OP.ADDSUB/LOGIC_SPEED.OP/NORM/LZE/ZERO_DET_CC_1/RESULT_REG.NORMAL.exp_op[4]_i_3                                                                      | CLB.LUT.LUT6           |
    | grp_node_0_0_Pipeline_l_S_t_1_t_fu_256/hadd_16ns_16ns_16_3_no_dsp_1_U1/node_0_0_hadd_16ns_16ns_16_3_no_dsp_1_ip_u/U0/i_synth/ADDSUB_OP.ADDSUB/LOGIC_SPEED.OP/NORM/LZE/ZERO_DET_CC_1/RESULT_REG.NORMAL.exp_op[3]_i_1                                                                      | CLB.LUT.LUT6           |
    | grp_node_0_0_Pipeline_l_S_t_1_t_fu_256/hadd_16ns_16ns_16_3_no_dsp_1_U1/node_0_0_hadd_16ns_16ns_16_3_no_dsp_1_ip_u/U0/i_synth/ADDSUB_OP.ADDSUB/LOGIC_SPEED.OP/OP/RESULT_REG.NORMAL.exp_op_reg[3]                                                                                          | REGISTER.SDR.FDRE      |
    | grp_node_0_0_Pipeline_l_S_t_1_t_fu_256/hadd_16ns_16ns_16_3_no_dsp_1_U1/din0_buf1_reg[8]                                                                                                                                                                                                  | REGISTER.SDR.FDRE      |
    | grp_node_0_0_Pipeline_l_S_t_1_t_fu_256/hsub_16ns_16ns_16_3_no_dsp_1_U2/node_0_0_hsub_16ns_16ns_16_3_no_dsp_1_ip_u/U0/i_synth/ADDSUB_OP.ADDSUB/LOGIC_SPEED.OP/EXP/NUMB_CMP/NOT_FAST.CMP/C_CHAIN/CHAIN_GEN[4].C_MUX.CARRY_MUX_i_1__3                                                       | CLB.LUT.LUT4           |
    | grp_node_0_0_Pipeline_l_S_t_1_t_fu_256/hsub_16ns_16ns_16_3_no_dsp_1_U2/node_0_0_hsub_16ns_16ns_16_3_no_dsp_1_ip_u/U0/i_synth/ADDSUB_OP.ADDSUB/LOGIC_SPEED.OP/EXP/NUMB_CMP/NOT_FAST.CMP/C_CHAIN/CHAIN_GEN[0].C_MUX.CARRY_MUX_CARRY4_CARRY8                                                | CLB.CARRY.CARRY8       |
    | grp_node_0_0_Pipeline_l_S_t_1_t_fu_256/hsub_16ns_16ns_16_3_no_dsp_1_U2/node_0_0_hsub_16ns_16ns_16_3_no_dsp_1_ip_u/U0/i_synth/ADDSUB_OP.ADDSUB/LOGIC_SPEED.OP/EXP/NUMB_CMP/NOT_FAST.CMP/C_CHAIN/CHAIN_GEN[1].C_MUX.CARRY_MUX_i_3__1                                                       | CLB.LUT.LUT6           |
    | grp_node_0_0_Pipeline_l_S_t_1_t_fu_256/hsub_16ns_16ns_16_3_no_dsp_1_U2/node_0_0_hsub_16ns_16ns_16_3_no_dsp_1_ip_u/U0/i_synth/ADDSUB_OP.ADDSUB/LOGIC_SPEED.OP/EXP/NUMB_CMP/NOT_FAST.CMP/C_CHAIN/CHAIN_GEN[1].C_MUX.CARRY_MUX_i_1__1                                                       | CLB.LUT.LUT4           |
    | grp_node_0_0_Pipeline_l_S_t_1_t_fu_256/hsub_16ns_16ns_16_3_no_dsp_1_U2/node_0_0_hsub_16ns_16ns_16_3_no_dsp_1_ip_u/U0/i_synth/ADDSUB_OP.ADDSUB/LOGIC_SPEED.OP/ALIGN_BLK/ALIGN_SHIFT/ALIGN_Z_D/EQ_ZERO/CARRY_ZERO_DET/CHAIN_GEN[0].C_MUX.CARRY_MUX_CARRY4_CARRY8                           | CLB.CARRY.CARRY8       |
    | grp_node_0_0_Pipeline_l_S_t_1_t_fu_256/hsub_16ns_16ns_16_3_no_dsp_1_U2/node_0_0_hsub_16ns_16ns_16_3_no_dsp_1_ip_u/U0/i_synth/ADDSUB_OP.ADDSUB/LOGIC_SPEED.OP/EXP/NUMB_CMP/NOT_FAST.CMP/C_CHAIN/STRUCT_ADD1.CARRY_MUX2_i_2                                                                | CLB.LUT.LUT5           |
    | grp_node_0_0_Pipeline_l_S_t_1_t_fu_256/hsub_16ns_16ns_16_3_no_dsp_1_U2/node_0_0_hsub_16ns_16ns_16_3_no_dsp_1_ip_u/U0/i_synth/ADDSUB_OP.ADDSUB/LOGIC_SPEED.OP/EXP/NUMB_CMP/NOT_FAST.CMP/C_CHAIN/STRUCT_ADD1.CARRY_MUX2_i_1                                                                | CLB.LUT.LUT6           |
    | grp_node_0_0_Pipeline_l_S_t_1_t_fu_256/hsub_16ns_16ns_16_3_no_dsp_1_U2/node_0_0_hsub_16ns_16ns_16_3_no_dsp_1_ip_u/U0/i_synth/ADDSUB_OP.ADDSUB/LOGIC_SPEED.OP/ALIGN_BLK/FRAC_ADDSUB/LOGIC_ADD.FRAC_ADDSUB/STRUCT_ADD1.CARRY_MUX1_CARRY4_CARRY8                                            | CLB.CARRY.CARRY8       |
    | grp_node_0_0_Pipeline_l_S_t_1_t_fu_256/hsub_16ns_16ns_16_3_no_dsp_1_U2/node_0_0_hsub_16ns_16ns_16_3_no_dsp_1_ip_u/U0/i_synth/ADDSUB_OP.ADDSUB/LOGIC_SPEED.OP/ALIGN_BLK/FRAC_ADDSUB/LOGIC_ADD.FRAC_ADDSUB/STRUCT_ADD2.ADD1/CHAIN_GEN[0].C_MUX.CARRY_MUX_CARRY4_CARRY8                     | CLB.CARRY.CARRY8       |
    | grp_node_0_0_Pipeline_l_S_t_1_t_fu_256/hsub_16ns_16ns_16_3_no_dsp_1_U2/node_0_0_hsub_16ns_16ns_16_3_no_dsp_1_ip_u/U0/i_synth/ADDSUB_OP.ADDSUB/LOGIC_SPEED.OP/ALIGN_BLK/FRAC_ADDSUB/LOGIC_ADD.FRAC_ADDSUB/STRUCT_ADD2.ADD1/CHAIN_GEN[1].C_MUX.CARRY_MUX_i_1__4                            | CLB.LUT.LUT4           |
    | grp_node_0_0_Pipeline_l_S_t_1_t_fu_256/hsub_16ns_16ns_16_3_no_dsp_1_U2/node_0_0_hsub_16ns_16ns_16_3_no_dsp_1_ip_u/U0/i_synth/ADDSUB_OP.ADDSUB/LOGIC_SPEED.OP/NORM/LZE/ZERO_DET_CC_1/CHAIN_GEN[0].C_MUX.CARRY_MUX_CARRY4_CARRY8                                                           | CLB.CARRY.CARRY8       |
    | grp_node_0_0_Pipeline_l_S_t_1_t_fu_256/hsub_16ns_16ns_16_3_no_dsp_1_U2/node_0_0_hsub_16ns_16ns_16_3_no_dsp_1_ip_u/U0/i_synth/ADDSUB_OP.ADDSUB/LOGIC_SPEED.OP/ALIGN_BLK/FRAC_ADDSUB/LOGIC_ADD.FRAC_ADDSUB/STRUCT_ADD2.ADD1/CHAIN_GEN[1].C_MUX.CARRY_MUX_i_5__1                            | CLB.LUT.LUT6           |
    | grp_node_0_0_Pipeline_l_S_t_1_t_fu_256/hsub_16ns_16ns_16_3_no_dsp_1_U2/node_0_0_hsub_16ns_16ns_16_3_no_dsp_1_ip_u/U0/i_synth/ADDSUB_OP.ADDSUB/LOGIC_SPEED.OP/ALIGN_BLK/FRAC_ADDSUB/LOGIC_ADD.FRAC_ADDSUB/STRUCT_ADD2.ADD1/CHAIN_GEN[1].C_MUX.CARRY_MUX_i_2__3                            | CLB.LUT.LUT6           |
    | grp_node_0_0_Pipeline_l_S_t_1_t_fu_256/hsub_16ns_16ns_16_3_no_dsp_1_U2/node_0_0_hsub_16ns_16ns_16_3_no_dsp_1_ip_u/U0/i_synth/ADDSUB_OP.ADDSUB/LOGIC_SPEED.OP/ALIGN_BLK/FRAC_ADDSUB/LOGIC_ADD.FRAC_ADDSUB/STRUCT_ADD2.ADD1/CHAIN_GEN[0].C_MUX.CARRY_MUX_i_6__0                            | CLB.LUT.LUT5           |
    | grp_node_0_0_Pipeline_l_S_t_1_t_fu_256/hsub_16ns_16ns_16_3_no_dsp_1_U2/node_0_0_hsub_16ns_16ns_16_3_no_dsp_1_ip_u/U0/i_synth/ADDSUB_OP.ADDSUB/LOGIC_SPEED.OP/ALIGN_BLK/FRAC_ADDSUB/LOGIC_ADD.FRAC_ADDSUB/STRUCT_ADD1.ADD1/CHAIN_GEN[0].C_MUX.CARRY_MUX_i_5__0                            | CLB.LUT.LUT6           |
    | grp_node_0_0_Pipeline_l_S_t_1_t_fu_256/hsub_16ns_16ns_16_3_no_dsp_1_U2/node_0_0_hsub_16ns_16ns_16_3_no_dsp_1_ip_u/U0/i_synth/ADDSUB_OP.ADDSUB/LOGIC_SPEED.OP/ALIGN_BLK/FRAC_ADDSUB/LOGIC_ADD.FRAC_ADDSUB/STRUCT_ADD1.ADD1/CHAIN_GEN[0].C_MUX.CARRY_MUX_i_1__9                            | CLB.LUT.LUT6           |
    | grp_node_0_0_Pipeline_l_S_t_1_t_fu_256/hsub_16ns_16ns_16_3_no_dsp_1_U2/node_0_0_hsub_16ns_16ns_16_3_no_dsp_1_ip_u/U0/i_synth/ADDSUB_OP.ADDSUB/LOGIC_SPEED.OP/NORM/ROUND/RND_BIT_GEN/NORM_2.RND_CHAIN/CHAIN_GEN[0].C_MUX.CARRY_MUX_CARRY4_CARRY8                                          | CLB.CARRY.CARRY8       |
    | grp_node_0_0_Pipeline_l_S_t_1_t_fu_256/hsub_16ns_16ns_16_3_no_dsp_1_U2/node_0_0_hsub_16ns_16ns_16_3_no_dsp_1_ip_u/U0/i_synth/ADDSUB_OP.ADDSUB/LOGIC_SPEED.OP/NORM/ROUND/LOGIC.RND1/CHAIN_GEN[2].C_MUX.CARRY_MUX_CARRY4_CARRY8                                                            | CLB.CARRY.CARRY8       |
    | grp_node_0_0_Pipeline_l_S_t_1_t_fu_256/hsub_16ns_16ns_16_3_no_dsp_1_U2/node_0_0_hsub_16ns_16ns_16_3_no_dsp_1_ip_u/U0/i_synth/ADDSUB_OP.ADDSUB/LOGIC_SPEED.OP/NORM/ROUND/LOGIC.RND2/CHAIN_GEN[5].Q_XOR.SUM_XOR_CARRY4_CARRY8                                                              | CLB.CARRY.CARRY8       |
    | grp_node_0_0_Pipeline_l_S_t_1_t_fu_256/hsub_16ns_16ns_16_3_no_dsp_1_U2/node_0_0_hsub_16ns_16ns_16_3_no_dsp_1_ip_u/U0/i_synth/ADDSUB_OP.ADDSUB/LOGIC_SPEED.OP/ALIGN_BLK/FRAC_ADDSUB/LOGIC_ADD.FRAC_ADDSUB/STRUCT_ADD1.ADD1/RESULT_REG.NORMAL.exp_op[0]_i_2                                | CLB.LUT.LUT6           |
    | grp_node_0_0_Pipeline_l_S_t_1_t_fu_256/hsub_16ns_16ns_16_3_no_dsp_1_U2/node_0_0_hsub_16ns_16ns_16_3_no_dsp_1_ip_u/U0/i_synth/ADDSUB_OP.ADDSUB/LOGIC_SPEED.OP/EXP/EXP_OFF.STRUCT_ADD/RESULT_REG.NORMAL.exp_op[0]_i_1                                                                      | CLB.LUT.LUT6           |
    | grp_node_0_0_Pipeline_l_S_t_1_t_fu_256/hsub_16ns_16ns_16_3_no_dsp_1_U2/node_0_0_hsub_16ns_16ns_16_3_no_dsp_1_ip_u/U0/i_synth/ADDSUB_OP.ADDSUB/LOGIC_SPEED.OP/OP/RESULT_REG.NORMAL.exp_op_reg[0]                                                                                          | REGISTER.SDR.FDRE      |
    | grp_node_0_0_Pipeline_l_S_t_1_t_fu_256/hadd_16ns_16ns_16_3_no_dsp_1_U1/din1_buf1_reg[9]_replica                                                                                                                                                                                          | REGISTER.SDR.FDRE      |
    | grp_node_0_0_Pipeline_l_S_t_1_t_fu_256/hadd_16ns_16ns_16_3_no_dsp_1_U1/node_0_0_hadd_16ns_16ns_16_3_no_dsp_1_ip_u/U0/i_synth/ADDSUB_OP.ADDSUB/LOGIC_SPEED.OP/EXP/NUMB_CMP/NOT_FAST.CMP/C_CHAIN/CHAIN_GEN[4].C_MUX.CARRY_MUX_i_1__3                                                       | CLB.LUT.LUT4           |
    | grp_node_0_0_Pipeline_l_S_t_1_t_fu_256/hadd_16ns_16ns_16_3_no_dsp_1_U1/node_0_0_hadd_16ns_16ns_16_3_no_dsp_1_ip_u/U0/i_synth/ADDSUB_OP.ADDSUB/LOGIC_SPEED.OP/EXP/NUMB_CMP/NOT_FAST.CMP/C_CHAIN/CHAIN_GEN[0].C_MUX.CARRY_MUX_CARRY4_CARRY8                                                | CLB.CARRY.CARRY8       |
    | grp_node_0_0_Pipeline_l_S_t_1_t_fu_256/hadd_16ns_16ns_16_3_no_dsp_1_U1/node_0_0_hadd_16ns_16ns_16_3_no_dsp_1_ip_u/U0/i_synth/ADDSUB_OP.ADDSUB/LOGIC_SPEED.OP/EXP/NUMB_CMP/NOT_FAST.CMP/C_CHAIN/CHAIN_GEN[1].C_MUX.CARRY_MUX_i_2__3                                                       | CLB.LUT.LUT6           |
    | grp_node_0_0_Pipeline_l_S_t_1_t_fu_256/hadd_16ns_16ns_16_3_no_dsp_1_U1/node_0_0_hadd_16ns_16ns_16_3_no_dsp_1_ip_u/U0/i_synth/ADDSUB_OP.ADDSUB/LOGIC_SPEED.OP/EXP/NUMB_CMP/NOT_FAST.CMP/C_CHAIN/CHAIN_GEN[1].C_MUX.CARRY_MUX_i_1__5                                                       | CLB.LUT.LUT4           |
    | grp_node_0_0_Pipeline_l_S_t_1_t_fu_256/hadd_16ns_16ns_16_3_no_dsp_1_U1/node_0_0_hadd_16ns_16ns_16_3_no_dsp_1_ip_u/U0/i_synth/ADDSUB_OP.ADDSUB/LOGIC_SPEED.OP/ALIGN_BLK/ALIGN_SHIFT/ALIGN_Z_D/EQ_ZERO/CARRY_ZERO_DET/CHAIN_GEN[0].C_MUX.CARRY_MUX_CARRY4_CARRY8                           | CLB.CARRY.CARRY8       |
    | grp_node_0_0_Pipeline_l_S_t_1_t_fu_256/hadd_16ns_16ns_16_3_no_dsp_1_U1/node_0_0_hadd_16ns_16ns_16_3_no_dsp_1_ip_u/U0/i_synth/ADDSUB_OP.ADDSUB/LOGIC_SPEED.OP/EXP/NUMB_CMP/NOT_FAST.CMP/C_CHAIN/STRUCT_ADD1.CARRY_MUX2_i_7                                                                | CLB.LUT.LUT5           |
    | grp_node_0_0_Pipeline_l_S_t_1_t_fu_256/hadd_16ns_16ns_16_3_no_dsp_1_U1/node_0_0_hadd_16ns_16ns_16_3_no_dsp_1_ip_u/U0/i_synth/ADDSUB_OP.ADDSUB/LOGIC_SPEED.OP/EXP/NUMB_CMP/NOT_FAST.CMP/C_CHAIN/STRUCT_ADD1.CARRY_MUX2_i_2                                                                | CLB.LUT.LUT6           |
    | grp_node_0_0_Pipeline_l_S_t_1_t_fu_256/hadd_16ns_16ns_16_3_no_dsp_1_U1/node_0_0_hadd_16ns_16ns_16_3_no_dsp_1_ip_u/U0/i_synth/ADDSUB_OP.ADDSUB/LOGIC_SPEED.OP/EXP/NUMB_CMP/NOT_FAST.CMP/C_CHAIN/STRUCT_ADD1.CARRY_MUX2_i_1                                                                | CLB.LUT.LUT6           |
    | grp_node_0_0_Pipeline_l_S_t_1_t_fu_256/hadd_16ns_16ns_16_3_no_dsp_1_U1/node_0_0_hadd_16ns_16ns_16_3_no_dsp_1_ip_u/U0/i_synth/ADDSUB_OP.ADDSUB/LOGIC_SPEED.OP/ALIGN_BLK/FRAC_ADDSUB/LOGIC_ADD.FRAC_ADDSUB/STRUCT_ADD1.CARRY_MUX1_CARRY4_CARRY8                                            | CLB.CARRY.CARRY8       |
    | grp_node_0_0_Pipeline_l_S_t_1_t_fu_256/hadd_16ns_16ns_16_3_no_dsp_1_U1/node_0_0_hadd_16ns_16ns_16_3_no_dsp_1_ip_u/U0/i_synth/ADDSUB_OP.ADDSUB/LOGIC_SPEED.OP/ALIGN_BLK/FRAC_ADDSUB/LOGIC_ADD.FRAC_ADDSUB/STRUCT_ADD2.ADD1/CHAIN_GEN[0].C_MUX.CARRY_MUX_CARRY4_CARRY8                     | CLB.CARRY.CARRY8       |
    | grp_node_0_0_Pipeline_l_S_t_1_t_fu_256/hadd_16ns_16ns_16_3_no_dsp_1_U1/node_0_0_hadd_16ns_16ns_16_3_no_dsp_1_ip_u/U0/i_synth/ADDSUB_OP.ADDSUB/LOGIC_SPEED.OP/ALIGN_BLK/FRAC_ADDSUB/LOGIC_ADD.FRAC_ADDSUB/STRUCT_ADD2.ADD1/CHAIN_GEN[0].C_MUX.CARRY_MUX_i_1__2                            | CLB.LUT.LUT4           |
    | grp_node_0_0_Pipeline_l_S_t_1_t_fu_256/hadd_16ns_16ns_16_3_no_dsp_1_U1/node_0_0_hadd_16ns_16ns_16_3_no_dsp_1_ip_u/U0/i_synth/ADDSUB_OP.ADDSUB/LOGIC_SPEED.OP/NORM/LZE/ZERO_DET_CC_1/CHAIN_GEN[0].C_MUX.CARRY_MUX_CARRY4_CARRY8                                                           | CLB.CARRY.CARRY8       |
    | grp_node_0_0_Pipeline_l_S_t_1_t_fu_256/hadd_16ns_16ns_16_3_no_dsp_1_U1/node_0_0_hadd_16ns_16ns_16_3_no_dsp_1_ip_u/U0/i_synth/ADDSUB_OP.ADDSUB/LOGIC_SPEED.OP/ALIGN_BLK/FRAC_ADDSUB/LOGIC_ADD.FRAC_ADDSUB/STRUCT_ADD2.ADD1/RESULT_REG.NORMAL.exp_op[2]_i_7                                | CLB.LUT.LUT5           |
    | grp_node_0_0_Pipeline_l_S_t_1_t_fu_256/hadd_16ns_16ns_16_3_no_dsp_1_U1/node_0_0_hadd_16ns_16ns_16_3_no_dsp_1_ip_u/U0/i_synth/ADDSUB_OP.ADDSUB/LOGIC_SPEED.OP/ALIGN_BLK/FRAC_ADDSUB/LOGIC_ADD.FRAC_ADDSUB/STRUCT_ADD1.ADD1/RESULT_REG.NORMAL.exp_op[1]_i_3                                | CLB.LUT.LUT5           |
    | grp_node_0_0_Pipeline_l_S_t_1_t_fu_256/hadd_16ns_16ns_16_3_no_dsp_1_U1/node_0_0_hadd_16ns_16ns_16_3_no_dsp_1_ip_u/U0/i_synth/ADDSUB_OP.ADDSUB/LOGIC_SPEED.OP/ALIGN_BLK/FRAC_ADDSUB/LOGIC_ADD.FRAC_ADDSUB/STRUCT_ADD1.ADD1/CHAIN_GEN[0].C_MUX.CARRY_MUX_i_6__0                            | CLB.LUT.LUT5           |
    | grp_node_0_0_Pipeline_l_S_t_1_t_fu_256/hadd_16ns_16ns_16_3_no_dsp_1_U1/node_0_0_hadd_16ns_16ns_16_3_no_dsp_1_ip_u/U0/i_synth/ADDSUB_OP.ADDSUB/LOGIC_SPEED.OP/ALIGN_BLK/FRAC_ADDSUB/LOGIC_ADD.FRAC_ADDSUB/STRUCT_ADD1.ADD1/CHAIN_GEN[0].C_MUX.CARRY_MUX_i_3__0                            | CLB.LUT.LUT6           |
    | grp_node_0_0_Pipeline_l_S_t_1_t_fu_256/hadd_16ns_16ns_16_3_no_dsp_1_U1/node_0_0_hadd_16ns_16ns_16_3_no_dsp_1_ip_u/U0/i_synth/ADDSUB_OP.ADDSUB/LOGIC_SPEED.OP/ALIGN_BLK/FRAC_ADDSUB/LOGIC_ADD.FRAC_ADDSUB/STRUCT_ADD1.ADD1/CHAIN_GEN[0].C_MUX.CARRY_MUX_i_1__10                           | CLB.LUT.LUT5           |
    | grp_node_0_0_Pipeline_l_S_t_1_t_fu_256/hadd_16ns_16ns_16_3_no_dsp_1_U1/node_0_0_hadd_16ns_16ns_16_3_no_dsp_1_ip_u/U0/i_synth/ADDSUB_OP.ADDSUB/LOGIC_SPEED.OP/NORM/ROUND/RND_BIT_GEN/NORM_2.RND_CHAIN/CHAIN_GEN[0].C_MUX.CARRY_MUX_CARRY4_CARRY8                                          | CLB.CARRY.CARRY8       |
    | grp_node_0_0_Pipeline_l_S_t_1_t_fu_256/hadd_16ns_16ns_16_3_no_dsp_1_U1/node_0_0_hadd_16ns_16ns_16_3_no_dsp_1_ip_u/U0/i_synth/ADDSUB_OP.ADDSUB/LOGIC_SPEED.OP/NORM/ROUND/LOGIC.RND1/CHAIN_GEN[2].C_MUX.CARRY_MUX_CARRY4_CARRY8                                                            | CLB.CARRY.CARRY8       |
    | grp_node_0_0_Pipeline_l_S_t_1_t_fu_256/hadd_16ns_16ns_16_3_no_dsp_1_U1/node_0_0_hadd_16ns_16ns_16_3_no_dsp_1_ip_u/U0/i_synth/ADDSUB_OP.ADDSUB/LOGIC_SPEED.OP/EXP/COND_DET_A/MANT_CARRY.MANT_ALL_ZERO_DET/CARRY_ZERO_DET/RESULT_REG.NORMAL.mant_op[9]_i_1                                 | CLB.LUT.LUT6           |
    | grp_node_0_0_Pipeline_l_S_t_1_t_fu_256/hadd_16ns_16ns_16_3_no_dsp_1_U1/node_0_0_hadd_16ns_16ns_16_3_no_dsp_1_ip_u/U0/i_synth/ADDSUB_OP.ADDSUB/LOGIC_SPEED.OP/OP/RESULT_REG.NORMAL.mant_op_reg[9]                                                                                         | REGISTER.SDR.FDRE      |
    | grp_node_0_0_Pipeline_l_S_t_1_t_fu_256/hadd_16ns_16ns_16_3_no_dsp_1_U1/din0_buf1_reg[8]                                                                                                                                                                                                  | REGISTER.SDR.FDRE      |
    | grp_node_0_0_Pipeline_l_S_t_1_t_fu_256/hsub_16ns_16ns_16_3_no_dsp_1_U2/node_0_0_hsub_16ns_16ns_16_3_no_dsp_1_ip_u/U0/i_synth/ADDSUB_OP.ADDSUB/LOGIC_SPEED.OP/EXP/NUMB_CMP/NOT_FAST.CMP/C_CHAIN/CHAIN_GEN[4].C_MUX.CARRY_MUX_i_1__3                                                       | CLB.LUT.LUT4           |
    | grp_node_0_0_Pipeline_l_S_t_1_t_fu_256/hsub_16ns_16ns_16_3_no_dsp_1_U2/node_0_0_hsub_16ns_16ns_16_3_no_dsp_1_ip_u/U0/i_synth/ADDSUB_OP.ADDSUB/LOGIC_SPEED.OP/EXP/NUMB_CMP/NOT_FAST.CMP/C_CHAIN/CHAIN_GEN[0].C_MUX.CARRY_MUX_CARRY4_CARRY8                                                | CLB.CARRY.CARRY8       |
    | grp_node_0_0_Pipeline_l_S_t_1_t_fu_256/hsub_16ns_16ns_16_3_no_dsp_1_U2/node_0_0_hsub_16ns_16ns_16_3_no_dsp_1_ip_u/U0/i_synth/ADDSUB_OP.ADDSUB/LOGIC_SPEED.OP/EXP/NUMB_CMP/NOT_FAST.CMP/C_CHAIN/CHAIN_GEN[1].C_MUX.CARRY_MUX_i_3__1                                                       | CLB.LUT.LUT6           |
    | grp_node_0_0_Pipeline_l_S_t_1_t_fu_256/hsub_16ns_16ns_16_3_no_dsp_1_U2/node_0_0_hsub_16ns_16ns_16_3_no_dsp_1_ip_u/U0/i_synth/ADDSUB_OP.ADDSUB/LOGIC_SPEED.OP/EXP/NUMB_CMP/NOT_FAST.CMP/C_CHAIN/CHAIN_GEN[1].C_MUX.CARRY_MUX_i_1__1                                                       | CLB.LUT.LUT4           |
    | grp_node_0_0_Pipeline_l_S_t_1_t_fu_256/hsub_16ns_16ns_16_3_no_dsp_1_U2/node_0_0_hsub_16ns_16ns_16_3_no_dsp_1_ip_u/U0/i_synth/ADDSUB_OP.ADDSUB/LOGIC_SPEED.OP/ALIGN_BLK/ALIGN_SHIFT/ALIGN_Z_D/EQ_ZERO/CARRY_ZERO_DET/CHAIN_GEN[0].C_MUX.CARRY_MUX_CARRY4_CARRY8                           | CLB.CARRY.CARRY8       |
    | grp_node_0_0_Pipeline_l_S_t_1_t_fu_256/hsub_16ns_16ns_16_3_no_dsp_1_U2/node_0_0_hsub_16ns_16ns_16_3_no_dsp_1_ip_u/U0/i_synth/ADDSUB_OP.ADDSUB/LOGIC_SPEED.OP/EXP/NUMB_CMP/NOT_FAST.CMP/C_CHAIN/STRUCT_ADD1.CARRY_MUX2_i_2                                                                | CLB.LUT.LUT5           |
    | grp_node_0_0_Pipeline_l_S_t_1_t_fu_256/hsub_16ns_16ns_16_3_no_dsp_1_U2/node_0_0_hsub_16ns_16ns_16_3_no_dsp_1_ip_u/U0/i_synth/ADDSUB_OP.ADDSUB/LOGIC_SPEED.OP/EXP/NUMB_CMP/NOT_FAST.CMP/C_CHAIN/STRUCT_ADD1.CARRY_MUX2_i_1                                                                | CLB.LUT.LUT6           |
    | grp_node_0_0_Pipeline_l_S_t_1_t_fu_256/hsub_16ns_16ns_16_3_no_dsp_1_U2/node_0_0_hsub_16ns_16ns_16_3_no_dsp_1_ip_u/U0/i_synth/ADDSUB_OP.ADDSUB/LOGIC_SPEED.OP/ALIGN_BLK/FRAC_ADDSUB/LOGIC_ADD.FRAC_ADDSUB/STRUCT_ADD1.CARRY_MUX1_CARRY4_CARRY8                                            | CLB.CARRY.CARRY8       |
    | grp_node_0_0_Pipeline_l_S_t_1_t_fu_256/hsub_16ns_16ns_16_3_no_dsp_1_U2/node_0_0_hsub_16ns_16ns_16_3_no_dsp_1_ip_u/U0/i_synth/ADDSUB_OP.ADDSUB/LOGIC_SPEED.OP/ALIGN_BLK/FRAC_ADDSUB/LOGIC_ADD.FRAC_ADDSUB/STRUCT_ADD2.ADD1/CHAIN_GEN[0].C_MUX.CARRY_MUX_CARRY4_CARRY8                     | CLB.CARRY.CARRY8       |
    | grp_node_0_0_Pipeline_l_S_t_1_t_fu_256/hsub_16ns_16ns_16_3_no_dsp_1_U2/node_0_0_hsub_16ns_16ns_16_3_no_dsp_1_ip_u/U0/i_synth/ADDSUB_OP.ADDSUB/LOGIC_SPEED.OP/ALIGN_BLK/FRAC_ADDSUB/LOGIC_ADD.FRAC_ADDSUB/STRUCT_ADD2.ADD1/CHAIN_GEN[1].C_MUX.CARRY_MUX_i_1__4                            | CLB.LUT.LUT4           |
    | grp_node_0_0_Pipeline_l_S_t_1_t_fu_256/hsub_16ns_16ns_16_3_no_dsp_1_U2/node_0_0_hsub_16ns_16ns_16_3_no_dsp_1_ip_u/U0/i_synth/ADDSUB_OP.ADDSUB/LOGIC_SPEED.OP/NORM/LZE/ZERO_DET_CC_1/CHAIN_GEN[0].C_MUX.CARRY_MUX_CARRY4_CARRY8                                                           | CLB.CARRY.CARRY8       |
    | grp_node_0_0_Pipeline_l_S_t_1_t_fu_256/hsub_16ns_16ns_16_3_no_dsp_1_U2/node_0_0_hsub_16ns_16ns_16_3_no_dsp_1_ip_u/U0/i_synth/ADDSUB_OP.ADDSUB/LOGIC_SPEED.OP/ALIGN_BLK/FRAC_ADDSUB/LOGIC_ADD.FRAC_ADDSUB/STRUCT_ADD2.ADD1/CHAIN_GEN[1].C_MUX.CARRY_MUX_i_5__1                            | CLB.LUT.LUT6           |
    | grp_node_0_0_Pipeline_l_S_t_1_t_fu_256/hsub_16ns_16ns_16_3_no_dsp_1_U2/node_0_0_hsub_16ns_16ns_16_3_no_dsp_1_ip_u/U0/i_synth/ADDSUB_OP.ADDSUB/LOGIC_SPEED.OP/ALIGN_BLK/FRAC_ADDSUB/LOGIC_ADD.FRAC_ADDSUB/STRUCT_ADD2.ADD1/CHAIN_GEN[1].C_MUX.CARRY_MUX_i_2__3                            | CLB.LUT.LUT6           |
    | grp_node_0_0_Pipeline_l_S_t_1_t_fu_256/hsub_16ns_16ns_16_3_no_dsp_1_U2/node_0_0_hsub_16ns_16ns_16_3_no_dsp_1_ip_u/U0/i_synth/ADDSUB_OP.ADDSUB/LOGIC_SPEED.OP/ALIGN_BLK/FRAC_ADDSUB/LOGIC_ADD.FRAC_ADDSUB/STRUCT_ADD2.ADD1/CHAIN_GEN[0].C_MUX.CARRY_MUX_i_6__0                            | CLB.LUT.LUT5           |
    | grp_node_0_0_Pipeline_l_S_t_1_t_fu_256/hsub_16ns_16ns_16_3_no_dsp_1_U2/node_0_0_hsub_16ns_16ns_16_3_no_dsp_1_ip_u/U0/i_synth/ADDSUB_OP.ADDSUB/LOGIC_SPEED.OP/ALIGN_BLK/FRAC_ADDSUB/LOGIC_ADD.FRAC_ADDSUB/STRUCT_ADD1.ADD1/CHAIN_GEN[0].C_MUX.CARRY_MUX_i_5__0                            | CLB.LUT.LUT6           |
    | grp_node_0_0_Pipeline_l_S_t_1_t_fu_256/hsub_16ns_16ns_16_3_no_dsp_1_U2/node_0_0_hsub_16ns_16ns_16_3_no_dsp_1_ip_u/U0/i_synth/ADDSUB_OP.ADDSUB/LOGIC_SPEED.OP/ALIGN_BLK/FRAC_ADDSUB/LOGIC_ADD.FRAC_ADDSUB/STRUCT_ADD1.ADD1/CHAIN_GEN[0].C_MUX.CARRY_MUX_i_1__9                            | CLB.LUT.LUT6           |
    | grp_node_0_0_Pipeline_l_S_t_1_t_fu_256/hsub_16ns_16ns_16_3_no_dsp_1_U2/node_0_0_hsub_16ns_16ns_16_3_no_dsp_1_ip_u/U0/i_synth/ADDSUB_OP.ADDSUB/LOGIC_SPEED.OP/NORM/ROUND/RND_BIT_GEN/NORM_2.RND_CHAIN/CHAIN_GEN[0].C_MUX.CARRY_MUX_CARRY4_CARRY8                                          | CLB.CARRY.CARRY8       |
    | grp_node_0_0_Pipeline_l_S_t_1_t_fu_256/hsub_16ns_16ns_16_3_no_dsp_1_U2/node_0_0_hsub_16ns_16ns_16_3_no_dsp_1_ip_u/U0/i_synth/ADDSUB_OP.ADDSUB/LOGIC_SPEED.OP/NORM/ROUND/LOGIC.RND1/CHAIN_GEN[2].C_MUX.CARRY_MUX_CARRY4_CARRY8                                                            | CLB.CARRY.CARRY8       |
    | grp_node_0_0_Pipeline_l_S_t_1_t_fu_256/hsub_16ns_16ns_16_3_no_dsp_1_U2/node_0_0_hsub_16ns_16ns_16_3_no_dsp_1_ip_u/U0/i_synth/ADDSUB_OP.ADDSUB/LOGIC_SPEED.OP/NORM/ROUND/LOGIC.RND2/CHAIN_GEN[5].Q_XOR.SUM_XOR_CARRY4_CARRY8                                                              | CLB.CARRY.CARRY8       |
    | grp_node_0_0_Pipeline_l_S_t_1_t_fu_256/hsub_16ns_16ns_16_3_no_dsp_1_U2/node_0_0_hsub_16ns_16ns_16_3_no_dsp_1_ip_u/U0/i_synth/ADDSUB_OP.ADDSUB/LOGIC_SPEED.OP/EXP/EXP_OFF.STRUCT_ADD/RESULT_REG.NORMAL.exp_op[1]_i_2                                                                      | CLB.LUT.LUT5           |
    | grp_node_0_0_Pipeline_l_S_t_1_t_fu_256/hsub_16ns_16ns_16_3_no_dsp_1_U2/node_0_0_hsub_16ns_16ns_16_3_no_dsp_1_ip_u/U0/i_synth/ADDSUB_OP.ADDSUB/LOGIC_SPEED.OP/EXP/EXP_OFF.STRUCT_ADD/RESULT_REG.NORMAL.exp_op[1]_i_1                                                                      | CLB.LUT.LUT6           |
    | grp_node_0_0_Pipeline_l_S_t_1_t_fu_256/hsub_16ns_16ns_16_3_no_dsp_1_U2/node_0_0_hsub_16ns_16ns_16_3_no_dsp_1_ip_u/U0/i_synth/ADDSUB_OP.ADDSUB/LOGIC_SPEED.OP/OP/RESULT_REG.NORMAL.exp_op_reg[1]                                                                                          | REGISTER.SDR.FDRE      |
    +------------------------------------------------------------------------------------------------------------------------------------------------------------------------------------------------------------------------------------------------------------------------------------------+------------------------+


================================================================
== Place & Route Vivado Reports
================================================================
+--------------------------+------------------------------------------------------------------+
| Report Type              | Report Location                                                  |
+--------------------------+------------------------------------------------------------------+
| design_analysis          | impl/verilog/report/node_0_0_design_analysis_routed.rpt          |
| failfast                 | impl/verilog/report/node_0_0_failfast_routed.rpt                 |
| power                    | impl/verilog/report/node_0_0_power_routed.rpt                    |
| status                   | impl/verilog/report/node_0_0_status_routed.rpt                   |
| timing                   | impl/verilog/report/node_0_0_timing_routed.rpt                   |
| timing_paths             | impl/verilog/report/node_0_0_timing_paths_routed.rpt             |
| utilization              | impl/verilog/report/node_0_0_utilization_routed.rpt              |
| utilization_hierarchical | impl/verilog/report/node_0_0_utilization_hierarchical_routed.rpt |
+--------------------------+------------------------------------------------------------------+


