Copyright 1986-2022 Xilinx, Inc. All Rights Reserved. Copyright 2022-2025 Advanced Micro Devices, Inc. All Rights Reserved.
-----------------------------------------------------------------------------------------------------------------------------------------------------------------------------------------------------------------------------------------------------
| Tool Version      : Vivado v.2025.1 (lin64) Build 6140274 Wed May 21 22:58:25 MDT 2025
| Date              : Sat Aug 15 10:36:12 2026
| Host              : zhang-21.ece.cornell.edu running 64-bit Red Hat Enterprise Linux release 8.10 (Ootpa)
| Command           : report_timing_summary -max_paths 10 -routable_nets -report_unconstrained -file bd_0_wrapper_timing_summary_routed.rpt -pb bd_0_wrapper_timing_summary_routed.pb -rpx bd_0_wrapper_timing_summary_routed.rpx -warn_on_violation
| Design            : bd_0_wrapper
| Device            : xczu7ev-ffvc1156
| Speed File        : -2  PRODUCTION 1.30 05-15-2022
| Design State      : Routed
| Temperature Grade : E
-----------------------------------------------------------------------------------------------------------------------------------------------------------------------------------------------------------------------------------------------------

Timing Summary Report

------------------------------------------------------------------------------------------------
| Timer Settings
| --------------
------------------------------------------------------------------------------------------------

  Enable Multi Corner Analysis               :  Yes
  Enable Pessimism Removal                   :  Yes
  Pessimism Removal Resolution               :  Nearest Common Node
  Enable Input Delay Default Clock           :  No
  Enable Preset / Clear Arcs                 :  No
  Disable Flight Delays                      :  No
  Ignore I/O Paths                           :  No
  Timing Early Launch at Borrowing Latches   :  No
  Borrow Time for Max Delay Exceptions       :  Yes
  Merge Timing Exceptions                    :  Yes
  Inter-SLR Compensation                     :  Conservative

  Corner  Analyze    Analyze    
  Name    Max Paths  Min Paths  
  ------  ---------  ---------  
  Slow    Yes        Yes        
  Fast    Yes        Yes        


------------------------------------------------------------------------------------------------
| Report Methodology
| ------------------
------------------------------------------------------------------------------------------------

Rule       Severity  Description                    Violations  
---------  --------  -----------------------------  ----------  
TIMING-18  Warning   Missing input or output delay  373         

Note: This report is based on the most recent report_methodology run and may not be up-to-date. Run report_methodology on the current design for the latest report.



check_timing report

Table of Contents
-----------------
1. checking no_clock (0)
2. checking constant_clock (0)
3. checking pulse_width_clock (0)
4. checking unconstrained_internal_endpoints (0)
5. checking no_input_delay (186)
6. checking no_output_delay (187)
7. checking multiple_clock (0)
8. checking generated_clocks (0)
9. checking loops (0)
10. checking partial_input_delay (0)
11. checking partial_output_delay (0)
12. checking latch_loops (0)

1. checking no_clock (0)
------------------------
 There are 0 register/latch pins with no clock.


2. checking constant_clock (0)
------------------------------
 There are 0 register/latch pins with constant_clock.


3. checking pulse_width_clock (0)
---------------------------------
 There are 0 register/latch pins which need pulse_width check


4. checking unconstrained_internal_endpoints (0)
------------------------------------------------
 There are 0 pins that are not constrained for maximum delay.

 There are 0 pins that are not constrained for maximum delay due to constant clock.


5. checking no_input_delay (186)
--------------------------------
 There are 186 input ports with no input delay specified. (HIGH)

 There are 0 input ports with no input delay but user has a false path constraint.


6. checking no_output_delay (187)
---------------------------------
 There are 187 ports with no output delay specified. (HIGH)

 There are 0 ports with no output delay but user has a false path constraint

 There are 0 ports with no output delay but with a timing clock defined on it or propagating through it


7. checking multiple_clock (0)
------------------------------
 There are 0 register/latch pins with multiple clocks.


8. checking generated_clocks (0)
--------------------------------
 There are 0 generated clocks that are not connected to a clock source.


9. checking loops (0)
---------------------
 There are 0 combinational loops in the design.


10. checking partial_input_delay (0)
------------------------------------
 There are 0 input ports with partial input delay specified.


11. checking partial_output_delay (0)
-------------------------------------
 There are 0 ports with partial output delay specified.


12. checking latch_loops (0)
----------------------------
 There are 0 combinational latch loops in the design through latch input



------------------------------------------------------------------------------------------------
| Design Timing Summary
| ---------------------
------------------------------------------------------------------------------------------------

    WNS(ns)      TNS(ns)  TNS Failing Endpoints  TNS Total Endpoints      WHS(ns)      THS(ns)  THS Failing Endpoints  THS Total Endpoints     WPWS(ns)     TPWS(ns)  TPWS Failing Endpoints  TPWS Total Endpoints  
    -------      -------  ---------------------  -------------------      -------      -------  ---------------------  -------------------     --------     --------  ----------------------  --------------------  
     -0.752      -53.727                    300                 2926        0.042        0.000                      0                 2926        1.133        0.000                       0                  1165  


Timing constraints are not met.


------------------------------------------------------------------------------------------------
| Clock Summary
| -------------
------------------------------------------------------------------------------------------------

Clock   Waveform(ns)         Period(ns)      Frequency(MHz)
-----   ------------         ----------      --------------
ap_clk  {0.000 1.665}        3.330           300.300         


------------------------------------------------------------------------------------------------
| Intra Clock Table
| -----------------
------------------------------------------------------------------------------------------------

Clock             WNS(ns)      TNS(ns)  TNS Failing Endpoints  TNS Total Endpoints      WHS(ns)      THS(ns)  THS Failing Endpoints  THS Total Endpoints     WPWS(ns)     TPWS(ns)  TPWS Failing Endpoints  TPWS Total Endpoints  
-----             -------      -------  ---------------------  -------------------      -------      -------  ---------------------  -------------------     --------     --------  ----------------------  --------------------  
ap_clk             -0.752      -53.727                    300                 2926        0.042        0.000                      0                 2926        1.133        0.000                       0                  1165  


------------------------------------------------------------------------------------------------
| Inter Clock Table
| -----------------
------------------------------------------------------------------------------------------------

From Clock    To Clock          WNS(ns)      TNS(ns)  TNS Failing Endpoints  TNS Total Endpoints      WHS(ns)      THS(ns)  THS Failing Endpoints  THS Total Endpoints  
----------    --------          -------      -------  ---------------------  -------------------      -------      -------  ---------------------  -------------------  


------------------------------------------------------------------------------------------------
| Other Path Groups Table
| -----------------------
------------------------------------------------------------------------------------------------

Path Group    From Clock    To Clock          WNS(ns)      TNS(ns)  TNS Failing Endpoints  TNS Total Endpoints      WHS(ns)      THS(ns)  THS Failing Endpoints  THS Total Endpoints  
----------    ----------    --------          -------      -------  ---------------------  -------------------      -------      -------  ---------------------  -------------------  


------------------------------------------------------------------------------------------------
| User Ignored Path Table
| -----------------------
------------------------------------------------------------------------------------------------

Path Group    From Clock    To Clock    
----------    ----------    --------    


------------------------------------------------------------------------------------------------
| Unconstrained Path Table
| ------------------------
------------------------------------------------------------------------------------------------

Path Group    From Clock    To Clock    
----------    ----------    --------    
(none)                                    
(none)        ap_clk                      
(none)                      ap_clk        


------------------------------------------------------------------------------------------------
| Timing Details
| --------------
------------------------------------------------------------------------------------------------


---------------------------------------------------------------------------------------------------
From Clock:  ap_clk
  To Clock:  ap_clk

Setup :          300  Failing Endpoints,  Worst Slack       -0.752ns,  Total Violation      -53.727ns
Hold  :            0  Failing Endpoints,  Worst Slack        0.042ns,  Total Violation        0.000ns
PW    :            0  Failing Endpoints,  Worst Slack        1.133ns,  Total Violation        0.000ns
---------------------------------------------------------------------------------------------------


Max Delay Paths
--------------------------------------------------------------------------------------
Slack (VIOLATED) :        -0.752ns  (required time - arrival time)
  Source:                 bd_0_i/hls_inst/inst/hadd_16ns_16ns_16_3_no_dsp_1_U1/din1_buf1_reg[4]_replica/C
                            (rising edge-triggered cell FDRE clocked by ap_clk  {rise@0.000ns fall@1.665ns period=3.330ns})
  Destination:            <hidden>
                            (rising edge-triggered cell FDRE clocked by ap_clk  {rise@0.000ns fall@1.665ns period=3.330ns})
  Path Group:             ap_clk
  Path Type:              Setup (Max at Slow Process Corner)
  Requirement:            3.330ns  (ap_clk rise@3.330ns - ap_clk rise@0.000ns)
  Data Path Delay:        4.064ns  (logic 3.091ns (76.057%)  route 0.973ns (23.943%))
  Logic Levels:           13  (CARRY8=2 DSP_A_B_DATA=2 DSP_ALU=2 DSP_M_DATA=1 DSP_MULTIPLIER=1 DSP_OUTPUT=2 DSP_PREADD_DATA=1 LUT2=1 LUT3=1)
  Clock Path Skew:        -0.008ns (DCD - SCD + CPR)
    Destination Clock Delay (DCD):    0.020ns = ( 3.350 - 3.330 ) 
    Source Clock Delay      (SCD):    0.028ns
    Clock Pessimism Removal (CPR):    0.000ns
  Clock Uncertainty:      0.035ns  ((TSJ^2 + TIJ^2)^1/2 + DJ) / 2 + PE
    Total System Jitter     (TSJ):    0.071ns
    Total Input Jitter      (TIJ):    0.000ns
    Discrete Jitter          (DJ):    0.000ns
    Phase Error              (PE):    0.000ns

    Location             Delay type                Incr(ns)  Path(ns)    Netlist Resource(s)
  -------------------------------------------------------------------    -------------------
                         (clock ap_clk rise edge)     0.000     0.000 r  
                                                      0.000     0.000 r  ap_clk (IN)
                         net (fo=1176, unset)         0.028     0.028    bd_0_i/hls_inst/inst/hadd_16ns_16ns_16_3_no_dsp_1_U1/ap_clk
    SLICE_X55Y110        FDRE                                         r  bd_0_i/hls_inst/inst/hadd_16ns_16ns_16_3_no_dsp_1_U1/din1_buf1_reg[4]_replica/C
  -------------------------------------------------------------------    -------------------
    SLICE_X55Y110        FDRE (Prop_BFF2_SLICEL_C_Q)
                                                      0.080     0.108 f  bd_0_i/hls_inst/inst/hadd_16ns_16ns_16_3_no_dsp_1_U1/din1_buf1_reg[4]_replica/Q
                         net (fo=1, routed)           0.158     0.266    <hidden>
    DSP48E2_X5Y44        DSP_A_B_DATA (Prop_DSP_A_B_DATA_DSP48E2_B[4]_B2_DATA[4])
                                                      0.151     0.417 r  <hidden>
                         net (fo=1, routed)           0.000     0.417    <hidden>
    DSP48E2_X5Y44        DSP_PREADD_DATA (Prop_DSP_PREADD_DATA_DSP48E2_B2_DATA[4]_B2B1[4])
                                                      0.073     0.490 r  <hidden>
                         net (fo=1, routed)           0.000     0.490    <hidden>
    DSP48E2_X5Y44        DSP_MULTIPLIER (Prop_DSP_MULTIPLIER_DSP48E2_B2B1[4]_V[34])
                                                      0.609     1.099 f  <hidden>
                         net (fo=1, routed)           0.000     1.099    <hidden>
    DSP48E2_X5Y44        DSP_M_DATA (Prop_DSP_M_DATA_DSP48E2_V[34]_V_DATA[34])
                                                      0.046     1.145 r  <hidden>
                         net (fo=1, routed)           0.000     1.145    <hidden>
    DSP48E2_X5Y44        DSP_ALU (Prop_DSP_ALU_DSP48E2_V_DATA[34]_ALU_OUT[47])
                                                      0.571     1.716 r  <hidden>
                         net (fo=1, routed)           0.000     1.716    <hidden>
    DSP48E2_X5Y44        DSP_OUTPUT (Prop_DSP_OUTPUT_DSP48E2_ALU_OUT[47]_PATTERN_DETECT)
                                                      0.363     2.079 f  <hidden>
                         net (fo=2, routed)           0.218     2.297    <hidden>
    SLICE_X56Y113        LUT3 (Prop_A6LUT_SLICEM_I2_O)
                                                      0.038     2.335 r  <hidden>
                         net (fo=1, routed)           0.013     2.348    <hidden>
    SLICE_X56Y113        CARRY8 (Prop_CARRY8_SLICEM_S[0]_CO[2])
                                                      0.115     2.463 f  <hidden>
                         net (fo=1, routed)           0.177     2.640    <hidden>
    DSP48E2_X5Y46        DSP_A_B_DATA (Prop_DSP_A_B_DATA_DSP48E2_B[1]_B_ALU[1])
                                                      0.165     2.805 r  <hidden>
                         net (fo=1, routed)           0.000     2.805    <hidden>
    DSP48E2_X5Y46        DSP_ALU (Prop_DSP_ALU_DSP48E2_B_ALU[1]_ALU_OUT[12])
                                                      0.541     3.346 f  <hidden>
                         net (fo=1, routed)           0.000     3.346    <hidden>
    DSP48E2_X5Y46        DSP_OUTPUT (Prop_DSP_OUTPUT_DSP48E2_ALU_OUT[12]_P[12])
                                                      0.109     3.455 r  <hidden>
                         net (fo=1, routed)           0.231     3.686    <hidden>
    SLICE_X56Y116        CARRY8 (Prop_CARRY8_SLICEM_CI_O[2])
                                                      0.131     3.817 r  <hidden>
                         net (fo=1, routed)           0.130     3.947    <hidden>
    SLICE_X55Y116        LUT2 (Prop_E6LUT_SLICEL_I0_O)
                                                      0.099     4.046 r  <hidden>
                         net (fo=1, routed)           0.046     4.092    <hidden>
    SLICE_X55Y116        FDRE                                         r  <hidden>
  -------------------------------------------------------------------    -------------------

                         (clock ap_clk rise edge)     3.330     3.330 r  
                                                      0.000     3.330 r  ap_clk (IN)
                         net (fo=1176, unset)         0.020     3.350    <hidden>
    SLICE_X55Y116        FDRE                                         r  <hidden>
                         clock pessimism              0.000     3.350    
                         clock uncertainty           -0.035     3.315    
    SLICE_X55Y116        FDRE (Setup_EFF_SLICEL_C_D)
                                                      0.025     3.340    <hidden>
  -------------------------------------------------------------------
                         required time                          3.340    
                         arrival time                          -4.092    
  -------------------------------------------------------------------
                         slack                                 -0.752    

Slack (VIOLATED) :        -0.748ns  (required time - arrival time)
  Source:                 bd_0_i/hls_inst/inst/hadd_16ns_16ns_16_3_no_dsp_1_U1/din1_buf1_reg[4]_replica/C
                            (rising edge-triggered cell FDRE clocked by ap_clk  {rise@0.000ns fall@1.665ns period=3.330ns})
  Destination:            <hidden>
                            (rising edge-triggered cell FDRE clocked by ap_clk  {rise@0.000ns fall@1.665ns period=3.330ns})
  Path Group:             ap_clk
  Path Type:              Setup (Max at Slow Process Corner)
  Requirement:            3.330ns  (ap_clk rise@3.330ns - ap_clk rise@0.000ns)
  Data Path Delay:        4.060ns  (logic 3.089ns (76.083%)  route 0.971ns (23.917%))
  Logic Levels:           13  (CARRY8=2 DSP_A_B_DATA=2 DSP_ALU=2 DSP_M_DATA=1 DSP_MULTIPLIER=1 DSP_OUTPUT=2 DSP_PREADD_DATA=1 LUT2=1 LUT3=1)
  Clock Path Skew:        -0.008ns (DCD - SCD + CPR)
    Destination Clock Delay (DCD):    0.020ns = ( 3.350 - 3.330 ) 
    Source Clock Delay      (SCD):    0.028ns
    Clock Pessimism Removal (CPR):    0.000ns
  Clock Uncertainty:      0.035ns  ((TSJ^2 + TIJ^2)^1/2 + DJ) / 2 + PE
    Total System Jitter     (TSJ):    0.071ns
    Total Input Jitter      (TIJ):    0.000ns
    Discrete Jitter          (DJ):    0.000ns
    Phase Error              (PE):    0.000ns

    Location             Delay type                Incr(ns)  Path(ns)    Netlist Resource(s)
  -------------------------------------------------------------------    -------------------
                         (clock ap_clk rise edge)     0.000     0.000 r  
                                                      0.000     0.000 r  ap_clk (IN)
                         net (fo=1176, unset)         0.028     0.028    bd_0_i/hls_inst/inst/hadd_16ns_16ns_16_3_no_dsp_1_U1/ap_clk
    SLICE_X55Y110        FDRE                                         r  bd_0_i/hls_inst/inst/hadd_16ns_16ns_16_3_no_dsp_1_U1/din1_buf1_reg[4]_replica/C
  -------------------------------------------------------------------    -------------------
    SLICE_X55Y110        FDRE (Prop_BFF2_SLICEL_C_Q)
                                                      0.080     0.108 f  bd_0_i/hls_inst/inst/hadd_16ns_16ns_16_3_no_dsp_1_U1/din1_buf1_reg[4]_replica/Q
                         net (fo=1, routed)           0.158     0.266    <hidden>
    DSP48E2_X5Y44        DSP_A_B_DATA (Prop_DSP_A_B_DATA_DSP48E2_B[4]_B2_DATA[4])
                                                      0.151     0.417 r  <hidden>
                         net (fo=1, routed)           0.000     0.417    <hidden>
    DSP48E2_X5Y44        DSP_PREADD_DATA (Prop_DSP_PREADD_DATA_DSP48E2_B2_DATA[4]_B2B1[4])
                                                      0.073     0.490 r  <hidden>
                         net (fo=1, routed)           0.000     0.490    <hidden>
    DSP48E2_X5Y44        DSP_MULTIPLIER (Prop_DSP_MULTIPLIER_DSP48E2_B2B1[4]_V[34])
                                                      0.609     1.099 f  <hidden>
                         net (fo=1, routed)           0.000     1.099    <hidden>
    DSP48E2_X5Y44        DSP_M_DATA (Prop_DSP_M_DATA_DSP48E2_V[34]_V_DATA[34])
                                                      0.046     1.145 r  <hidden>
                         net (fo=1, routed)           0.000     1.145    <hidden>
    DSP48E2_X5Y44        DSP_ALU (Prop_DSP_ALU_DSP48E2_V_DATA[34]_ALU_OUT[47])
                                                      0.571     1.716 r  <hidden>
                         net (fo=1, routed)           0.000     1.716    <hidden>
    DSP48E2_X5Y44        DSP_OUTPUT (Prop_DSP_OUTPUT_DSP48E2_ALU_OUT[47]_PATTERN_DETECT)
                                                      0.363     2.079 f  <hidden>
                         net (fo=2, routed)           0.218     2.297    <hidden>
    SLICE_X56Y113        LUT3 (Prop_A6LUT_SLICEM_I2_O)
                                                      0.038     2.335 r  <hidden>
                         net (fo=1, routed)           0.013     2.348    <hidden>
    SLICE_X56Y113        CARRY8 (Prop_CARRY8_SLICEM_S[0]_CO[2])
                                                      0.115     2.463 f  <hidden>
                         net (fo=1, routed)           0.177     2.640    <hidden>
    DSP48E2_X5Y46        DSP_A_B_DATA (Prop_DSP_A_B_DATA_DSP48E2_B[1]_B_ALU[1])
                                                      0.165     2.805 r  <hidden>
                         net (fo=1, routed)           0.000     2.805    <hidden>
    DSP48E2_X5Y46        DSP_ALU (Prop_DSP_ALU_DSP48E2_B_ALU[1]_ALU_OUT[12])
                                                      0.541     3.346 f  <hidden>
                         net (fo=1, routed)           0.000     3.346    <hidden>
    DSP48E2_X5Y46        DSP_OUTPUT (Prop_DSP_OUTPUT_DSP48E2_ALU_OUT[12]_P[12])
                                                      0.109     3.455 r  <hidden>
                         net (fo=1, routed)           0.231     3.686    <hidden>
    SLICE_X56Y116        CARRY8 (Prop_CARRY8_SLICEM_CI_O[4])
                                                      0.193     3.879 r  <hidden>
                         net (fo=1, routed)           0.123     4.002    <hidden>
    SLICE_X55Y116        LUT2 (Prop_F6LUT_SLICEL_I0_O)
                                                      0.035     4.037 r  <hidden>
                         net (fo=1, routed)           0.051     4.088    <hidden>
    SLICE_X55Y116        FDRE                                         r  <hidden>
  -------------------------------------------------------------------    -------------------

                         (clock ap_clk rise edge)     3.330     3.330 r  
                                                      0.000     3.330 r  ap_clk (IN)
                         net (fo=1176, unset)         0.020     3.350    <hidden>
    SLICE_X55Y116        FDRE                                         r  <hidden>
                         clock pessimism              0.000     3.350    
                         clock uncertainty           -0.035     3.315    
    SLICE_X55Y116        FDRE (Setup_FFF_SLICEL_C_D)
                                                      0.025     3.340    <hidden>
  -------------------------------------------------------------------
                         required time                          3.340    
                         arrival time                          -4.088    
  -------------------------------------------------------------------
                         slack                                 -0.748    

Slack (VIOLATED) :        -0.709ns  (required time - arrival time)
  Source:                 bd_0_i/hls_inst/inst/hadd_16ns_16ns_16_3_no_dsp_1_U1/din1_buf1_reg[4]_replica/C
                            (rising edge-triggered cell FDRE clocked by ap_clk  {rise@0.000ns fall@1.665ns period=3.330ns})
  Destination:            <hidden>
                            (rising edge-triggered cell FDRE clocked by ap_clk  {rise@0.000ns fall@1.665ns period=3.330ns})
  Path Group:             ap_clk
  Path Type:              Setup (Max at Slow Process Corner)
  Requirement:            3.330ns  (ap_clk rise@3.330ns - ap_clk rise@0.000ns)
  Data Path Delay:        4.021ns  (logic 3.044ns (75.701%)  route 0.977ns (24.299%))
  Logic Levels:           13  (CARRY8=2 DSP_A_B_DATA=2 DSP_ALU=2 DSP_M_DATA=1 DSP_MULTIPLIER=1 DSP_OUTPUT=2 DSP_PREADD_DATA=1 LUT2=1 LUT3=1)
  Clock Path Skew:        -0.008ns (DCD - SCD + CPR)
    Destination Clock Delay (DCD):    0.020ns = ( 3.350 - 3.330 ) 
    Source Clock Delay      (SCD):    0.028ns
    Clock Pessimism Removal (CPR):    0.000ns
  Clock Uncertainty:      0.035ns  ((TSJ^2 + TIJ^2)^1/2 + DJ) / 2 + PE
    Total System Jitter     (TSJ):    0.071ns
    Total Input Jitter      (TIJ):    0.000ns
    Discrete Jitter          (DJ):    0.000ns
    Phase Error              (PE):    0.000ns

    Location             Delay type                Incr(ns)  Path(ns)    Netlist Resource(s)
  -------------------------------------------------------------------    -------------------
                         (clock ap_clk rise edge)     0.000     0.000 r  
                                                      0.000     0.000 r  ap_clk (IN)
                         net (fo=1176, unset)         0.028     0.028    bd_0_i/hls_inst/inst/hadd_16ns_16ns_16_3_no_dsp_1_U1/ap_clk
    SLICE_X55Y110        FDRE                                         r  bd_0_i/hls_inst/inst/hadd_16ns_16ns_16_3_no_dsp_1_U1/din1_buf1_reg[4]_replica/C
  -------------------------------------------------------------------    -------------------
    SLICE_X55Y110        FDRE (Prop_BFF2_SLICEL_C_Q)
                                                      0.080     0.108 f  bd_0_i/hls_inst/inst/hadd_16ns_16ns_16_3_no_dsp_1_U1/din1_buf1_reg[4]_replica/Q
                         net (fo=1, routed)           0.158     0.266    <hidden>
    DSP48E2_X5Y44        DSP_A_B_DATA (Prop_DSP_A_B_DATA_DSP48E2_B[4]_B2_DATA[4])
                                                      0.151     0.417 r  <hidden>
                         net (fo=1, routed)           0.000     0.417    <hidden>
    DSP48E2_X5Y44        DSP_PREADD_DATA (Prop_DSP_PREADD_DATA_DSP48E2_B2_DATA[4]_B2B1[4])
                                                      0.073     0.490 r  <hidden>
                         net (fo=1, routed)           0.000     0.490    <hidden>
    DSP48E2_X5Y44        DSP_MULTIPLIER (Prop_DSP_MULTIPLIER_DSP48E2_B2B1[4]_V[34])
                                                      0.609     1.099 f  <hidden>
                         net (fo=1, routed)           0.000     1.099    <hidden>
    DSP48E2_X5Y44        DSP_M_DATA (Prop_DSP_M_DATA_DSP48E2_V[34]_V_DATA[34])
                                                      0.046     1.145 r  <hidden>
                         net (fo=1, routed)           0.000     1.145    <hidden>
    DSP48E2_X5Y44        DSP_ALU (Prop_DSP_ALU_DSP48E2_V_DATA[34]_ALU_OUT[47])
                                                      0.571     1.716 r  <hidden>
                         net (fo=1, routed)           0.000     1.716    <hidden>
    DSP48E2_X5Y44        DSP_OUTPUT (Prop_DSP_OUTPUT_DSP48E2_ALU_OUT[47]_PATTERN_DETECT)
                                                      0.363     2.079 f  <hidden>
                         net (fo=2, routed)           0.218     2.297    <hidden>
    SLICE_X56Y113        LUT3 (Prop_A6LUT_SLICEM_I2_O)
                                                      0.038     2.335 r  <hidden>
                         net (fo=1, routed)           0.013     2.348    <hidden>
    SLICE_X56Y113        CARRY8 (Prop_CARRY8_SLICEM_S[0]_CO[2])
                                                      0.115     2.463 f  <hidden>
                         net (fo=1, routed)           0.177     2.640    <hidden>
    DSP48E2_X5Y46        DSP_A_B_DATA (Prop_DSP_A_B_DATA_DSP48E2_B[1]_B_ALU[1])
                                                      0.165     2.805 r  <hidden>
                         net (fo=1, routed)           0.000     2.805    <hidden>
    DSP48E2_X5Y46        DSP_ALU (Prop_DSP_ALU_DSP48E2_B_ALU[1]_ALU_OUT[12])
                                                      0.541     3.346 f  <hidden>
                         net (fo=1, routed)           0.000     3.346    <hidden>
    DSP48E2_X5Y46        DSP_OUTPUT (Prop_DSP_OUTPUT_DSP48E2_ALU_OUT[12]_P[12])
                                                      0.109     3.455 r  <hidden>
                         net (fo=1, routed)           0.231     3.686    <hidden>
    SLICE_X56Y116        CARRY8 (Prop_CARRY8_SLICEM_CI_O[1])
                                                      0.132     3.818 r  <hidden>
                         net (fo=1, routed)           0.129     3.947    <hidden>
    SLICE_X55Y116        LUT2 (Prop_H6LUT_SLICEL_I0_O)
                                                      0.051     3.998 r  <hidden>
                         net (fo=1, routed)           0.051     4.049    <hidden>
    SLICE_X55Y116        FDRE                                         r  <hidden>
  -------------------------------------------------------------------    -------------------

                         (clock ap_clk rise edge)     3.330     3.330 r  
                                                      0.000     3.330 r  ap_clk (IN)
                         net (fo=1176, unset)         0.020     3.350    <hidden>
    SLICE_X55Y116        FDRE                                         r  <hidden>
                         clock pessimism              0.000     3.350    
                         clock uncertainty           -0.035     3.315    
    SLICE_X55Y116        FDRE (Setup_HFF_SLICEL_C_D)
                                                      0.025     3.340    <hidden>
  -------------------------------------------------------------------
                         required time                          3.340    
                         arrival time                          -4.049    
  -------------------------------------------------------------------
                         slack                                 -0.709    

Slack (VIOLATED) :        -0.704ns  (required time - arrival time)
  Source:                 bd_0_i/hls_inst/inst/hadd_16ns_16ns_16_3_no_dsp_1_U1/din1_buf1_reg[4]_replica/C
                            (rising edge-triggered cell FDRE clocked by ap_clk  {rise@0.000ns fall@1.665ns period=3.330ns})
  Destination:            <hidden>
                            (rising edge-triggered cell FDRE clocked by ap_clk  {rise@0.000ns fall@1.665ns period=3.330ns})
  Path Group:             ap_clk
  Path Type:              Setup (Max at Slow Process Corner)
  Requirement:            3.330ns  (ap_clk rise@3.330ns - ap_clk rise@0.000ns)
  Data Path Delay:        4.016ns  (logic 3.047ns (75.870%)  route 0.969ns (24.130%))
  Logic Levels:           13  (CARRY8=2 DSP_A_B_DATA=2 DSP_ALU=2 DSP_M_DATA=1 DSP_MULTIPLIER=1 DSP_OUTPUT=2 DSP_PREADD_DATA=1 LUT2=1 LUT3=1)
  Clock Path Skew:        -0.008ns (DCD - SCD + CPR)
    Destination Clock Delay (DCD):    0.020ns = ( 3.350 - 3.330 ) 
    Source Clock Delay      (SCD):    0.028ns
    Clock Pessimism Removal (CPR):    0.000ns
  Clock Uncertainty:      0.035ns  ((TSJ^2 + TIJ^2)^1/2 + DJ) / 2 + PE
    Total System Jitter     (TSJ):    0.071ns
    Total Input Jitter      (TIJ):    0.000ns
    Discrete Jitter          (DJ):    0.000ns
    Phase Error              (PE):    0.000ns

    Location             Delay type                Incr(ns)  Path(ns)    Netlist Resource(s)
  -------------------------------------------------------------------    -------------------
                         (clock ap_clk rise edge)     0.000     0.000 r  
                                                      0.000     0.000 r  ap_clk (IN)
                         net (fo=1176, unset)         0.028     0.028    bd_0_i/hls_inst/inst/hadd_16ns_16ns_16_3_no_dsp_1_U1/ap_clk
    SLICE_X55Y110        FDRE                                         r  bd_0_i/hls_inst/inst/hadd_16ns_16ns_16_3_no_dsp_1_U1/din1_buf1_reg[4]_replica/C
  -------------------------------------------------------------------    -------------------
    SLICE_X55Y110        FDRE (Prop_BFF2_SLICEL_C_Q)
                                                      0.080     0.108 f  bd_0_i/hls_inst/inst/hadd_16ns_16ns_16_3_no_dsp_1_U1/din1_buf1_reg[4]_replica/Q
                         net (fo=1, routed)           0.158     0.266    <hidden>
    DSP48E2_X5Y44        DSP_A_B_DATA (Prop_DSP_A_B_DATA_DSP48E2_B[4]_B2_DATA[4])
                                                      0.151     0.417 r  <hidden>
                         net (fo=1, routed)           0.000     0.417    <hidden>
    DSP48E2_X5Y44        DSP_PREADD_DATA (Prop_DSP_PREADD_DATA_DSP48E2_B2_DATA[4]_B2B1[4])
                                                      0.073     0.490 r  <hidden>
                         net (fo=1, routed)           0.000     0.490    <hidden>
    DSP48E2_X5Y44        DSP_MULTIPLIER (Prop_DSP_MULTIPLIER_DSP48E2_B2B1[4]_V[34])
                                                      0.609     1.099 f  <hidden>
                         net (fo=1, routed)           0.000     1.099    <hidden>
    DSP48E2_X5Y44        DSP_M_DATA (Prop_DSP_M_DATA_DSP48E2_V[34]_V_DATA[34])
                                                      0.046     1.145 r  <hidden>
                         net (fo=1, routed)           0.000     1.145    <hidden>
    DSP48E2_X5Y44        DSP_ALU (Prop_DSP_ALU_DSP48E2_V_DATA[34]_ALU_OUT[47])
                                                      0.571     1.716 r  <hidden>
                         net (fo=1, routed)           0.000     1.716    <hidden>
    DSP48E2_X5Y44        DSP_OUTPUT (Prop_DSP_OUTPUT_DSP48E2_ALU_OUT[47]_PATTERN_DETECT)
                                                      0.363     2.079 f  <hidden>
                         net (fo=2, routed)           0.218     2.297    <hidden>
    SLICE_X56Y113        LUT3 (Prop_A6LUT_SLICEM_I2_O)
                                                      0.038     2.335 r  <hidden>
                         net (fo=1, routed)           0.013     2.348    <hidden>
    SLICE_X56Y113        CARRY8 (Prop_CARRY8_SLICEM_S[0]_CO[2])
                                                      0.115     2.463 f  <hidden>
                         net (fo=1, routed)           0.177     2.640    <hidden>
    DSP48E2_X5Y46        DSP_A_B_DATA (Prop_DSP_A_B_DATA_DSP48E2_B[1]_B_ALU[1])
                                                      0.165     2.805 r  <hidden>
                         net (fo=1, routed)           0.000     2.805    <hidden>
    DSP48E2_X5Y46        DSP_ALU (Prop_DSP_ALU_DSP48E2_B_ALU[1]_ALU_OUT[12])
                                                      0.541     3.346 f  <hidden>
                         net (fo=1, routed)           0.000     3.346    <hidden>
    DSP48E2_X5Y46        DSP_OUTPUT (Prop_DSP_OUTPUT_DSP48E2_ALU_OUT[12]_P[12])
                                                      0.109     3.455 r  <hidden>
                         net (fo=1, routed)           0.231     3.686    <hidden>
    SLICE_X56Y116        CARRY8 (Prop_CARRY8_SLICEM_CI_O[3])
                                                      0.135     3.821 r  <hidden>
                         net (fo=1, routed)           0.126     3.947    <hidden>
    SLICE_X55Y115        LUT2 (Prop_E6LUT_SLICEL_I0_O)
                                                      0.051     3.998 r  <hidden>
                         net (fo=1, routed)           0.046     4.044    <hidden>
    SLICE_X55Y115        FDRE                                         r  <hidden>
  -------------------------------------------------------------------    -------------------

                         (clock ap_clk rise edge)     3.330     3.330 r  
                                                      0.000     3.330 r  ap_clk (IN)
                         net (fo=1176, unset)         0.020     3.350    <hidden>
    SLICE_X55Y115        FDRE                                         r  <hidden>
                         clock pessimism              0.000     3.350    
                         clock uncertainty           -0.035     3.315    
    SLICE_X55Y115        FDRE (Setup_EFF_SLICEL_C_D)
                                                      0.025     3.340    <hidden>
  -------------------------------------------------------------------
                         required time                          3.340    
                         arrival time                          -4.044    
  -------------------------------------------------------------------
                         slack                                 -0.704    

Slack (VIOLATED) :        -0.680ns  (required time - arrival time)
  Source:                 bd_0_i/hls_inst/inst/hadd_16ns_16ns_16_3_no_dsp_1_U1/din0_buf1_reg[1]/C
                            (rising edge-triggered cell FDRE clocked by ap_clk  {rise@0.000ns fall@1.665ns period=3.330ns})
  Destination:            <hidden>
                            (rising edge-triggered cell FDRE clocked by ap_clk  {rise@0.000ns fall@1.665ns period=3.330ns})
  Path Group:             ap_clk
  Path Type:              Setup (Max at Slow Process Corner)
  Requirement:            3.330ns  (ap_clk rise@3.330ns - ap_clk rise@0.000ns)
  Data Path Delay:        3.993ns  (logic 1.962ns (49.142%)  route 2.031ns (50.858%))
  Logic Levels:           21  (CARRY8=8 LUT3=1 LUT4=3 LUT5=2 LUT6=7)
  Clock Path Skew:        -0.007ns (DCD - SCD + CPR)
    Destination Clock Delay (DCD):    0.021ns = ( 3.351 - 3.330 ) 
    Source Clock Delay      (SCD):    0.028ns
    Clock Pessimism Removal (CPR):    0.000ns
  Clock Uncertainty:      0.035ns  ((TSJ^2 + TIJ^2)^1/2 + DJ) / 2 + PE
    Total System Jitter     (TSJ):    0.071ns
    Total Input Jitter      (TIJ):    0.000ns
    Discrete Jitter          (DJ):    0.000ns
    Phase Error              (PE):    0.000ns

    Location             Delay type                Incr(ns)  Path(ns)    Netlist Resource(s)
  -------------------------------------------------------------------    -------------------
                         (clock ap_clk rise edge)     0.000     0.000 r  
                                                      0.000     0.000 r  ap_clk (IN)
                         net (fo=1176, unset)         0.028     0.028    bd_0_i/hls_inst/inst/hadd_16ns_16ns_16_3_no_dsp_1_U1/ap_clk
    SLICE_X55Y110        FDRE                                         r  bd_0_i/hls_inst/inst/hadd_16ns_16ns_16_3_no_dsp_1_U1/din0_buf1_reg[1]/C
  -------------------------------------------------------------------    -------------------
    SLICE_X55Y110        FDRE (Prop_CFF_SLICEL_C_Q)
                                                      0.079     0.107 r  bd_0_i/hls_inst/inst/hadd_16ns_16ns_16_3_no_dsp_1_U1/din0_buf1_reg[1]/Q
                         net (fo=18, routed)          0.210     0.317    <hidden>
    SLICE_X54Y105        LUT4 (Prop_A6LUT_SLICEM_I2_O)
                                                      0.090     0.407 r  <hidden>
                         net (fo=1, routed)           0.013     0.420    <hidden>
    SLICE_X54Y105        CARRY8 (Prop_CARRY8_SLICEM_S[0]_CO[7])
                                                      0.199     0.619 r  <hidden>
                         net (fo=29, routed)          0.172     0.791    <hidden>
    SLICE_X55Y105        LUT3 (Prop_E6LUT_SLICEL_I1_O)
                                                      0.035     0.826 f  <hidden>
                         net (fo=1, routed)           0.135     0.961    <hidden>
    SLICE_X54Y106        LUT6 (Prop_A6LUT_SLICEM_I3_O)
                                                      0.100     1.061 r  <hidden>
                         net (fo=1, routed)           0.013     1.074    <hidden>
    SLICE_X54Y106        CARRY8 (Prop_CARRY8_SLICEM_S[0]_CO[2])
                                                      0.115     1.189 r  <hidden>
                         net (fo=1, routed)           0.195     1.384    <hidden>
    SLICE_X54Y107        LUT5 (Prop_A6LUT_SLICEM_I0_O)
                                                      0.038     1.422 r  <hidden>
                         net (fo=2, routed)           0.101     1.523    <hidden>
    SLICE_X56Y107        LUT6 (Prop_B6LUT_SLICEM_I4_O)
                                                      0.089     1.612 r  <hidden>
                         net (fo=1, routed)           0.016     1.628    <hidden>
    SLICE_X56Y107        CARRY8 (Prop_CARRY8_SLICEM_S[1]_CO[7])
                                                      0.190     1.818 r  <hidden>
                         net (fo=1, routed)           0.026     1.844    <hidden>
    SLICE_X56Y108        CARRY8 (Prop_CARRY8_SLICEM_CI_O[4])
                                                      0.086     1.930 f  <hidden>
                         net (fo=5, routed)           0.205     2.134    <hidden>
    SLICE_X55Y109        LUT4 (Prop_A6LUT_SLICEL_I1_O)
                                                      0.149     2.283 r  <hidden>
                         net (fo=1, routed)           0.009     2.292    <hidden>
    SLICE_X55Y109        CARRY8 (Prop_CARRY8_SLICEL_S[0]_CO[1])
                                                      0.107     2.399 r  <hidden>
                         net (fo=34, routed)          0.202     2.601    <hidden>
    SLICE_X54Y110        LUT6 (Prop_F6LUT_SLICEM_I5_O)
                                                      0.037     2.638 r  <hidden>
                         net (fo=2, routed)           0.092     2.730    <hidden>
    SLICE_X55Y110        LUT6 (Prop_F6LUT_SLICEL_I5_O)
                                                      0.097     2.827 f  <hidden>
                         net (fo=19, routed)          0.116     2.943    <hidden>
    SLICE_X56Y110        LUT6 (Prop_F6LUT_SLICEM_I5_O)
                                                      0.037     2.980 r  <hidden>
                         net (fo=2, routed)           0.135     3.115    <hidden>
    SLICE_X56Y111        LUT6 (Prop_C6LUT_SLICEM_I2_O)
                                                      0.051     3.166 r  <hidden>
                         net (fo=2, routed)           0.091     3.257    <hidden>
    SLICE_X55Y111        LUT6 (Prop_A6LUT_SLICEL_I5_O)
                                                      0.050     3.307 r  <hidden>
                         net (fo=1, routed)           0.009     3.316    <hidden>
    SLICE_X55Y111        CARRY8 (Prop_CARRY8_SLICEL_S[0]_CO[7])
                                                      0.190     3.506 r  <hidden>
                         net (fo=1, routed)           0.026     3.532    <hidden>
    SLICE_X55Y112        CARRY8 (Prop_CARRY8_SLICEL_CI_CO[7])
                                                      0.015     3.547 r  <hidden>
                         net (fo=1, routed)           0.026     3.573    <hidden>
    SLICE_X55Y113        CARRY8 (Prop_CARRY8_SLICEL_CI_O[0])
                                                      0.056     3.629 f  <hidden>
                         net (fo=4, routed)           0.136     3.766    <hidden>
    SLICE_X54Y113        LUT5 (Prop_G6LUT_SLICEM_I0_O)
                                                      0.052     3.818 r  <hidden>
                         net (fo=1, routed)           0.048     3.866    <hidden>
    SLICE_X54Y113        LUT4 (Prop_E6LUT_SLICEM_I1_O)
                                                      0.100     3.966 r  <hidden>
                         net (fo=1, routed)           0.055     4.021    <hidden>
    SLICE_X54Y113        FDRE                                         r  <hidden>
  -------------------------------------------------------------------    -------------------

                         (clock ap_clk rise edge)     3.330     3.330 r  
                                                      0.000     3.330 r  ap_clk (IN)
                         net (fo=1176, unset)         0.021     3.351    <hidden>
    SLICE_X54Y113        FDRE                                         r  <hidden>
                         clock pessimism              0.000     3.351    
                         clock uncertainty           -0.035     3.316    
    SLICE_X54Y113        FDRE (Setup_EFF_SLICEM_C_D)
                                                      0.025     3.341    <hidden>
  -------------------------------------------------------------------
                         required time                          3.341    
                         arrival time                          -4.021    
  -------------------------------------------------------------------
                         slack                                 -0.680    

Slack (VIOLATED) :        -0.671ns  (required time - arrival time)
  Source:                 bd_0_i/hls_inst/inst/hadd_16ns_16ns_16_3_no_dsp_1_U1/din1_buf1_reg[4]_replica/C
                            (rising edge-triggered cell FDRE clocked by ap_clk  {rise@0.000ns fall@1.665ns period=3.330ns})
  Destination:            <hidden>
                            (rising edge-triggered cell FDRE clocked by ap_clk  {rise@0.000ns fall@1.665ns period=3.330ns})
  Path Group:             ap_clk
  Path Type:              Setup (Max at Slow Process Corner)
  Requirement:            3.330ns  (ap_clk rise@3.330ns - ap_clk rise@0.000ns)
  Data Path Delay:        3.984ns  (logic 3.008ns (75.501%)  route 0.976ns (24.499%))
  Logic Levels:           13  (CARRY8=2 DSP_A_B_DATA=2 DSP_ALU=2 DSP_M_DATA=1 DSP_MULTIPLIER=1 DSP_OUTPUT=2 DSP_PREADD_DATA=1 LUT3=1 LUT6=1)
  Clock Path Skew:        -0.007ns (DCD - SCD + CPR)
    Destination Clock Delay (DCD):    0.021ns = ( 3.351 - 3.330 ) 
    Source Clock Delay      (SCD):    0.028ns
    Clock Pessimism Removal (CPR):    0.000ns
  Clock Uncertainty:      0.035ns  ((TSJ^2 + TIJ^2)^1/2 + DJ) / 2 + PE
    Total System Jitter     (TSJ):    0.071ns
    Total Input Jitter      (TIJ):    0.000ns
    Discrete Jitter          (DJ):    0.000ns
    Phase Error              (PE):    0.000ns

    Location             Delay type                Incr(ns)  Path(ns)    Netlist Resource(s)
  -------------------------------------------------------------------    -------------------
                         (clock ap_clk rise edge)     0.000     0.000 r  
                                                      0.000     0.000 r  ap_clk (IN)
                         net (fo=1176, unset)         0.028     0.028    bd_0_i/hls_inst/inst/hadd_16ns_16ns_16_3_no_dsp_1_U1/ap_clk
    SLICE_X55Y110        FDRE                                         r  bd_0_i/hls_inst/inst/hadd_16ns_16ns_16_3_no_dsp_1_U1/din1_buf1_reg[4]_replica/C
  -------------------------------------------------------------------    -------------------
    SLICE_X55Y110        FDRE (Prop_BFF2_SLICEL_C_Q)
                                                      0.080     0.108 f  bd_0_i/hls_inst/inst/hadd_16ns_16ns_16_3_no_dsp_1_U1/din1_buf1_reg[4]_replica/Q
                         net (fo=1, routed)           0.158     0.266    <hidden>
    DSP48E2_X5Y44        DSP_A_B_DATA (Prop_DSP_A_B_DATA_DSP48E2_B[4]_B2_DATA[4])
                                                      0.151     0.417 r  <hidden>
                         net (fo=1, routed)           0.000     0.417    <hidden>
    DSP48E2_X5Y44        DSP_PREADD_DATA (Prop_DSP_PREADD_DATA_DSP48E2_B2_DATA[4]_B2B1[4])
                                                      0.073     0.490 r  <hidden>
                         net (fo=1, routed)           0.000     0.490    <hidden>
    DSP48E2_X5Y44        DSP_MULTIPLIER (Prop_DSP_MULTIPLIER_DSP48E2_B2B1[4]_V[34])
                                                      0.609     1.099 f  <hidden>
                         net (fo=1, routed)           0.000     1.099    <hidden>
    DSP48E2_X5Y44        DSP_M_DATA (Prop_DSP_M_DATA_DSP48E2_V[34]_V_DATA[34])
                                                      0.046     1.145 r  <hidden>
                         net (fo=1, routed)           0.000     1.145    <hidden>
    DSP48E2_X5Y44        DSP_ALU (Prop_DSP_ALU_DSP48E2_V_DATA[34]_ALU_OUT[47])
                                                      0.571     1.716 r  <hidden>
                         net (fo=1, routed)           0.000     1.716    <hidden>
    DSP48E2_X5Y44        DSP_OUTPUT (Prop_DSP_OUTPUT_DSP48E2_ALU_OUT[47]_PATTERN_DETECT)
                                                      0.363     2.079 f  <hidden>
                         net (fo=2, routed)           0.218     2.297    <hidden>
    SLICE_X56Y113        LUT3 (Prop_A6LUT_SLICEM_I2_O)
                                                      0.038     2.335 r  <hidden>
                         net (fo=1, routed)           0.013     2.348    <hidden>
    SLICE_X56Y113        CARRY8 (Prop_CARRY8_SLICEM_S[0]_CO[2])
                                                      0.115     2.463 f  <hidden>
                         net (fo=1, routed)           0.177     2.640    <hidden>
    DSP48E2_X5Y46        DSP_A_B_DATA (Prop_DSP_A_B_DATA_DSP48E2_B[1]_B_ALU[1])
                                                      0.165     2.805 r  <hidden>
                         net (fo=1, routed)           0.000     2.805    <hidden>
    DSP48E2_X5Y46        DSP_ALU (Prop_DSP_ALU_DSP48E2_B_ALU[1]_ALU_OUT[12])
                                                      0.541     3.346 f  <hidden>
                         net (fo=1, routed)           0.000     3.346    <hidden>
    DSP48E2_X5Y46        DSP_OUTPUT (Prop_DSP_OUTPUT_DSP48E2_ALU_OUT[12]_P[12])
                                                      0.109     3.455 r  <hidden>
                         net (fo=1, routed)           0.231     3.686    <hidden>
    SLICE_X56Y116        CARRY8 (Prop_CARRY8_SLICEM_CI_O[0])
                                                      0.110     3.796 r  <hidden>
                         net (fo=1, routed)           0.124     3.920    <hidden>
    SLICE_X56Y117        LUT6 (Prop_E6LUT_SLICEM_I2_O)
                                                      0.037     3.957 r  <hidden>
                         net (fo=1, routed)           0.055     4.012    <hidden>
    SLICE_X56Y117        FDRE                                         r  <hidden>
  -------------------------------------------------------------------    -------------------

                         (clock ap_clk rise edge)     3.330     3.330 r  
                                                      0.000     3.330 r  ap_clk (IN)
                         net (fo=1176, unset)         0.021     3.351    <hidden>
    SLICE_X56Y117        FDRE                                         r  <hidden>
                         clock pessimism              0.000     3.351    
                         clock uncertainty           -0.035     3.316    
    SLICE_X56Y117        FDRE (Setup_EFF_SLICEM_C_D)
                                                      0.025     3.341    <hidden>
  -------------------------------------------------------------------
                         required time                          3.341    
                         arrival time                          -4.012    
  -------------------------------------------------------------------
                         slack                                 -0.671    

Slack (VIOLATED) :        -0.646ns  (required time - arrival time)
  Source:                 bd_0_i/hls_inst/inst/hadd_16ns_16ns_16_3_no_dsp_1_U1/din0_buf1_reg[1]/C
                            (rising edge-triggered cell FDRE clocked by ap_clk  {rise@0.000ns fall@1.665ns period=3.330ns})
  Destination:            <hidden>
                            (rising edge-triggered cell FDRE clocked by ap_clk  {rise@0.000ns fall@1.665ns period=3.330ns})
  Path Group:             ap_clk
  Path Type:              Setup (Max at Slow Process Corner)
  Requirement:            3.330ns  (ap_clk rise@3.330ns - ap_clk rise@0.000ns)
  Data Path Delay:        3.957ns  (logic 1.896ns (47.912%)  route 2.061ns (52.088%))
  Logic Levels:           21  (CARRY8=8 LUT3=1 LUT4=3 LUT5=1 LUT6=8)
  Clock Path Skew:        -0.008ns (DCD - SCD + CPR)
    Destination Clock Delay (DCD):    0.020ns = ( 3.350 - 3.330 ) 
    Source Clock Delay      (SCD):    0.028ns
    Clock Pessimism Removal (CPR):    0.000ns
  Clock Uncertainty:      0.035ns  ((TSJ^2 + TIJ^2)^1/2 + DJ) / 2 + PE
    Total System Jitter     (TSJ):    0.071ns
    Total Input Jitter      (TIJ):    0.000ns
    Discrete Jitter          (DJ):    0.000ns
    Phase Error              (PE):    0.000ns

    Location             Delay type                Incr(ns)  Path(ns)    Netlist Resource(s)
  -------------------------------------------------------------------    -------------------
                         (clock ap_clk rise edge)     0.000     0.000 r  
                                                      0.000     0.000 r  ap_clk (IN)
                         net (fo=1176, unset)         0.028     0.028    bd_0_i/hls_inst/inst/hadd_16ns_16ns_16_3_no_dsp_1_U1/ap_clk
    SLICE_X55Y110        FDRE                                         r  bd_0_i/hls_inst/inst/hadd_16ns_16ns_16_3_no_dsp_1_U1/din0_buf1_reg[1]/C
  -------------------------------------------------------------------    -------------------
    SLICE_X55Y110        FDRE (Prop_CFF_SLICEL_C_Q)
                                                      0.079     0.107 r  bd_0_i/hls_inst/inst/hadd_16ns_16ns_16_3_no_dsp_1_U1/din0_buf1_reg[1]/Q
                         net (fo=18, routed)          0.210     0.317    <hidden>
    SLICE_X54Y105        LUT4 (Prop_A6LUT_SLICEM_I2_O)
                                                      0.090     0.407 r  <hidden>
                         net (fo=1, routed)           0.013     0.420    <hidden>
    SLICE_X54Y105        CARRY8 (Prop_CARRY8_SLICEM_S[0]_CO[7])
                                                      0.199     0.619 r  <hidden>
                         net (fo=29, routed)          0.172     0.791    <hidden>
    SLICE_X55Y105        LUT3 (Prop_E6LUT_SLICEL_I1_O)
                                                      0.035     0.826 f  <hidden>
                         net (fo=1, routed)           0.135     0.961    <hidden>
    SLICE_X54Y106        LUT6 (Prop_A6LUT_SLICEM_I3_O)
                                                      0.100     1.061 r  <hidden>
                         net (fo=1, routed)           0.013     1.074    <hidden>
    SLICE_X54Y106        CARRY8 (Prop_CARRY8_SLICEM_S[0]_CO[2])
                                                      0.115     1.189 r  <hidden>
                         net (fo=1, routed)           0.195     1.384    <hidden>
    SLICE_X54Y107        LUT5 (Prop_A6LUT_SLICEM_I0_O)
                                                      0.038     1.422 r  <hidden>
                         net (fo=2, routed)           0.101     1.523    <hidden>
    SLICE_X56Y107        LUT6 (Prop_B6LUT_SLICEM_I4_O)
                                                      0.089     1.612 r  <hidden>
                         net (fo=1, routed)           0.016     1.628    <hidden>
    SLICE_X56Y107        CARRY8 (Prop_CARRY8_SLICEM_S[1]_CO[7])
                                                      0.190     1.818 r  <hidden>
                         net (fo=1, routed)           0.026     1.844    <hidden>
    SLICE_X56Y108        CARRY8 (Prop_CARRY8_SLICEM_CI_O[4])
                                                      0.086     1.930 f  <hidden>
                         net (fo=5, routed)           0.205     2.134    <hidden>
    SLICE_X55Y109        LUT4 (Prop_A6LUT_SLICEL_I1_O)
                                                      0.149     2.283 r  <hidden>
                         net (fo=1, routed)           0.009     2.292    <hidden>
    SLICE_X55Y109        CARRY8 (Prop_CARRY8_SLICEL_S[0]_CO[1])
                                                      0.107     2.399 r  <hidden>
                         net (fo=34, routed)          0.202     2.601    <hidden>
    SLICE_X54Y110        LUT6 (Prop_F6LUT_SLICEM_I5_O)
                                                      0.037     2.638 r  <hidden>
                         net (fo=2, routed)           0.092     2.730    <hidden>
    SLICE_X55Y110        LUT6 (Prop_F6LUT_SLICEL_I5_O)
                                                      0.097     2.827 f  <hidden>
                         net (fo=19, routed)          0.116     2.943    <hidden>
    SLICE_X56Y110        LUT6 (Prop_F6LUT_SLICEM_I5_O)
                                                      0.037     2.980 r  <hidden>
                         net (fo=2, routed)           0.135     3.115    <hidden>
    SLICE_X56Y111        LUT6 (Prop_C6LUT_SLICEM_I2_O)
                                                      0.051     3.166 r  <hidden>
                         net (fo=2, routed)           0.091     3.257    <hidden>
    SLICE_X55Y111        LUT6 (Prop_A6LUT_SLICEL_I5_O)
                                                      0.050     3.307 r  <hidden>
                         net (fo=1, routed)           0.009     3.316    <hidden>
    SLICE_X55Y111        CARRY8 (Prop_CARRY8_SLICEL_S[0]_CO[7])
                                                      0.190     3.506 r  <hidden>
                         net (fo=1, routed)           0.026     3.532    <hidden>
    SLICE_X55Y112        CARRY8 (Prop_CARRY8_SLICEL_CI_CO[7])
                                                      0.015     3.547 r  <hidden>
                         net (fo=1, routed)           0.026     3.573    <hidden>
    SLICE_X55Y113        CARRY8 (Prop_CARRY8_SLICEL_CI_O[0])
                                                      0.056     3.629 r  <hidden>
                         net (fo=4, routed)           0.129     3.758    <hidden>
    SLICE_X55Y114        LUT6 (Prop_F6LUT_SLICEL_I5_O)
                                                      0.035     3.793 r  <hidden>
                         net (fo=2, routed)           0.092     3.885    <hidden>
    SLICE_X55Y115        LUT4 (Prop_B6LUT_SLICEL_I0_O)
                                                      0.051     3.936 r  <hidden>
                         net (fo=1, routed)           0.049     3.985    <hidden>
    SLICE_X55Y115        FDRE                                         r  <hidden>
  -------------------------------------------------------------------    -------------------

                         (clock ap_clk rise edge)     3.330     3.330 r  
                                                      0.000     3.330 r  ap_clk (IN)
                         net (fo=1176, unset)         0.020     3.350    <hidden>
    SLICE_X55Y115        FDRE                                         r  <hidden>
                         clock pessimism              0.000     3.350    
                         clock uncertainty           -0.035     3.315    
    SLICE_X55Y115        FDRE (Setup_BFF_SLICEL_C_D)
                                                      0.025     3.340    <hidden>
  -------------------------------------------------------------------
                         required time                          3.340    
                         arrival time                          -3.985    
  -------------------------------------------------------------------
                         slack                                 -0.646    

Slack (VIOLATED) :        -0.630ns  (required time - arrival time)
  Source:                 bd_0_i/hls_inst/inst/hadd_16ns_16ns_16_3_no_dsp_1_U1/din0_buf1_reg[1]/C
                            (rising edge-triggered cell FDRE clocked by ap_clk  {rise@0.000ns fall@1.665ns period=3.330ns})
  Destination:            <hidden>
                            (rising edge-triggered cell FDRE clocked by ap_clk  {rise@0.000ns fall@1.665ns period=3.330ns})
  Path Group:             ap_clk
  Path Type:              Setup (Max at Slow Process Corner)
  Requirement:            3.330ns  (ap_clk rise@3.330ns - ap_clk rise@0.000ns)
  Data Path Delay:        3.943ns  (logic 1.882ns (47.736%)  route 2.061ns (52.264%))
  Logic Levels:           21  (CARRY8=8 LUT3=1 LUT4=2 LUT5=1 LUT6=9)
  Clock Path Skew:        -0.007ns (DCD - SCD + CPR)
    Destination Clock Delay (DCD):    0.021ns = ( 3.351 - 3.330 ) 
    Source Clock Delay      (SCD):    0.028ns
    Clock Pessimism Removal (CPR):    0.000ns
  Clock Uncertainty:      0.035ns  ((TSJ^2 + TIJ^2)^1/2 + DJ) / 2 + PE
    Total System Jitter     (TSJ):    0.071ns
    Total Input Jitter      (TIJ):    0.000ns
    Discrete Jitter          (DJ):    0.000ns
    Phase Error              (PE):    0.000ns

    Location             Delay type                Incr(ns)  Path(ns)    Netlist Resource(s)
  -------------------------------------------------------------------    -------------------
                         (clock ap_clk rise edge)     0.000     0.000 r  
                                                      0.000     0.000 r  ap_clk (IN)
                         net (fo=1176, unset)         0.028     0.028    bd_0_i/hls_inst/inst/hadd_16ns_16ns_16_3_no_dsp_1_U1/ap_clk
    SLICE_X55Y110        FDRE                                         r  bd_0_i/hls_inst/inst/hadd_16ns_16ns_16_3_no_dsp_1_U1/din0_buf1_reg[1]/C
  -------------------------------------------------------------------    -------------------
    SLICE_X55Y110        FDRE (Prop_CFF_SLICEL_C_Q)
                                                      0.079     0.107 r  bd_0_i/hls_inst/inst/hadd_16ns_16ns_16_3_no_dsp_1_U1/din0_buf1_reg[1]/Q
                         net (fo=18, routed)          0.210     0.317    <hidden>
    SLICE_X54Y105        LUT4 (Prop_A6LUT_SLICEM_I2_O)
                                                      0.090     0.407 r  <hidden>
                         net (fo=1, routed)           0.013     0.420    <hidden>
    SLICE_X54Y105        CARRY8 (Prop_CARRY8_SLICEM_S[0]_CO[7])
                                                      0.199     0.619 r  <hidden>
                         net (fo=29, routed)          0.172     0.791    <hidden>
    SLICE_X55Y105        LUT3 (Prop_E6LUT_SLICEL_I1_O)
                                                      0.035     0.826 f  <hidden>
                         net (fo=1, routed)           0.135     0.961    <hidden>
    SLICE_X54Y106        LUT6 (Prop_A6LUT_SLICEM_I3_O)
                                                      0.100     1.061 r  <hidden>
                         net (fo=1, routed)           0.013     1.074    <hidden>
    SLICE_X54Y106        CARRY8 (Prop_CARRY8_SLICEM_S[0]_CO[2])
                                                      0.115     1.189 r  <hidden>
                         net (fo=1, routed)           0.195     1.384    <hidden>
    SLICE_X54Y107        LUT5 (Prop_A6LUT_SLICEM_I0_O)
                                                      0.038     1.422 r  <hidden>
                         net (fo=2, routed)           0.101     1.523    <hidden>
    SLICE_X56Y107        LUT6 (Prop_B6LUT_SLICEM_I4_O)
                                                      0.089     1.612 r  <hidden>
                         net (fo=1, routed)           0.016     1.628    <hidden>
    SLICE_X56Y107        CARRY8 (Prop_CARRY8_SLICEM_S[1]_CO[7])
                                                      0.190     1.818 r  <hidden>
                         net (fo=1, routed)           0.026     1.844    <hidden>
    SLICE_X56Y108        CARRY8 (Prop_CARRY8_SLICEM_CI_O[4])
                                                      0.086     1.930 f  <hidden>
                         net (fo=5, routed)           0.205     2.134    <hidden>
    SLICE_X55Y109        LUT4 (Prop_A6LUT_SLICEL_I1_O)
                                                      0.149     2.283 r  <hidden>
                         net (fo=1, routed)           0.009     2.292    <hidden>
    SLICE_X55Y109        CARRY8 (Prop_CARRY8_SLICEL_S[0]_CO[1])
                                                      0.107     2.399 r  <hidden>
                         net (fo=34, routed)          0.202     2.601    <hidden>
    SLICE_X54Y110        LUT6 (Prop_F6LUT_SLICEM_I5_O)
                                                      0.037     2.638 r  <hidden>
                         net (fo=2, routed)           0.092     2.730    <hidden>
    SLICE_X55Y110        LUT6 (Prop_F6LUT_SLICEL_I5_O)
                                                      0.097     2.827 f  <hidden>
                         net (fo=19, routed)          0.116     2.943    <hidden>
    SLICE_X56Y110        LUT6 (Prop_F6LUT_SLICEM_I5_O)
                                                      0.037     2.980 r  <hidden>
                         net (fo=2, routed)           0.135     3.115    <hidden>
    SLICE_X56Y111        LUT6 (Prop_C6LUT_SLICEM_I2_O)
                                                      0.051     3.166 r  <hidden>
                         net (fo=2, routed)           0.091     3.257    <hidden>
    SLICE_X55Y111        LUT6 (Prop_A6LUT_SLICEL_I5_O)
                                                      0.050     3.307 r  <hidden>
                         net (fo=1, routed)           0.009     3.316    <hidden>
    SLICE_X55Y111        CARRY8 (Prop_CARRY8_SLICEL_S[0]_CO[7])
                                                      0.190     3.506 r  <hidden>
                         net (fo=1, routed)           0.026     3.532    <hidden>
    SLICE_X55Y112        CARRY8 (Prop_CARRY8_SLICEL_CI_CO[7])
                                                      0.015     3.547 r  <hidden>
                         net (fo=1, routed)           0.026     3.573    <hidden>
    SLICE_X55Y113        CARRY8 (Prop_CARRY8_SLICEL_CI_O[0])
                                                      0.056     3.629 r  <hidden>
                         net (fo=4, routed)           0.129     3.758    <hidden>
    SLICE_X55Y114        LUT6 (Prop_F6LUT_SLICEL_I5_O)
                                                      0.035     3.793 r  <hidden>
                         net (fo=2, routed)           0.085     3.879    <hidden>
    SLICE_X54Y114        LUT6 (Prop_E6LUT_SLICEM_I0_O)
                                                      0.037     3.916 r  <hidden>
                         net (fo=1, routed)           0.055     3.971    <hidden>
    SLICE_X54Y114        FDRE                                         r  <hidden>
  -------------------------------------------------------------------    -------------------

                         (clock ap_clk rise edge)     3.330     3.330 r  
                                                      0.000     3.330 r  ap_clk (IN)
                         net (fo=1176, unset)         0.021     3.351    <hidden>
    SLICE_X54Y114        FDRE                                         r  <hidden>
                         clock pessimism              0.000     3.351    
                         clock uncertainty           -0.035     3.316    
    SLICE_X54Y114        FDRE (Setup_EFF_SLICEM_C_D)
                                                      0.025     3.341    <hidden>
  -------------------------------------------------------------------
                         required time                          3.341    
                         arrival time                          -3.971    
  -------------------------------------------------------------------
                         slack                                 -0.630    

Slack (VIOLATED) :        -0.543ns  (required time - arrival time)
  Source:                 bd_0_i/hls_inst/inst/hadd_16ns_16ns_16_3_no_dsp_1_U1/din0_buf1_reg[1]/C
                            (rising edge-triggered cell FDRE clocked by ap_clk  {rise@0.000ns fall@1.665ns period=3.330ns})
  Destination:            <hidden>
                            (rising edge-triggered cell FDRE clocked by ap_clk  {rise@0.000ns fall@1.665ns period=3.330ns})
  Path Group:             ap_clk
  Path Type:              Setup (Max at Slow Process Corner)
  Requirement:            3.330ns  (ap_clk rise@3.330ns - ap_clk rise@0.000ns)
  Data Path Delay:        3.855ns  (logic 1.845ns (47.866%)  route 2.010ns (52.134%))
  Logic Levels:           20  (CARRY8=8 LUT3=1 LUT4=2 LUT5=1 LUT6=8)
  Clock Path Skew:        -0.008ns (DCD - SCD + CPR)
    Destination Clock Delay (DCD):    0.020ns = ( 3.350 - 3.330 ) 
    Source Clock Delay      (SCD):    0.028ns
    Clock Pessimism Removal (CPR):    0.000ns
  Clock Uncertainty:      0.035ns  ((TSJ^2 + TIJ^2)^1/2 + DJ) / 2 + PE
    Total System Jitter     (TSJ):    0.071ns
    Total Input Jitter      (TIJ):    0.000ns
    Discrete Jitter          (DJ):    0.000ns
    Phase Error              (PE):    0.000ns

    Location             Delay type                Incr(ns)  Path(ns)    Netlist Resource(s)
  -------------------------------------------------------------------    -------------------
                         (clock ap_clk rise edge)     0.000     0.000 r  
                                                      0.000     0.000 r  ap_clk (IN)
                         net (fo=1176, unset)         0.028     0.028    bd_0_i/hls_inst/inst/hadd_16ns_16ns_16_3_no_dsp_1_U1/ap_clk
    SLICE_X55Y110        FDRE                                         r  bd_0_i/hls_inst/inst/hadd_16ns_16ns_16_3_no_dsp_1_U1/din0_buf1_reg[1]/C
  -------------------------------------------------------------------    -------------------
    SLICE_X55Y110        FDRE (Prop_CFF_SLICEL_C_Q)
                                                      0.079     0.107 r  bd_0_i/hls_inst/inst/hadd_16ns_16ns_16_3_no_dsp_1_U1/din0_buf1_reg[1]/Q
                         net (fo=18, routed)          0.210     0.317    <hidden>
    SLICE_X54Y105        LUT4 (Prop_A6LUT_SLICEM_I2_O)
                                                      0.090     0.407 r  <hidden>
                         net (fo=1, routed)           0.013     0.420    <hidden>
    SLICE_X54Y105        CARRY8 (Prop_CARRY8_SLICEM_S[0]_CO[7])
                                                      0.199     0.619 r  <hidden>
                         net (fo=29, routed)          0.172     0.791    <hidden>
    SLICE_X55Y105        LUT3 (Prop_E6LUT_SLICEL_I1_O)
                                                      0.035     0.826 f  <hidden>
                         net (fo=1, routed)           0.135     0.961    <hidden>
    SLICE_X54Y106        LUT6 (Prop_A6LUT_SLICEM_I3_O)
                                                      0.100     1.061 r  <hidden>
                         net (fo=1, routed)           0.013     1.074    <hidden>
    SLICE_X54Y106        CARRY8 (Prop_CARRY8_SLICEM_S[0]_CO[2])
                                                      0.115     1.189 r  <hidden>
                         net (fo=1, routed)           0.195     1.384    <hidden>
    SLICE_X54Y107        LUT5 (Prop_A6LUT_SLICEM_I0_O)
                                                      0.038     1.422 r  <hidden>
                         net (fo=2, routed)           0.101     1.523    <hidden>
    SLICE_X56Y107        LUT6 (Prop_B6LUT_SLICEM_I4_O)
                                                      0.089     1.612 r  <hidden>
                         net (fo=1, routed)           0.016     1.628    <hidden>
    SLICE_X56Y107        CARRY8 (Prop_CARRY8_SLICEM_S[1]_CO[7])
                                                      0.190     1.818 r  <hidden>
                         net (fo=1, routed)           0.026     1.844    <hidden>
    SLICE_X56Y108        CARRY8 (Prop_CARRY8_SLICEM_CI_O[4])
                                                      0.086     1.930 f  <hidden>
                         net (fo=5, routed)           0.205     2.134    <hidden>
    SLICE_X55Y109        LUT4 (Prop_A6LUT_SLICEL_I1_O)
                                                      0.149     2.283 r  <hidden>
                         net (fo=1, routed)           0.009     2.292    <hidden>
    SLICE_X55Y109        CARRY8 (Prop_CARRY8_SLICEL_S[0]_CO[1])
                                                      0.107     2.399 r  <hidden>
                         net (fo=34, routed)          0.202     2.601    <hidden>
    SLICE_X54Y110        LUT6 (Prop_F6LUT_SLICEM_I5_O)
                                                      0.037     2.638 r  <hidden>
                         net (fo=2, routed)           0.092     2.730    <hidden>
    SLICE_X55Y110        LUT6 (Prop_F6LUT_SLICEL_I5_O)
                                                      0.097     2.827 f  <hidden>
                         net (fo=19, routed)          0.116     2.943    <hidden>
    SLICE_X56Y110        LUT6 (Prop_F6LUT_SLICEM_I5_O)
                                                      0.037     2.980 r  <hidden>
                         net (fo=2, routed)           0.135     3.115    <hidden>
    SLICE_X56Y111        LUT6 (Prop_C6LUT_SLICEM_I2_O)
                                                      0.051     3.166 r  <hidden>
                         net (fo=2, routed)           0.091     3.257    <hidden>
    SLICE_X55Y111        LUT6 (Prop_A6LUT_SLICEL_I5_O)
                                                      0.050     3.307 r  <hidden>
                         net (fo=1, routed)           0.009     3.316    <hidden>
    SLICE_X55Y111        CARRY8 (Prop_CARRY8_SLICEL_S[0]_CO[7])
                                                      0.190     3.506 r  <hidden>
                         net (fo=1, routed)           0.026     3.532    <hidden>
    SLICE_X55Y112        CARRY8 (Prop_CARRY8_SLICEL_CI_CO[7])
                                                      0.015     3.547 r  <hidden>
                         net (fo=1, routed)           0.026     3.573    <hidden>
    SLICE_X55Y113        CARRY8 (Prop_CARRY8_SLICEL_CI_O[0])
                                                      0.056     3.629 r  <hidden>
                         net (fo=4, routed)           0.172     3.802    <hidden>
    SLICE_X55Y113        LUT6 (Prop_E6LUT_SLICEL_I2_O)
                                                      0.035     3.837 r  <hidden>
                         net (fo=1, routed)           0.046     3.883    <hidden>
    SLICE_X55Y113        FDRE                                         r  <hidden>
  -------------------------------------------------------------------    -------------------

                         (clock ap_clk rise edge)     3.330     3.330 r  
                                                      0.000     3.330 r  ap_clk (IN)
                         net (fo=1176, unset)         0.020     3.350    <hidden>
    SLICE_X55Y113        FDRE                                         r  <hidden>
                         clock pessimism              0.000     3.350    
                         clock uncertainty           -0.035     3.315    
    SLICE_X55Y113        FDRE (Setup_EFF_SLICEL_C_D)
                                                      0.025     3.340    <hidden>
  -------------------------------------------------------------------
                         required time                          3.340    
                         arrival time                          -3.883    
  -------------------------------------------------------------------
                         slack                                 -0.543    

Slack (VIOLATED) :        -0.515ns  (required time - arrival time)
  Source:                 bd_0_i/hls_inst/inst/hadd_16ns_16ns_16_3_no_dsp_1_U1/din0_buf1_reg[1]/C
                            (rising edge-triggered cell FDRE clocked by ap_clk  {rise@0.000ns fall@1.665ns period=3.330ns})
  Destination:            <hidden>
                            (rising edge-triggered cell FDRE clocked by ap_clk  {rise@0.000ns fall@1.665ns period=3.330ns})
  Path Group:             ap_clk
  Path Type:              Setup (Max at Slow Process Corner)
  Requirement:            3.330ns  (ap_clk rise@3.330ns - ap_clk rise@0.000ns)
  Data Path Delay:        3.826ns  (logic 1.924ns (50.286%)  route 1.902ns (49.714%))
  Logic Levels:           19  (CARRY8=7 LUT3=2 LUT4=2 LUT5=1 LUT6=7)
  Clock Path Skew:        -0.008ns (DCD - SCD + CPR)
    Destination Clock Delay (DCD):    0.020ns = ( 3.350 - 3.330 ) 
    Source Clock Delay      (SCD):    0.028ns
    Clock Pessimism Removal (CPR):    0.000ns
  Clock Uncertainty:      0.035ns  ((TSJ^2 + TIJ^2)^1/2 + DJ) / 2 + PE
    Total System Jitter     (TSJ):    0.071ns
    Total Input Jitter      (TIJ):    0.000ns
    Discrete Jitter          (DJ):    0.000ns
    Phase Error              (PE):    0.000ns

    Location             Delay type                Incr(ns)  Path(ns)    Netlist Resource(s)
  -------------------------------------------------------------------    -------------------
                         (clock ap_clk rise edge)     0.000     0.000 r  
                                                      0.000     0.000 r  ap_clk (IN)
                         net (fo=1176, unset)         0.028     0.028    bd_0_i/hls_inst/inst/hadd_16ns_16ns_16_3_no_dsp_1_U1/ap_clk
    SLICE_X55Y110        FDRE                                         r  bd_0_i/hls_inst/inst/hadd_16ns_16ns_16_3_no_dsp_1_U1/din0_buf1_reg[1]/C
  -------------------------------------------------------------------    -------------------
    SLICE_X55Y110        FDRE (Prop_CFF_SLICEL_C_Q)
                                                      0.079     0.107 r  bd_0_i/hls_inst/inst/hadd_16ns_16ns_16_3_no_dsp_1_U1/din0_buf1_reg[1]/Q
                         net (fo=18, routed)          0.210     0.317    <hidden>
    SLICE_X54Y105        LUT4 (Prop_A6LUT_SLICEM_I2_O)
                                                      0.090     0.407 r  <hidden>
                         net (fo=1, routed)           0.013     0.420    <hidden>
    SLICE_X54Y105        CARRY8 (Prop_CARRY8_SLICEM_S[0]_CO[7])
                                                      0.199     0.619 r  <hidden>
                         net (fo=29, routed)          0.172     0.791    <hidden>
    SLICE_X55Y105        LUT3 (Prop_E6LUT_SLICEL_I1_O)
                                                      0.035     0.826 f  <hidden>
                         net (fo=1, routed)           0.135     0.961    <hidden>
    SLICE_X54Y106        LUT6 (Prop_A6LUT_SLICEM_I3_O)
                                                      0.100     1.061 r  <hidden>
                         net (fo=1, routed)           0.013     1.074    <hidden>
    SLICE_X54Y106        CARRY8 (Prop_CARRY8_SLICEM_S[0]_CO[2])
                                                      0.115     1.189 r  <hidden>
                         net (fo=1, routed)           0.195     1.384    <hidden>
    SLICE_X54Y107        LUT5 (Prop_A6LUT_SLICEM_I0_O)
                                                      0.038     1.422 r  <hidden>
                         net (fo=2, routed)           0.101     1.523    <hidden>
    SLICE_X56Y107        LUT6 (Prop_B6LUT_SLICEM_I4_O)
                                                      0.089     1.612 r  <hidden>
                         net (fo=1, routed)           0.016     1.628    <hidden>
    SLICE_X56Y107        CARRY8 (Prop_CARRY8_SLICEM_S[1]_CO[7])
                                                      0.190     1.818 r  <hidden>
                         net (fo=1, routed)           0.026     1.844    <hidden>
    SLICE_X56Y108        CARRY8 (Prop_CARRY8_SLICEM_CI_O[4])
                                                      0.086     1.930 f  <hidden>
                         net (fo=5, routed)           0.205     2.134    <hidden>
    SLICE_X55Y109        LUT4 (Prop_A6LUT_SLICEL_I1_O)
                                                      0.149     2.283 r  <hidden>
                         net (fo=1, routed)           0.009     2.292    <hidden>
    SLICE_X55Y109        CARRY8 (Prop_CARRY8_SLICEL_S[0]_CO[1])
                                                      0.107     2.399 r  <hidden>
                         net (fo=34, routed)          0.202     2.601    <hidden>
    SLICE_X54Y110        LUT6 (Prop_F6LUT_SLICEM_I5_O)
                                                      0.037     2.638 r  <hidden>
                         net (fo=2, routed)           0.092     2.730    <hidden>
    SLICE_X55Y110        LUT6 (Prop_F6LUT_SLICEL_I5_O)
                                                      0.097     2.827 f  <hidden>
                         net (fo=19, routed)          0.116     2.943    <hidden>
    SLICE_X56Y110        LUT6 (Prop_F6LUT_SLICEM_I5_O)
                                                      0.037     2.980 r  <hidden>
                         net (fo=2, routed)           0.135     3.115    <hidden>
    SLICE_X56Y111        LUT6 (Prop_C6LUT_SLICEM_I2_O)
                                                      0.051     3.166 r  <hidden>
                         net (fo=2, routed)           0.091     3.257    <hidden>
    SLICE_X55Y111        LUT6 (Prop_A6LUT_SLICEL_I5_O)
                                                      0.050     3.307 r  <hidden>
                         net (fo=1, routed)           0.009     3.316    <hidden>
    SLICE_X55Y111        CARRY8 (Prop_CARRY8_SLICEL_S[0]_CO[7])
                                                      0.190     3.506 r  <hidden>
                         net (fo=1, routed)           0.026     3.532    <hidden>
    SLICE_X55Y112        CARRY8 (Prop_CARRY8_SLICEL_CI_O[7])
                                                      0.116     3.648 r  <hidden>
                         net (fo=1, routed)           0.120     3.768    <hidden>
    SLICE_X55Y113        LUT3 (Prop_A5LUT_SLICEL_I1_O)
                                                      0.069     3.837 r  <hidden>
                         net (fo=1, routed)           0.017     3.854    <hidden>
    SLICE_X55Y113        FDRE                                         r  <hidden>
  -------------------------------------------------------------------    -------------------

                         (clock ap_clk rise edge)     3.330     3.330 r  
                                                      0.000     3.330 r  ap_clk (IN)
                         net (fo=1176, unset)         0.020     3.350    <hidden>
    SLICE_X55Y113        FDRE                                         r  <hidden>
                         clock pessimism              0.000     3.350    
                         clock uncertainty           -0.035     3.315    
    SLICE_X55Y113        FDRE (Setup_AFF2_SLICEL_C_D)
                                                      0.025     3.340    <hidden>
  -------------------------------------------------------------------
                         required time                          3.340    
                         arrival time                          -3.854    
  -------------------------------------------------------------------
                         slack                                 -0.515    





Min Delay Paths
--------------------------------------------------------------------------------------
Slack (MET) :             0.042ns  (arrival time - required time)
  Source:                 bd_0_i/hls_inst/inst/csd_pkt_298_fu_744_reg[19]/C
                            (rising edge-triggered cell FDRE clocked by ap_clk  {rise@0.000ns fall@1.665ns period=3.330ns})
  Destination:            bd_0_i/hls_inst/inst/csd_pkt_298_fu_744_reg[19]/D
                            (rising edge-triggered cell FDRE clocked by ap_clk  {rise@0.000ns fall@1.665ns period=3.330ns})
  Path Group:             ap_clk
  Path Type:              Hold (Min at Fast Process Corner)
  Requirement:            0.000ns  (ap_clk rise@0.000ns - ap_clk rise@0.000ns)
  Data Path Delay:        0.094ns  (logic 0.053ns (56.327%)  route 0.041ns (43.673%))
  Logic Levels:           1  (LUT5=1)
  Clock Path Skew:        0.006ns (DCD - SCD - CPR)
    Destination Clock Delay (DCD):    0.018ns
    Source Clock Delay      (SCD):    0.012ns
    Clock Pessimism Removal (CPR):    -0.000ns

    Location             Delay type                Incr(ns)  Path(ns)    Netlist Resource(s)
  -------------------------------------------------------------------    -------------------
                         (clock ap_clk rise edge)     0.000     0.000 r  
                                                      0.000     0.000 r  ap_clk (IN)
                         net (fo=1176, unset)         0.012     0.012    bd_0_i/hls_inst/inst/ap_clk
    SLICE_X62Y79         FDRE                                         r  bd_0_i/hls_inst/inst/csd_pkt_298_fu_744_reg[19]/C
  -------------------------------------------------------------------    -------------------
    SLICE_X62Y79         FDRE (Prop_DFF_SLICEL_C_Q)
                                                      0.039     0.051 r  bd_0_i/hls_inst/inst/csd_pkt_298_fu_744_reg[19]/Q
                         net (fo=5, routed)           0.025     0.076    bd_0_i/hls_inst/inst/csd_pkt_298_fu_744[19]
    SLICE_X62Y79         LUT5 (Prop_D6LUT_SLICEL_I3_O)
                                                      0.014     0.090 r  bd_0_i/hls_inst/inst/csd_pkt_298_fu_744[19]_i_1/O
                         net (fo=1, routed)           0.016     0.106    bd_0_i/hls_inst/inst/csd_pkt_298_fu_744[19]_i_1_n_0
    SLICE_X62Y79         FDRE                                         r  bd_0_i/hls_inst/inst/csd_pkt_298_fu_744_reg[19]/D
  -------------------------------------------------------------------    -------------------

                         (clock ap_clk rise edge)     0.000     0.000 r  
                                                      0.000     0.000 r  ap_clk (IN)
                         net (fo=1176, unset)         0.018     0.018    bd_0_i/hls_inst/inst/ap_clk
    SLICE_X62Y79         FDRE                                         r  bd_0_i/hls_inst/inst/csd_pkt_298_fu_744_reg[19]/C
                         clock pessimism              0.000     0.018    
    SLICE_X62Y79         FDRE (Hold_DFF_SLICEL_C_D)
                                                      0.046     0.064    bd_0_i/hls_inst/inst/csd_pkt_298_fu_744_reg[19]
  -------------------------------------------------------------------
                         required time                         -0.064    
                         arrival time                           0.106    
  -------------------------------------------------------------------
                         slack                                  0.042    

Slack (MET) :             0.046ns  (arrival time - required time)
  Source:                 bd_0_i/hls_inst/inst/csd_pkt_298_fu_744_reg[9]/C
                            (rising edge-triggered cell FDRE clocked by ap_clk  {rise@0.000ns fall@1.665ns period=3.330ns})
  Destination:            bd_0_i/hls_inst/inst/csd_pkt_298_fu_744_reg[9]/D
                            (rising edge-triggered cell FDRE clocked by ap_clk  {rise@0.000ns fall@1.665ns period=3.330ns})
  Path Group:             ap_clk
  Path Type:              Hold (Min at Fast Process Corner)
  Requirement:            0.000ns  (ap_clk rise@0.000ns - ap_clk rise@0.000ns)
  Data Path Delay:        0.098ns  (logic 0.053ns (54.342%)  route 0.045ns (45.658%))
  Logic Levels:           1  (LUT5=1)
  Clock Path Skew:        0.006ns (DCD - SCD - CPR)
    Destination Clock Delay (DCD):    0.018ns
    Source Clock Delay      (SCD):    0.012ns
    Clock Pessimism Removal (CPR):    -0.000ns

    Location             Delay type                Incr(ns)  Path(ns)    Netlist Resource(s)
  -------------------------------------------------------------------    -------------------
                         (clock ap_clk rise edge)     0.000     0.000 r  
                                                      0.000     0.000 r  ap_clk (IN)
                         net (fo=1176, unset)         0.012     0.012    bd_0_i/hls_inst/inst/ap_clk
    SLICE_X59Y86         FDRE                                         r  bd_0_i/hls_inst/inst/csd_pkt_298_fu_744_reg[9]/C
  -------------------------------------------------------------------    -------------------
    SLICE_X59Y86         FDRE (Prop_DFF_SLICEL_C_Q)
                                                      0.039     0.051 r  bd_0_i/hls_inst/inst/csd_pkt_298_fu_744_reg[9]/Q
                         net (fo=5, routed)           0.029     0.080    bd_0_i/hls_inst/inst/hmul_16ns_16ns_16_3_max_dsp_1_U2/csd_pkt_298_fu_744_reg[15]_0[9]
    SLICE_X59Y86         LUT5 (Prop_D6LUT_SLICEL_I3_O)
                                                      0.014     0.094 r  bd_0_i/hls_inst/inst/hmul_16ns_16ns_16_3_max_dsp_1_U2/csd_pkt_298_fu_744[9]_i_1/O
                         net (fo=1, routed)           0.016     0.110    bd_0_i/hls_inst/inst/hmul_16ns_16ns_16_3_max_dsp_1_U2_n_454
    SLICE_X59Y86         FDRE                                         r  bd_0_i/hls_inst/inst/csd_pkt_298_fu_744_reg[9]/D
  -------------------------------------------------------------------    -------------------

                         (clock ap_clk rise edge)     0.000     0.000 r  
                                                      0.000     0.000 r  ap_clk (IN)
                         net (fo=1176, unset)         0.018     0.018    bd_0_i/hls_inst/inst/ap_clk
    SLICE_X59Y86         FDRE                                         r  bd_0_i/hls_inst/inst/csd_pkt_298_fu_744_reg[9]/C
                         clock pessimism              0.000     0.018    
    SLICE_X59Y86         FDRE (Hold_DFF_SLICEL_C_D)
                                                      0.046     0.064    bd_0_i/hls_inst/inst/csd_pkt_298_fu_744_reg[9]
  -------------------------------------------------------------------
                         required time                         -0.064    
                         arrival time                           0.110    
  -------------------------------------------------------------------
                         slack                                  0.046    

Slack (MET) :             0.049ns  (arrival time - required time)
  Source:                 bd_0_i/hls_inst/inst/csd_pkt_298_fu_744_reg[14]/C
                            (rising edge-triggered cell FDRE clocked by ap_clk  {rise@0.000ns fall@1.665ns period=3.330ns})
  Destination:            bd_0_i/hls_inst/inst/csd_pkt_298_fu_744_reg[14]/D
                            (rising edge-triggered cell FDRE clocked by ap_clk  {rise@0.000ns fall@1.665ns period=3.330ns})
  Path Group:             ap_clk
  Path Type:              Hold (Min at Fast Process Corner)
  Requirement:            0.000ns  (ap_clk rise@0.000ns - ap_clk rise@0.000ns)
  Data Path Delay:        0.101ns  (logic 0.053ns (52.286%)  route 0.048ns (47.714%))
  Logic Levels:           1  (LUT5=1)
  Clock Path Skew:        0.006ns (DCD - SCD - CPR)
    Destination Clock Delay (DCD):    0.018ns
    Source Clock Delay      (SCD):    0.012ns
    Clock Pessimism Removal (CPR):    -0.000ns

    Location             Delay type                Incr(ns)  Path(ns)    Netlist Resource(s)
  -------------------------------------------------------------------    -------------------
                         (clock ap_clk rise edge)     0.000     0.000 r  
                                                      0.000     0.000 r  ap_clk (IN)
                         net (fo=1176, unset)         0.012     0.012    bd_0_i/hls_inst/inst/ap_clk
    SLICE_X60Y88         FDRE                                         r  bd_0_i/hls_inst/inst/csd_pkt_298_fu_744_reg[14]/C
  -------------------------------------------------------------------    -------------------
    SLICE_X60Y88         FDRE (Prop_CFF_SLICEL_C_Q)
                                                      0.039     0.051 r  bd_0_i/hls_inst/inst/csd_pkt_298_fu_744_reg[14]/Q
                         net (fo=5, routed)           0.031     0.082    bd_0_i/hls_inst/inst/hmul_16ns_16ns_16_3_max_dsp_1_U2/csd_pkt_298_fu_744_reg[15]_0[14]
    SLICE_X60Y88         LUT5 (Prop_C6LUT_SLICEL_I3_O)
                                                      0.014     0.096 r  bd_0_i/hls_inst/inst/hmul_16ns_16ns_16_3_max_dsp_1_U2/csd_pkt_298_fu_744[14]_i_1/O
                         net (fo=1, routed)           0.017     0.113    bd_0_i/hls_inst/inst/hmul_16ns_16ns_16_3_max_dsp_1_U2_n_449
    SLICE_X60Y88         FDRE                                         r  bd_0_i/hls_inst/inst/csd_pkt_298_fu_744_reg[14]/D
  -------------------------------------------------------------------    -------------------

                         (clock ap_clk rise edge)     0.000     0.000 r  
                                                      0.000     0.000 r  ap_clk (IN)
                         net (fo=1176, unset)         0.018     0.018    bd_0_i/hls_inst/inst/ap_clk
    SLICE_X60Y88         FDRE                                         r  bd_0_i/hls_inst/inst/csd_pkt_298_fu_744_reg[14]/C
                         clock pessimism              0.000     0.018    
    SLICE_X60Y88         FDRE (Hold_CFF_SLICEL_C_D)
                                                      0.046     0.064    bd_0_i/hls_inst/inst/csd_pkt_298_fu_744_reg[14]
  -------------------------------------------------------------------
                         required time                         -0.064    
                         arrival time                           0.113    
  -------------------------------------------------------------------
                         slack                                  0.049    

Slack (MET) :             0.050ns  (arrival time - required time)
  Source:                 bd_0_i/hls_inst/inst/empty_25_fu_312_reg_r/C
                            (rising edge-triggered cell FDRE clocked by ap_clk  {rise@0.000ns fall@1.665ns period=3.330ns})
  Destination:            bd_0_i/hls_inst/inst/empty_29_fu_328_reg_r/D
                            (rising edge-triggered cell FDRE clocked by ap_clk  {rise@0.000ns fall@1.665ns period=3.330ns})
  Path Group:             ap_clk
  Path Type:              Hold (Min at Fast Process Corner)
  Requirement:            0.000ns  (ap_clk rise@0.000ns - ap_clk rise@0.000ns)
  Data Path Delay:        0.103ns  (logic 0.038ns (36.893%)  route 0.065ns (63.107%))
  Logic Levels:           0  
  Clock Path Skew:        0.006ns (DCD - SCD - CPR)
    Destination Clock Delay (DCD):    0.019ns
    Source Clock Delay      (SCD):    0.013ns
    Clock Pessimism Removal (CPR):    -0.000ns

    Location             Delay type                Incr(ns)  Path(ns)    Netlist Resource(s)
  -------------------------------------------------------------------    -------------------
                         (clock ap_clk rise edge)     0.000     0.000 r  
                                                      0.000     0.000 r  ap_clk (IN)
                         net (fo=1176, unset)         0.013     0.013    bd_0_i/hls_inst/inst/ap_clk
    SLICE_X57Y87         FDRE                                         r  bd_0_i/hls_inst/inst/empty_25_fu_312_reg_r/C
  -------------------------------------------------------------------    -------------------
    SLICE_X57Y87         FDRE (Prop_EFF_SLICEM_C_Q)
                                                      0.038     0.051 r  bd_0_i/hls_inst/inst/empty_25_fu_312_reg_r/Q
                         net (fo=1, routed)           0.065     0.116    bd_0_i/hls_inst/inst/empty_25_fu_312_reg_r_n_0
    SLICE_X57Y87         FDRE                                         r  bd_0_i/hls_inst/inst/empty_29_fu_328_reg_r/D
  -------------------------------------------------------------------    -------------------

                         (clock ap_clk rise edge)     0.000     0.000 r  
                                                      0.000     0.000 r  ap_clk (IN)
                         net (fo=1176, unset)         0.019     0.019    bd_0_i/hls_inst/inst/ap_clk
    SLICE_X57Y87         FDRE                                         r  bd_0_i/hls_inst/inst/empty_29_fu_328_reg_r/C
                         clock pessimism              0.000     0.019    
    SLICE_X57Y87         FDRE (Hold_EFF2_SLICEM_C_D)
                                                      0.047     0.066    bd_0_i/hls_inst/inst/empty_29_fu_328_reg_r
  -------------------------------------------------------------------
                         required time                         -0.066    
                         arrival time                           0.116    
  -------------------------------------------------------------------
                         slack                                  0.050    

Slack (MET) :             0.052ns  (arrival time - required time)
  Source:                 bd_0_i/hls_inst/inst/empty_36_fu_364_reg[1]/C
                            (rising edge-triggered cell FDRE clocked by ap_clk  {rise@0.000ns fall@1.665ns period=3.330ns})
  Destination:            bd_0_i/hls_inst/inst/empty_37_fu_384_reg[1]/D
                            (rising edge-triggered cell FDRE clocked by ap_clk  {rise@0.000ns fall@1.665ns period=3.330ns})
  Path Group:             ap_clk
  Path Type:              Hold (Min at Fast Process Corner)
  Requirement:            0.000ns  (ap_clk rise@0.000ns - ap_clk rise@0.000ns)
  Data Path Delay:        0.104ns  (logic 0.039ns (37.609%)  route 0.065ns (62.391%))
  Logic Levels:           0  
  Clock Path Skew:        0.005ns (DCD - SCD - CPR)
    Destination Clock Delay (DCD):    0.018ns
    Source Clock Delay      (SCD):    0.013ns
    Clock Pessimism Removal (CPR):    -0.000ns

    Location             Delay type                Incr(ns)  Path(ns)    Netlist Resource(s)
  -------------------------------------------------------------------    -------------------
                         (clock ap_clk rise edge)     0.000     0.000 r  
                                                      0.000     0.000 r  ap_clk (IN)
                         net (fo=1176, unset)         0.013     0.013    bd_0_i/hls_inst/inst/ap_clk
    SLICE_X59Y117        FDRE                                         r  bd_0_i/hls_inst/inst/empty_36_fu_364_reg[1]/C
  -------------------------------------------------------------------    -------------------
    SLICE_X59Y117        FDRE (Prop_HFF2_SLICEL_C_Q)
                                                      0.039     0.052 r  bd_0_i/hls_inst/inst/empty_36_fu_364_reg[1]/Q
                         net (fo=3, routed)           0.065     0.117    bd_0_i/hls_inst/inst/empty_36_fu_364_reg_n_0_[1]
    SLICE_X59Y118        FDRE                                         r  bd_0_i/hls_inst/inst/empty_37_fu_384_reg[1]/D
  -------------------------------------------------------------------    -------------------

                         (clock ap_clk rise edge)     0.000     0.000 r  
                                                      0.000     0.000 r  ap_clk (IN)
                         net (fo=1176, unset)         0.018     0.018    bd_0_i/hls_inst/inst/ap_clk
    SLICE_X59Y118        FDRE                                         r  bd_0_i/hls_inst/inst/empty_37_fu_384_reg[1]/C
                         clock pessimism              0.000     0.018    
    SLICE_X59Y118        FDRE (Hold_AFF2_SLICEL_C_D)
                                                      0.047     0.065    bd_0_i/hls_inst/inst/empty_37_fu_384_reg[1]
  -------------------------------------------------------------------
                         required time                         -0.065    
                         arrival time                           0.117    
  -------------------------------------------------------------------
                         slack                                  0.052    

Slack (MET) :             0.053ns  (arrival time - required time)
  Source:                 bd_0_i/hls_inst/inst/cmpq_5_fu_824_reg[0]/C
                            (rising edge-triggered cell FDRE clocked by ap_clk  {rise@0.000ns fall@1.665ns period=3.330ns})
  Destination:            bd_0_i/hls_inst/inst/cmpq_5_fu_824_reg[0]/D
                            (rising edge-triggered cell FDRE clocked by ap_clk  {rise@0.000ns fall@1.665ns period=3.330ns})
  Path Group:             ap_clk
  Path Type:              Hold (Min at Fast Process Corner)
  Requirement:            0.000ns  (ap_clk rise@0.000ns - ap_clk rise@0.000ns)
  Data Path Delay:        0.105ns  (logic 0.061ns (58.271%)  route 0.044ns (41.729%))
  Logic Levels:           1  (LUT6=1)
  Clock Path Skew:        0.006ns (DCD - SCD - CPR)
    Destination Clock Delay (DCD):    0.019ns
    Source Clock Delay      (SCD):    0.013ns
    Clock Pessimism Removal (CPR):    -0.000ns

    Location             Delay type                Incr(ns)  Path(ns)    Netlist Resource(s)
  -------------------------------------------------------------------    -------------------
                         (clock ap_clk rise edge)     0.000     0.000 r  
                                                      0.000     0.000 r  ap_clk (IN)
                         net (fo=1176, unset)         0.013     0.013    bd_0_i/hls_inst/inst/ap_clk
    SLICE_X58Y116        FDRE                                         r  bd_0_i/hls_inst/inst/cmpq_5_fu_824_reg[0]/C
  -------------------------------------------------------------------    -------------------
    SLICE_X58Y116        FDRE (Prop_GFF_SLICEL_C_Q)
                                                      0.039     0.052 r  bd_0_i/hls_inst/inst/cmpq_5_fu_824_reg[0]/Q
                         net (fo=2, routed)           0.028     0.080    bd_0_i/hls_inst/inst/hcmp_16ns_16ns_1_2_no_dsp_1_U3/cmpq_5_fu_824_reg[0]_0
    SLICE_X58Y116        LUT6 (Prop_G6LUT_SLICEL_I5_O)
                                                      0.022     0.102 r  bd_0_i/hls_inst/inst/hcmp_16ns_16ns_1_2_no_dsp_1_U3/cmpq_5_fu_824[0]_i_1/O
                         net (fo=1, routed)           0.016     0.118    bd_0_i/hls_inst/inst/hcmp_16ns_16ns_1_2_no_dsp_1_U3_n_6
    SLICE_X58Y116        FDRE                                         r  bd_0_i/hls_inst/inst/cmpq_5_fu_824_reg[0]/D
  -------------------------------------------------------------------    -------------------

                         (clock ap_clk rise edge)     0.000     0.000 r  
                                                      0.000     0.000 r  ap_clk (IN)
                         net (fo=1176, unset)         0.019     0.019    bd_0_i/hls_inst/inst/ap_clk
    SLICE_X58Y116        FDRE                                         r  bd_0_i/hls_inst/inst/cmpq_5_fu_824_reg[0]/C
                         clock pessimism              0.000     0.019    
    SLICE_X58Y116        FDRE (Hold_GFF_SLICEL_C_D)
                                                      0.046     0.065    bd_0_i/hls_inst/inst/cmpq_5_fu_824_reg[0]
  -------------------------------------------------------------------
                         required time                         -0.065    
                         arrival time                           0.118    
  -------------------------------------------------------------------
                         slack                                  0.053    

Slack (MET) :             0.053ns  (arrival time - required time)
  Source:                 bd_0_i/hls_inst/inst/csd_pkt_298_fu_744_reg[5]/C
                            (rising edge-triggered cell FDRE clocked by ap_clk  {rise@0.000ns fall@1.665ns period=3.330ns})
  Destination:            bd_0_i/hls_inst/inst/csd_pkt_298_fu_744_reg[5]/D
                            (rising edge-triggered cell FDRE clocked by ap_clk  {rise@0.000ns fall@1.665ns period=3.330ns})
  Path Group:             ap_clk
  Path Type:              Hold (Min at Fast Process Corner)
  Requirement:            0.000ns  (ap_clk rise@0.000ns - ap_clk rise@0.000ns)
  Data Path Delay:        0.105ns  (logic 0.052ns (49.352%)  route 0.053ns (50.648%))
  Logic Levels:           1  (LUT5=1)
  Clock Path Skew:        0.006ns (DCD - SCD - CPR)
    Destination Clock Delay (DCD):    0.019ns
    Source Clock Delay      (SCD):    0.013ns
    Clock Pessimism Removal (CPR):    -0.000ns

    Location             Delay type                Incr(ns)  Path(ns)    Netlist Resource(s)
  -------------------------------------------------------------------    -------------------
                         (clock ap_clk rise edge)     0.000     0.000 r  
                                                      0.000     0.000 r  ap_clk (IN)
                         net (fo=1176, unset)         0.013     0.013    bd_0_i/hls_inst/inst/ap_clk
    SLICE_X64Y75         FDRE                                         r  bd_0_i/hls_inst/inst/csd_pkt_298_fu_744_reg[5]/C
  -------------------------------------------------------------------    -------------------
    SLICE_X64Y75         FDRE (Prop_BFF_SLICEM_C_Q)
                                                      0.038     0.051 r  bd_0_i/hls_inst/inst/csd_pkt_298_fu_744_reg[5]/Q
                         net (fo=5, routed)           0.032     0.083    bd_0_i/hls_inst/inst/hmul_16ns_16ns_16_3_max_dsp_1_U2/csd_pkt_298_fu_744_reg[15]_0[5]
    SLICE_X64Y75         LUT5 (Prop_B6LUT_SLICEM_I3_O)
                                                      0.014     0.097 r  bd_0_i/hls_inst/inst/hmul_16ns_16ns_16_3_max_dsp_1_U2/csd_pkt_298_fu_744[5]_i_1/O
                         net (fo=1, routed)           0.021     0.118    bd_0_i/hls_inst/inst/hmul_16ns_16ns_16_3_max_dsp_1_U2_n_458
    SLICE_X64Y75         FDRE                                         r  bd_0_i/hls_inst/inst/csd_pkt_298_fu_744_reg[5]/D
  -------------------------------------------------------------------    -------------------

                         (clock ap_clk rise edge)     0.000     0.000 r  
                                                      0.000     0.000 r  ap_clk (IN)
                         net (fo=1176, unset)         0.019     0.019    bd_0_i/hls_inst/inst/ap_clk
    SLICE_X64Y75         FDRE                                         r  bd_0_i/hls_inst/inst/csd_pkt_298_fu_744_reg[5]/C
                         clock pessimism              0.000     0.019    
    SLICE_X64Y75         FDRE (Hold_BFF_SLICEM_C_D)
                                                      0.046     0.065    bd_0_i/hls_inst/inst/csd_pkt_298_fu_744_reg[5]
  -------------------------------------------------------------------
                         required time                         -0.065    
                         arrival time                           0.118    
  -------------------------------------------------------------------
                         slack                                  0.053    

Slack (MET) :             0.055ns  (arrival time - required time)
  Source:                 bd_0_i/hls_inst/inst/mux_case_039892932_fu_664_reg[10]/C
                            (rising edge-triggered cell FDRE clocked by ap_clk  {rise@0.000ns fall@1.665ns period=3.330ns})
  Destination:            bd_0_i/hls_inst/inst/mux_case_039892932_fu_664_reg[10]/D
                            (rising edge-triggered cell FDRE clocked by ap_clk  {rise@0.000ns fall@1.665ns period=3.330ns})
  Path Group:             ap_clk
  Path Type:              Hold (Min at Fast Process Corner)
  Requirement:            0.000ns  (ap_clk rise@0.000ns - ap_clk rise@0.000ns)
  Data Path Delay:        0.107ns  (logic 0.072ns (67.490%)  route 0.035ns (32.510%))
  Logic Levels:           1  (LUT4=1)
  Clock Path Skew:        0.006ns (DCD - SCD - CPR)
    Destination Clock Delay (DCD):    0.018ns
    Source Clock Delay      (SCD):    0.012ns
    Clock Pessimism Removal (CPR):    -0.000ns

    Location             Delay type                Incr(ns)  Path(ns)    Netlist Resource(s)
  -------------------------------------------------------------------    -------------------
                         (clock ap_clk rise edge)     0.000     0.000 r  
                                                      0.000     0.000 r  ap_clk (IN)
                         net (fo=1176, unset)         0.012     0.012    bd_0_i/hls_inst/inst/ap_clk
    SLICE_X52Y101        FDRE                                         r  bd_0_i/hls_inst/inst/mux_case_039892932_fu_664_reg[10]/C
  -------------------------------------------------------------------    -------------------
    SLICE_X52Y101        FDRE (Prop_DFF_SLICEL_C_Q)
                                                      0.039     0.051 r  bd_0_i/hls_inst/inst/mux_case_039892932_fu_664_reg[10]/Q
                         net (fo=3, routed)           0.027     0.078    bd_0_i/hls_inst/inst/mux_case_039892932_fu_664_reg_n_0_[10]
    SLICE_X52Y101        LUT4 (Prop_D5LUT_SLICEL_I2_O)
                                                      0.033     0.111 r  bd_0_i/hls_inst/inst/mux_case_039892932_fu_664[10]_i_1/O
                         net (fo=1, routed)           0.008     0.119    bd_0_i/hls_inst/inst/select_ln393_fu_7512_p3[10]
    SLICE_X52Y101        FDRE                                         r  bd_0_i/hls_inst/inst/mux_case_039892932_fu_664_reg[10]/D
  -------------------------------------------------------------------    -------------------

                         (clock ap_clk rise edge)     0.000     0.000 r  
                                                      0.000     0.000 r  ap_clk (IN)
                         net (fo=1176, unset)         0.018     0.018    bd_0_i/hls_inst/inst/ap_clk
    SLICE_X52Y101        FDRE                                         r  bd_0_i/hls_inst/inst/mux_case_039892932_fu_664_reg[10]/C
                         clock pessimism              0.000     0.018    
    SLICE_X52Y101        FDRE (Hold_DFF_SLICEL_C_D)
                                                      0.046     0.064    bd_0_i/hls_inst/inst/mux_case_039892932_fu_664_reg[10]
  -------------------------------------------------------------------
                         required time                         -0.064    
                         arrival time                           0.119    
  -------------------------------------------------------------------
                         slack                                  0.055    

Slack (MET) :             0.055ns  (arrival time - required time)
  Source:                 bd_0_i/hls_inst/inst/csd_pkt_298_fu_744_reg[21]/C
                            (rising edge-triggered cell FDRE clocked by ap_clk  {rise@0.000ns fall@1.665ns period=3.330ns})
  Destination:            bd_0_i/hls_inst/inst/csd_pkt_298_fu_744_reg[21]/D
                            (rising edge-triggered cell FDRE clocked by ap_clk  {rise@0.000ns fall@1.665ns period=3.330ns})
  Path Group:             ap_clk
  Path Type:              Hold (Min at Fast Process Corner)
  Requirement:            0.000ns  (ap_clk rise@0.000ns - ap_clk rise@0.000ns)
  Data Path Delay:        0.107ns  (logic 0.054ns (50.617%)  route 0.053ns (49.383%))
  Logic Levels:           1  (LUT5=1)
  Clock Path Skew:        0.006ns (DCD - SCD - CPR)
    Destination Clock Delay (DCD):    0.019ns
    Source Clock Delay      (SCD):    0.013ns
    Clock Pessimism Removal (CPR):    -0.000ns

    Location             Delay type                Incr(ns)  Path(ns)    Netlist Resource(s)
  -------------------------------------------------------------------    -------------------
                         (clock ap_clk rise edge)     0.000     0.000 r  
                                                      0.000     0.000 r  ap_clk (IN)
                         net (fo=1176, unset)         0.013     0.013    bd_0_i/hls_inst/inst/ap_clk
    SLICE_X63Y84         FDRE                                         r  bd_0_i/hls_inst/inst/csd_pkt_298_fu_744_reg[21]/C
  -------------------------------------------------------------------    -------------------
    SLICE_X63Y84         FDRE (Prop_HFF_SLICEM_C_Q)
                                                      0.039     0.052 r  bd_0_i/hls_inst/inst/csd_pkt_298_fu_744_reg[21]/Q
                         net (fo=5, routed)           0.032     0.084    bd_0_i/hls_inst/inst/csd_pkt_298_fu_744[21]
    SLICE_X63Y84         LUT5 (Prop_H6LUT_SLICEM_I3_O)
                                                      0.015     0.099 r  bd_0_i/hls_inst/inst/csd_pkt_298_fu_744[21]_i_1/O
                         net (fo=1, routed)           0.021     0.120    bd_0_i/hls_inst/inst/csd_pkt_298_fu_744[21]_i_1_n_0
    SLICE_X63Y84         FDRE                                         r  bd_0_i/hls_inst/inst/csd_pkt_298_fu_744_reg[21]/D
  -------------------------------------------------------------------    -------------------

                         (clock ap_clk rise edge)     0.000     0.000 r  
                                                      0.000     0.000 r  ap_clk (IN)
                         net (fo=1176, unset)         0.019     0.019    bd_0_i/hls_inst/inst/ap_clk
    SLICE_X63Y84         FDRE                                         r  bd_0_i/hls_inst/inst/csd_pkt_298_fu_744_reg[21]/C
                         clock pessimism              0.000     0.019    
    SLICE_X63Y84         FDRE (Hold_HFF_SLICEM_C_D)
                                                      0.046     0.065    bd_0_i/hls_inst/inst/csd_pkt_298_fu_744_reg[21]
  -------------------------------------------------------------------
                         required time                         -0.065    
                         arrival time                           0.120    
  -------------------------------------------------------------------
                         slack                                  0.055    

Slack (MET) :             0.058ns  (arrival time - required time)
  Source:                 bd_0_i/hls_inst/inst/it97_fu_468_reg[10]/C
                            (rising edge-triggered cell FDRE clocked by ap_clk  {rise@0.000ns fall@1.665ns period=3.330ns})
  Destination:            bd_0_i/hls_inst/inst/it97_fu_468_reg[10]/D
                            (rising edge-triggered cell FDRE clocked by ap_clk  {rise@0.000ns fall@1.665ns period=3.330ns})
  Path Group:             ap_clk
  Path Type:              Hold (Min at Fast Process Corner)
  Requirement:            0.000ns  (ap_clk rise@0.000ns - ap_clk rise@0.000ns)
  Data Path Delay:        0.110ns  (logic 0.056ns (50.866%)  route 0.054ns (49.134%))
  Logic Levels:           1  (CARRY8=1)
  Clock Path Skew:        0.006ns (DCD - SCD - CPR)
    Destination Clock Delay (DCD):    0.018ns
    Source Clock Delay      (SCD):    0.012ns
    Clock Pessimism Removal (CPR):    -0.000ns

    Location             Delay type                Incr(ns)  Path(ns)    Netlist Resource(s)
  -------------------------------------------------------------------    -------------------
                         (clock ap_clk rise edge)     0.000     0.000 r  
                                                      0.000     0.000 r  ap_clk (IN)
                         net (fo=1176, unset)         0.012     0.012    bd_0_i/hls_inst/inst/ap_clk
    SLICE_X55Y70         FDRE                                         r  bd_0_i/hls_inst/inst/it97_fu_468_reg[10]/C
  -------------------------------------------------------------------    -------------------
    SLICE_X55Y70         FDRE (Prop_BFF_SLICEL_C_Q)
                                                      0.039     0.051 r  bd_0_i/hls_inst/inst/it97_fu_468_reg[10]/Q
                         net (fo=2, routed)           0.047     0.098    bd_0_i/hls_inst/inst/it97_fu_468_reg[10]
    SLICE_X55Y70         CARRY8 (Prop_CARRY8_SLICEL_S[1]_O[1])
                                                      0.017     0.115 r  bd_0_i/hls_inst/inst/it97_fu_468_reg[13]_i_1/O[1]
                         net (fo=1, routed)           0.007     0.122    bd_0_i/hls_inst/inst/it_fu_7264_p2[10]
    SLICE_X55Y70         FDRE                                         r  bd_0_i/hls_inst/inst/it97_fu_468_reg[10]/D
  -------------------------------------------------------------------    -------------------

                         (clock ap_clk rise edge)     0.000     0.000 r  
                                                      0.000     0.000 r  ap_clk (IN)
                         net (fo=1176, unset)         0.018     0.018    bd_0_i/hls_inst/inst/ap_clk
    SLICE_X55Y70         FDRE                                         r  bd_0_i/hls_inst/inst/it97_fu_468_reg[10]/C
                         clock pessimism              0.000     0.018    
    SLICE_X55Y70         FDRE (Hold_BFF_SLICEL_C_D)
                                                      0.046     0.064    bd_0_i/hls_inst/inst/it97_fu_468_reg[10]
  -------------------------------------------------------------------
                         required time                         -0.064    
                         arrival time                           0.122    
  -------------------------------------------------------------------
                         slack                                  0.058    





Pulse Width Checks
--------------------------------------------------------------------------------------
Clock Name:         ap_clk
Waveform(ns):       { 0.000 1.665 }
Period(ns):         3.330
Sources:            { ap_clk }

Check Type        Corner  Lib Pin     Reference Pin  Required(ns)  Actual(ns)  Slack(ns)  Location       Pin
Min Period        n/a     SRL16E/CLK  n/a            1.064         3.330       2.266      SLICE_X50Y69   bd_0_i/hls_inst/inst/empty_28_fu_324_reg[0]_srl2___empty_29_fu_328_reg_r/CLK
Min Period        n/a     SRL16E/CLK  n/a            1.064         3.330       2.266      SLICE_X63Y101  bd_0_i/hls_inst/inst/empty_29_fu_328_reg[0]_srl2___empty_29_fu_328_reg_r/CLK
Min Period        n/a     SRL16E/CLK  n/a            1.064         3.330       2.266      SLICE_X63Y101  bd_0_i/hls_inst/inst/empty_29_fu_328_reg[1]_srl2___empty_29_fu_328_reg_r/CLK
Min Period        n/a     SRL16E/CLK  n/a            1.064         3.330       2.266      SLICE_X63Y101  bd_0_i/hls_inst/inst/empty_29_fu_328_reg[2]_srl2___empty_29_fu_328_reg_r/CLK
Min Period        n/a     SRL16E/CLK  n/a            1.064         3.330       2.266      SLICE_X63Y101  bd_0_i/hls_inst/inst/empty_29_fu_328_reg[3]_srl2___empty_29_fu_328_reg_r/CLK
Min Period        n/a     SRL16E/CLK  n/a            1.064         3.330       2.266      SLICE_X63Y105  bd_0_i/hls_inst/inst/empty_30_fu_332_reg[0]_srl2___empty_29_fu_328_reg_r/CLK
Min Period        n/a     SRL16E/CLK  n/a            1.064         3.330       2.266      SLICE_X63Y105  bd_0_i/hls_inst/inst/empty_30_fu_332_reg[1]_srl2___empty_29_fu_328_reg_r/CLK
Min Period        n/a     SRL16E/CLK  n/a            1.064         3.330       2.266      SLICE_X50Y64   bd_0_i/hls_inst/inst/empty_31_fu_336_reg[0]_srl2___empty_29_fu_328_reg_r/CLK
Min Period        n/a     FDRE/C      n/a            0.550         3.330       2.780      SLICE_X60Y114  bd_0_i/hls_inst/inst/a_reg_14945_pp0_iter2_reg_reg[0]/C
Min Period        n/a     FDRE/C      n/a            0.550         3.330       2.780      SLICE_X56Y114  bd_0_i/hls_inst/inst/a_reg_14945_pp0_iter2_reg_reg[10]/C
Low Pulse Width   Slow    SRL16E/CLK  n/a            0.532         1.665       1.133      SLICE_X50Y69   bd_0_i/hls_inst/inst/empty_28_fu_324_reg[0]_srl2___empty_29_fu_328_reg_r/CLK
Low Pulse Width   Fast    SRL16E/CLK  n/a            0.532         1.665       1.133      SLICE_X50Y69   bd_0_i/hls_inst/inst/empty_28_fu_324_reg[0]_srl2___empty_29_fu_328_reg_r/CLK
Low Pulse Width   Slow    SRL16E/CLK  n/a            0.532         1.665       1.133      SLICE_X63Y101  bd_0_i/hls_inst/inst/empty_29_fu_328_reg[0]_srl2___empty_29_fu_328_reg_r/CLK
Low Pulse Width   Fast    SRL16E/CLK  n/a            0.532         1.665       1.133      SLICE_X63Y101  bd_0_i/hls_inst/inst/empty_29_fu_328_reg[0]_srl2___empty_29_fu_328_reg_r/CLK
Low Pulse Width   Slow    SRL16E/CLK  n/a            0.532         1.665       1.133      SLICE_X63Y101  bd_0_i/hls_inst/inst/empty_29_fu_328_reg[1]_srl2___empty_29_fu_328_reg_r/CLK
Low Pulse Width   Fast    SRL16E/CLK  n/a            0.532         1.665       1.133      SLICE_X63Y101  bd_0_i/hls_inst/inst/empty_29_fu_328_reg[1]_srl2___empty_29_fu_328_reg_r/CLK
Low Pulse Width   Slow    SRL16E/CLK  n/a            0.532         1.665       1.133      SLICE_X63Y101  bd_0_i/hls_inst/inst/empty_29_fu_328_reg[2]_srl2___empty_29_fu_328_reg_r/CLK
Low Pulse Width   Fast    SRL16E/CLK  n/a            0.532         1.665       1.133      SLICE_X63Y101  bd_0_i/hls_inst/inst/empty_29_fu_328_reg[2]_srl2___empty_29_fu_328_reg_r/CLK
Low Pulse Width   Slow    SRL16E/CLK  n/a            0.532         1.665       1.133      SLICE_X63Y101  bd_0_i/hls_inst/inst/empty_29_fu_328_reg[3]_srl2___empty_29_fu_328_reg_r/CLK
Low Pulse Width   Fast    SRL16E/CLK  n/a            0.532         1.665       1.133      SLICE_X63Y101  bd_0_i/hls_inst/inst/empty_29_fu_328_reg[3]_srl2___empty_29_fu_328_reg_r/CLK
High Pulse Width  Slow    SRL16E/CLK  n/a            0.532         1.665       1.133      SLICE_X50Y69   bd_0_i/hls_inst/inst/empty_28_fu_324_reg[0]_srl2___empty_29_fu_328_reg_r/CLK
High Pulse Width  Fast    SRL16E/CLK  n/a            0.532         1.665       1.133      SLICE_X50Y69   bd_0_i/hls_inst/inst/empty_28_fu_324_reg[0]_srl2___empty_29_fu_328_reg_r/CLK
High Pulse Width  Slow    SRL16E/CLK  n/a            0.532         1.665       1.133      SLICE_X63Y101  bd_0_i/hls_inst/inst/empty_29_fu_328_reg[0]_srl2___empty_29_fu_328_reg_r/CLK
High Pulse Width  Fast    SRL16E/CLK  n/a            0.532         1.665       1.133      SLICE_X63Y101  bd_0_i/hls_inst/inst/empty_29_fu_328_reg[0]_srl2___empty_29_fu_328_reg_r/CLK
High Pulse Width  Slow    SRL16E/CLK  n/a            0.532         1.665       1.133      SLICE_X63Y101  bd_0_i/hls_inst/inst/empty_29_fu_328_reg[1]_srl2___empty_29_fu_328_reg_r/CLK
High Pulse Width  Fast    SRL16E/CLK  n/a            0.532         1.665       1.133      SLICE_X63Y101  bd_0_i/hls_inst/inst/empty_29_fu_328_reg[1]_srl2___empty_29_fu_328_reg_r/CLK
High Pulse Width  Slow    SRL16E/CLK  n/a            0.532         1.665       1.133      SLICE_X63Y101  bd_0_i/hls_inst/inst/empty_29_fu_328_reg[2]_srl2___empty_29_fu_328_reg_r/CLK
High Pulse Width  Fast    SRL16E/CLK  n/a            0.532         1.665       1.133      SLICE_X63Y101  bd_0_i/hls_inst/inst/empty_29_fu_328_reg[2]_srl2___empty_29_fu_328_reg_r/CLK
High Pulse Width  Slow    SRL16E/CLK  n/a            0.532         1.665       1.133      SLICE_X63Y101  bd_0_i/hls_inst/inst/empty_29_fu_328_reg[3]_srl2___empty_29_fu_328_reg_r/CLK
High Pulse Width  Fast    SRL16E/CLK  n/a            0.532         1.665       1.133      SLICE_X63Y101  bd_0_i/hls_inst/inst/empty_29_fu_328_reg[3]_srl2___empty_29_fu_328_reg_r/CLK



--------------------------------------------------------------------------------------
Path Group:  (none)
From Clock:  
  To Clock:  

Max Delay            17 Endpoints
Min Delay            17 Endpoints
--------------------------------------------------------------------------------------


Max Delay Paths
--------------------------------------------------------------------------------------
Slack:                    inf
  Source:                 v1_full_n
                            (input port)
  Destination:            v1_wr_en
                            (output port)
  Path Group:             (none)
  Path Type:              Max at Slow Process Corner
  Data Path Delay:        0.170ns  (logic 0.135ns (79.412%)  route 0.035ns (20.588%))
  Logic Levels:           1  (LUT3=1)

    Location             Delay type                Incr(ns)  Path(ns)    Netlist Resource(s)
  -------------------------------------------------------------------    -------------------
                                                      0.000     0.000 r  v1_full_n (IN)
                         net (fo=4, unset)            0.000     0.000    bd_0_i/hls_inst/inst/v1_full_n
    SLICE_X54Y78         LUT3 (Prop_D5LUT_SLICEM_I1_O)
                                                      0.135     0.135 r  bd_0_i/hls_inst/inst/v1_write_INST_0/O
                         net (fo=0)                   0.035     0.170    v1_wr_en
                                                                      r  v1_wr_en (OUT)
  -------------------------------------------------------------------    -------------------

Slack:                    inf
  Source:                 v2_full_n
                            (input port)
  Destination:            v2_wr_en
                            (output port)
  Path Group:             (none)
  Path Type:              Max at Slow Process Corner
  Data Path Delay:        0.170ns  (logic 0.135ns (79.412%)  route 0.035ns (20.588%))
  Logic Levels:           1  (LUT3=1)

    Location             Delay type                Incr(ns)  Path(ns)    Netlist Resource(s)
  -------------------------------------------------------------------    -------------------
                                                      0.000     0.000 r  v2_full_n (IN)
                         net (fo=4, unset)            0.000     0.000    bd_0_i/hls_inst/inst/v2_full_n
    SLICE_X56Y78         LUT3 (Prop_D5LUT_SLICEM_I2_O)
                                                      0.135     0.135 r  bd_0_i/hls_inst/inst/v2_write_INST_0/O
                         net (fo=0)                   0.035     0.170    v2_wr_en
                                                                      r  v2_wr_en (OUT)
  -------------------------------------------------------------------    -------------------

Slack:                    inf
  Source:                 v6_full_n
                            (input port)
  Destination:            v6_wr_en
                            (output port)
  Path Group:             (none)
  Path Type:              Max at Slow Process Corner
  Data Path Delay:        0.166ns  (logic 0.137ns (82.530%)  route 0.029ns (17.470%))
  Logic Levels:           1  (LUT3=1)

    Location             Delay type                Incr(ns)  Path(ns)    Netlist Resource(s)
  -------------------------------------------------------------------    -------------------
                                                      0.000     0.000 r  v6_full_n (IN)
                         net (fo=3, unset)            0.000     0.000    bd_0_i/hls_inst/inst/v6_full_n
    SLICE_X56Y77         LUT3 (Prop_G5LUT_SLICEM_I1_O)
                                                      0.137     0.137 r  bd_0_i/hls_inst/inst/v6_write_INST_0/O
                         net (fo=0)                   0.029     0.166    v6_wr_en
                                                                      r  v6_wr_en (OUT)
  -------------------------------------------------------------------    -------------------

Slack:                    inf
  Source:                 v4_full_n
                            (input port)
  Destination:            v4_wr_en
                            (output port)
  Path Group:             (none)
  Path Type:              Max at Slow Process Corner
  Data Path Delay:        0.160ns  (logic 0.135ns (84.375%)  route 0.025ns (15.625%))
  Logic Levels:           1  (LUT3=1)

    Location             Delay type                Incr(ns)  Path(ns)    Netlist Resource(s)
  -------------------------------------------------------------------    -------------------
                                                      0.000     0.000 r  v4_full_n (IN)
                         net (fo=3, unset)            0.000     0.000    bd_0_i/hls_inst/inst/v4_full_n
    SLICE_X56Y77         LUT3 (Prop_H5LUT_SLICEM_I1_O)
                                                      0.135     0.135 r  bd_0_i/hls_inst/inst/v4_write_INST_0/O
                         net (fo=0)                   0.025     0.160    v4_wr_en
                                                                      r  v4_wr_en (OUT)
  -------------------------------------------------------------------    -------------------

Slack:                    inf
  Source:                 v7_full_n
                            (input port)
  Destination:            v7_wr_en
                            (output port)
  Path Group:             (none)
  Path Type:              Max at Slow Process Corner
  Data Path Delay:        0.160ns  (logic 0.135ns (84.375%)  route 0.025ns (15.625%))
  Logic Levels:           1  (LUT3=1)

    Location             Delay type                Incr(ns)  Path(ns)    Netlist Resource(s)
  -------------------------------------------------------------------    -------------------
                                                      0.000     0.000 r  v7_full_n (IN)
                         net (fo=3, unset)            0.000     0.000    bd_0_i/hls_inst/inst/v7_full_n
    SLICE_X57Y76         LUT3 (Prop_H5LUT_SLICEM_I0_O)
                                                      0.135     0.135 r  bd_0_i/hls_inst/inst/v7_write_INST_0/O
                         net (fo=0)                   0.025     0.160    v7_wr_en
                                                                      r  v7_wr_en (OUT)
  -------------------------------------------------------------------    -------------------

Slack:                    inf
  Source:                 v0_full_n
                            (input port)
  Destination:            v0_wr_en
                            (output port)
  Path Group:             (none)
  Path Type:              Max at Slow Process Corner
  Data Path Delay:        0.159ns  (logic 0.136ns (85.535%)  route 0.023ns (14.465%))
  Logic Levels:           1  (LUT3=1)

    Location             Delay type                Incr(ns)  Path(ns)    Netlist Resource(s)
  -------------------------------------------------------------------    -------------------
                                                      0.000     0.000 r  v0_full_n (IN)
                         net (fo=4, unset)            0.000     0.000    bd_0_i/hls_inst/inst/v0_full_n
    SLICE_X55Y79         LUT3 (Prop_C5LUT_SLICEL_I1_O)
                                                      0.136     0.136 r  bd_0_i/hls_inst/inst/v0_write_INST_0/O
                         net (fo=0)                   0.023     0.159    v0_wr_en
                                                                      r  v0_wr_en (OUT)
  -------------------------------------------------------------------    -------------------

Slack:                    inf
  Source:                 v3_full_n
                            (input port)
  Destination:            v3_wr_en
                            (output port)
  Path Group:             (none)
  Path Type:              Max at Slow Process Corner
  Data Path Delay:        0.154ns  (logic 0.133ns (86.364%)  route 0.021ns (13.636%))
  Logic Levels:           1  (LUT3=1)

    Location             Delay type                Incr(ns)  Path(ns)    Netlist Resource(s)
  -------------------------------------------------------------------    -------------------
                                                      0.000     0.000 r  v3_full_n (IN)
                         net (fo=5, unset)            0.000     0.000    bd_0_i/hls_inst/inst/v3_full_n
    SLICE_X55Y79         LUT3 (Prop_D5LUT_SLICEL_I1_O)
                                                      0.133     0.133 r  bd_0_i/hls_inst/inst/v3_write_INST_0/O
                         net (fo=0)                   0.021     0.154    v3_wr_en
                                                                      r  v3_wr_en (OUT)
  -------------------------------------------------------------------    -------------------

Slack:                    inf
  Source:                 v5_full_n
                            (input port)
  Destination:            v5_wr_en
                            (output port)
  Path Group:             (none)
  Path Type:              Max at Slow Process Corner
  Data Path Delay:        0.088ns  (logic 0.088ns (100.000%)  route 0.000ns (0.000%))
  Logic Levels:           1  (LUT3=1)

    Location             Delay type                Incr(ns)  Path(ns)    Netlist Resource(s)
  -------------------------------------------------------------------    -------------------
                                                      0.000     0.000 r  v5_full_n (IN)
                         net (fo=3, unset)            0.000     0.000    bd_0_i/hls_inst/inst/v5_full_n
    SLICE_X56Y78         LUT3 (Prop_D6LUT_SLICEM_I1_O)
                                                      0.088     0.088 r  bd_0_i/hls_inst/inst/v5_write_INST_0/O
                         net (fo=0)                   0.000     0.088    v5_wr_en
                                                                      r  v5_wr_en (OUT)
  -------------------------------------------------------------------    -------------------

Slack:                    inf
  Source:                 v12_empty_n
                            (input port)
  Destination:            v12_rd_en
                            (output port)
  Path Group:             (none)
  Path Type:              Max at Slow Process Corner
  Data Path Delay:        0.052ns  (logic 0.052ns (100.000%)  route 0.000ns (0.000%))
  Logic Levels:           1  (LUT3=1)

    Location             Delay type                Incr(ns)  Path(ns)    Netlist Resource(s)
  -------------------------------------------------------------------    -------------------
                                                      0.000     0.000 r  v12_empty_n (IN)
                         net (fo=19, unset)           0.000     0.000    bd_0_i/hls_inst/inst/v12_empty_n
    SLICE_X54Y104        LUT3 (Prop_E6LUT_SLICEM_I1_O)
                                                      0.052     0.052 r  bd_0_i/hls_inst/inst/v12_read_INST_0/O
                         net (fo=48, unset)           0.000     0.052    v12_rd_en
                                                                      r  v12_rd_en (OUT)
  -------------------------------------------------------------------    -------------------

Slack:                    inf
  Source:                 v8_empty_n
                            (input port)
  Destination:            v8_rd_en
                            (output port)
  Path Group:             (none)
  Path Type:              Max at Slow Process Corner
  Data Path Delay:        0.052ns  (logic 0.052ns (100.000%)  route 0.000ns (0.000%))
  Logic Levels:           1  (LUT3=1)

    Location             Delay type                Incr(ns)  Path(ns)    Netlist Resource(s)
  -------------------------------------------------------------------    -------------------
                                                      0.000     0.000 r  v8_empty_n (IN)
                         net (fo=32, unset)           0.000     0.000    bd_0_i/hls_inst/inst/hmul_16ns_16ns_16_3_max_dsp_1_U2/v8_empty_n
    SLICE_X64Y80         LUT3 (Prop_B6LUT_SLICEM_I1_O)
                                                      0.052     0.052 r  bd_0_i/hls_inst/inst/hmul_16ns_16ns_16_3_max_dsp_1_U2/v8_read_INST_0/O
                         net (fo=56, unset)           0.000     0.052    v8_rd_en
                                                                      r  v8_rd_en (OUT)
  -------------------------------------------------------------------    -------------------





Min Delay Paths
--------------------------------------------------------------------------------------
Slack:                    inf
  Source:                 ap_ctrl_start
                            (input port)
  Destination:            ap_ctrl_idle
                            (output port)
  Path Group:             (none)
  Path Type:              Min at Fast Process Corner
  Data Path Delay:        0.015ns  (logic 0.015ns (100.000%)  route 0.000ns (0.000%))
  Logic Levels:           1  (LUT5=1)

    Location             Delay type                Incr(ns)  Path(ns)    Netlist Resource(s)
  -------------------------------------------------------------------    -------------------
                                                      0.000     0.000 f  ap_ctrl_start (IN)
                         net (fo=4, unset)            0.000     0.000    bd_0_i/hls_inst/inst/flow_control_loop_delay_pipe_U/ap_start
    SLICE_X52Y67         LUT5 (Prop_H6LUT_SLICEL_I4_O)
                                                      0.015     0.015 r  bd_0_i/hls_inst/inst/flow_control_loop_delay_pipe_U/ap_idle_INST_0/O
                         net (fo=0)                   0.000     0.015    ap_ctrl_idle
                                                                      r  ap_ctrl_idle (OUT)
  -------------------------------------------------------------------    -------------------

Slack:                    inf
  Source:                 v10_empty_n
                            (input port)
  Destination:            v10_rd_en
                            (output port)
  Path Group:             (none)
  Path Type:              Min at Fast Process Corner
  Data Path Delay:        0.022ns  (logic 0.022ns (100.000%)  route 0.000ns (0.000%))
  Logic Levels:           1  (LUT3=1)

    Location             Delay type                Incr(ns)  Path(ns)    Netlist Resource(s)
  -------------------------------------------------------------------    -------------------
                                                      0.000     0.000 r  v10_empty_n (IN)
                         net (fo=26, unset)           0.000     0.000    bd_0_i/hls_inst/inst/hmul_16ns_16ns_16_3_max_dsp_1_U2/v10_empty_n
    SLICE_X62Y80         LUT3 (Prop_A6LUT_SLICEL_I1_O)
                                                      0.022     0.022 r  bd_0_i/hls_inst/inst/hmul_16ns_16ns_16_3_max_dsp_1_U2/v10_read_INST_0/O
                         net (fo=54, unset)           0.000     0.022    v10_rd_en
                                                                      r  v10_rd_en (OUT)
  -------------------------------------------------------------------    -------------------

Slack:                    inf
  Source:                 v11_empty_n
                            (input port)
  Destination:            v11_rd_en
                            (output port)
  Path Group:             (none)
  Path Type:              Min at Fast Process Corner
  Data Path Delay:        0.022ns  (logic 0.022ns (100.000%)  route 0.000ns (0.000%))
  Logic Levels:           1  (LUT3=1)

    Location             Delay type                Incr(ns)  Path(ns)    Netlist Resource(s)
  -------------------------------------------------------------------    -------------------
                                                      0.000     0.000 r  v11_empty_n (IN)
                         net (fo=17, unset)           0.000     0.000    bd_0_i/hls_inst/inst/hmul_16ns_16ns_16_3_max_dsp_1_U2/v11_empty_n
    SLICE_X64Y81         LUT3 (Prop_C6LUT_SLICEM_I1_O)
                                                      0.022     0.022 r  bd_0_i/hls_inst/inst/hmul_16ns_16ns_16_3_max_dsp_1_U2/v11_read_INST_0/O
                         net (fo=69, unset)           0.000     0.022    v11_rd_en
                                                                      r  v11_rd_en (OUT)
  -------------------------------------------------------------------    -------------------

Slack:                    inf
  Source:                 v12_empty_n
                            (input port)
  Destination:            v12_rd_en
                            (output port)
  Path Group:             (none)
  Path Type:              Min at Fast Process Corner
  Data Path Delay:        0.022ns  (logic 0.022ns (100.000%)  route 0.000ns (0.000%))
  Logic Levels:           1  (LUT3=1)

    Location             Delay type                Incr(ns)  Path(ns)    Netlist Resource(s)
  -------------------------------------------------------------------    -------------------
                                                      0.000     0.000 r  v12_empty_n (IN)
                         net (fo=19, unset)           0.000     0.000    bd_0_i/hls_inst/inst/v12_empty_n
    SLICE_X54Y104        LUT3 (Prop_E6LUT_SLICEM_I1_O)
                                                      0.022     0.022 r  bd_0_i/hls_inst/inst/v12_read_INST_0/O
                         net (fo=48, unset)           0.000     0.022    v12_rd_en
                                                                      r  v12_rd_en (OUT)
  -------------------------------------------------------------------    -------------------

Slack:                    inf
  Source:                 v13_empty_n
                            (input port)
  Destination:            v13_rd_en
                            (output port)
  Path Group:             (none)
  Path Type:              Min at Fast Process Corner
  Data Path Delay:        0.022ns  (logic 0.022ns (100.000%)  route 0.000ns (0.000%))
  Logic Levels:           1  (LUT6=1)

    Location             Delay type                Incr(ns)  Path(ns)    Netlist Resource(s)
  -------------------------------------------------------------------    -------------------
                                                      0.000     0.000 r  v13_empty_n (IN)
                         net (fo=20, unset)           0.000     0.000    bd_0_i/hls_inst/inst/v13_empty_n
    SLICE_X59Y72         LUT6 (Prop_G6LUT_SLICEL_I4_O)
                                                      0.022     0.022 r  bd_0_i/hls_inst/inst/v13_read_INST_0/O
                         net (fo=50, unset)           0.000     0.022    v13_rd_en
                                                                      r  v13_rd_en (OUT)
  -------------------------------------------------------------------    -------------------

Slack:                    inf
  Source:                 v14_empty_n
                            (input port)
  Destination:            v14_rd_en
                            (output port)
  Path Group:             (none)
  Path Type:              Min at Fast Process Corner
  Data Path Delay:        0.022ns  (logic 0.022ns (100.000%)  route 0.000ns (0.000%))
  Logic Levels:           1  (LUT6=1)

    Location             Delay type                Incr(ns)  Path(ns)    Netlist Resource(s)
  -------------------------------------------------------------------    -------------------
                                                      0.000     0.000 r  v14_empty_n (IN)
                         net (fo=1, unset)            0.000     0.000    bd_0_i/hls_inst/inst/v14_empty_n
    SLICE_X58Y72         LUT6 (Prop_G6LUT_SLICEL_I4_O)
                                                      0.022     0.022 r  bd_0_i/hls_inst/inst/v14_read_INST_0/O
                         net (fo=51, unset)           0.000     0.022    v14_rd_en
                                                                      r  v14_rd_en (OUT)
  -------------------------------------------------------------------    -------------------

Slack:                    inf
  Source:                 v15_empty_n
                            (input port)
  Destination:            v15_rd_en
                            (output port)
  Path Group:             (none)
  Path Type:              Min at Fast Process Corner
  Data Path Delay:        0.022ns  (logic 0.022ns (100.000%)  route 0.000ns (0.000%))
  Logic Levels:           1  (LUT6=1)

    Location             Delay type                Incr(ns)  Path(ns)    Netlist Resource(s)
  -------------------------------------------------------------------    -------------------
                                                      0.000     0.000 r  v15_empty_n (IN)
                         net (fo=17, unset)           0.000     0.000    bd_0_i/hls_inst/inst/hmul_16ns_16ns_16_3_max_dsp_1_U2/v15_empty_n
    SLICE_X63Y70         LUT6 (Prop_F6LUT_SLICEM_I4_O)
                                                      0.022     0.022 r  bd_0_i/hls_inst/inst/hmul_16ns_16ns_16_3_max_dsp_1_U2/v15_read_INST_0/O
                         net (fo=35, unset)           0.000     0.022    v15_rd_en
                                                                      r  v15_rd_en (OUT)
  -------------------------------------------------------------------    -------------------

Slack:                    inf
  Source:                 v8_empty_n
                            (input port)
  Destination:            v8_rd_en
                            (output port)
  Path Group:             (none)
  Path Type:              Min at Fast Process Corner
  Data Path Delay:        0.022ns  (logic 0.022ns (100.000%)  route 0.000ns (0.000%))
  Logic Levels:           1  (LUT3=1)

    Location             Delay type                Incr(ns)  Path(ns)    Netlist Resource(s)
  -------------------------------------------------------------------    -------------------
                                                      0.000     0.000 r  v8_empty_n (IN)
                         net (fo=32, unset)           0.000     0.000    bd_0_i/hls_inst/inst/hmul_16ns_16ns_16_3_max_dsp_1_U2/v8_empty_n
    SLICE_X64Y80         LUT3 (Prop_B6LUT_SLICEM_I1_O)
                                                      0.022     0.022 r  bd_0_i/hls_inst/inst/hmul_16ns_16ns_16_3_max_dsp_1_U2/v8_read_INST_0/O
                         net (fo=56, unset)           0.000     0.022    v8_rd_en
                                                                      r  v8_rd_en (OUT)
  -------------------------------------------------------------------    -------------------

Slack:                    inf
  Source:                 v9_empty_n
                            (input port)
  Destination:            v9_rd_en
                            (output port)
  Path Group:             (none)
  Path Type:              Min at Fast Process Corner
  Data Path Delay:        0.022ns  (logic 0.022ns (100.000%)  route 0.000ns (0.000%))
  Logic Levels:           1  (LUT3=1)

    Location             Delay type                Incr(ns)  Path(ns)    Netlist Resource(s)
  -------------------------------------------------------------------    -------------------
                                                      0.000     0.000 r  v9_empty_n (IN)
                         net (fo=33, unset)           0.000     0.000    bd_0_i/hls_inst/inst/hmul_16ns_16ns_16_3_max_dsp_1_U2/v9_empty_n
    SLICE_X62Y84         LUT3 (Prop_G6LUT_SLICEL_I1_O)
                                                      0.022     0.022 r  bd_0_i/hls_inst/inst/hmul_16ns_16ns_16_3_max_dsp_1_U2/v9_read_INST_0/O
                         net (fo=51, unset)           0.000     0.022    v9_rd_en
                                                                      r  v9_rd_en (OUT)
  -------------------------------------------------------------------    -------------------

Slack:                    inf
  Source:                 v5_full_n
                            (input port)
  Destination:            v5_wr_en
                            (output port)
  Path Group:             (none)
  Path Type:              Min at Fast Process Corner
  Data Path Delay:        0.035ns  (logic 0.035ns (100.000%)  route 0.000ns (0.000%))
  Logic Levels:           1  (LUT3=1)

    Location             Delay type                Incr(ns)  Path(ns)    Netlist Resource(s)
  -------------------------------------------------------------------    -------------------
                                                      0.000     0.000 r  v5_full_n (IN)
                         net (fo=3, unset)            0.000     0.000    bd_0_i/hls_inst/inst/v5_full_n
    SLICE_X56Y78         LUT3 (Prop_D6LUT_SLICEM_I1_O)
                                                      0.035     0.035 r  bd_0_i/hls_inst/inst/v5_write_INST_0/O
                         net (fo=0)                   0.000     0.035    v5_wr_en
                                                                      r  v5_wr_en (OUT)
  -------------------------------------------------------------------    -------------------





--------------------------------------------------------------------------------------
Path Group:  (none)
From Clock:  ap_clk
  To Clock:  

Max Delay           187 Endpoints
Min Delay           187 Endpoints
--------------------------------------------------------------------------------------


Max Delay Paths
--------------------------------------------------------------------------------------
Slack:                    inf
  Source:                 bd_0_i/hls_inst/inst/ap_enable_reg_pp0_iter1_reg/C
                            (rising edge-triggered cell FDRE clocked by ap_clk  {rise@0.000ns fall@1.665ns period=3.330ns})
  Destination:            ap_ctrl_idle
                            (output port)
  Path Group:             (none)
  Path Type:              Max at Slow Process Corner
  Data Path Delay:        1.868ns  (logic 0.131ns (7.012%)  route 1.737ns (92.988%))
  Logic Levels:           1  (LUT5=1)
  Clock Uncertainty:      0.025ns  ((TSJ^2 + TIJ^2)^1/2 + DJ) / 2 + PE
    Total System Jitter     (TSJ):    0.050ns
    Total Input Jitter      (TIJ):    0.000ns
    Discrete Jitter          (DJ):    0.000ns
    Phase Error              (PE):    0.000ns

    Location             Delay type                Incr(ns)  Path(ns)    Netlist Resource(s)
  -------------------------------------------------------------------    -------------------
                         (clock ap_clk rise edge)     0.000     0.000 r  
                                                      0.000     0.000 r  ap_clk (IN)
                         net (fo=1176, unset)         0.030     0.030    bd_0_i/hls_inst/inst/ap_clk
    SLICE_X63Y80         FDRE                                         r  bd_0_i/hls_inst/inst/ap_enable_reg_pp0_iter1_reg/C
  -------------------------------------------------------------------    -------------------
    SLICE_X63Y80         FDRE (Prop_DFF2_SLICEM_C_Q)
                                                      0.080     0.110 f  bd_0_i/hls_inst/inst/ap_enable_reg_pp0_iter1_reg/Q
                         net (fo=494, routed)         1.737     1.847    bd_0_i/hls_inst/inst/flow_control_loop_delay_pipe_U/ap_enable_reg_pp0_iter1
    SLICE_X52Y67         LUT5 (Prop_H6LUT_SLICEL_I0_O)
                                                      0.051     1.898 r  bd_0_i/hls_inst/inst/flow_control_loop_delay_pipe_U/ap_idle_INST_0/O
                         net (fo=0)                   0.000     1.898    ap_ctrl_idle
                                                                      r  ap_ctrl_idle (OUT)
  -------------------------------------------------------------------    -------------------

Slack:                    inf
  Source:                 bd_0_i/hls_inst/inst/ap_enable_reg_pp0_iter1_reg/C
                            (rising edge-triggered cell FDRE clocked by ap_clk  {rise@0.000ns fall@1.665ns period=3.330ns})
  Destination:            v2_wr_en
                            (output port)
  Path Group:             (none)
  Path Type:              Max at Slow Process Corner
  Data Path Delay:        1.836ns  (logic 0.146ns (7.951%)  route 1.690ns (92.049%))
  Logic Levels:           1  (LUT3=1)
  Clock Uncertainty:      0.025ns  ((TSJ^2 + TIJ^2)^1/2 + DJ) / 2 + PE
    Total System Jitter     (TSJ):    0.050ns
    Total Input Jitter      (TIJ):    0.000ns
    Discrete Jitter          (DJ):    0.000ns
    Phase Error              (PE):    0.000ns

    Location             Delay type                Incr(ns)  Path(ns)    Netlist Resource(s)
  -------------------------------------------------------------------    -------------------
                         (clock ap_clk rise edge)     0.000     0.000 r  
                                                      0.000     0.000 r  ap_clk (IN)
                         net (fo=1176, unset)         0.030     0.030    bd_0_i/hls_inst/inst/ap_clk
    SLICE_X63Y80         FDRE                                         r  bd_0_i/hls_inst/inst/ap_enable_reg_pp0_iter1_reg/C
  -------------------------------------------------------------------    -------------------
    SLICE_X63Y80         FDRE (Prop_DFF2_SLICEM_C_Q)
                                                      0.080     0.110 r  bd_0_i/hls_inst/inst/ap_enable_reg_pp0_iter1_reg/Q
                         net (fo=494, routed)         1.655     1.765    bd_0_i/hls_inst/inst/ap_enable_reg_pp0_iter1
    SLICE_X56Y78         LUT3 (Prop_D5LUT_SLICEM_I0_O)
                                                      0.066     1.831 r  bd_0_i/hls_inst/inst/v2_write_INST_0/O
                         net (fo=0)                   0.035     1.866    v2_wr_en
                                                                      r  v2_wr_en (OUT)
  -------------------------------------------------------------------    -------------------

Slack:                    inf
  Source:                 bd_0_i/hls_inst/inst/ap_enable_reg_pp0_iter1_reg/C
                            (rising edge-triggered cell FDRE clocked by ap_clk  {rise@0.000ns fall@1.665ns period=3.330ns})
  Destination:            v1_wr_en
                            (output port)
  Path Group:             (none)
  Path Type:              Max at Slow Process Corner
  Data Path Delay:        1.795ns  (logic 0.238ns (13.260%)  route 1.557ns (86.740%))
  Logic Levels:           1  (LUT3=1)
  Clock Uncertainty:      0.025ns  ((TSJ^2 + TIJ^2)^1/2 + DJ) / 2 + PE
    Total System Jitter     (TSJ):    0.050ns
    Total Input Jitter      (TIJ):    0.000ns
    Discrete Jitter          (DJ):    0.000ns
    Phase Error              (PE):    0.000ns

    Location             Delay type                Incr(ns)  Path(ns)    Netlist Resource(s)
  -------------------------------------------------------------------    -------------------
                         (clock ap_clk rise edge)     0.000     0.000 r  
                                                      0.000     0.000 r  ap_clk (IN)
                         net (fo=1176, unset)         0.030     0.030    bd_0_i/hls_inst/inst/ap_clk
    SLICE_X63Y80         FDRE                                         r  bd_0_i/hls_inst/inst/ap_enable_reg_pp0_iter1_reg/C
  -------------------------------------------------------------------    -------------------
    SLICE_X63Y80         FDRE (Prop_DFF2_SLICEM_C_Q)
                                                      0.080     0.110 r  bd_0_i/hls_inst/inst/ap_enable_reg_pp0_iter1_reg/Q
                         net (fo=494, routed)         1.522     1.632    bd_0_i/hls_inst/inst/ap_enable_reg_pp0_iter1
    SLICE_X54Y78         LUT3 (Prop_D5LUT_SLICEM_I0_O)
                                                      0.158     1.790 r  bd_0_i/hls_inst/inst/v1_write_INST_0/O
                         net (fo=0)                   0.035     1.825    v1_wr_en
                                                                      r  v1_wr_en (OUT)
  -------------------------------------------------------------------    -------------------

Slack:                    inf
  Source:                 bd_0_i/hls_inst/inst/ap_enable_reg_pp0_iter1_reg/C
                            (rising edge-triggered cell FDRE clocked by ap_clk  {rise@0.000ns fall@1.665ns period=3.330ns})
  Destination:            v6_wr_en
                            (output port)
  Path Group:             (none)
  Path Type:              Max at Slow Process Corner
  Data Path Delay:        1.793ns  (logic 0.148ns (8.252%)  route 1.645ns (91.748%))
  Logic Levels:           1  (LUT3=1)
  Clock Uncertainty:      0.025ns  ((TSJ^2 + TIJ^2)^1/2 + DJ) / 2 + PE
    Total System Jitter     (TSJ):    0.050ns
    Total Input Jitter      (TIJ):    0.000ns
    Discrete Jitter          (DJ):    0.000ns
    Phase Error              (PE):    0.000ns

    Location             Delay type                Incr(ns)  Path(ns)    Netlist Resource(s)
  -------------------------------------------------------------------    -------------------
                         (clock ap_clk rise edge)     0.000     0.000 r  
                                                      0.000     0.000 r  ap_clk (IN)
                         net (fo=1176, unset)         0.030     0.030    bd_0_i/hls_inst/inst/ap_clk
    SLICE_X63Y80         FDRE                                         r  bd_0_i/hls_inst/inst/ap_enable_reg_pp0_iter1_reg/C
  -------------------------------------------------------------------    -------------------
    SLICE_X63Y80         FDRE (Prop_DFF2_SLICEM_C_Q)
                                                      0.080     0.110 r  bd_0_i/hls_inst/inst/ap_enable_reg_pp0_iter1_reg/Q
                         net (fo=494, routed)         1.616     1.726    bd_0_i/hls_inst/inst/ap_enable_reg_pp0_iter1
    SLICE_X56Y77         LUT3 (Prop_G5LUT_SLICEM_I0_O)
                                                      0.068     1.794 r  bd_0_i/hls_inst/inst/v6_write_INST_0/O
                         net (fo=0)                   0.029     1.823    v6_wr_en
                                                                      r  v6_wr_en (OUT)
  -------------------------------------------------------------------    -------------------

Slack:                    inf
  Source:                 bd_0_i/hls_inst/inst/ap_enable_reg_pp0_iter1_reg/C
                            (rising edge-triggered cell FDRE clocked by ap_clk  {rise@0.000ns fall@1.665ns period=3.330ns})
  Destination:            v5_wr_en
                            (output port)
  Path Group:             (none)
  Path Type:              Max at Slow Process Corner
  Data Path Delay:        1.786ns  (logic 0.131ns (7.334%)  route 1.655ns (92.666%))
  Logic Levels:           1  (LUT3=1)
  Clock Uncertainty:      0.025ns  ((TSJ^2 + TIJ^2)^1/2 + DJ) / 2 + PE
    Total System Jitter     (TSJ):    0.050ns
    Total Input Jitter      (TIJ):    0.000ns
    Discrete Jitter          (DJ):    0.000ns
    Phase Error              (PE):    0.000ns

    Location             Delay type                Incr(ns)  Path(ns)    Netlist Resource(s)
  -------------------------------------------------------------------    -------------------
                         (clock ap_clk rise edge)     0.000     0.000 r  
                                                      0.000     0.000 r  ap_clk (IN)
                         net (fo=1176, unset)         0.030     0.030    bd_0_i/hls_inst/inst/ap_clk
    SLICE_X63Y80         FDRE                                         r  bd_0_i/hls_inst/inst/ap_enable_reg_pp0_iter1_reg/C
  -------------------------------------------------------------------    -------------------
    SLICE_X63Y80         FDRE (Prop_DFF2_SLICEM_C_Q)
                                                      0.080     0.110 r  bd_0_i/hls_inst/inst/ap_enable_reg_pp0_iter1_reg/Q
                         net (fo=494, routed)         1.655     1.765    bd_0_i/hls_inst/inst/ap_enable_reg_pp0_iter1
    SLICE_X56Y78         LUT3 (Prop_D6LUT_SLICEM_I0_O)
                                                      0.051     1.816 r  bd_0_i/hls_inst/inst/v5_write_INST_0/O
                         net (fo=0)                   0.000     1.816    v5_wr_en
                                                                      r  v5_wr_en (OUT)
  -------------------------------------------------------------------    -------------------

Slack:                    inf
  Source:                 bd_0_i/hls_inst/inst/ap_enable_reg_pp0_iter1_reg/C
                            (rising edge-triggered cell FDRE clocked by ap_clk  {rise@0.000ns fall@1.665ns period=3.330ns})
  Destination:            v0_wr_en
                            (output port)
  Path Group:             (none)
  Path Type:              Max at Slow Process Corner
  Data Path Delay:        1.463ns  (logic 0.190ns (12.987%)  route 1.273ns (87.013%))
  Logic Levels:           1  (LUT3=1)
  Clock Uncertainty:      0.025ns  ((TSJ^2 + TIJ^2)^1/2 + DJ) / 2 + PE
    Total System Jitter     (TSJ):    0.050ns
    Total Input Jitter      (TIJ):    0.000ns
    Discrete Jitter          (DJ):    0.000ns
    Phase Error              (PE):    0.000ns

    Location             Delay type                Incr(ns)  Path(ns)    Netlist Resource(s)
  -------------------------------------------------------------------    -------------------
                         (clock ap_clk rise edge)     0.000     0.000 r  
                                                      0.000     0.000 r  ap_clk (IN)
                         net (fo=1176, unset)         0.030     0.030    bd_0_i/hls_inst/inst/ap_clk
    SLICE_X63Y80         FDRE                                         r  bd_0_i/hls_inst/inst/ap_enable_reg_pp0_iter1_reg/C
  -------------------------------------------------------------------    -------------------
    SLICE_X63Y80         FDRE (Prop_DFF2_SLICEM_C_Q)
                                                      0.080     0.110 r  bd_0_i/hls_inst/inst/ap_enable_reg_pp0_iter1_reg/Q
                         net (fo=494, routed)         1.250     1.360    bd_0_i/hls_inst/inst/ap_enable_reg_pp0_iter1
    SLICE_X55Y79         LUT3 (Prop_C5LUT_SLICEL_I0_O)
                                                      0.110     1.470 r  bd_0_i/hls_inst/inst/v0_write_INST_0/O
                         net (fo=0)                   0.023     1.493    v0_wr_en
                                                                      r  v0_wr_en (OUT)
  -------------------------------------------------------------------    -------------------

Slack:                    inf
  Source:                 bd_0_i/hls_inst/inst/ap_enable_reg_pp0_iter1_reg/C
                            (rising edge-triggered cell FDRE clocked by ap_clk  {rise@0.000ns fall@1.665ns period=3.330ns})
  Destination:            v3_wr_en
                            (output port)
  Path Group:             (none)
  Path Type:              Max at Slow Process Corner
  Data Path Delay:        1.463ns  (logic 0.190ns (12.987%)  route 1.273ns (87.013%))
  Logic Levels:           1  (LUT3=1)
  Clock Uncertainty:      0.025ns  ((TSJ^2 + TIJ^2)^1/2 + DJ) / 2 + PE
    Total System Jitter     (TSJ):    0.050ns
    Total Input Jitter      (TIJ):    0.000ns
    Discrete Jitter          (DJ):    0.000ns
    Phase Error              (PE):    0.000ns

    Location             Delay type                Incr(ns)  Path(ns)    Netlist Resource(s)
  -------------------------------------------------------------------    -------------------
                         (clock ap_clk rise edge)     0.000     0.000 r  
                                                      0.000     0.000 r  ap_clk (IN)
                         net (fo=1176, unset)         0.030     0.030    bd_0_i/hls_inst/inst/ap_clk
    SLICE_X63Y80         FDRE                                         r  bd_0_i/hls_inst/inst/ap_enable_reg_pp0_iter1_reg/C
  -------------------------------------------------------------------    -------------------
    SLICE_X63Y80         FDRE (Prop_DFF2_SLICEM_C_Q)
                                                      0.080     0.110 r  bd_0_i/hls_inst/inst/ap_enable_reg_pp0_iter1_reg/Q
                         net (fo=494, routed)         1.252     1.362    bd_0_i/hls_inst/inst/ap_enable_reg_pp0_iter1
    SLICE_X55Y79         LUT3 (Prop_D5LUT_SLICEL_I0_O)
                                                      0.110     1.472 r  bd_0_i/hls_inst/inst/v3_write_INST_0/O
                         net (fo=0)                   0.021     1.493    v3_wr_en
                                                                      r  v3_wr_en (OUT)
  -------------------------------------------------------------------    -------------------

Slack:                    inf
  Source:                 bd_0_i/hls_inst/inst/hold_cnt_2112_fu_648_reg[6]/C
                            (rising edge-triggered cell FDRE clocked by ap_clk  {rise@0.000ns fall@1.665ns period=3.330ns})
  Destination:            v12_rd_en
                            (output port)
  Path Group:             (none)
  Path Type:              Max at Slow Process Corner
  Data Path Delay:        1.282ns  (logic 0.417ns (32.531%)  route 0.865ns (67.469%))
  Logic Levels:           3  (LUT3=1 LUT4=2)
  Clock Uncertainty:      0.025ns  ((TSJ^2 + TIJ^2)^1/2 + DJ) / 2 + PE
    Total System Jitter     (TSJ):    0.050ns
    Total Input Jitter      (TIJ):    0.000ns
    Discrete Jitter          (DJ):    0.000ns
    Phase Error              (PE):    0.000ns

    Location             Delay type                Incr(ns)  Path(ns)    Netlist Resource(s)
  -------------------------------------------------------------------    -------------------
                         (clock ap_clk rise edge)     0.000     0.000 r  
                                                      0.000     0.000 r  ap_clk (IN)
                         net (fo=1176, unset)         0.028     0.028    bd_0_i/hls_inst/inst/ap_clk
    SLICE_X58Y67         FDRE                                         r  bd_0_i/hls_inst/inst/hold_cnt_2112_fu_648_reg[6]/C
  -------------------------------------------------------------------    -------------------
    SLICE_X58Y67         FDRE (Prop_DFF_SLICEL_C_Q)
                                                      0.079     0.107 f  bd_0_i/hls_inst/inst/hold_cnt_2112_fu_648_reg[6]/Q
                         net (fo=6, routed)           0.168     0.275    bd_0_i/hls_inst/inst/hadd_16ns_16ns_16_3_no_dsp_1_U1/v12_read_INST_0_i_1_0[6]
    SLICE_X58Y67         LUT4 (Prop_A6LUT_SLICEL_I0_O)
                                                      0.124     0.399 f  bd_0_i/hls_inst/inst/hadd_16ns_16ns_16_3_no_dsp_1_U1/v12_read_INST_0_i_2/O
                         net (fo=1, routed)           0.134     0.533    bd_0_i/hls_inst/inst/hadd_16ns_16ns_16_3_no_dsp_1_U1/v12_read_INST_0_i_2_n_0
    SLICE_X58Y71         LUT4 (Prop_B6LUT_SLICEL_I0_O)
                                                      0.090     0.623 f  bd_0_i/hls_inst/inst/hadd_16ns_16ns_16_3_no_dsp_1_U1/v12_read_INST_0_i_1/O
                         net (fo=68, routed)          0.563     1.186    bd_0_i/hls_inst/inst/hadd_16ns_16ns_16_3_no_dsp_1_U1_n_163
    SLICE_X54Y104        LUT3 (Prop_E6LUT_SLICEM_I0_O)
                                                      0.124     1.310 r  bd_0_i/hls_inst/inst/v12_read_INST_0/O
                         net (fo=48, unset)           0.000     1.310    v12_rd_en
                                                                      r  v12_rd_en (OUT)
  -------------------------------------------------------------------    -------------------

Slack:                    inf
  Source:                 bd_0_i/hls_inst/inst/hold_cnt_2310_fu_640_reg[6]/C
                            (rising edge-triggered cell FDRE clocked by ap_clk  {rise@0.000ns fall@1.665ns period=3.330ns})
  Destination:            v14_rd_en
                            (output port)
  Path Group:             (none)
  Path Type:              Max at Slow Process Corner
  Data Path Delay:        1.215ns  (logic 0.255ns (20.991%)  route 0.960ns (79.009%))
  Logic Levels:           2  (LUT4=1 LUT6=1)
  Clock Uncertainty:      0.025ns  ((TSJ^2 + TIJ^2)^1/2 + DJ) / 2 + PE
    Total System Jitter     (TSJ):    0.050ns
    Total Input Jitter      (TIJ):    0.000ns
    Discrete Jitter          (DJ):    0.000ns
    Phase Error              (PE):    0.000ns

    Location             Delay type                Incr(ns)  Path(ns)    Netlist Resource(s)
  -------------------------------------------------------------------    -------------------
                         (clock ap_clk rise edge)     0.000     0.000 r  
                                                      0.000     0.000 r  ap_clk (IN)
                         net (fo=1176, unset)         0.029     0.029    bd_0_i/hls_inst/inst/ap_clk
    SLICE_X60Y67         FDRE                                         r  bd_0_i/hls_inst/inst/hold_cnt_2310_fu_640_reg[6]/C
  -------------------------------------------------------------------    -------------------
    SLICE_X60Y67         FDRE (Prop_GFF_SLICEL_C_Q)
                                                      0.079     0.108 f  bd_0_i/hls_inst/inst/hold_cnt_2310_fu_640_reg[6]/Q
                         net (fo=6, routed)           0.492     0.600    bd_0_i/hls_inst/inst/hadd_16ns_16ns_16_3_no_dsp_1_U1/v14_read[6]
    SLICE_X64Y70         LUT4 (Prop_A6LUT_SLICEM_I0_O)
                                                      0.053     0.653 f  bd_0_i/hls_inst/inst/hadd_16ns_16ns_16_3_no_dsp_1_U1/v14_read_INST_0_i_1/O
                         net (fo=6, routed)           0.468     1.121    bd_0_i/hls_inst/inst/hadd_16ns_16ns_16_3_no_dsp_1_U1_n_160
    SLICE_X58Y72         LUT6 (Prop_G6LUT_SLICEL_I3_O)
                                                      0.123     1.244 r  bd_0_i/hls_inst/inst/v14_read_INST_0/O
                         net (fo=51, unset)           0.000     1.244    v14_rd_en
                                                                      r  v14_rd_en (OUT)
  -------------------------------------------------------------------    -------------------

Slack:                    inf
  Source:                 bd_0_i/hls_inst/inst/ap_enable_reg_pp0_iter1_reg/C
                            (rising edge-triggered cell FDRE clocked by ap_clk  {rise@0.000ns fall@1.665ns period=3.330ns})
  Destination:            v4_wr_en
                            (output port)
  Path Group:             (none)
  Path Type:              Max at Slow Process Corner
  Data Path Delay:        0.939ns  (logic 0.241ns (25.654%)  route 0.698ns (74.346%))
  Logic Levels:           1  (LUT3=1)
  Clock Uncertainty:      0.025ns  ((TSJ^2 + TIJ^2)^1/2 + DJ) / 2 + PE
    Total System Jitter     (TSJ):    0.050ns
    Total Input Jitter      (TIJ):    0.000ns
    Discrete Jitter          (DJ):    0.000ns
    Phase Error              (PE):    0.000ns

    Location             Delay type                Incr(ns)  Path(ns)    Netlist Resource(s)
  -------------------------------------------------------------------    -------------------
                         (clock ap_clk rise edge)     0.000     0.000 r  
                                                      0.000     0.000 r  ap_clk (IN)
                         net (fo=1176, unset)         0.030     0.030    bd_0_i/hls_inst/inst/ap_clk
    SLICE_X63Y80         FDRE                                         r  bd_0_i/hls_inst/inst/ap_enable_reg_pp0_iter1_reg/C
  -------------------------------------------------------------------    -------------------
    SLICE_X63Y80         FDRE (Prop_DFF2_SLICEM_C_Q)
                                                      0.080     0.110 r  bd_0_i/hls_inst/inst/ap_enable_reg_pp0_iter1_reg/Q
                         net (fo=494, routed)         0.673     0.783    bd_0_i/hls_inst/inst/ap_enable_reg_pp0_iter1
    SLICE_X56Y77         LUT3 (Prop_H5LUT_SLICEM_I0_O)
                                                      0.161     0.944 r  bd_0_i/hls_inst/inst/v4_write_INST_0/O
                         net (fo=0)                   0.025     0.969    v4_wr_en
                                                                      r  v4_wr_en (OUT)
  -------------------------------------------------------------------    -------------------





Min Delay Paths
--------------------------------------------------------------------------------------
Slack:                    inf
  Source:                 bd_0_i/hls_inst/inst/v11548_fu_560_reg[7]/C
                            (rising edge-triggered cell FDRE clocked by ap_clk  {rise@0.000ns fall@1.665ns period=3.330ns})
  Destination:            v4_wr_data[7]
                            (output port)
  Path Group:             (none)
  Path Type:              Min at Fast Process Corner
  Data Path Delay:        0.037ns  (logic 0.037ns (100.000%)  route 0.000ns (0.000%))
  Logic Levels:           0  
  Clock Uncertainty:      0.025ns  ((TSJ^2 + TIJ^2)^1/2 + DJ) / 2 + PE
    Total System Jitter     (TSJ):    0.050ns
    Total Input Jitter      (TIJ):    0.000ns
    Discrete Jitter          (DJ):    0.000ns
    Phase Error              (PE):    0.000ns

    Location             Delay type                Incr(ns)  Path(ns)    Netlist Resource(s)
  -------------------------------------------------------------------    -------------------
                         (clock ap_clk rise edge)     0.000     0.000 r  
                                                      0.000     0.000 r  ap_clk (IN)
                         net (fo=1176, unset)         0.013     0.013    bd_0_i/hls_inst/inst/ap_clk
    SLICE_X56Y81         FDRE                                         r  bd_0_i/hls_inst/inst/v11548_fu_560_reg[7]/C
  -------------------------------------------------------------------    -------------------
    SLICE_X56Y81         FDRE (Prop_FFF_SLICEM_C_Q)
                                                      0.037     0.050 r  bd_0_i/hls_inst/inst/v11548_fu_560_reg[7]/Q
                         net (fo=0)                   0.000     0.050    v4_wr_data[7]
                                                                      r  v4_wr_data[7] (OUT)
  -------------------------------------------------------------------    -------------------

Slack:                    inf
  Source:                 bd_0_i/hls_inst/inst/v11548_fu_560_reg[8]/C
                            (rising edge-triggered cell FDRE clocked by ap_clk  {rise@0.000ns fall@1.665ns period=3.330ns})
  Destination:            v4_wr_data[8]
                            (output port)
  Path Group:             (none)
  Path Type:              Min at Fast Process Corner
  Data Path Delay:        0.037ns  (logic 0.037ns (100.000%)  route 0.000ns (0.000%))
  Logic Levels:           0  
  Clock Uncertainty:      0.025ns  ((TSJ^2 + TIJ^2)^1/2 + DJ) / 2 + PE
    Total System Jitter     (TSJ):    0.050ns
    Total Input Jitter      (TIJ):    0.000ns
    Discrete Jitter          (DJ):    0.000ns
    Phase Error              (PE):    0.000ns

    Location             Delay type                Incr(ns)  Path(ns)    Netlist Resource(s)
  -------------------------------------------------------------------    -------------------
                         (clock ap_clk rise edge)     0.000     0.000 r  
                                                      0.000     0.000 r  ap_clk (IN)
                         net (fo=1176, unset)         0.013     0.013    bd_0_i/hls_inst/inst/ap_clk
    SLICE_X56Y78         FDRE                                         r  bd_0_i/hls_inst/inst/v11548_fu_560_reg[8]/C
  -------------------------------------------------------------------    -------------------
    SLICE_X56Y78         FDRE (Prop_FFF_SLICEM_C_Q)
                                                      0.037     0.050 r  bd_0_i/hls_inst/inst/v11548_fu_560_reg[8]/Q
                         net (fo=0)                   0.000     0.050    v4_wr_data[8]
                                                                      r  v4_wr_data[8] (OUT)
  -------------------------------------------------------------------    -------------------

Slack:                    inf
  Source:                 bd_0_i/hls_inst/inst/v12347_fu_556_reg[2]/C
                            (rising edge-triggered cell FDRE clocked by ap_clk  {rise@0.000ns fall@1.665ns period=3.330ns})
  Destination:            v5_wr_data[2]
                            (output port)
  Path Group:             (none)
  Path Type:              Min at Fast Process Corner
  Data Path Delay:        0.037ns  (logic 0.037ns (100.000%)  route 0.000ns (0.000%))
  Logic Levels:           0  
  Clock Uncertainty:      0.025ns  ((TSJ^2 + TIJ^2)^1/2 + DJ) / 2 + PE
    Total System Jitter     (TSJ):    0.050ns
    Total Input Jitter      (TIJ):    0.000ns
    Discrete Jitter          (DJ):    0.000ns
    Phase Error              (PE):    0.000ns

    Location             Delay type                Incr(ns)  Path(ns)    Netlist Resource(s)
  -------------------------------------------------------------------    -------------------
                         (clock ap_clk rise edge)     0.000     0.000 r  
                                                      0.000     0.000 r  ap_clk (IN)
                         net (fo=1176, unset)         0.013     0.013    bd_0_i/hls_inst/inst/ap_clk
    SLICE_X56Y80         FDRE                                         r  bd_0_i/hls_inst/inst/v12347_fu_556_reg[2]/C
  -------------------------------------------------------------------    -------------------
    SLICE_X56Y80         FDRE (Prop_FFF_SLICEM_C_Q)
                                                      0.037     0.050 r  bd_0_i/hls_inst/inst/v12347_fu_556_reg[2]/Q
                         net (fo=0)                   0.000     0.050    v5_wr_data[2]
                                                                      r  v5_wr_data[2] (OUT)
  -------------------------------------------------------------------    -------------------

Slack:                    inf
  Source:                 bd_0_i/hls_inst/inst/v12347_fu_556_reg[4]/C
                            (rising edge-triggered cell FDRE clocked by ap_clk  {rise@0.000ns fall@1.665ns period=3.330ns})
  Destination:            v5_wr_data[4]
                            (output port)
  Path Group:             (none)
  Path Type:              Min at Fast Process Corner
  Data Path Delay:        0.037ns  (logic 0.037ns (100.000%)  route 0.000ns (0.000%))
  Logic Levels:           0  
  Clock Uncertainty:      0.025ns  ((TSJ^2 + TIJ^2)^1/2 + DJ) / 2 + PE
    Total System Jitter     (TSJ):    0.050ns
    Total Input Jitter      (TIJ):    0.000ns
    Discrete Jitter          (DJ):    0.000ns
    Phase Error              (PE):    0.000ns

    Location             Delay type                Incr(ns)  Path(ns)    Netlist Resource(s)
  -------------------------------------------------------------------    -------------------
                         (clock ap_clk rise edge)     0.000     0.000 r  
                                                      0.000     0.000 r  ap_clk (IN)
                         net (fo=1176, unset)         0.013     0.013    bd_0_i/hls_inst/inst/ap_clk
    SLICE_X56Y79         FDRE                                         r  bd_0_i/hls_inst/inst/v12347_fu_556_reg[4]/C
  -------------------------------------------------------------------    -------------------
    SLICE_X56Y79         FDRE (Prop_FFF_SLICEM_C_Q)
                                                      0.037     0.050 r  bd_0_i/hls_inst/inst/v12347_fu_556_reg[4]/Q
                         net (fo=0)                   0.000     0.050    v5_wr_data[4]
                                                                      r  v5_wr_data[4] (OUT)
  -------------------------------------------------------------------    -------------------

Slack:                    inf
  Source:                 bd_0_i/hls_inst/inst/ap_condition_exit_pp0_iter1_stage0_pp0_iter2_reg_reg/C
                            (rising edge-triggered cell FDRE clocked by ap_clk  {rise@0.000ns fall@1.665ns period=3.330ns})
  Destination:            ap_ctrl_ready
                            (output port)
  Path Group:             (none)
  Path Type:              Min at Fast Process Corner
  Data Path Delay:        0.038ns  (logic 0.038ns (100.000%)  route 0.000ns (0.000%))
  Logic Levels:           0  
  Clock Uncertainty:      0.025ns  ((TSJ^2 + TIJ^2)^1/2 + DJ) / 2 + PE
    Total System Jitter     (TSJ):    0.050ns
    Total Input Jitter      (TIJ):    0.000ns
    Discrete Jitter          (DJ):    0.000ns
    Phase Error              (PE):    0.000ns

    Location             Delay type                Incr(ns)  Path(ns)    Netlist Resource(s)
  -------------------------------------------------------------------    -------------------
                         (clock ap_clk rise edge)     0.000     0.000 r  
                                                      0.000     0.000 r  ap_clk (IN)
                         net (fo=1176, unset)         0.013     0.013    bd_0_i/hls_inst/inst/ap_clk
    SLICE_X53Y69         FDRE                                         r  bd_0_i/hls_inst/inst/ap_condition_exit_pp0_iter1_stage0_pp0_iter2_reg_reg/C
  -------------------------------------------------------------------    -------------------
    SLICE_X53Y69         FDRE (Prop_AFF_SLICEM_C_Q)
                                                      0.038     0.051 r  bd_0_i/hls_inst/inst/ap_condition_exit_pp0_iter1_stage0_pp0_iter2_reg_reg/Q
                         net (fo=2, unset)            0.000     0.051    ap_ctrl_ready
                                                                      r  ap_ctrl_ready (OUT)
  -------------------------------------------------------------------    -------------------

Slack:                    inf
  Source:                 bd_0_i/hls_inst/inst/csd_pkt_03310286_fu_764_reg[13]/C
                            (rising edge-triggered cell FDRE clocked by ap_clk  {rise@0.000ns fall@1.665ns period=3.330ns})
  Destination:            v0_wr_data[13]
                            (output port)
  Path Group:             (none)
  Path Type:              Min at Fast Process Corner
  Data Path Delay:        0.038ns  (logic 0.038ns (100.000%)  route 0.000ns (0.000%))
  Logic Levels:           0  
  Clock Uncertainty:      0.025ns  ((TSJ^2 + TIJ^2)^1/2 + DJ) / 2 + PE
    Total System Jitter     (TSJ):    0.050ns
    Total Input Jitter      (TIJ):    0.000ns
    Discrete Jitter          (DJ):    0.000ns
    Phase Error              (PE):    0.000ns

    Location             Delay type                Incr(ns)  Path(ns)    Netlist Resource(s)
  -------------------------------------------------------------------    -------------------
                         (clock ap_clk rise edge)     0.000     0.000 r  
                                                      0.000     0.000 r  ap_clk (IN)
                         net (fo=1176, unset)         0.013     0.013    bd_0_i/hls_inst/inst/ap_clk
    SLICE_X64Y82         FDRE                                         r  bd_0_i/hls_inst/inst/csd_pkt_03310286_fu_764_reg[13]/C
  -------------------------------------------------------------------    -------------------
    SLICE_X64Y82         FDRE (Prop_CFF_SLICEM_C_Q)
                                                      0.038     0.051 r  bd_0_i/hls_inst/inst/csd_pkt_03310286_fu_764_reg[13]/Q
                         net (fo=0)                   0.000     0.051    v0_wr_data[13]
                                                                      r  v0_wr_data[13] (OUT)
  -------------------------------------------------------------------    -------------------

Slack:                    inf
  Source:                 bd_0_i/hls_inst/inst/csd_pkt_03310286_fu_764_reg[23]/C
                            (rising edge-triggered cell FDRE clocked by ap_clk  {rise@0.000ns fall@1.665ns period=3.330ns})
  Destination:            v0_wr_data[23]
                            (output port)
  Path Group:             (none)
  Path Type:              Min at Fast Process Corner
  Data Path Delay:        0.038ns  (logic 0.038ns (100.000%)  route 0.000ns (0.000%))
  Logic Levels:           0  
  Clock Uncertainty:      0.025ns  ((TSJ^2 + TIJ^2)^1/2 + DJ) / 2 + PE
    Total System Jitter     (TSJ):    0.050ns
    Total Input Jitter      (TIJ):    0.000ns
    Discrete Jitter          (DJ):    0.000ns
    Phase Error              (PE):    0.000ns

    Location             Delay type                Incr(ns)  Path(ns)    Netlist Resource(s)
  -------------------------------------------------------------------    -------------------
                         (clock ap_clk rise edge)     0.000     0.000 r  
                                                      0.000     0.000 r  ap_clk (IN)
                         net (fo=1176, unset)         0.013     0.013    bd_0_i/hls_inst/inst/ap_clk
    SLICE_X63Y82         FDRE                                         r  bd_0_i/hls_inst/inst/csd_pkt_03310286_fu_764_reg[23]/C
  -------------------------------------------------------------------    -------------------
    SLICE_X63Y82         FDRE (Prop_CFF_SLICEM_C_Q)
                                                      0.038     0.051 r  bd_0_i/hls_inst/inst/csd_pkt_03310286_fu_764_reg[23]/Q
                         net (fo=0)                   0.000     0.051    v0_wr_data[23]
                                                                      r  v0_wr_data[23] (OUT)
  -------------------------------------------------------------------    -------------------

Slack:                    inf
  Source:                 bd_0_i/hls_inst/inst/csd_pkt_03310286_fu_764_reg[24]/C
                            (rising edge-triggered cell FDRE clocked by ap_clk  {rise@0.000ns fall@1.665ns period=3.330ns})
  Destination:            v0_wr_data[24]
                            (output port)
  Path Group:             (none)
  Path Type:              Min at Fast Process Corner
  Data Path Delay:        0.038ns  (logic 0.038ns (100.000%)  route 0.000ns (0.000%))
  Logic Levels:           0  
  Clock Uncertainty:      0.025ns  ((TSJ^2 + TIJ^2)^1/2 + DJ) / 2 + PE
    Total System Jitter     (TSJ):    0.050ns
    Total Input Jitter      (TIJ):    0.000ns
    Discrete Jitter          (DJ):    0.000ns
    Phase Error              (PE):    0.000ns

    Location             Delay type                Incr(ns)  Path(ns)    Netlist Resource(s)
  -------------------------------------------------------------------    -------------------
                         (clock ap_clk rise edge)     0.000     0.000 r  
                                                      0.000     0.000 r  ap_clk (IN)
                         net (fo=1176, unset)         0.013     0.013    bd_0_i/hls_inst/inst/ap_clk
    SLICE_X63Y82         FDRE                                         r  bd_0_i/hls_inst/inst/csd_pkt_03310286_fu_764_reg[24]/C
  -------------------------------------------------------------------    -------------------
    SLICE_X63Y82         FDRE (Prop_BFF_SLICEM_C_Q)
                                                      0.038     0.051 r  bd_0_i/hls_inst/inst/csd_pkt_03310286_fu_764_reg[24]/Q
                         net (fo=0)                   0.000     0.051    v0_wr_data[24]
                                                                      r  v0_wr_data[24] (OUT)
  -------------------------------------------------------------------    -------------------

Slack:                    inf
  Source:                 bd_0_i/hls_inst/inst/csd_pkt_03310684_fu_756_reg[22]/C
                            (rising edge-triggered cell FDRE clocked by ap_clk  {rise@0.000ns fall@1.665ns period=3.330ns})
  Destination:            v1_wr_data[22]
                            (output port)
  Path Group:             (none)
  Path Type:              Min at Fast Process Corner
  Data Path Delay:        0.038ns  (logic 0.038ns (100.000%)  route 0.000ns (0.000%))
  Logic Levels:           0  
  Clock Uncertainty:      0.025ns  ((TSJ^2 + TIJ^2)^1/2 + DJ) / 2 + PE
    Total System Jitter     (TSJ):    0.050ns
    Total Input Jitter      (TIJ):    0.000ns
    Discrete Jitter          (DJ):    0.000ns
    Phase Error              (PE):    0.000ns

    Location             Delay type                Incr(ns)  Path(ns)    Netlist Resource(s)
  -------------------------------------------------------------------    -------------------
                         (clock ap_clk rise edge)     0.000     0.000 r  
                                                      0.000     0.000 r  ap_clk (IN)
                         net (fo=1176, unset)         0.013     0.013    bd_0_i/hls_inst/inst/ap_clk
    SLICE_X63Y84         FDRE                                         r  bd_0_i/hls_inst/inst/csd_pkt_03310684_fu_756_reg[22]/C
  -------------------------------------------------------------------    -------------------
    SLICE_X63Y84         FDRE (Prop_CFF_SLICEM_C_Q)
                                                      0.038     0.051 r  bd_0_i/hls_inst/inst/csd_pkt_03310684_fu_756_reg[22]/Q
                         net (fo=0)                   0.000     0.051    v1_wr_data[22]
                                                                      r  v1_wr_data[22] (OUT)
  -------------------------------------------------------------------    -------------------

Slack:                    inf
  Source:                 bd_0_i/hls_inst/inst/csd_pkt_03310684_fu_756_reg[23]/C
                            (rising edge-triggered cell FDRE clocked by ap_clk  {rise@0.000ns fall@1.665ns period=3.330ns})
  Destination:            v1_wr_data[23]
                            (output port)
  Path Group:             (none)
  Path Type:              Min at Fast Process Corner
  Data Path Delay:        0.038ns  (logic 0.038ns (100.000%)  route 0.000ns (0.000%))
  Logic Levels:           0  
  Clock Uncertainty:      0.025ns  ((TSJ^2 + TIJ^2)^1/2 + DJ) / 2 + PE
    Total System Jitter     (TSJ):    0.050ns
    Total Input Jitter      (TIJ):    0.000ns
    Discrete Jitter          (DJ):    0.000ns
    Phase Error              (PE):    0.000ns

    Location             Delay type                Incr(ns)  Path(ns)    Netlist Resource(s)
  -------------------------------------------------------------------    -------------------
                         (clock ap_clk rise edge)     0.000     0.000 r  
                                                      0.000     0.000 r  ap_clk (IN)
                         net (fo=1176, unset)         0.013     0.013    bd_0_i/hls_inst/inst/ap_clk
    SLICE_X63Y84         FDRE                                         r  bd_0_i/hls_inst/inst/csd_pkt_03310684_fu_756_reg[23]/C
  -------------------------------------------------------------------    -------------------
    SLICE_X63Y84         FDRE (Prop_BFF_SLICEM_C_Q)
                                                      0.038     0.051 r  bd_0_i/hls_inst/inst/csd_pkt_03310684_fu_756_reg[23]/Q
                         net (fo=0)                   0.000     0.051    v1_wr_data[23]
                                                                      r  v1_wr_data[23] (OUT)
  -------------------------------------------------------------------    -------------------





--------------------------------------------------------------------------------------
Path Group:  (none)
From Clock:  
  To Clock:  ap_clk

Max Delay          1452 Endpoints
Min Delay          1452 Endpoints
--------------------------------------------------------------------------------------


Max Delay Paths
--------------------------------------------------------------------------------------
Slack:                    inf
  Source:                 <hidden>
                            (internal pin)
  Destination:            <hidden>
                            (rising edge-triggered cell FDRE clocked by ap_clk  {rise@0.000ns fall@1.665ns period=3.330ns})
  Path Group:             (none)
  Path Type:              Setup (Max at Slow Process Corner)
  Data Path Delay:        3.675ns  (logic 2.860ns (77.822%)  route 0.815ns (22.178%))
  Logic Levels:           12  (CARRY8=2 DSP_A_B_DATA=1 DSP_ALU=2 DSP_M_DATA=1 DSP_MULTIPLIER=1 DSP_OUTPUT=2 DSP_PREADD_DATA=1 LUT2=1 LUT3=1)
  Clock Uncertainty:      0.025ns  ((TSJ^2 + TIJ^2)^1/2 + DJ) / 2 + PE
    Total System Jitter     (TSJ):    0.050ns
    Total Input Jitter      (TIJ):    0.000ns
    Discrete Jitter          (DJ):    0.000ns
    Phase Error              (PE):    0.000ns

    Location             Delay type                Incr(ns)  Path(ns)    Netlist Resource(s)
  -------------------------------------------------------------------    -------------------
    DSP48E2_X5Y44        DSP_A_B_DATA                 0.000     0.000 r  <hidden>
                         net (fo=1, routed)           0.000     0.000    <hidden>
    DSP48E2_X5Y44        DSP_PREADD_DATA (Prop_DSP_PREADD_DATA_DSP48E2_B2_DATA[17]_B2B1[17])
                                                      0.073     0.073 r  <hidden>
                         net (fo=1, routed)           0.000     0.073    <hidden>
    DSP48E2_X5Y44        DSP_MULTIPLIER (Prop_DSP_MULTIPLIER_DSP48E2_B2B1[17]_V[43])
                                                      0.609     0.682 f  <hidden>
                         net (fo=1, routed)           0.000     0.682    <hidden>
    DSP48E2_X5Y44        DSP_M_DATA (Prop_DSP_M_DATA_DSP48E2_V[43]_V_DATA[43])
                                                      0.046     0.728 r  <hidden>
                         net (fo=1, routed)           0.000     0.728    <hidden>
    DSP48E2_X5Y44        DSP_ALU (Prop_DSP_ALU_DSP48E2_V_DATA[43]_ALU_OUT[47])
                                                      0.571     1.299 r  <hidden>
                         net (fo=1, routed)           0.000     1.299    <hidden>
    DSP48E2_X5Y44        DSP_OUTPUT (Prop_DSP_OUTPUT_DSP48E2_ALU_OUT[47]_PATTERN_DETECT)
                                                      0.363     1.662 f  <hidden>
                         net (fo=2, routed)           0.218     1.880    <hidden>
    SLICE_X56Y113        LUT3 (Prop_A6LUT_SLICEM_I2_O)
                                                      0.038     1.918 r  <hidden>
                         net (fo=1, routed)           0.013     1.931    <hidden>
    SLICE_X56Y113        CARRY8 (Prop_CARRY8_SLICEM_S[0]_CO[2])
                                                      0.115     2.046 f  <hidden>
                         net (fo=1, routed)           0.177     2.223    <hidden>
    DSP48E2_X5Y46        DSP_A_B_DATA (Prop_DSP_A_B_DATA_DSP48E2_B[1]_B_ALU[1])
                                                      0.165     2.388 r  <hidden>
                         net (fo=1, routed)           0.000     2.388    <hidden>
    DSP48E2_X5Y46        DSP_ALU (Prop_DSP_ALU_DSP48E2_B_ALU[1]_ALU_OUT[12])
                                                      0.541     2.929 f  <hidden>
                         net (fo=1, routed)           0.000     2.929    <hidden>
    DSP48E2_X5Y46        DSP_OUTPUT (Prop_DSP_OUTPUT_DSP48E2_ALU_OUT[12]_P[12])
                                                      0.109     3.038 r  <hidden>
                         net (fo=1, routed)           0.231     3.269    <hidden>
    SLICE_X56Y116        CARRY8 (Prop_CARRY8_SLICEM_CI_O[2])
                                                      0.131     3.400 r  <hidden>
                         net (fo=1, routed)           0.130     3.530    <hidden>
    SLICE_X55Y116        LUT2 (Prop_E6LUT_SLICEL_I0_O)
                                                      0.099     3.629 r  <hidden>
                         net (fo=1, routed)           0.046     3.675    <hidden>
    SLICE_X55Y116        FDRE                                         r  <hidden>
  -------------------------------------------------------------------    -------------------

                         (clock ap_clk rise edge)     0.000     0.000 r  
                                                      0.000     0.000 r  ap_clk (IN)
                         net (fo=1176, unset)         0.020     0.020    <hidden>
    SLICE_X55Y116        FDRE                                         r  <hidden>

Slack:                    inf
  Source:                 <hidden>
                            (internal pin)
  Destination:            <hidden>
                            (rising edge-triggered cell FDRE clocked by ap_clk  {rise@0.000ns fall@1.665ns period=3.330ns})
  Path Group:             (none)
  Path Type:              Setup (Max at Slow Process Corner)
  Data Path Delay:        3.671ns  (logic 2.858ns (77.852%)  route 0.813ns (22.148%))
  Logic Levels:           12  (CARRY8=2 DSP_A_B_DATA=1 DSP_ALU=2 DSP_M_DATA=1 DSP_MULTIPLIER=1 DSP_OUTPUT=2 DSP_PREADD_DATA=1 LUT2=1 LUT3=1)
  Clock Uncertainty:      0.025ns  ((TSJ^2 + TIJ^2)^1/2 + DJ) / 2 + PE
    Total System Jitter     (TSJ):    0.050ns
    Total Input Jitter      (TIJ):    0.000ns
    Discrete Jitter          (DJ):    0.000ns
    Phase Error              (PE):    0.000ns

    Location             Delay type                Incr(ns)  Path(ns)    Netlist Resource(s)
  -------------------------------------------------------------------    -------------------
    DSP48E2_X5Y44        DSP_A_B_DATA                 0.000     0.000 r  <hidden>
                         net (fo=1, routed)           0.000     0.000    <hidden>
    DSP48E2_X5Y44        DSP_PREADD_DATA (Prop_DSP_PREADD_DATA_DSP48E2_B2_DATA[17]_B2B1[17])
                                                      0.073     0.073 r  <hidden>
                         net (fo=1, routed)           0.000     0.073    <hidden>
    DSP48E2_X5Y44        DSP_MULTIPLIER (Prop_DSP_MULTIPLIER_DSP48E2_B2B1[17]_V[43])
                                                      0.609     0.682 f  <hidden>
                         net (fo=1, routed)           0.000     0.682    <hidden>
    DSP48E2_X5Y44        DSP_M_DATA (Prop_DSP_M_DATA_DSP48E2_V[43]_V_DATA[43])
                                                      0.046     0.728 r  <hidden>
                         net (fo=1, routed)           0.000     0.728    <hidden>
    DSP48E2_X5Y44        DSP_ALU (Prop_DSP_ALU_DSP48E2_V_DATA[43]_ALU_OUT[47])
                                                      0.571     1.299 r  <hidden>
                         net (fo=1, routed)           0.000     1.299    <hidden>
    DSP48E2_X5Y44        DSP_OUTPUT (Prop_DSP_OUTPUT_DSP48E2_ALU_OUT[47]_PATTERN_DETECT)
                                                      0.363     1.662 f  <hidden>
                         net (fo=2, routed)           0.218     1.880    <hidden>
    SLICE_X56Y113        LUT3 (Prop_A6LUT_SLICEM_I2_O)
                                                      0.038     1.918 r  <hidden>
                         net (fo=1, routed)           0.013     1.931    <hidden>
    SLICE_X56Y113        CARRY8 (Prop_CARRY8_SLICEM_S[0]_CO[2])
                                                      0.115     2.046 f  <hidden>
                         net (fo=1, routed)           0.177     2.223    <hidden>
    DSP48E2_X5Y46        DSP_A_B_DATA (Prop_DSP_A_B_DATA_DSP48E2_B[1]_B_ALU[1])
                                                      0.165     2.388 r  <hidden>
                         net (fo=1, routed)           0.000     2.388    <hidden>
    DSP48E2_X5Y46        DSP_ALU (Prop_DSP_ALU_DSP48E2_B_ALU[1]_ALU_OUT[12])
                                                      0.541     2.929 f  <hidden>
                         net (fo=1, routed)           0.000     2.929    <hidden>
    DSP48E2_X5Y46        DSP_OUTPUT (Prop_DSP_OUTPUT_DSP48E2_ALU_OUT[12]_P[12])
                                                      0.109     3.038 r  <hidden>
                         net (fo=1, routed)           0.231     3.269    <hidden>
    SLICE_X56Y116        CARRY8 (Prop_CARRY8_SLICEM_CI_O[4])
                                                      0.193     3.462 r  <hidden>
                         net (fo=1, routed)           0.123     3.585    <hidden>
    SLICE_X55Y116        LUT2 (Prop_F6LUT_SLICEL_I0_O)
                                                      0.035     3.620 r  <hidden>
                         net (fo=1, routed)           0.051     3.671    <hidden>
    SLICE_X55Y116        FDRE                                         r  <hidden>
  -------------------------------------------------------------------    -------------------

                         (clock ap_clk rise edge)     0.000     0.000 r  
                                                      0.000     0.000 r  ap_clk (IN)
                         net (fo=1176, unset)         0.020     0.020    <hidden>
    SLICE_X55Y116        FDRE                                         r  <hidden>

Slack:                    inf
  Source:                 <hidden>
                            (internal pin)
  Destination:            <hidden>
                            (rising edge-triggered cell FDRE clocked by ap_clk  {rise@0.000ns fall@1.665ns period=3.330ns})
  Path Group:             (none)
  Path Type:              Setup (Max at Slow Process Corner)
  Data Path Delay:        3.632ns  (logic 2.813ns (77.449%)  route 0.819ns (22.551%))
  Logic Levels:           12  (CARRY8=2 DSP_A_B_DATA=1 DSP_ALU=2 DSP_M_DATA=1 DSP_MULTIPLIER=1 DSP_OUTPUT=2 DSP_PREADD_DATA=1 LUT2=1 LUT3=1)
  Clock Uncertainty:      0.025ns  ((TSJ^2 + TIJ^2)^1/2 + DJ) / 2 + PE
    Total System Jitter     (TSJ):    0.050ns
    Total Input Jitter      (TIJ):    0.000ns
    Discrete Jitter          (DJ):    0.000ns
    Phase Error              (PE):    0.000ns

    Location             Delay type                Incr(ns)  Path(ns)    Netlist Resource(s)
  -------------------------------------------------------------------    -------------------
    DSP48E2_X5Y44        DSP_A_B_DATA                 0.000     0.000 r  <hidden>
                         net (fo=1, routed)           0.000     0.000    <hidden>
    DSP48E2_X5Y44        DSP_PREADD_DATA (Prop_DSP_PREADD_DATA_DSP48E2_B2_DATA[17]_B2B1[17])
                                                      0.073     0.073 r  <hidden>
                         net (fo=1, routed)           0.000     0.073    <hidden>
    DSP48E2_X5Y44        DSP_MULTIPLIER (Prop_DSP_MULTIPLIER_DSP48E2_B2B1[17]_V[43])
                                                      0.609     0.682 f  <hidden>
                         net (fo=1, routed)           0.000     0.682    <hidden>
    DSP48E2_X5Y44        DSP_M_DATA (Prop_DSP_M_DATA_DSP48E2_V[43]_V_DATA[43])
                                                      0.046     0.728 r  <hidden>
                         net (fo=1, routed)           0.000     0.728    <hidden>
    DSP48E2_X5Y44        DSP_ALU (Prop_DSP_ALU_DSP48E2_V_DATA[43]_ALU_OUT[47])
                                                      0.571     1.299 r  <hidden>
                         net (fo=1, routed)           0.000     1.299    <hidden>
    DSP48E2_X5Y44        DSP_OUTPUT (Prop_DSP_OUTPUT_DSP48E2_ALU_OUT[47]_PATTERN_DETECT)
                                                      0.363     1.662 f  <hidden>
                         net (fo=2, routed)           0.218     1.880    <hidden>
    SLICE_X56Y113        LUT3 (Prop_A6LUT_SLICEM_I2_O)
                                                      0.038     1.918 r  <hidden>
                         net (fo=1, routed)           0.013     1.931    <hidden>
    SLICE_X56Y113        CARRY8 (Prop_CARRY8_SLICEM_S[0]_CO[2])
                                                      0.115     2.046 f  <hidden>
                         net (fo=1, routed)           0.177     2.223    <hidden>
    DSP48E2_X5Y46        DSP_A_B_DATA (Prop_DSP_A_B_DATA_DSP48E2_B[1]_B_ALU[1])
                                                      0.165     2.388 r  <hidden>
                         net (fo=1, routed)           0.000     2.388    <hidden>
    DSP48E2_X5Y46        DSP_ALU (Prop_DSP_ALU_DSP48E2_B_ALU[1]_ALU_OUT[12])
                                                      0.541     2.929 f  <hidden>
                         net (fo=1, routed)           0.000     2.929    <hidden>
    DSP48E2_X5Y46        DSP_OUTPUT (Prop_DSP_OUTPUT_DSP48E2_ALU_OUT[12]_P[12])
                                                      0.109     3.038 r  <hidden>
                         net (fo=1, routed)           0.231     3.269    <hidden>
    SLICE_X56Y116        CARRY8 (Prop_CARRY8_SLICEM_CI_O[1])
                                                      0.132     3.401 r  <hidden>
                         net (fo=1, routed)           0.129     3.530    <hidden>
    SLICE_X55Y116        LUT2 (Prop_H6LUT_SLICEL_I0_O)
                                                      0.051     3.581 r  <hidden>
                         net (fo=1, routed)           0.051     3.632    <hidden>
    SLICE_X55Y116        FDRE                                         r  <hidden>
  -------------------------------------------------------------------    -------------------

                         (clock ap_clk rise edge)     0.000     0.000 r  
                                                      0.000     0.000 r  ap_clk (IN)
                         net (fo=1176, unset)         0.020     0.020    <hidden>
    SLICE_X55Y116        FDRE                                         r  <hidden>

Slack:                    inf
  Source:                 <hidden>
                            (internal pin)
  Destination:            <hidden>
                            (rising edge-triggered cell FDRE clocked by ap_clk  {rise@0.000ns fall@1.665ns period=3.330ns})
  Path Group:             (none)
  Path Type:              Setup (Max at Slow Process Corner)
  Data Path Delay:        3.627ns  (logic 2.816ns (77.639%)  route 0.811ns (22.361%))
  Logic Levels:           12  (CARRY8=2 DSP_A_B_DATA=1 DSP_ALU=2 DSP_M_DATA=1 DSP_MULTIPLIER=1 DSP_OUTPUT=2 DSP_PREADD_DATA=1 LUT2=1 LUT3=1)
  Clock Uncertainty:      0.025ns  ((TSJ^2 + TIJ^2)^1/2 + DJ) / 2 + PE
    Total System Jitter     (TSJ):    0.050ns
    Total Input Jitter      (TIJ):    0.000ns
    Discrete Jitter          (DJ):    0.000ns
    Phase Error              (PE):    0.000ns

    Location             Delay type                Incr(ns)  Path(ns)    Netlist Resource(s)
  -------------------------------------------------------------------    -------------------
    DSP48E2_X5Y44        DSP_A_B_DATA                 0.000     0.000 r  <hidden>
                         net (fo=1, routed)           0.000     0.000    <hidden>
    DSP48E2_X5Y44        DSP_PREADD_DATA (Prop_DSP_PREADD_DATA_DSP48E2_B2_DATA[17]_B2B1[17])
                                                      0.073     0.073 r  <hidden>
                         net (fo=1, routed)           0.000     0.073    <hidden>
    DSP48E2_X5Y44        DSP_MULTIPLIER (Prop_DSP_MULTIPLIER_DSP48E2_B2B1[17]_V[43])
                                                      0.609     0.682 f  <hidden>
                         net (fo=1, routed)           0.000     0.682    <hidden>
    DSP48E2_X5Y44        DSP_M_DATA (Prop_DSP_M_DATA_DSP48E2_V[43]_V_DATA[43])
                                                      0.046     0.728 r  <hidden>
                         net (fo=1, routed)           0.000     0.728    <hidden>
    DSP48E2_X5Y44        DSP_ALU (Prop_DSP_ALU_DSP48E2_V_DATA[43]_ALU_OUT[47])
                                                      0.571     1.299 r  <hidden>
                         net (fo=1, routed)           0.000     1.299    <hidden>
    DSP48E2_X5Y44        DSP_OUTPUT (Prop_DSP_OUTPUT_DSP48E2_ALU_OUT[47]_PATTERN_DETECT)
                                                      0.363     1.662 f  <hidden>
                         net (fo=2, routed)           0.218     1.880    <hidden>
    SLICE_X56Y113        LUT3 (Prop_A6LUT_SLICEM_I2_O)
                                                      0.038     1.918 r  <hidden>
                         net (fo=1, routed)           0.013     1.931    <hidden>
    SLICE_X56Y113        CARRY8 (Prop_CARRY8_SLICEM_S[0]_CO[2])
                                                      0.115     2.046 f  <hidden>
                         net (fo=1, routed)           0.177     2.223    <hidden>
    DSP48E2_X5Y46        DSP_A_B_DATA (Prop_DSP_A_B_DATA_DSP48E2_B[1]_B_ALU[1])
                                                      0.165     2.388 r  <hidden>
                         net (fo=1, routed)           0.000     2.388    <hidden>
    DSP48E2_X5Y46        DSP_ALU (Prop_DSP_ALU_DSP48E2_B_ALU[1]_ALU_OUT[12])
                                                      0.541     2.929 f  <hidden>
                         net (fo=1, routed)           0.000     2.929    <hidden>
    DSP48E2_X5Y46        DSP_OUTPUT (Prop_DSP_OUTPUT_DSP48E2_ALU_OUT[12]_P[12])
                                                      0.109     3.038 r  <hidden>
                         net (fo=1, routed)           0.231     3.269    <hidden>
    SLICE_X56Y116        CARRY8 (Prop_CARRY8_SLICEM_CI_O[3])
                                                      0.135     3.404 r  <hidden>
                         net (fo=1, routed)           0.126     3.530    <hidden>
    SLICE_X55Y115        LUT2 (Prop_E6LUT_SLICEL_I0_O)
                                                      0.051     3.581 r  <hidden>
                         net (fo=1, routed)           0.046     3.627    <hidden>
    SLICE_X55Y115        FDRE                                         r  <hidden>
  -------------------------------------------------------------------    -------------------

                         (clock ap_clk rise edge)     0.000     0.000 r  
                                                      0.000     0.000 r  ap_clk (IN)
                         net (fo=1176, unset)         0.020     0.020    <hidden>
    SLICE_X55Y115        FDRE                                         r  <hidden>

Slack:                    inf
  Source:                 <hidden>
                            (internal pin)
  Destination:            <hidden>
                            (rising edge-triggered cell FDRE clocked by ap_clk  {rise@0.000ns fall@1.665ns period=3.330ns})
  Path Group:             (none)
  Path Type:              Setup (Max at Slow Process Corner)
  Data Path Delay:        3.595ns  (logic 2.777ns (77.245%)  route 0.818ns (22.755%))
  Logic Levels:           12  (CARRY8=2 DSP_A_B_DATA=1 DSP_ALU=2 DSP_M_DATA=1 DSP_MULTIPLIER=1 DSP_OUTPUT=2 DSP_PREADD_DATA=1 LUT3=1 LUT6=1)
  Clock Uncertainty:      0.025ns  ((TSJ^2 + TIJ^2)^1/2 + DJ) / 2 + PE
    Total System Jitter     (TSJ):    0.050ns
    Total Input Jitter      (TIJ):    0.000ns
    Discrete Jitter          (DJ):    0.000ns
    Phase Error              (PE):    0.000ns

    Location             Delay type                Incr(ns)  Path(ns)    Netlist Resource(s)
  -------------------------------------------------------------------    -------------------
    DSP48E2_X5Y44        DSP_A_B_DATA                 0.000     0.000 r  <hidden>
                         net (fo=1, routed)           0.000     0.000    <hidden>
    DSP48E2_X5Y44        DSP_PREADD_DATA (Prop_DSP_PREADD_DATA_DSP48E2_B2_DATA[17]_B2B1[17])
                                                      0.073     0.073 r  <hidden>
                         net (fo=1, routed)           0.000     0.073    <hidden>
    DSP48E2_X5Y44        DSP_MULTIPLIER (Prop_DSP_MULTIPLIER_DSP48E2_B2B1[17]_V[43])
                                                      0.609     0.682 f  <hidden>
                         net (fo=1, routed)           0.000     0.682    <hidden>
    DSP48E2_X5Y44        DSP_M_DATA (Prop_DSP_M_DATA_DSP48E2_V[43]_V_DATA[43])
                                                      0.046     0.728 r  <hidden>
                         net (fo=1, routed)           0.000     0.728    <hidden>
    DSP48E2_X5Y44        DSP_ALU (Prop_DSP_ALU_DSP48E2_V_DATA[43]_ALU_OUT[47])
                                                      0.571     1.299 r  <hidden>
                         net (fo=1, routed)           0.000     1.299    <hidden>
    DSP48E2_X5Y44        DSP_OUTPUT (Prop_DSP_OUTPUT_DSP48E2_ALU_OUT[47]_PATTERN_DETECT)
                                                      0.363     1.662 f  <hidden>
                         net (fo=2, routed)           0.218     1.880    <hidden>
    SLICE_X56Y113        LUT3 (Prop_A6LUT_SLICEM_I2_O)
                                                      0.038     1.918 r  <hidden>
                         net (fo=1, routed)           0.013     1.931    <hidden>
    SLICE_X56Y113        CARRY8 (Prop_CARRY8_SLICEM_S[0]_CO[2])
                                                      0.115     2.046 f  <hidden>
                         net (fo=1, routed)           0.177     2.223    <hidden>
    DSP48E2_X5Y46        DSP_A_B_DATA (Prop_DSP_A_B_DATA_DSP48E2_B[1]_B_ALU[1])
                                                      0.165     2.388 r  <hidden>
                         net (fo=1, routed)           0.000     2.388    <hidden>
    DSP48E2_X5Y46        DSP_ALU (Prop_DSP_ALU_DSP48E2_B_ALU[1]_ALU_OUT[12])
                                                      0.541     2.929 f  <hidden>
                         net (fo=1, routed)           0.000     2.929    <hidden>
    DSP48E2_X5Y46        DSP_OUTPUT (Prop_DSP_OUTPUT_DSP48E2_ALU_OUT[12]_P[12])
                                                      0.109     3.038 r  <hidden>
                         net (fo=1, routed)           0.231     3.269    <hidden>
    SLICE_X56Y116        CARRY8 (Prop_CARRY8_SLICEM_CI_O[0])
                                                      0.110     3.379 r  <hidden>
                         net (fo=1, routed)           0.124     3.503    <hidden>
    SLICE_X56Y117        LUT6 (Prop_E6LUT_SLICEM_I2_O)
                                                      0.037     3.540 r  <hidden>
                         net (fo=1, routed)           0.055     3.595    <hidden>
    SLICE_X56Y117        FDRE                                         r  <hidden>
  -------------------------------------------------------------------    -------------------

                         (clock ap_clk rise edge)     0.000     0.000 r  
                                                      0.000     0.000 r  ap_clk (IN)
                         net (fo=1176, unset)         0.021     0.021    <hidden>
    SLICE_X56Y117        FDRE                                         r  <hidden>

Slack:                    inf
  Source:                 <hidden>
                            (internal pin)
  Destination:            <hidden>
                            (rising edge-triggered cell FDRE clocked by ap_clk  {rise@0.000ns fall@1.665ns period=3.330ns})
  Path Group:             (none)
  Path Type:              Setup (Max at Slow Process Corner)
  Data Path Delay:        3.414ns  (logic 2.630ns (77.034%)  route 0.784ns (22.966%))
  Logic Levels:           10  (CARRY8=1 DSP_A_B_DATA=1 DSP_ALU=2 DSP_M_DATA=1 DSP_MULTIPLIER=1 DSP_OUTPUT=2 DSP_PREADD_DATA=1 LUT3=1)
  Clock Uncertainty:      0.025ns  ((TSJ^2 + TIJ^2)^1/2 + DJ) / 2 + PE
    Total System Jitter     (TSJ):    0.050ns
    Total Input Jitter      (TIJ):    0.000ns
    Discrete Jitter          (DJ):    0.000ns
    Phase Error              (PE):    0.000ns

    Location             Delay type                Incr(ns)  Path(ns)    Netlist Resource(s)
  -------------------------------------------------------------------    -------------------
    DSP48E2_X5Y44        DSP_A_B_DATA                 0.000     0.000 r  <hidden>
                         net (fo=1, routed)           0.000     0.000    <hidden>
    DSP48E2_X5Y44        DSP_PREADD_DATA (Prop_DSP_PREADD_DATA_DSP48E2_B2_DATA[17]_B2B1[17])
                                                      0.073     0.073 r  <hidden>
                         net (fo=1, routed)           0.000     0.073    <hidden>
    DSP48E2_X5Y44        DSP_MULTIPLIER (Prop_DSP_MULTIPLIER_DSP48E2_B2B1[17]_V[43])
                                                      0.609     0.682 f  <hidden>
                         net (fo=1, routed)           0.000     0.682    <hidden>
    DSP48E2_X5Y44        DSP_M_DATA (Prop_DSP_M_DATA_DSP48E2_V[43]_V_DATA[43])
                                                      0.046     0.728 r  <hidden>
                         net (fo=1, routed)           0.000     0.728    <hidden>
    DSP48E2_X5Y44        DSP_ALU (Prop_DSP_ALU_DSP48E2_V_DATA[43]_ALU_OUT[47])
                                                      0.571     1.299 r  <hidden>
                         net (fo=1, routed)           0.000     1.299    <hidden>
    DSP48E2_X5Y44        DSP_OUTPUT (Prop_DSP_OUTPUT_DSP48E2_ALU_OUT[47]_PATTERN_DETECT)
                                                      0.363     1.662 f  <hidden>
                         net (fo=2, routed)           0.218     1.880    <hidden>
    SLICE_X56Y113        LUT3 (Prop_A6LUT_SLICEM_I2_O)
                                                      0.038     1.918 r  <hidden>
                         net (fo=1, routed)           0.013     1.931    <hidden>
    SLICE_X56Y113        CARRY8 (Prop_CARRY8_SLICEM_S[0]_CO[2])
                                                      0.115     2.046 f  <hidden>
                         net (fo=1, routed)           0.177     2.223    <hidden>
    DSP48E2_X5Y46        DSP_A_B_DATA (Prop_DSP_A_B_DATA_DSP48E2_B[1]_B_ALU[1])
                                                      0.165     2.388 r  <hidden>
                         net (fo=1, routed)           0.000     2.388    <hidden>
    DSP48E2_X5Y46        DSP_ALU (Prop_DSP_ALU_DSP48E2_B_ALU[1]_ALU_OUT[3])
                                                      0.541     2.929 f  <hidden>
                         net (fo=1, routed)           0.000     2.929    <hidden>
    DSP48E2_X5Y46        DSP_OUTPUT (Prop_DSP_OUTPUT_DSP48E2_ALU_OUT[3]_P[3])
                                                      0.109     3.038 r  <hidden>
                         net (fo=1, routed)           0.376     3.414    <hidden>
    SLICE_X56Y116        FDRE                                         r  <hidden>
  -------------------------------------------------------------------    -------------------

                         (clock ap_clk rise edge)     0.000     0.000 r  
                                                      0.000     0.000 r  ap_clk (IN)
                         net (fo=1176, unset)         0.021     0.021    <hidden>
    SLICE_X56Y116        FDRE                                         r  <hidden>

Slack:                    inf
  Source:                 <hidden>
                            (internal pin)
  Destination:            <hidden>
                            (rising edge-triggered cell FDRE clocked by ap_clk  {rise@0.000ns fall@1.665ns period=3.330ns})
  Path Group:             (none)
  Path Type:              Setup (Max at Slow Process Corner)
  Data Path Delay:        3.409ns  (logic 2.630ns (77.147%)  route 0.779ns (22.853%))
  Logic Levels:           10  (CARRY8=1 DSP_A_B_DATA=1 DSP_ALU=2 DSP_M_DATA=1 DSP_MULTIPLIER=1 DSP_OUTPUT=2 DSP_PREADD_DATA=1 LUT3=1)
  Clock Uncertainty:      0.025ns  ((TSJ^2 + TIJ^2)^1/2 + DJ) / 2 + PE
    Total System Jitter     (TSJ):    0.050ns
    Total Input Jitter      (TIJ):    0.000ns
    Discrete Jitter          (DJ):    0.000ns
    Phase Error              (PE):    0.000ns

    Location             Delay type                Incr(ns)  Path(ns)    Netlist Resource(s)
  -------------------------------------------------------------------    -------------------
    DSP48E2_X5Y44        DSP_A_B_DATA                 0.000     0.000 r  <hidden>
                         net (fo=1, routed)           0.000     0.000    <hidden>
    DSP48E2_X5Y44        DSP_PREADD_DATA (Prop_DSP_PREADD_DATA_DSP48E2_B2_DATA[17]_B2B1[17])
                                                      0.073     0.073 r  <hidden>
                         net (fo=1, routed)           0.000     0.073    <hidden>
    DSP48E2_X5Y44        DSP_MULTIPLIER (Prop_DSP_MULTIPLIER_DSP48E2_B2B1[17]_V[43])
                                                      0.609     0.682 f  <hidden>
                         net (fo=1, routed)           0.000     0.682    <hidden>
    DSP48E2_X5Y44        DSP_M_DATA (Prop_DSP_M_DATA_DSP48E2_V[43]_V_DATA[43])
                                                      0.046     0.728 r  <hidden>
                         net (fo=1, routed)           0.000     0.728    <hidden>
    DSP48E2_X5Y44        DSP_ALU (Prop_DSP_ALU_DSP48E2_V_DATA[43]_ALU_OUT[47])
                                                      0.571     1.299 r  <hidden>
                         net (fo=1, routed)           0.000     1.299    <hidden>
    DSP48E2_X5Y44        DSP_OUTPUT (Prop_DSP_OUTPUT_DSP48E2_ALU_OUT[47]_PATTERN_DETECT)
                                                      0.363     1.662 f  <hidden>
                         net (fo=2, routed)           0.218     1.880    <hidden>
    SLICE_X56Y113        LUT3 (Prop_A6LUT_SLICEM_I2_O)
                                                      0.038     1.918 r  <hidden>
                         net (fo=1, routed)           0.013     1.931    <hidden>
    SLICE_X56Y113        CARRY8 (Prop_CARRY8_SLICEM_S[0]_CO[2])
                                                      0.115     2.046 f  <hidden>
                         net (fo=1, routed)           0.177     2.223    <hidden>
    DSP48E2_X5Y46        DSP_A_B_DATA (Prop_DSP_A_B_DATA_DSP48E2_B[1]_B_ALU[1])
                                                      0.165     2.388 r  <hidden>
                         net (fo=1, routed)           0.000     2.388    <hidden>
    DSP48E2_X5Y46        DSP_ALU (Prop_DSP_ALU_DSP48E2_B_ALU[1]_ALU_OUT[2])
                                                      0.541     2.929 f  <hidden>
                         net (fo=1, routed)           0.000     2.929    <hidden>
    DSP48E2_X5Y46        DSP_OUTPUT (Prop_DSP_OUTPUT_DSP48E2_ALU_OUT[2]_P[2])
                                                      0.109     3.038 r  <hidden>
                         net (fo=1, routed)           0.371     3.409    <hidden>
    SLICE_X56Y116        FDRE                                         r  <hidden>
  -------------------------------------------------------------------    -------------------

                         (clock ap_clk rise edge)     0.000     0.000 r  
                                                      0.000     0.000 r  ap_clk (IN)
                         net (fo=1176, unset)         0.021     0.021    <hidden>
    SLICE_X56Y116        FDRE                                         r  <hidden>

Slack:                    inf
  Source:                 <hidden>
                            (internal pin)
  Destination:            <hidden>
                            (rising edge-triggered cell FDRE clocked by ap_clk  {rise@0.000ns fall@1.665ns period=3.330ns})
  Path Group:             (none)
  Path Type:              Setup (Max at Slow Process Corner)
  Data Path Delay:        3.404ns  (logic 2.768ns (81.315%)  route 0.636ns (18.685%))
  Logic Levels:           11  (CARRY8=1 DSP_A_B_DATA=1 DSP_ALU=2 DSP_M_DATA=1 DSP_MULTIPLIER=1 DSP_OUTPUT=2 DSP_PREADD_DATA=1 LUT3=1 LUT4=1)
  Clock Uncertainty:      0.025ns  ((TSJ^2 + TIJ^2)^1/2 + DJ) / 2 + PE
    Total System Jitter     (TSJ):    0.050ns
    Total Input Jitter      (TIJ):    0.000ns
    Discrete Jitter          (DJ):    0.000ns
    Phase Error              (PE):    0.000ns

    Location             Delay type                Incr(ns)  Path(ns)    Netlist Resource(s)
  -------------------------------------------------------------------    -------------------
    DSP48E2_X5Y44        DSP_A_B_DATA                 0.000     0.000 r  <hidden>
                         net (fo=1, routed)           0.000     0.000    <hidden>
    DSP48E2_X5Y44        DSP_PREADD_DATA (Prop_DSP_PREADD_DATA_DSP48E2_B2_DATA[17]_B2B1[17])
                                                      0.073     0.073 r  <hidden>
                         net (fo=1, routed)           0.000     0.073    <hidden>
    DSP48E2_X5Y44        DSP_MULTIPLIER (Prop_DSP_MULTIPLIER_DSP48E2_B2B1[17]_V[43])
                                                      0.609     0.682 f  <hidden>
                         net (fo=1, routed)           0.000     0.682    <hidden>
    DSP48E2_X5Y44        DSP_M_DATA (Prop_DSP_M_DATA_DSP48E2_V[43]_V_DATA[43])
                                                      0.046     0.728 r  <hidden>
                         net (fo=1, routed)           0.000     0.728    <hidden>
    DSP48E2_X5Y44        DSP_ALU (Prop_DSP_ALU_DSP48E2_V_DATA[43]_ALU_OUT[47])
                                                      0.571     1.299 r  <hidden>
                         net (fo=1, routed)           0.000     1.299    <hidden>
    DSP48E2_X5Y44        DSP_OUTPUT (Prop_DSP_OUTPUT_DSP48E2_ALU_OUT[47]_PATTERN_DETECT)
                                                      0.363     1.662 f  <hidden>
                         net (fo=2, routed)           0.218     1.880    <hidden>
    SLICE_X56Y113        LUT3 (Prop_A6LUT_SLICEM_I2_O)
                                                      0.038     1.918 r  <hidden>
                         net (fo=1, routed)           0.013     1.931    <hidden>
    SLICE_X56Y113        CARRY8 (Prop_CARRY8_SLICEM_S[0]_CO[2])
                                                      0.115     2.046 f  <hidden>
                         net (fo=1, routed)           0.177     2.223    <hidden>
    DSP48E2_X5Y46        DSP_A_B_DATA (Prop_DSP_A_B_DATA_DSP48E2_B[1]_B_ALU[1])
                                                      0.165     2.388 r  <hidden>
                         net (fo=1, routed)           0.000     2.388    <hidden>
    DSP48E2_X5Y46        DSP_ALU (Prop_DSP_ALU_DSP48E2_B_ALU[1]_ALU_OUT[10])
                                                      0.541     2.929 f  <hidden>
                         net (fo=1, routed)           0.000     2.929    <hidden>
    DSP48E2_X5Y46        DSP_OUTPUT (Prop_DSP_OUTPUT_DSP48E2_ALU_OUT[10]_P[10])
                                                      0.109     3.038 r  <hidden>
                         net (fo=1, routed)           0.210     3.248    <hidden>
    SLICE_X58Y115        LUT4 (Prop_E5LUT_SLICEL_I2_O)
                                                      0.138     3.386 r  <hidden>
                         net (fo=1, routed)           0.018     3.404    <hidden>
    SLICE_X58Y115        FDRE                                         r  <hidden>
  -------------------------------------------------------------------    -------------------

                         (clock ap_clk rise edge)     0.000     0.000 r  
                                                      0.000     0.000 r  ap_clk (IN)
                         net (fo=1176, unset)         0.020     0.020    <hidden>
    SLICE_X58Y115        FDRE                                         r  <hidden>

Slack:                    inf
  Source:                 <hidden>
                            (internal pin)
  Destination:            <hidden>
                            (rising edge-triggered cell FDRE clocked by ap_clk  {rise@0.000ns fall@1.665ns period=3.330ns})
  Path Group:             (none)
  Path Type:              Setup (Max at Slow Process Corner)
  Data Path Delay:        3.367ns  (logic 2.630ns (78.110%)  route 0.737ns (21.890%))
  Logic Levels:           10  (CARRY8=1 DSP_A_B_DATA=1 DSP_ALU=2 DSP_M_DATA=1 DSP_MULTIPLIER=1 DSP_OUTPUT=2 DSP_PREADD_DATA=1 LUT3=1)
  Clock Uncertainty:      0.025ns  ((TSJ^2 + TIJ^2)^1/2 + DJ) / 2 + PE
    Total System Jitter     (TSJ):    0.050ns
    Total Input Jitter      (TIJ):    0.000ns
    Discrete Jitter          (DJ):    0.000ns
    Phase Error              (PE):    0.000ns

    Location             Delay type                Incr(ns)  Path(ns)    Netlist Resource(s)
  -------------------------------------------------------------------    -------------------
    DSP48E2_X5Y44        DSP_A_B_DATA                 0.000     0.000 r  <hidden>
                         net (fo=1, routed)           0.000     0.000    <hidden>
    DSP48E2_X5Y44        DSP_PREADD_DATA (Prop_DSP_PREADD_DATA_DSP48E2_B2_DATA[17]_B2B1[17])
                                                      0.073     0.073 r  <hidden>
                         net (fo=1, routed)           0.000     0.073    <hidden>
    DSP48E2_X5Y44        DSP_MULTIPLIER (Prop_DSP_MULTIPLIER_DSP48E2_B2B1[17]_V[43])
                                                      0.609     0.682 f  <hidden>
                         net (fo=1, routed)           0.000     0.682    <hidden>
    DSP48E2_X5Y44        DSP_M_DATA (Prop_DSP_M_DATA_DSP48E2_V[43]_V_DATA[43])
                                                      0.046     0.728 r  <hidden>
                         net (fo=1, routed)           0.000     0.728    <hidden>
    DSP48E2_X5Y44        DSP_ALU (Prop_DSP_ALU_DSP48E2_V_DATA[43]_ALU_OUT[47])
                                                      0.571     1.299 r  <hidden>
                         net (fo=1, routed)           0.000     1.299    <hidden>
    DSP48E2_X5Y44        DSP_OUTPUT (Prop_DSP_OUTPUT_DSP48E2_ALU_OUT[47]_PATTERN_DETECT)
                                                      0.363     1.662 f  <hidden>
                         net (fo=2, routed)           0.218     1.880    <hidden>
    SLICE_X56Y113        LUT3 (Prop_A6LUT_SLICEM_I2_O)
                                                      0.038     1.918 r  <hidden>
                         net (fo=1, routed)           0.013     1.931    <hidden>
    SLICE_X56Y113        CARRY8 (Prop_CARRY8_SLICEM_S[0]_CO[2])
                                                      0.115     2.046 f  <hidden>
                         net (fo=1, routed)           0.177     2.223    <hidden>
    DSP48E2_X5Y46        DSP_A_B_DATA (Prop_DSP_A_B_DATA_DSP48E2_B[1]_B_ALU[1])
                                                      0.165     2.388 r  <hidden>
                         net (fo=1, routed)           0.000     2.388    <hidden>
    DSP48E2_X5Y46        DSP_ALU (Prop_DSP_ALU_DSP48E2_B_ALU[1]_ALU_OUT[8])
                                                      0.541     2.929 f  <hidden>
                         net (fo=1, routed)           0.000     2.929    <hidden>
    DSP48E2_X5Y46        DSP_OUTPUT (Prop_DSP_OUTPUT_DSP48E2_ALU_OUT[8]_P[8])
                                                      0.109     3.038 r  <hidden>
                         net (fo=1, routed)           0.329     3.367    <hidden>
    SLICE_X56Y116        FDRE                                         r  <hidden>
  -------------------------------------------------------------------    -------------------

                         (clock ap_clk rise edge)     0.000     0.000 r  
                                                      0.000     0.000 r  ap_clk (IN)
                         net (fo=1176, unset)         0.021     0.021    <hidden>
    SLICE_X56Y116        FDRE                                         r  <hidden>

Slack:                    inf
  Source:                 <hidden>
                            (internal pin)
  Destination:            <hidden>
                            (rising edge-triggered cell FDRE clocked by ap_clk  {rise@0.000ns fall@1.665ns period=3.330ns})
  Path Group:             (none)
  Path Type:              Setup (Max at Slow Process Corner)
  Data Path Delay:        3.361ns  (logic 2.630ns (78.249%)  route 0.731ns (21.751%))
  Logic Levels:           10  (CARRY8=1 DSP_A_B_DATA=1 DSP_ALU=2 DSP_M_DATA=1 DSP_MULTIPLIER=1 DSP_OUTPUT=2 DSP_PREADD_DATA=1 LUT3=1)
  Clock Uncertainty:      0.025ns  ((TSJ^2 + TIJ^2)^1/2 + DJ) / 2 + PE
    Total System Jitter     (TSJ):    0.050ns
    Total Input Jitter      (TIJ):    0.000ns
    Discrete Jitter          (DJ):    0.000ns
    Phase Error              (PE):    0.000ns

    Location             Delay type                Incr(ns)  Path(ns)    Netlist Resource(s)
  -------------------------------------------------------------------    -------------------
    DSP48E2_X5Y44        DSP_A_B_DATA                 0.000     0.000 r  <hidden>
                         net (fo=1, routed)           0.000     0.000    <hidden>
    DSP48E2_X5Y44        DSP_PREADD_DATA (Prop_DSP_PREADD_DATA_DSP48E2_B2_DATA[17]_B2B1[17])
                                                      0.073     0.073 r  <hidden>
                         net (fo=1, routed)           0.000     0.073    <hidden>
    DSP48E2_X5Y44        DSP_MULTIPLIER (Prop_DSP_MULTIPLIER_DSP48E2_B2B1[17]_V[43])
                                                      0.609     0.682 f  <hidden>
                         net (fo=1, routed)           0.000     0.682    <hidden>
    DSP48E2_X5Y44        DSP_M_DATA (Prop_DSP_M_DATA_DSP48E2_V[43]_V_DATA[43])
                                                      0.046     0.728 r  <hidden>
                         net (fo=1, routed)           0.000     0.728    <hidden>
    DSP48E2_X5Y44        DSP_ALU (Prop_DSP_ALU_DSP48E2_V_DATA[43]_ALU_OUT[47])
                                                      0.571     1.299 r  <hidden>
                         net (fo=1, routed)           0.000     1.299    <hidden>
    DSP48E2_X5Y44        DSP_OUTPUT (Prop_DSP_OUTPUT_DSP48E2_ALU_OUT[47]_PATTERN_DETECT)
                                                      0.363     1.662 f  <hidden>
                         net (fo=2, routed)           0.218     1.880    <hidden>
    SLICE_X56Y113        LUT3 (Prop_A6LUT_SLICEM_I2_O)
                                                      0.038     1.918 r  <hidden>
                         net (fo=1, routed)           0.013     1.931    <hidden>
    SLICE_X56Y113        CARRY8 (Prop_CARRY8_SLICEM_S[0]_CO[2])
                                                      0.115     2.046 f  <hidden>
                         net (fo=1, routed)           0.177     2.223    <hidden>
    DSP48E2_X5Y46        DSP_A_B_DATA (Prop_DSP_A_B_DATA_DSP48E2_B[1]_B_ALU[1])
                                                      0.165     2.388 r  <hidden>
                         net (fo=1, routed)           0.000     2.388    <hidden>
    DSP48E2_X5Y46        DSP_ALU (Prop_DSP_ALU_DSP48E2_B_ALU[1]_ALU_OUT[5])
                                                      0.541     2.929 f  <hidden>
                         net (fo=1, routed)           0.000     2.929    <hidden>
    DSP48E2_X5Y46        DSP_OUTPUT (Prop_DSP_OUTPUT_DSP48E2_ALU_OUT[5]_P[5])
                                                      0.109     3.038 r  <hidden>
                         net (fo=1, routed)           0.323     3.361    <hidden>
    SLICE_X56Y116        FDRE                                         r  <hidden>
  -------------------------------------------------------------------    -------------------

                         (clock ap_clk rise edge)     0.000     0.000 r  
                                                      0.000     0.000 r  ap_clk (IN)
                         net (fo=1176, unset)         0.021     0.021    <hidden>
    SLICE_X56Y116        FDRE                                         r  <hidden>





Min Delay Paths
--------------------------------------------------------------------------------------
Slack:                    inf
  Source:                 v8_rd_data[0]
                            (input port)
  Destination:            bd_0_i/hls_inst/inst/p_0_0_0121711579_fu_732_reg[0]/D
                            (rising edge-triggered cell FDRE clocked by ap_clk  {rise@0.000ns fall@1.665ns period=3.330ns})
  Path Group:             (none)
  Path Type:              Hold (Min at Fast Process Corner)
  Data Path Delay:        0.007ns  (logic 0.000ns (0.000%)  route 0.007ns (100.000%))
  Logic Levels:           0  
  Clock Path Skew:        0.019ns (DCD - SCD - CPR)
    Destination Clock Delay (DCD):    0.019ns
    Source Clock Delay      (SCD):    0.000ns
    Clock Pessimism Removal (CPR):    -0.000ns

    Location             Delay type                Incr(ns)  Path(ns)    Netlist Resource(s)
  -------------------------------------------------------------------    -------------------
                                                      0.000     0.000 r  v8_rd_data[0] (IN)
                         net (fo=2, unset)            0.007     0.007    bd_0_i/hls_inst/inst/v8_dout[0]
    SLICE_X62Y88         FDRE                                         r  bd_0_i/hls_inst/inst/p_0_0_0121711579_fu_732_reg[0]/D
  -------------------------------------------------------------------    -------------------

                         (clock ap_clk rise edge)     0.000     0.000 r  
                                                      0.000     0.000 r  ap_clk (IN)
                         net (fo=1176, unset)         0.019     0.019    bd_0_i/hls_inst/inst/ap_clk
    SLICE_X62Y88         FDRE                                         r  bd_0_i/hls_inst/inst/p_0_0_0121711579_fu_732_reg[0]/C

Slack:                    inf
  Source:                 v8_rd_data[12]
                            (input port)
  Destination:            bd_0_i/hls_inst/inst/p_0_0_0121711579_fu_732_reg[12]/D
                            (rising edge-triggered cell FDRE clocked by ap_clk  {rise@0.000ns fall@1.665ns period=3.330ns})
  Path Group:             (none)
  Path Type:              Hold (Min at Fast Process Corner)
  Data Path Delay:        0.007ns  (logic 0.000ns (0.000%)  route 0.007ns (100.000%))
  Logic Levels:           0  
  Clock Path Skew:        0.019ns (DCD - SCD - CPR)
    Destination Clock Delay (DCD):    0.019ns
    Source Clock Delay      (SCD):    0.000ns
    Clock Pessimism Removal (CPR):    -0.000ns

    Location             Delay type                Incr(ns)  Path(ns)    Netlist Resource(s)
  -------------------------------------------------------------------    -------------------
                                                      0.000     0.000 r  v8_rd_data[12] (IN)
                         net (fo=2, unset)            0.007     0.007    bd_0_i/hls_inst/inst/v8_dout[12]
    SLICE_X62Y88         FDRE                                         r  bd_0_i/hls_inst/inst/p_0_0_0121711579_fu_732_reg[12]/D
  -------------------------------------------------------------------    -------------------

                         (clock ap_clk rise edge)     0.000     0.000 r  
                                                      0.000     0.000 r  ap_clk (IN)
                         net (fo=1176, unset)         0.019     0.019    bd_0_i/hls_inst/inst/ap_clk
    SLICE_X62Y88         FDRE                                         r  bd_0_i/hls_inst/inst/p_0_0_0121711579_fu_732_reg[12]/C

Slack:                    inf
  Source:                 v8_rd_data[18]
                            (input port)
  Destination:            bd_0_i/hls_inst/inst/p_0_0_0121711579_fu_732_reg[18]/D
                            (rising edge-triggered cell FDRE clocked by ap_clk  {rise@0.000ns fall@1.665ns period=3.330ns})
  Path Group:             (none)
  Path Type:              Hold (Min at Fast Process Corner)
  Data Path Delay:        0.007ns  (logic 0.000ns (0.000%)  route 0.007ns (100.000%))
  Logic Levels:           0  
  Clock Path Skew:        0.019ns (DCD - SCD - CPR)
    Destination Clock Delay (DCD):    0.019ns
    Source Clock Delay      (SCD):    0.000ns
    Clock Pessimism Removal (CPR):    -0.000ns

    Location             Delay type                Incr(ns)  Path(ns)    Netlist Resource(s)
  -------------------------------------------------------------------    -------------------
                                                      0.000     0.000 r  v8_rd_data[18] (IN)
                         net (fo=3, unset)            0.007     0.007    bd_0_i/hls_inst/inst/v8_dout[18]
    SLICE_X63Y74         FDRE                                         r  bd_0_i/hls_inst/inst/p_0_0_0121711579_fu_732_reg[18]/D
  -------------------------------------------------------------------    -------------------

                         (clock ap_clk rise edge)     0.000     0.000 r  
                                                      0.000     0.000 r  ap_clk (IN)
                         net (fo=1176, unset)         0.019     0.019    bd_0_i/hls_inst/inst/ap_clk
    SLICE_X63Y74         FDRE                                         r  bd_0_i/hls_inst/inst/p_0_0_0121711579_fu_732_reg[18]/C

Slack:                    inf
  Source:                 v8_rd_data[19]
                            (input port)
  Destination:            bd_0_i/hls_inst/inst/p_0_0_0121711579_fu_732_reg[19]/D
                            (rising edge-triggered cell FDRE clocked by ap_clk  {rise@0.000ns fall@1.665ns period=3.330ns})
  Path Group:             (none)
  Path Type:              Hold (Min at Fast Process Corner)
  Data Path Delay:        0.007ns  (logic 0.000ns (0.000%)  route 0.007ns (100.000%))
  Logic Levels:           0  
  Clock Path Skew:        0.018ns (DCD - SCD - CPR)
    Destination Clock Delay (DCD):    0.018ns
    Source Clock Delay      (SCD):    0.000ns
    Clock Pessimism Removal (CPR):    -0.000ns

    Location             Delay type                Incr(ns)  Path(ns)    Netlist Resource(s)
  -------------------------------------------------------------------    -------------------
                                                      0.000     0.000 r  v8_rd_data[19] (IN)
                         net (fo=3, unset)            0.007     0.007    bd_0_i/hls_inst/inst/v8_dout[19]
    SLICE_X62Y79         FDRE                                         r  bd_0_i/hls_inst/inst/p_0_0_0121711579_fu_732_reg[19]/D
  -------------------------------------------------------------------    -------------------

                         (clock ap_clk rise edge)     0.000     0.000 r  
                                                      0.000     0.000 r  ap_clk (IN)
                         net (fo=1176, unset)         0.018     0.018    bd_0_i/hls_inst/inst/ap_clk
    SLICE_X62Y79         FDRE                                         r  bd_0_i/hls_inst/inst/p_0_0_0121711579_fu_732_reg[19]/C

Slack:                    inf
  Source:                 v8_rd_data[1]
                            (input port)
  Destination:            bd_0_i/hls_inst/inst/p_0_0_0121711579_fu_732_reg[1]/D
                            (rising edge-triggered cell FDRE clocked by ap_clk  {rise@0.000ns fall@1.665ns period=3.330ns})
  Path Group:             (none)
  Path Type:              Hold (Min at Fast Process Corner)
  Data Path Delay:        0.007ns  (logic 0.000ns (0.000%)  route 0.007ns (100.000%))
  Logic Levels:           0  
  Clock Path Skew:        0.019ns (DCD - SCD - CPR)
    Destination Clock Delay (DCD):    0.019ns
    Source Clock Delay      (SCD):    0.000ns
    Clock Pessimism Removal (CPR):    -0.000ns

    Location             Delay type                Incr(ns)  Path(ns)    Netlist Resource(s)
  -------------------------------------------------------------------    -------------------
                                                      0.000     0.000 r  v8_rd_data[1] (IN)
                         net (fo=2, unset)            0.007     0.007    bd_0_i/hls_inst/inst/v8_dout[1]
    SLICE_X62Y87         FDRE                                         r  bd_0_i/hls_inst/inst/p_0_0_0121711579_fu_732_reg[1]/D
  -------------------------------------------------------------------    -------------------

                         (clock ap_clk rise edge)     0.000     0.000 r  
                                                      0.000     0.000 r  ap_clk (IN)
                         net (fo=1176, unset)         0.019     0.019    bd_0_i/hls_inst/inst/ap_clk
    SLICE_X62Y87         FDRE                                         r  bd_0_i/hls_inst/inst/p_0_0_0121711579_fu_732_reg[1]/C

Slack:                    inf
  Source:                 v8_rd_data[3]
                            (input port)
  Destination:            bd_0_i/hls_inst/inst/p_0_0_0121711579_fu_732_reg[3]/D
                            (rising edge-triggered cell FDRE clocked by ap_clk  {rise@0.000ns fall@1.665ns period=3.330ns})
  Path Group:             (none)
  Path Type:              Hold (Min at Fast Process Corner)
  Data Path Delay:        0.007ns  (logic 0.000ns (0.000%)  route 0.007ns (100.000%))
  Logic Levels:           0  
  Clock Path Skew:        0.018ns (DCD - SCD - CPR)
    Destination Clock Delay (DCD):    0.018ns
    Source Clock Delay      (SCD):    0.000ns
    Clock Pessimism Removal (CPR):    -0.000ns

    Location             Delay type                Incr(ns)  Path(ns)    Netlist Resource(s)
  -------------------------------------------------------------------    -------------------
                                                      0.000     0.000 r  v8_rd_data[3] (IN)
                         net (fo=2, unset)            0.007     0.007    bd_0_i/hls_inst/inst/v8_dout[3]
    SLICE_X62Y73         FDRE                                         r  bd_0_i/hls_inst/inst/p_0_0_0121711579_fu_732_reg[3]/D
  -------------------------------------------------------------------    -------------------

                         (clock ap_clk rise edge)     0.000     0.000 r  
                                                      0.000     0.000 r  ap_clk (IN)
                         net (fo=1176, unset)         0.018     0.018    bd_0_i/hls_inst/inst/ap_clk
    SLICE_X62Y73         FDRE                                         r  bd_0_i/hls_inst/inst/p_0_0_0121711579_fu_732_reg[3]/C

Slack:                    inf
  Source:                 v8_rd_data[4]
                            (input port)
  Destination:            bd_0_i/hls_inst/inst/p_0_0_0121711579_fu_732_reg[4]/D
                            (rising edge-triggered cell FDRE clocked by ap_clk  {rise@0.000ns fall@1.665ns period=3.330ns})
  Path Group:             (none)
  Path Type:              Hold (Min at Fast Process Corner)
  Data Path Delay:        0.007ns  (logic 0.000ns (0.000%)  route 0.007ns (100.000%))
  Logic Levels:           0  
  Clock Path Skew:        0.019ns (DCD - SCD - CPR)
    Destination Clock Delay (DCD):    0.019ns
    Source Clock Delay      (SCD):    0.000ns
    Clock Pessimism Removal (CPR):    -0.000ns

    Location             Delay type                Incr(ns)  Path(ns)    Netlist Resource(s)
  -------------------------------------------------------------------    -------------------
                                                      0.000     0.000 r  v8_rd_data[4] (IN)
                         net (fo=2, unset)            0.007     0.007    bd_0_i/hls_inst/inst/v8_dout[4]
    SLICE_X64Y72         FDRE                                         r  bd_0_i/hls_inst/inst/p_0_0_0121711579_fu_732_reg[4]/D
  -------------------------------------------------------------------    -------------------

                         (clock ap_clk rise edge)     0.000     0.000 r  
                                                      0.000     0.000 r  ap_clk (IN)
                         net (fo=1176, unset)         0.019     0.019    bd_0_i/hls_inst/inst/ap_clk
    SLICE_X64Y72         FDRE                                         r  bd_0_i/hls_inst/inst/p_0_0_0121711579_fu_732_reg[4]/C

Slack:                    inf
  Source:                 v8_rd_data[6]
                            (input port)
  Destination:            bd_0_i/hls_inst/inst/p_0_0_0121711579_fu_732_reg[6]/D
                            (rising edge-triggered cell FDRE clocked by ap_clk  {rise@0.000ns fall@1.665ns period=3.330ns})
  Path Group:             (none)
  Path Type:              Hold (Min at Fast Process Corner)
  Data Path Delay:        0.007ns  (logic 0.000ns (0.000%)  route 0.007ns (100.000%))
  Logic Levels:           0  
  Clock Path Skew:        0.019ns (DCD - SCD - CPR)
    Destination Clock Delay (DCD):    0.019ns
    Source Clock Delay      (SCD):    0.000ns
    Clock Pessimism Removal (CPR):    -0.000ns

    Location             Delay type                Incr(ns)  Path(ns)    Netlist Resource(s)
  -------------------------------------------------------------------    -------------------
                                                      0.000     0.000 r  v8_rd_data[6] (IN)
                         net (fo=2, unset)            0.007     0.007    bd_0_i/hls_inst/inst/v8_dout[6]
    SLICE_X66Y75         FDRE                                         r  bd_0_i/hls_inst/inst/p_0_0_0121711579_fu_732_reg[6]/D
  -------------------------------------------------------------------    -------------------

                         (clock ap_clk rise edge)     0.000     0.000 r  
                                                      0.000     0.000 r  ap_clk (IN)
                         net (fo=1176, unset)         0.019     0.019    bd_0_i/hls_inst/inst/ap_clk
    SLICE_X66Y75         FDRE                                         r  bd_0_i/hls_inst/inst/p_0_0_0121711579_fu_732_reg[6]/C

Slack:                    inf
  Source:                 v9_rd_data[0]
                            (input port)
  Destination:            bd_0_i/hls_inst/inst/p_0_0_01217_111778_fu_728_reg[0]/D
                            (rising edge-triggered cell FDRE clocked by ap_clk  {rise@0.000ns fall@1.665ns period=3.330ns})
  Path Group:             (none)
  Path Type:              Hold (Min at Fast Process Corner)
  Data Path Delay:        0.007ns  (logic 0.000ns (0.000%)  route 0.007ns (100.000%))
  Logic Levels:           0  
  Clock Path Skew:        0.019ns (DCD - SCD - CPR)
    Destination Clock Delay (DCD):    0.019ns
    Source Clock Delay      (SCD):    0.000ns
    Clock Pessimism Removal (CPR):    -0.000ns

    Location             Delay type                Incr(ns)  Path(ns)    Netlist Resource(s)
  -------------------------------------------------------------------    -------------------
                                                      0.000     0.000 r  v9_rd_data[0] (IN)
                         net (fo=2, unset)            0.007     0.007    bd_0_i/hls_inst/inst/v9_dout[0]
    SLICE_X64Y88         FDRE                                         r  bd_0_i/hls_inst/inst/p_0_0_01217_111778_fu_728_reg[0]/D
  -------------------------------------------------------------------    -------------------

                         (clock ap_clk rise edge)     0.000     0.000 r  
                                                      0.000     0.000 r  ap_clk (IN)
                         net (fo=1176, unset)         0.019     0.019    bd_0_i/hls_inst/inst/ap_clk
    SLICE_X64Y88         FDRE                                         r  bd_0_i/hls_inst/inst/p_0_0_01217_111778_fu_728_reg[0]/C

Slack:                    inf
  Source:                 v9_rd_data[11]
                            (input port)
  Destination:            bd_0_i/hls_inst/inst/p_0_0_01217_111778_fu_728_reg[11]/D
                            (rising edge-triggered cell FDRE clocked by ap_clk  {rise@0.000ns fall@1.665ns period=3.330ns})
  Path Group:             (none)
  Path Type:              Hold (Min at Fast Process Corner)
  Data Path Delay:        0.007ns  (logic 0.000ns (0.000%)  route 0.007ns (100.000%))
  Logic Levels:           0  
  Clock Path Skew:        0.019ns (DCD - SCD - CPR)
    Destination Clock Delay (DCD):    0.019ns
    Source Clock Delay      (SCD):    0.000ns
    Clock Pessimism Removal (CPR):    -0.000ns

    Location             Delay type                Incr(ns)  Path(ns)    Netlist Resource(s)
  -------------------------------------------------------------------    -------------------
                                                      0.000     0.000 r  v9_rd_data[11] (IN)
                         net (fo=2, unset)            0.007     0.007    bd_0_i/hls_inst/inst/v9_dout[11]
    SLICE_X63Y86         FDRE                                         r  bd_0_i/hls_inst/inst/p_0_0_01217_111778_fu_728_reg[11]/D
  -------------------------------------------------------------------    -------------------

                         (clock ap_clk rise edge)     0.000     0.000 r  
                                                      0.000     0.000 r  ap_clk (IN)
                         net (fo=1176, unset)         0.019     0.019    bd_0_i/hls_inst/inst/ap_clk
    SLICE_X63Y86         FDRE                                         r  bd_0_i/hls_inst/inst/p_0_0_01217_111778_fu_728_reg[11]/C





