Copyright 1986-2022 Xilinx, Inc. All Rights Reserved. Copyright 2022-2025 Advanced Micro Devices, Inc. All Rights Reserved.
-----------------------------------------------------------------------------------------------------------------------------------------------------------------------------------------------------------------------------------------------------
| Tool Version      : Vivado v.2025.1 (lin64) Build 6140274 Wed May 21 22:58:25 MDT 2025
| Date              : Tue Aug 25 22:00:06 2026
| Host              : zhang-21.ece.cornell.edu running 64-bit Red Hat Enterprise Linux release 8.10 (Ootpa)
| Command           : report_timing_summary -max_paths 10 -routable_nets -report_unconstrained -file bd_0_wrapper_timing_summary_routed.rpt -pb bd_0_wrapper_timing_summary_routed.pb -rpx bd_0_wrapper_timing_summary_routed.rpx -warn_on_violation
| Design            : bd_0_wrapper
| Device            : xczu7ev-ffvc1156
| Speed File        : -2  PRODUCTION 1.30 05-15-2022
| Design State      : Routed
| Temperature Grade : E
-----------------------------------------------------------------------------------------------------------------------------------------------------------------------------------------------------------------------------------------------------

Timing Summary Report

------------------------------------------------------------------------------------------------
| Timer Settings
| --------------
------------------------------------------------------------------------------------------------

  Enable Multi Corner Analysis               :  Yes
  Enable Pessimism Removal                   :  Yes
  Pessimism Removal Resolution               :  Nearest Common Node
  Enable Input Delay Default Clock           :  No
  Enable Preset / Clear Arcs                 :  No
  Disable Flight Delays                      :  No
  Ignore I/O Paths                           :  No
  Timing Early Launch at Borrowing Latches   :  No
  Borrow Time for Max Delay Exceptions       :  Yes
  Merge Timing Exceptions                    :  Yes
  Inter-SLR Compensation                     :  Conservative

  Corner  Analyze    Analyze    
  Name    Max Paths  Min Paths  
  ------  ---------  ---------  
  Slow    Yes        Yes        
  Fast    Yes        Yes        


------------------------------------------------------------------------------------------------
| Report Methodology
| ------------------
------------------------------------------------------------------------------------------------

Rule       Severity  Description                    Violations  
---------  --------  -----------------------------  ----------  
TIMING-18  Warning   Missing input or output delay  373         

Note: This report is based on the most recent report_methodology run and may not be up-to-date. Run report_methodology on the current design for the latest report.



check_timing report

Table of Contents
-----------------
1. checking no_clock (0)
2. checking constant_clock (0)
3. checking pulse_width_clock (0)
4. checking unconstrained_internal_endpoints (0)
5. checking no_input_delay (186)
6. checking no_output_delay (187)
7. checking multiple_clock (0)
8. checking generated_clocks (0)
9. checking loops (0)
10. checking partial_input_delay (0)
11. checking partial_output_delay (0)
12. checking latch_loops (0)

1. checking no_clock (0)
------------------------
 There are 0 register/latch pins with no clock.


2. checking constant_clock (0)
------------------------------
 There are 0 register/latch pins with constant_clock.


3. checking pulse_width_clock (0)
---------------------------------
 There are 0 register/latch pins which need pulse_width check


4. checking unconstrained_internal_endpoints (0)
------------------------------------------------
 There are 0 pins that are not constrained for maximum delay.

 There are 0 pins that are not constrained for maximum delay due to constant clock.


5. checking no_input_delay (186)
--------------------------------
 There are 186 input ports with no input delay specified. (HIGH)

 There are 0 input ports with no input delay but user has a false path constraint.


6. checking no_output_delay (187)
---------------------------------
 There are 187 ports with no output delay specified. (HIGH)

 There are 0 ports with no output delay but user has a false path constraint

 There are 0 ports with no output delay but with a timing clock defined on it or propagating through it


7. checking multiple_clock (0)
------------------------------
 There are 0 register/latch pins with multiple clocks.


8. checking generated_clocks (0)
--------------------------------
 There are 0 generated clocks that are not connected to a clock source.


9. checking loops (0)
---------------------
 There are 0 combinational loops in the design.


10. checking partial_input_delay (0)
------------------------------------
 There are 0 input ports with partial input delay specified.


11. checking partial_output_delay (0)
-------------------------------------
 There are 0 ports with partial output delay specified.


12. checking latch_loops (0)
----------------------------
 There are 0 combinational latch loops in the design through latch input



------------------------------------------------------------------------------------------------
| Design Timing Summary
| ---------------------
------------------------------------------------------------------------------------------------

    WNS(ns)      TNS(ns)  TNS Failing Endpoints  TNS Total Endpoints      WHS(ns)      THS(ns)  THS Failing Endpoints  THS Total Endpoints     WPWS(ns)     TPWS(ns)  TPWS Failing Endpoints  TPWS Total Endpoints  
    -------      -------  ---------------------  -------------------      -------      -------  ---------------------  -------------------     --------     --------  ----------------------  --------------------  
     -0.981      -71.687                    258                 2910        0.046        0.000                      0                 2910        1.133        0.000                       0                  1149  


Timing constraints are not met.


------------------------------------------------------------------------------------------------
| Clock Summary
| -------------
------------------------------------------------------------------------------------------------

Clock   Waveform(ns)         Period(ns)      Frequency(MHz)
-----   ------------         ----------      --------------
ap_clk  {0.000 1.665}        3.330           300.300         


------------------------------------------------------------------------------------------------
| Intra Clock Table
| -----------------
------------------------------------------------------------------------------------------------

Clock             WNS(ns)      TNS(ns)  TNS Failing Endpoints  TNS Total Endpoints      WHS(ns)      THS(ns)  THS Failing Endpoints  THS Total Endpoints     WPWS(ns)     TPWS(ns)  TPWS Failing Endpoints  TPWS Total Endpoints  
-----             -------      -------  ---------------------  -------------------      -------      -------  ---------------------  -------------------     --------     --------  ----------------------  --------------------  
ap_clk             -0.981      -71.687                    258                 2910        0.046        0.000                      0                 2910        1.133        0.000                       0                  1149  


------------------------------------------------------------------------------------------------
| Inter Clock Table
| -----------------
------------------------------------------------------------------------------------------------

From Clock    To Clock          WNS(ns)      TNS(ns)  TNS Failing Endpoints  TNS Total Endpoints      WHS(ns)      THS(ns)  THS Failing Endpoints  THS Total Endpoints  
----------    --------          -------      -------  ---------------------  -------------------      -------      -------  ---------------------  -------------------  


------------------------------------------------------------------------------------------------
| Other Path Groups Table
| -----------------------
------------------------------------------------------------------------------------------------

Path Group    From Clock    To Clock          WNS(ns)      TNS(ns)  TNS Failing Endpoints  TNS Total Endpoints      WHS(ns)      THS(ns)  THS Failing Endpoints  THS Total Endpoints  
----------    ----------    --------          -------      -------  ---------------------  -------------------      -------      -------  ---------------------  -------------------  


------------------------------------------------------------------------------------------------
| User Ignored Path Table
| -----------------------
------------------------------------------------------------------------------------------------

Path Group    From Clock    To Clock    
----------    ----------    --------    


------------------------------------------------------------------------------------------------
| Unconstrained Path Table
| ------------------------
------------------------------------------------------------------------------------------------

Path Group    From Clock    To Clock    
----------    ----------    --------    
(none)                                    
(none)        ap_clk                      
(none)                      ap_clk        


------------------------------------------------------------------------------------------------
| Timing Details
| --------------
------------------------------------------------------------------------------------------------


---------------------------------------------------------------------------------------------------
From Clock:  ap_clk
  To Clock:  ap_clk

Setup :          258  Failing Endpoints,  Worst Slack       -0.981ns,  Total Violation      -71.687ns
Hold  :            0  Failing Endpoints,  Worst Slack        0.046ns,  Total Violation        0.000ns
PW    :            0  Failing Endpoints,  Worst Slack        1.133ns,  Total Violation        0.000ns
---------------------------------------------------------------------------------------------------


Max Delay Paths
--------------------------------------------------------------------------------------
Slack (VIOLATED) :        -0.981ns  (required time - arrival time)
  Source:                 bd_0_i/hls_inst/inst/hadd_16ns_16ns_16_3_no_dsp_1_U1/din0_buf1_reg[3]/C
                            (rising edge-triggered cell FDRE clocked by ap_clk  {rise@0.000ns fall@1.665ns period=3.330ns})
  Destination:            <hidden>
                            (rising edge-triggered cell FDRE clocked by ap_clk  {rise@0.000ns fall@1.665ns period=3.330ns})
  Path Group:             ap_clk
  Path Type:              Setup (Max at Slow Process Corner)
  Requirement:            3.330ns  (ap_clk rise@3.330ns - ap_clk rise@0.000ns)
  Data Path Delay:        4.292ns  (logic 2.074ns (48.324%)  route 2.218ns (51.676%))
  Logic Levels:           20  (CARRY8=8 LUT2=1 LUT4=3 LUT5=2 LUT6=6)
  Clock Path Skew:        -0.009ns (DCD - SCD + CPR)
    Destination Clock Delay (DCD):    0.021ns = ( 3.351 - 3.330 ) 
    Source Clock Delay      (SCD):    0.030ns
    Clock Pessimism Removal (CPR):    0.000ns
  Clock Uncertainty:      0.035ns  ((TSJ^2 + TIJ^2)^1/2 + DJ) / 2 + PE
    Total System Jitter     (TSJ):    0.071ns
    Total Input Jitter      (TIJ):    0.000ns
    Discrete Jitter          (DJ):    0.000ns
    Phase Error              (PE):    0.000ns

    Location             Delay type                Incr(ns)  Path(ns)    Netlist Resource(s)
  -------------------------------------------------------------------    -------------------
                         (clock ap_clk rise edge)     0.000     0.000 r  
                                                      0.000     0.000 r  ap_clk (IN)
                         net (fo=1160, unset)         0.030     0.030    bd_0_i/hls_inst/inst/hadd_16ns_16ns_16_3_no_dsp_1_U1/ap_clk
    SLICE_X63Y134        FDRE                                         r  bd_0_i/hls_inst/inst/hadd_16ns_16ns_16_3_no_dsp_1_U1/din0_buf1_reg[3]/C
  -------------------------------------------------------------------    -------------------
    SLICE_X63Y134        FDRE (Prop_DFF_SLICEM_C_Q)
                                                      0.078     0.108 r  bd_0_i/hls_inst/inst/hadd_16ns_16ns_16_3_no_dsp_1_U1/din0_buf1_reg[3]/Q
                         net (fo=17, routed)          0.195     0.303    <hidden>
    SLICE_X63Y133        LUT4 (Prop_B6LUT_SLICEM_I2_O)
                                                      0.089     0.392 r  <hidden>
                         net (fo=1, routed)           0.016     0.408    <hidden>
    SLICE_X63Y133        CARRY8 (Prop_CARRY8_SLICEM_S[1]_CO[7])
                                                      0.197     0.605 r  <hidden>
                         net (fo=29, routed)          0.191     0.796    <hidden>
    SLICE_X62Y133        LUT6 (Prop_E6LUT_SLICEL_I4_O)
                                                      0.123     0.919 f  <hidden>
                         net (fo=4, routed)           0.238     1.158    <hidden>
    SLICE_X61Y133        LUT4 (Prop_B6LUT_SLICEM_I1_O)
                                                      0.100     1.258 r  <hidden>
                         net (fo=1, routed)           0.016     1.274    <hidden>
    SLICE_X61Y133        CARRY8 (Prop_CARRY8_SLICEM_S[1]_CO[1])
                                                      0.091     1.365 r  <hidden>
                         net (fo=1, routed)           0.169     1.534    <hidden>
    SLICE_X61Y133        LUT5 (Prop_G6LUT_SLICEM_I4_O)
                                                      0.037     1.571 f  <hidden>
                         net (fo=2, routed)           0.104     1.674    <hidden>
    SLICE_X61Y134        LUT6 (Prop_B6LUT_SLICEM_I0_O)
                                                      0.125     1.799 r  <hidden>
                         net (fo=1, routed)           0.016     1.815    <hidden>
    SLICE_X61Y134        CARRY8 (Prop_CARRY8_SLICEM_S[1]_CO[7])
                                                      0.190     2.005 r  <hidden>
                         net (fo=1, routed)           0.026     2.031    <hidden>
    SLICE_X61Y135        CARRY8 (Prop_CARRY8_SLICEM_CI_O[4])
                                                      0.086     2.117 f  <hidden>
                         net (fo=5, routed)           0.146     2.263    <hidden>
    SLICE_X61Y136        LUT4 (Prop_A6LUT_SLICEM_I1_O)
                                                      0.150     2.413 r  <hidden>
                         net (fo=1, routed)           0.013     2.426    <hidden>
    SLICE_X61Y136        CARRY8 (Prop_CARRY8_SLICEM_S[0]_CO[0])
                                                      0.071     2.497 r  <hidden>
                         net (fo=24, routed)          0.209     2.706    <hidden>
    SLICE_X61Y136        LUT5 (Prop_F6LUT_SLICEM_I1_O)
                                                      0.098     2.804 r  <hidden>
                         net (fo=9, routed)           0.300     3.104    <hidden>
    SLICE_X63Y136        LUT2 (Prop_D6LUT_SLICEM_I0_O)
                                                      0.122     3.226 r  <hidden>
                         net (fo=1, routed)           0.052     3.278    <hidden>
    SLICE_X63Y136        LUT6 (Prop_C6LUT_SLICEM_I5_O)
                                                      0.145     3.423 r  <hidden>
                         net (fo=2, routed)           0.091     3.514    <hidden>
    SLICE_X62Y136        LUT6 (Prop_A6LUT_SLICEL_I3_O)
                                                      0.035     3.549 r  <hidden>
                         net (fo=1, routed)           0.009     3.558    <hidden>
    SLICE_X62Y136        CARRY8 (Prop_CARRY8_SLICEL_S[0]_CO[7])
                                                      0.190     3.748 r  <hidden>
                         net (fo=1, routed)           0.026     3.774    <hidden>
    SLICE_X62Y137        CARRY8 (Prop_CARRY8_SLICEL_CI_CO[7])
                                                      0.015     3.789 r  <hidden>
                         net (fo=1, routed)           0.026     3.815    <hidden>
    SLICE_X62Y138        CARRY8 (Prop_CARRY8_SLICEL_CI_O[0])
                                                      0.056     3.871 r  <hidden>
                         net (fo=4, routed)           0.269     4.140    <hidden>
    SLICE_X61Y138        LUT6 (Prop_F6LUT_SLICEM_I5_O)
                                                      0.037     4.177 r  <hidden>
                         net (fo=2, routed)           0.048     4.225    <hidden>
    SLICE_X61Y138        LUT6 (Prop_H6LUT_SLICEM_I0_O)
                                                      0.039     4.264 r  <hidden>
                         net (fo=1, routed)           0.058     4.322    <hidden>
    SLICE_X61Y138        FDRE                                         r  <hidden>
  -------------------------------------------------------------------    -------------------

                         (clock ap_clk rise edge)     3.330     3.330 r  
                                                      0.000     3.330 r  ap_clk (IN)
                         net (fo=1160, unset)         0.021     3.351    <hidden>
    SLICE_X61Y138        FDRE                                         r  <hidden>
                         clock pessimism              0.000     3.351    
                         clock uncertainty           -0.035     3.316    
    SLICE_X61Y138        FDRE (Setup_HFF_SLICEM_C_D)
                                                      0.025     3.341    <hidden>
  -------------------------------------------------------------------
                         required time                          3.341    
                         arrival time                          -4.322    
  -------------------------------------------------------------------
                         slack                                 -0.981    

Slack (VIOLATED) :        -0.978ns  (required time - arrival time)
  Source:                 bd_0_i/hls_inst/inst/hadd_16ns_16ns_16_3_no_dsp_1_U1/din0_buf1_reg[3]/C
                            (rising edge-triggered cell FDRE clocked by ap_clk  {rise@0.000ns fall@1.665ns period=3.330ns})
  Destination:            <hidden>
                            (rising edge-triggered cell FDRE clocked by ap_clk  {rise@0.000ns fall@1.665ns period=3.330ns})
  Path Group:             ap_clk
  Path Type:              Setup (Max at Slow Process Corner)
  Requirement:            3.330ns  (ap_clk rise@3.330ns - ap_clk rise@0.000ns)
  Data Path Delay:        4.289ns  (logic 2.072ns (48.311%)  route 2.217ns (51.689%))
  Logic Levels:           20  (CARRY8=8 LUT2=1 LUT4=4 LUT5=2 LUT6=5)
  Clock Path Skew:        -0.009ns (DCD - SCD + CPR)
    Destination Clock Delay (DCD):    0.021ns = ( 3.351 - 3.330 ) 
    Source Clock Delay      (SCD):    0.030ns
    Clock Pessimism Removal (CPR):    0.000ns
  Clock Uncertainty:      0.035ns  ((TSJ^2 + TIJ^2)^1/2 + DJ) / 2 + PE
    Total System Jitter     (TSJ):    0.071ns
    Total Input Jitter      (TIJ):    0.000ns
    Discrete Jitter          (DJ):    0.000ns
    Phase Error              (PE):    0.000ns

    Location             Delay type                Incr(ns)  Path(ns)    Netlist Resource(s)
  -------------------------------------------------------------------    -------------------
                         (clock ap_clk rise edge)     0.000     0.000 r  
                                                      0.000     0.000 r  ap_clk (IN)
                         net (fo=1160, unset)         0.030     0.030    bd_0_i/hls_inst/inst/hadd_16ns_16ns_16_3_no_dsp_1_U1/ap_clk
    SLICE_X63Y134        FDRE                                         r  bd_0_i/hls_inst/inst/hadd_16ns_16ns_16_3_no_dsp_1_U1/din0_buf1_reg[3]/C
  -------------------------------------------------------------------    -------------------
    SLICE_X63Y134        FDRE (Prop_DFF_SLICEM_C_Q)
                                                      0.078     0.108 r  bd_0_i/hls_inst/inst/hadd_16ns_16ns_16_3_no_dsp_1_U1/din0_buf1_reg[3]/Q
                         net (fo=17, routed)          0.195     0.303    <hidden>
    SLICE_X63Y133        LUT4 (Prop_B6LUT_SLICEM_I2_O)
                                                      0.089     0.392 r  <hidden>
                         net (fo=1, routed)           0.016     0.408    <hidden>
    SLICE_X63Y133        CARRY8 (Prop_CARRY8_SLICEM_S[1]_CO[7])
                                                      0.197     0.605 r  <hidden>
                         net (fo=29, routed)          0.191     0.796    <hidden>
    SLICE_X62Y133        LUT6 (Prop_E6LUT_SLICEL_I4_O)
                                                      0.123     0.919 f  <hidden>
                         net (fo=4, routed)           0.238     1.158    <hidden>
    SLICE_X61Y133        LUT4 (Prop_B6LUT_SLICEM_I1_O)
                                                      0.100     1.258 r  <hidden>
                         net (fo=1, routed)           0.016     1.274    <hidden>
    SLICE_X61Y133        CARRY8 (Prop_CARRY8_SLICEM_S[1]_CO[1])
                                                      0.091     1.365 r  <hidden>
                         net (fo=1, routed)           0.169     1.534    <hidden>
    SLICE_X61Y133        LUT5 (Prop_G6LUT_SLICEM_I4_O)
                                                      0.037     1.571 f  <hidden>
                         net (fo=2, routed)           0.104     1.674    <hidden>
    SLICE_X61Y134        LUT6 (Prop_B6LUT_SLICEM_I0_O)
                                                      0.125     1.799 r  <hidden>
                         net (fo=1, routed)           0.016     1.815    <hidden>
    SLICE_X61Y134        CARRY8 (Prop_CARRY8_SLICEM_S[1]_CO[7])
                                                      0.190     2.005 r  <hidden>
                         net (fo=1, routed)           0.026     2.031    <hidden>
    SLICE_X61Y135        CARRY8 (Prop_CARRY8_SLICEM_CI_O[4])
                                                      0.086     2.117 f  <hidden>
                         net (fo=5, routed)           0.146     2.263    <hidden>
    SLICE_X61Y136        LUT4 (Prop_A6LUT_SLICEM_I1_O)
                                                      0.150     2.413 r  <hidden>
                         net (fo=1, routed)           0.013     2.426    <hidden>
    SLICE_X61Y136        CARRY8 (Prop_CARRY8_SLICEM_S[0]_CO[0])
                                                      0.071     2.497 r  <hidden>
                         net (fo=24, routed)          0.209     2.706    <hidden>
    SLICE_X61Y136        LUT5 (Prop_F6LUT_SLICEM_I1_O)
                                                      0.098     2.804 r  <hidden>
                         net (fo=9, routed)           0.300     3.104    <hidden>
    SLICE_X63Y136        LUT2 (Prop_D6LUT_SLICEM_I0_O)
                                                      0.122     3.226 r  <hidden>
                         net (fo=1, routed)           0.052     3.278    <hidden>
    SLICE_X63Y136        LUT6 (Prop_C6LUT_SLICEM_I5_O)
                                                      0.145     3.423 r  <hidden>
                         net (fo=2, routed)           0.091     3.514    <hidden>
    SLICE_X62Y136        LUT6 (Prop_A6LUT_SLICEL_I3_O)
                                                      0.035     3.549 r  <hidden>
                         net (fo=1, routed)           0.009     3.558    <hidden>
    SLICE_X62Y136        CARRY8 (Prop_CARRY8_SLICEL_S[0]_CO[7])
                                                      0.190     3.748 r  <hidden>
                         net (fo=1, routed)           0.026     3.774    <hidden>
    SLICE_X62Y137        CARRY8 (Prop_CARRY8_SLICEL_CI_CO[7])
                                                      0.015     3.789 r  <hidden>
                         net (fo=1, routed)           0.026     3.815    <hidden>
    SLICE_X62Y138        CARRY8 (Prop_CARRY8_SLICEL_CI_O[0])
                                                      0.056     3.871 r  <hidden>
                         net (fo=4, routed)           0.269     4.140    <hidden>
    SLICE_X61Y138        LUT6 (Prop_F6LUT_SLICEM_I5_O)
                                                      0.037     4.177 r  <hidden>
                         net (fo=2, routed)           0.046     4.223    <hidden>
    SLICE_X61Y138        LUT4 (Prop_G6LUT_SLICEM_I0_O)
                                                      0.037     4.260 r  <hidden>
                         net (fo=1, routed)           0.059     4.319    <hidden>
    SLICE_X61Y138        FDRE                                         r  <hidden>
  -------------------------------------------------------------------    -------------------

                         (clock ap_clk rise edge)     3.330     3.330 r  
                                                      0.000     3.330 r  ap_clk (IN)
                         net (fo=1160, unset)         0.021     3.351    <hidden>
    SLICE_X61Y138        FDRE                                         r  <hidden>
                         clock pessimism              0.000     3.351    
                         clock uncertainty           -0.035     3.316    
    SLICE_X61Y138        FDRE (Setup_GFF_SLICEM_C_D)
                                                      0.025     3.341    <hidden>
  -------------------------------------------------------------------
                         required time                          3.341    
                         arrival time                          -4.319    
  -------------------------------------------------------------------
                         slack                                 -0.978    

Slack (VIOLATED) :        -0.890ns  (required time - arrival time)
  Source:                 bd_0_i/hls_inst/inst/hadd_16ns_16ns_16_3_no_dsp_1_U1/din1_buf1_reg[6]_replica/C
                            (rising edge-triggered cell FDRE clocked by ap_clk  {rise@0.000ns fall@1.665ns period=3.330ns})
  Destination:            <hidden>
                            (rising edge-triggered cell FDRE clocked by ap_clk  {rise@0.000ns fall@1.665ns period=3.330ns})
  Path Group:             ap_clk
  Path Type:              Setup (Max at Slow Process Corner)
  Requirement:            3.330ns  (ap_clk rise@3.330ns - ap_clk rise@0.000ns)
  Data Path Delay:        4.200ns  (logic 3.134ns (74.625%)  route 1.066ns (25.375%))
  Logic Levels:           13  (CARRY8=2 DSP_A_B_DATA=2 DSP_ALU=2 DSP_M_DATA=1 DSP_MULTIPLIER=1 DSP_OUTPUT=2 DSP_PREADD_DATA=1 LUT2=1 LUT3=1)
  Clock Path Skew:        -0.010ns (DCD - SCD + CPR)
    Destination Clock Delay (DCD):    0.020ns = ( 3.350 - 3.330 ) 
    Source Clock Delay      (SCD):    0.030ns
    Clock Pessimism Removal (CPR):    0.000ns
  Clock Uncertainty:      0.035ns  ((TSJ^2 + TIJ^2)^1/2 + DJ) / 2 + PE
    Total System Jitter     (TSJ):    0.071ns
    Total Input Jitter      (TIJ):    0.000ns
    Discrete Jitter          (DJ):    0.000ns
    Phase Error              (PE):    0.000ns

    Location             Delay type                Incr(ns)  Path(ns)    Netlist Resource(s)
  -------------------------------------------------------------------    -------------------
                         (clock ap_clk rise edge)     0.000     0.000 r  
                                                      0.000     0.000 r  ap_clk (IN)
                         net (fo=1160, unset)         0.030     0.030    bd_0_i/hls_inst/inst/hadd_16ns_16ns_16_3_no_dsp_1_U1/ap_clk
    SLICE_X63Y134        FDRE                                         r  bd_0_i/hls_inst/inst/hadd_16ns_16ns_16_3_no_dsp_1_U1/din1_buf1_reg[6]_replica/C
  -------------------------------------------------------------------    -------------------
    SLICE_X63Y134        FDRE (Prop_AFF2_SLICEM_C_Q)
                                                      0.080     0.110 f  bd_0_i/hls_inst/inst/hadd_16ns_16ns_16_3_no_dsp_1_U1/din1_buf1_reg[6]_replica/Q
                         net (fo=4, routed)           0.207     0.317    <hidden>
    DSP48E2_X6Y54        DSP_A_B_DATA (Prop_DSP_A_B_DATA_DSP48E2_B[6]_B2_DATA[6])
                                                      0.151     0.468 r  <hidden>
                         net (fo=1, routed)           0.000     0.468    <hidden>
    DSP48E2_X6Y54        DSP_PREADD_DATA (Prop_DSP_PREADD_DATA_DSP48E2_B2_DATA[6]_B2B1[6])
                                                      0.073     0.541 r  <hidden>
                         net (fo=1, routed)           0.000     0.541    <hidden>
    DSP48E2_X6Y54        DSP_MULTIPLIER (Prop_DSP_MULTIPLIER_DSP48E2_B2B1[6]_V[35])
                                                      0.609     1.150 f  <hidden>
                         net (fo=1, routed)           0.000     1.150    <hidden>
    DSP48E2_X6Y54        DSP_M_DATA (Prop_DSP_M_DATA_DSP48E2_V[35]_V_DATA[35])
                                                      0.046     1.196 r  <hidden>
                         net (fo=1, routed)           0.000     1.196    <hidden>
    DSP48E2_X6Y54        DSP_ALU (Prop_DSP_ALU_DSP48E2_V_DATA[35]_ALU_OUT[47])
                                                      0.571     1.767 r  <hidden>
                         net (fo=1, routed)           0.000     1.767    <hidden>
    DSP48E2_X6Y54        DSP_OUTPUT (Prop_DSP_OUTPUT_DSP48E2_ALU_OUT[47]_PATTERN_DETECT)
                                                      0.363     2.130 f  <hidden>
                         net (fo=2, routed)           0.255     2.385    <hidden>
    SLICE_X63Y140        LUT3 (Prop_A6LUT_SLICEM_I2_O)
                                                      0.053     2.438 r  <hidden>
                         net (fo=1, routed)           0.013     2.451    <hidden>
    SLICE_X63Y140        CARRY8 (Prop_CARRY8_SLICEM_S[0]_CO[2])
                                                      0.115     2.566 f  <hidden>
                         net (fo=1, routed)           0.222     2.788    <hidden>
    DSP48E2_X6Y56        DSP_A_B_DATA (Prop_DSP_A_B_DATA_DSP48E2_B[1]_B_ALU[1])
                                                      0.165     2.953 r  <hidden>
                         net (fo=1, routed)           0.000     2.953    <hidden>
    DSP48E2_X6Y56        DSP_ALU (Prop_DSP_ALU_DSP48E2_B_ALU[1]_ALU_OUT[12])
                                                      0.541     3.494 f  <hidden>
                         net (fo=1, routed)           0.000     3.494    <hidden>
    DSP48E2_X6Y56        DSP_OUTPUT (Prop_DSP_OUTPUT_DSP48E2_ALU_OUT[12]_P[12])
                                                      0.109     3.603 r  <hidden>
                         net (fo=1, routed)           0.231     3.834    <hidden>
    SLICE_X63Y141        CARRY8 (Prop_CARRY8_SLICEM_CI_O[4])
                                                      0.193     4.027 r  <hidden>
                         net (fo=1, routed)           0.123     4.150    <hidden>
    SLICE_X62Y141        LUT2 (Prop_H5LUT_SLICEL_I0_O)
                                                      0.065     4.215 r  <hidden>
                         net (fo=1, routed)           0.015     4.230    <hidden>
    SLICE_X62Y141        FDRE                                         r  <hidden>
  -------------------------------------------------------------------    -------------------

                         (clock ap_clk rise edge)     3.330     3.330 r  
                                                      0.000     3.330 r  ap_clk (IN)
                         net (fo=1160, unset)         0.020     3.350    <hidden>
    SLICE_X62Y141        FDRE                                         r  <hidden>
                         clock pessimism              0.000     3.350    
                         clock uncertainty           -0.035     3.315    
    SLICE_X62Y141        FDRE (Setup_HFF2_SLICEL_C_D)
                                                      0.025     3.340    <hidden>
  -------------------------------------------------------------------
                         required time                          3.340    
                         arrival time                          -4.230    
  -------------------------------------------------------------------
                         slack                                 -0.890    

Slack (VIOLATED) :        -0.889ns  (required time - arrival time)
  Source:                 bd_0_i/hls_inst/inst/hadd_16ns_16ns_16_3_no_dsp_1_U1/din0_buf1_reg[3]/C
                            (rising edge-triggered cell FDRE clocked by ap_clk  {rise@0.000ns fall@1.665ns period=3.330ns})
  Destination:            <hidden>
                            (rising edge-triggered cell FDRE clocked by ap_clk  {rise@0.000ns fall@1.665ns period=3.330ns})
  Path Group:             ap_clk
  Path Type:              Setup (Max at Slow Process Corner)
  Requirement:            3.330ns  (ap_clk rise@3.330ns - ap_clk rise@0.000ns)
  Data Path Delay:        4.199ns  (logic 2.043ns (48.652%)  route 2.156ns (51.348%))
  Logic Levels:           17  (CARRY8=7 LUT2=1 LUT4=3 LUT5=2 LUT6=4)
  Clock Path Skew:        -0.009ns (DCD - SCD + CPR)
    Destination Clock Delay (DCD):    0.021ns = ( 3.351 - 3.330 ) 
    Source Clock Delay      (SCD):    0.030ns
    Clock Pessimism Removal (CPR):    0.000ns
  Clock Uncertainty:      0.035ns  ((TSJ^2 + TIJ^2)^1/2 + DJ) / 2 + PE
    Total System Jitter     (TSJ):    0.071ns
    Total Input Jitter      (TIJ):    0.000ns
    Discrete Jitter          (DJ):    0.000ns
    Phase Error              (PE):    0.000ns

    Location             Delay type                Incr(ns)  Path(ns)    Netlist Resource(s)
  -------------------------------------------------------------------    -------------------
                         (clock ap_clk rise edge)     0.000     0.000 r  
                                                      0.000     0.000 r  ap_clk (IN)
                         net (fo=1160, unset)         0.030     0.030    bd_0_i/hls_inst/inst/hadd_16ns_16ns_16_3_no_dsp_1_U1/ap_clk
    SLICE_X63Y134        FDRE                                         r  bd_0_i/hls_inst/inst/hadd_16ns_16ns_16_3_no_dsp_1_U1/din0_buf1_reg[3]/C
  -------------------------------------------------------------------    -------------------
    SLICE_X63Y134        FDRE (Prop_DFF_SLICEM_C_Q)
                                                      0.078     0.108 r  bd_0_i/hls_inst/inst/hadd_16ns_16ns_16_3_no_dsp_1_U1/din0_buf1_reg[3]/Q
                         net (fo=17, routed)          0.195     0.303    <hidden>
    SLICE_X63Y133        LUT4 (Prop_B6LUT_SLICEM_I2_O)
                                                      0.089     0.392 r  <hidden>
                         net (fo=1, routed)           0.016     0.408    <hidden>
    SLICE_X63Y133        CARRY8 (Prop_CARRY8_SLICEM_S[1]_CO[7])
                                                      0.197     0.605 r  <hidden>
                         net (fo=29, routed)          0.191     0.796    <hidden>
    SLICE_X62Y133        LUT6 (Prop_E6LUT_SLICEL_I4_O)
                                                      0.123     0.919 f  <hidden>
                         net (fo=4, routed)           0.238     1.158    <hidden>
    SLICE_X61Y133        LUT4 (Prop_B6LUT_SLICEM_I1_O)
                                                      0.100     1.258 r  <hidden>
                         net (fo=1, routed)           0.016     1.274    <hidden>
    SLICE_X61Y133        CARRY8 (Prop_CARRY8_SLICEM_S[1]_CO[1])
                                                      0.091     1.365 r  <hidden>
                         net (fo=1, routed)           0.169     1.534    <hidden>
    SLICE_X61Y133        LUT5 (Prop_G6LUT_SLICEM_I4_O)
                                                      0.037     1.571 f  <hidden>
                         net (fo=2, routed)           0.104     1.674    <hidden>
    SLICE_X61Y134        LUT6 (Prop_B6LUT_SLICEM_I0_O)
                                                      0.125     1.799 r  <hidden>
                         net (fo=1, routed)           0.016     1.815    <hidden>
    SLICE_X61Y134        CARRY8 (Prop_CARRY8_SLICEM_S[1]_CO[7])
                                                      0.190     2.005 r  <hidden>
                         net (fo=1, routed)           0.026     2.031    <hidden>
    SLICE_X61Y135        CARRY8 (Prop_CARRY8_SLICEM_CI_O[4])
                                                      0.086     2.117 f  <hidden>
                         net (fo=5, routed)           0.146     2.263    <hidden>
    SLICE_X61Y136        LUT4 (Prop_A6LUT_SLICEM_I1_O)
                                                      0.150     2.413 r  <hidden>
                         net (fo=1, routed)           0.013     2.426    <hidden>
    SLICE_X61Y136        CARRY8 (Prop_CARRY8_SLICEM_S[0]_CO[0])
                                                      0.071     2.497 r  <hidden>
                         net (fo=24, routed)          0.209     2.706    <hidden>
    SLICE_X61Y136        LUT5 (Prop_F6LUT_SLICEM_I1_O)
                                                      0.098     2.804 r  <hidden>
                         net (fo=9, routed)           0.300     3.104    <hidden>
    SLICE_X63Y136        LUT2 (Prop_D6LUT_SLICEM_I0_O)
                                                      0.122     3.226 r  <hidden>
                         net (fo=1, routed)           0.052     3.278    <hidden>
    SLICE_X63Y136        LUT6 (Prop_C6LUT_SLICEM_I5_O)
                                                      0.145     3.423 r  <hidden>
                         net (fo=2, routed)           0.091     3.514    <hidden>
    SLICE_X62Y136        LUT6 (Prop_A6LUT_SLICEL_I3_O)
                                                      0.035     3.549 r  <hidden>
                         net (fo=1, routed)           0.009     3.558    <hidden>
    SLICE_X62Y136        CARRY8 (Prop_CARRY8_SLICEL_S[0]_CO[7])
                                                      0.190     3.748 r  <hidden>
                         net (fo=1, routed)           0.026     3.774    <hidden>
    SLICE_X62Y137        CARRY8 (Prop_CARRY8_SLICEL_CI_O[5])
                                                      0.116     3.890 r  <hidden>
                         net (fo=1, routed)           0.339     4.229    <hidden>
    SLICE_X61Y137        FDRE                                         r  <hidden>
  -------------------------------------------------------------------    -------------------

                         (clock ap_clk rise edge)     3.330     3.330 r  
                                                      0.000     3.330 r  ap_clk (IN)
                         net (fo=1160, unset)         0.021     3.351    <hidden>
    SLICE_X61Y137        FDRE                                         r  <hidden>
                         clock pessimism              0.000     3.351    
                         clock uncertainty           -0.035     3.316    
    SLICE_X61Y137        FDRE (Setup_CFF2_SLICEM_C_D)
                                                      0.025     3.341    <hidden>
  -------------------------------------------------------------------
                         required time                          3.341    
                         arrival time                          -4.229    
  -------------------------------------------------------------------
                         slack                                 -0.889    

Slack (VIOLATED) :        -0.887ns  (required time - arrival time)
  Source:                 bd_0_i/hls_inst/inst/hadd_16ns_16ns_16_3_no_dsp_1_U1/din1_buf1_reg[6]_replica/C
                            (rising edge-triggered cell FDRE clocked by ap_clk  {rise@0.000ns fall@1.665ns period=3.330ns})
  Destination:            <hidden>
                            (rising edge-triggered cell FDRE clocked by ap_clk  {rise@0.000ns fall@1.665ns period=3.330ns})
  Path Group:             ap_clk
  Path Type:              Setup (Max at Slow Process Corner)
  Requirement:            3.330ns  (ap_clk rise@3.330ns - ap_clk rise@0.000ns)
  Data Path Delay:        4.197ns  (logic 3.121ns (74.368%)  route 1.076ns (25.632%))
  Logic Levels:           13  (CARRY8=2 DSP_A_B_DATA=2 DSP_ALU=2 DSP_M_DATA=1 DSP_MULTIPLIER=1 DSP_OUTPUT=2 DSP_PREADD_DATA=1 LUT2=1 LUT3=1)
  Clock Path Skew:        -0.010ns (DCD - SCD + CPR)
    Destination Clock Delay (DCD):    0.020ns = ( 3.350 - 3.330 ) 
    Source Clock Delay      (SCD):    0.030ns
    Clock Pessimism Removal (CPR):    0.000ns
  Clock Uncertainty:      0.035ns  ((TSJ^2 + TIJ^2)^1/2 + DJ) / 2 + PE
    Total System Jitter     (TSJ):    0.071ns
    Total Input Jitter      (TIJ):    0.000ns
    Discrete Jitter          (DJ):    0.000ns
    Phase Error              (PE):    0.000ns

    Location             Delay type                Incr(ns)  Path(ns)    Netlist Resource(s)
  -------------------------------------------------------------------    -------------------
                         (clock ap_clk rise edge)     0.000     0.000 r  
                                                      0.000     0.000 r  ap_clk (IN)
                         net (fo=1160, unset)         0.030     0.030    bd_0_i/hls_inst/inst/hadd_16ns_16ns_16_3_no_dsp_1_U1/ap_clk
    SLICE_X63Y134        FDRE                                         r  bd_0_i/hls_inst/inst/hadd_16ns_16ns_16_3_no_dsp_1_U1/din1_buf1_reg[6]_replica/C
  -------------------------------------------------------------------    -------------------
    SLICE_X63Y134        FDRE (Prop_AFF2_SLICEM_C_Q)
                                                      0.080     0.110 f  bd_0_i/hls_inst/inst/hadd_16ns_16ns_16_3_no_dsp_1_U1/din1_buf1_reg[6]_replica/Q
                         net (fo=4, routed)           0.207     0.317    <hidden>
    DSP48E2_X6Y54        DSP_A_B_DATA (Prop_DSP_A_B_DATA_DSP48E2_B[6]_B2_DATA[6])
                                                      0.151     0.468 r  <hidden>
                         net (fo=1, routed)           0.000     0.468    <hidden>
    DSP48E2_X6Y54        DSP_PREADD_DATA (Prop_DSP_PREADD_DATA_DSP48E2_B2_DATA[6]_B2B1[6])
                                                      0.073     0.541 r  <hidden>
                         net (fo=1, routed)           0.000     0.541    <hidden>
    DSP48E2_X6Y54        DSP_MULTIPLIER (Prop_DSP_MULTIPLIER_DSP48E2_B2B1[6]_V[35])
                                                      0.609     1.150 f  <hidden>
                         net (fo=1, routed)           0.000     1.150    <hidden>
    DSP48E2_X6Y54        DSP_M_DATA (Prop_DSP_M_DATA_DSP48E2_V[35]_V_DATA[35])
                                                      0.046     1.196 r  <hidden>
                         net (fo=1, routed)           0.000     1.196    <hidden>
    DSP48E2_X6Y54        DSP_ALU (Prop_DSP_ALU_DSP48E2_V_DATA[35]_ALU_OUT[47])
                                                      0.571     1.767 r  <hidden>
                         net (fo=1, routed)           0.000     1.767    <hidden>
    DSP48E2_X6Y54        DSP_OUTPUT (Prop_DSP_OUTPUT_DSP48E2_ALU_OUT[47]_PATTERN_DETECT)
                                                      0.363     2.130 f  <hidden>
                         net (fo=2, routed)           0.255     2.385    <hidden>
    SLICE_X63Y140        LUT3 (Prop_A6LUT_SLICEM_I2_O)
                                                      0.053     2.438 r  <hidden>
                         net (fo=1, routed)           0.013     2.451    <hidden>
    SLICE_X63Y140        CARRY8 (Prop_CARRY8_SLICEM_S[0]_CO[2])
                                                      0.115     2.566 f  <hidden>
                         net (fo=1, routed)           0.222     2.788    <hidden>
    DSP48E2_X6Y56        DSP_A_B_DATA (Prop_DSP_A_B_DATA_DSP48E2_B[1]_B_ALU[1])
                                                      0.165     2.953 r  <hidden>
                         net (fo=1, routed)           0.000     2.953    <hidden>
    DSP48E2_X6Y56        DSP_ALU (Prop_DSP_ALU_DSP48E2_B_ALU[1]_ALU_OUT[12])
                                                      0.541     3.494 f  <hidden>
                         net (fo=1, routed)           0.000     3.494    <hidden>
    DSP48E2_X6Y56        DSP_OUTPUT (Prop_DSP_OUTPUT_DSP48E2_ALU_OUT[12]_P[12])
                                                      0.109     3.603 r  <hidden>
                         net (fo=1, routed)           0.231     3.834    <hidden>
    SLICE_X63Y141        CARRY8 (Prop_CARRY8_SLICEM_CI_O[2])
                                                      0.131     3.965 r  <hidden>
                         net (fo=1, routed)           0.130     4.095    <hidden>
    SLICE_X62Y141        LUT2 (Prop_E5LUT_SLICEL_I0_O)
                                                      0.114     4.209 r  <hidden>
                         net (fo=1, routed)           0.018     4.227    <hidden>
    SLICE_X62Y141        FDRE                                         r  <hidden>
  -------------------------------------------------------------------    -------------------

                         (clock ap_clk rise edge)     3.330     3.330 r  
                                                      0.000     3.330 r  ap_clk (IN)
                         net (fo=1160, unset)         0.020     3.350    <hidden>
    SLICE_X62Y141        FDRE                                         r  <hidden>
                         clock pessimism              0.000     3.350    
                         clock uncertainty           -0.035     3.315    
    SLICE_X62Y141        FDRE (Setup_EFF2_SLICEL_C_D)
                                                      0.025     3.340    <hidden>
  -------------------------------------------------------------------
                         required time                          3.340    
                         arrival time                          -4.227    
  -------------------------------------------------------------------
                         slack                                 -0.887    

Slack (VIOLATED) :        -0.873ns  (required time - arrival time)
  Source:                 bd_0_i/hls_inst/inst/hadd_16ns_16ns_16_3_no_dsp_1_U1/din0_buf1_reg[3]/C
                            (rising edge-triggered cell FDRE clocked by ap_clk  {rise@0.000ns fall@1.665ns period=3.330ns})
  Destination:            <hidden>
                            (rising edge-triggered cell FDRE clocked by ap_clk  {rise@0.000ns fall@1.665ns period=3.330ns})
  Path Group:             ap_clk
  Path Type:              Setup (Max at Slow Process Corner)
  Requirement:            3.330ns  (ap_clk rise@3.330ns - ap_clk rise@0.000ns)
  Data Path Delay:        4.182ns  (logic 1.976ns (47.248%)  route 2.206ns (52.752%))
  Logic Levels:           16  (CARRY8=6 LUT2=1 LUT4=3 LUT5=2 LUT6=4)
  Clock Path Skew:        -0.010ns (DCD - SCD + CPR)
    Destination Clock Delay (DCD):    0.020ns = ( 3.350 - 3.330 ) 
    Source Clock Delay      (SCD):    0.030ns
    Clock Pessimism Removal (CPR):    0.000ns
  Clock Uncertainty:      0.035ns  ((TSJ^2 + TIJ^2)^1/2 + DJ) / 2 + PE
    Total System Jitter     (TSJ):    0.071ns
    Total Input Jitter      (TIJ):    0.000ns
    Discrete Jitter          (DJ):    0.000ns
    Phase Error              (PE):    0.000ns

    Location             Delay type                Incr(ns)  Path(ns)    Netlist Resource(s)
  -------------------------------------------------------------------    -------------------
                         (clock ap_clk rise edge)     0.000     0.000 r  
                                                      0.000     0.000 r  ap_clk (IN)
                         net (fo=1160, unset)         0.030     0.030    bd_0_i/hls_inst/inst/hadd_16ns_16ns_16_3_no_dsp_1_U1/ap_clk
    SLICE_X63Y134        FDRE                                         r  bd_0_i/hls_inst/inst/hadd_16ns_16ns_16_3_no_dsp_1_U1/din0_buf1_reg[3]/C
  -------------------------------------------------------------------    -------------------
    SLICE_X63Y134        FDRE (Prop_DFF_SLICEM_C_Q)
                                                      0.078     0.108 r  bd_0_i/hls_inst/inst/hadd_16ns_16ns_16_3_no_dsp_1_U1/din0_buf1_reg[3]/Q
                         net (fo=17, routed)          0.195     0.303    <hidden>
    SLICE_X63Y133        LUT4 (Prop_B6LUT_SLICEM_I2_O)
                                                      0.089     0.392 r  <hidden>
                         net (fo=1, routed)           0.016     0.408    <hidden>
    SLICE_X63Y133        CARRY8 (Prop_CARRY8_SLICEM_S[1]_CO[7])
                                                      0.197     0.605 r  <hidden>
                         net (fo=29, routed)          0.191     0.796    <hidden>
    SLICE_X62Y133        LUT6 (Prop_E6LUT_SLICEL_I4_O)
                                                      0.123     0.919 f  <hidden>
                         net (fo=4, routed)           0.238     1.158    <hidden>
    SLICE_X61Y133        LUT4 (Prop_B6LUT_SLICEM_I1_O)
                                                      0.100     1.258 r  <hidden>
                         net (fo=1, routed)           0.016     1.274    <hidden>
    SLICE_X61Y133        CARRY8 (Prop_CARRY8_SLICEM_S[1]_CO[1])
                                                      0.091     1.365 r  <hidden>
                         net (fo=1, routed)           0.169     1.534    <hidden>
    SLICE_X61Y133        LUT5 (Prop_G6LUT_SLICEM_I4_O)
                                                      0.037     1.571 f  <hidden>
                         net (fo=2, routed)           0.104     1.674    <hidden>
    SLICE_X61Y134        LUT6 (Prop_B6LUT_SLICEM_I0_O)
                                                      0.125     1.799 r  <hidden>
                         net (fo=1, routed)           0.016     1.815    <hidden>
    SLICE_X61Y134        CARRY8 (Prop_CARRY8_SLICEM_S[1]_CO[7])
                                                      0.190     2.005 r  <hidden>
                         net (fo=1, routed)           0.026     2.031    <hidden>
    SLICE_X61Y135        CARRY8 (Prop_CARRY8_SLICEM_CI_O[4])
                                                      0.086     2.117 f  <hidden>
                         net (fo=5, routed)           0.146     2.263    <hidden>
    SLICE_X61Y136        LUT4 (Prop_A6LUT_SLICEM_I1_O)
                                                      0.150     2.413 r  <hidden>
                         net (fo=1, routed)           0.013     2.426    <hidden>
    SLICE_X61Y136        CARRY8 (Prop_CARRY8_SLICEM_S[0]_CO[0])
                                                      0.071     2.497 r  <hidden>
                         net (fo=24, routed)          0.209     2.706    <hidden>
    SLICE_X61Y136        LUT5 (Prop_F6LUT_SLICEM_I1_O)
                                                      0.098     2.804 r  <hidden>
                         net (fo=9, routed)           0.300     3.104    <hidden>
    SLICE_X63Y136        LUT2 (Prop_D6LUT_SLICEM_I0_O)
                                                      0.122     3.226 r  <hidden>
                         net (fo=1, routed)           0.052     3.278    <hidden>
    SLICE_X63Y136        LUT6 (Prop_C6LUT_SLICEM_I5_O)
                                                      0.145     3.423 r  <hidden>
                         net (fo=2, routed)           0.091     3.514    <hidden>
    SLICE_X62Y136        LUT6 (Prop_A6LUT_SLICEL_I3_O)
                                                      0.035     3.549 r  <hidden>
                         net (fo=1, routed)           0.009     3.558    <hidden>
    SLICE_X62Y136        CARRY8 (Prop_CARRY8_SLICEL_S[0]_O[7])
                                                      0.239     3.797 r  <hidden>
                         net (fo=1, routed)           0.415     4.212    <hidden>
    SLICE_X59Y137        FDRE                                         r  <hidden>
  -------------------------------------------------------------------    -------------------

                         (clock ap_clk rise edge)     3.330     3.330 r  
                                                      0.000     3.330 r  ap_clk (IN)
                         net (fo=1160, unset)         0.020     3.350    <hidden>
    SLICE_X59Y137        FDRE                                         r  <hidden>
                         clock pessimism              0.000     3.350    
                         clock uncertainty           -0.035     3.315    
    SLICE_X59Y137        FDRE (Setup_BFF2_SLICEL_C_D)
                                                      0.025     3.340    <hidden>
  -------------------------------------------------------------------
                         required time                          3.340    
                         arrival time                          -4.212    
  -------------------------------------------------------------------
                         slack                                 -0.873    

Slack (VIOLATED) :        -0.869ns  (required time - arrival time)
  Source:                 bd_0_i/hls_inst/inst/hadd_16ns_16ns_16_3_no_dsp_1_U1/din0_buf1_reg[3]/C
                            (rising edge-triggered cell FDRE clocked by ap_clk  {rise@0.000ns fall@1.665ns period=3.330ns})
  Destination:            <hidden>
                            (rising edge-triggered cell FDRE clocked by ap_clk  {rise@0.000ns fall@1.665ns period=3.330ns})
  Path Group:             ap_clk
  Path Type:              Setup (Max at Slow Process Corner)
  Requirement:            3.330ns  (ap_clk rise@3.330ns - ap_clk rise@0.000ns)
  Data Path Delay:        4.179ns  (logic 2.030ns (48.574%)  route 2.149ns (51.426%))
  Logic Levels:           17  (CARRY8=7 LUT2=1 LUT4=3 LUT5=2 LUT6=4)
  Clock Path Skew:        -0.009ns (DCD - SCD + CPR)
    Destination Clock Delay (DCD):    0.021ns = ( 3.351 - 3.330 ) 
    Source Clock Delay      (SCD):    0.030ns
    Clock Pessimism Removal (CPR):    0.000ns
  Clock Uncertainty:      0.035ns  ((TSJ^2 + TIJ^2)^1/2 + DJ) / 2 + PE
    Total System Jitter     (TSJ):    0.071ns
    Total Input Jitter      (TIJ):    0.000ns
    Discrete Jitter          (DJ):    0.000ns
    Phase Error              (PE):    0.000ns

    Location             Delay type                Incr(ns)  Path(ns)    Netlist Resource(s)
  -------------------------------------------------------------------    -------------------
                         (clock ap_clk rise edge)     0.000     0.000 r  
                                                      0.000     0.000 r  ap_clk (IN)
                         net (fo=1160, unset)         0.030     0.030    bd_0_i/hls_inst/inst/hadd_16ns_16ns_16_3_no_dsp_1_U1/ap_clk
    SLICE_X63Y134        FDRE                                         r  bd_0_i/hls_inst/inst/hadd_16ns_16ns_16_3_no_dsp_1_U1/din0_buf1_reg[3]/C
  -------------------------------------------------------------------    -------------------
    SLICE_X63Y134        FDRE (Prop_DFF_SLICEM_C_Q)
                                                      0.078     0.108 r  bd_0_i/hls_inst/inst/hadd_16ns_16ns_16_3_no_dsp_1_U1/din0_buf1_reg[3]/Q
                         net (fo=17, routed)          0.195     0.303    <hidden>
    SLICE_X63Y133        LUT4 (Prop_B6LUT_SLICEM_I2_O)
                                                      0.089     0.392 r  <hidden>
                         net (fo=1, routed)           0.016     0.408    <hidden>
    SLICE_X63Y133        CARRY8 (Prop_CARRY8_SLICEM_S[1]_CO[7])
                                                      0.197     0.605 r  <hidden>
                         net (fo=29, routed)          0.191     0.796    <hidden>
    SLICE_X62Y133        LUT6 (Prop_E6LUT_SLICEL_I4_O)
                                                      0.123     0.919 f  <hidden>
                         net (fo=4, routed)           0.238     1.158    <hidden>
    SLICE_X61Y133        LUT4 (Prop_B6LUT_SLICEM_I1_O)
                                                      0.100     1.258 r  <hidden>
                         net (fo=1, routed)           0.016     1.274    <hidden>
    SLICE_X61Y133        CARRY8 (Prop_CARRY8_SLICEM_S[1]_CO[1])
                                                      0.091     1.365 r  <hidden>
                         net (fo=1, routed)           0.169     1.534    <hidden>
    SLICE_X61Y133        LUT5 (Prop_G6LUT_SLICEM_I4_O)
                                                      0.037     1.571 f  <hidden>
                         net (fo=2, routed)           0.104     1.674    <hidden>
    SLICE_X61Y134        LUT6 (Prop_B6LUT_SLICEM_I0_O)
                                                      0.125     1.799 r  <hidden>
                         net (fo=1, routed)           0.016     1.815    <hidden>
    SLICE_X61Y134        CARRY8 (Prop_CARRY8_SLICEM_S[1]_CO[7])
                                                      0.190     2.005 r  <hidden>
                         net (fo=1, routed)           0.026     2.031    <hidden>
    SLICE_X61Y135        CARRY8 (Prop_CARRY8_SLICEM_CI_O[4])
                                                      0.086     2.117 f  <hidden>
                         net (fo=5, routed)           0.146     2.263    <hidden>
    SLICE_X61Y136        LUT4 (Prop_A6LUT_SLICEM_I1_O)
                                                      0.150     2.413 r  <hidden>
                         net (fo=1, routed)           0.013     2.426    <hidden>
    SLICE_X61Y136        CARRY8 (Prop_CARRY8_SLICEM_S[0]_CO[0])
                                                      0.071     2.497 r  <hidden>
                         net (fo=24, routed)          0.209     2.706    <hidden>
    SLICE_X61Y136        LUT5 (Prop_F6LUT_SLICEM_I1_O)
                                                      0.098     2.804 r  <hidden>
                         net (fo=9, routed)           0.300     3.104    <hidden>
    SLICE_X63Y136        LUT2 (Prop_D6LUT_SLICEM_I0_O)
                                                      0.122     3.226 r  <hidden>
                         net (fo=1, routed)           0.052     3.278    <hidden>
    SLICE_X63Y136        LUT6 (Prop_C6LUT_SLICEM_I5_O)
                                                      0.145     3.423 r  <hidden>
                         net (fo=2, routed)           0.091     3.514    <hidden>
    SLICE_X62Y136        LUT6 (Prop_A6LUT_SLICEL_I3_O)
                                                      0.035     3.549 r  <hidden>
                         net (fo=1, routed)           0.009     3.558    <hidden>
    SLICE_X62Y136        CARRY8 (Prop_CARRY8_SLICEL_S[0]_CO[7])
                                                      0.190     3.748 r  <hidden>
                         net (fo=1, routed)           0.026     3.774    <hidden>
    SLICE_X62Y137        CARRY8 (Prop_CARRY8_SLICEL_CI_O[6])
                                                      0.103     3.877 r  <hidden>
                         net (fo=1, routed)           0.332     4.209    <hidden>
    SLICE_X61Y137        FDRE                                         r  <hidden>
  -------------------------------------------------------------------    -------------------

                         (clock ap_clk rise edge)     3.330     3.330 r  
                                                      0.000     3.330 r  ap_clk (IN)
                         net (fo=1160, unset)         0.021     3.351    <hidden>
    SLICE_X61Y137        FDRE                                         r  <hidden>
                         clock pessimism              0.000     3.351    
                         clock uncertainty           -0.035     3.316    
    SLICE_X61Y137        FDRE (Setup_AFF2_SLICEM_C_D)
                                                      0.025     3.341    <hidden>
  -------------------------------------------------------------------
                         required time                          3.341    
                         arrival time                          -4.209    
  -------------------------------------------------------------------
                         slack                                 -0.869    

Slack (VIOLATED) :        -0.862ns  (required time - arrival time)
  Source:                 bd_0_i/hls_inst/inst/hadd_16ns_16ns_16_3_no_dsp_1_U1/din0_buf1_reg[3]/C
                            (rising edge-triggered cell FDRE clocked by ap_clk  {rise@0.000ns fall@1.665ns period=3.330ns})
  Destination:            <hidden>
                            (rising edge-triggered cell FDRE clocked by ap_clk  {rise@0.000ns fall@1.665ns period=3.330ns})
  Path Group:             ap_clk
  Path Type:              Setup (Max at Slow Process Corner)
  Requirement:            3.330ns  (ap_clk rise@3.330ns - ap_clk rise@0.000ns)
  Data Path Delay:        4.074ns  (logic 1.706ns (41.878%)  route 2.368ns (58.122%))
  Logic Levels:           16  (CARRY8=5 LUT2=1 LUT4=3 LUT5=1 LUT6=6)
  Clock Path Skew:        -0.009ns (DCD - SCD + CPR)
    Destination Clock Delay (DCD):    0.021ns = ( 3.351 - 3.330 ) 
    Source Clock Delay      (SCD):    0.030ns
    Clock Pessimism Removal (CPR):    0.000ns
  Clock Uncertainty:      0.035ns  ((TSJ^2 + TIJ^2)^1/2 + DJ) / 2 + PE
    Total System Jitter     (TSJ):    0.071ns
    Total Input Jitter      (TIJ):    0.000ns
    Discrete Jitter          (DJ):    0.000ns
    Phase Error              (PE):    0.000ns

    Location             Delay type                Incr(ns)  Path(ns)    Netlist Resource(s)
  -------------------------------------------------------------------    -------------------
                         (clock ap_clk rise edge)     0.000     0.000 r  
                                                      0.000     0.000 r  ap_clk (IN)
                         net (fo=1160, unset)         0.030     0.030    bd_0_i/hls_inst/inst/hadd_16ns_16ns_16_3_no_dsp_1_U1/ap_clk
    SLICE_X63Y134        FDRE                                         r  bd_0_i/hls_inst/inst/hadd_16ns_16ns_16_3_no_dsp_1_U1/din0_buf1_reg[3]/C
  -------------------------------------------------------------------    -------------------
    SLICE_X63Y134        FDRE (Prop_DFF_SLICEM_C_Q)
                                                      0.078     0.108 r  bd_0_i/hls_inst/inst/hadd_16ns_16ns_16_3_no_dsp_1_U1/din0_buf1_reg[3]/Q
                         net (fo=17, routed)          0.195     0.303    <hidden>
    SLICE_X63Y133        LUT4 (Prop_B6LUT_SLICEM_I2_O)
                                                      0.089     0.392 r  <hidden>
                         net (fo=1, routed)           0.016     0.408    <hidden>
    SLICE_X63Y133        CARRY8 (Prop_CARRY8_SLICEM_S[1]_CO[7])
                                                      0.197     0.605 r  <hidden>
                         net (fo=29, routed)          0.191     0.796    <hidden>
    SLICE_X62Y133        LUT6 (Prop_E6LUT_SLICEL_I4_O)
                                                      0.123     0.919 f  <hidden>
                         net (fo=4, routed)           0.238     1.158    <hidden>
    SLICE_X61Y133        LUT4 (Prop_B6LUT_SLICEM_I1_O)
                                                      0.100     1.258 r  <hidden>
                         net (fo=1, routed)           0.016     1.274    <hidden>
    SLICE_X61Y133        CARRY8 (Prop_CARRY8_SLICEM_S[1]_CO[1])
                                                      0.091     1.365 r  <hidden>
                         net (fo=1, routed)           0.169     1.534    <hidden>
    SLICE_X61Y133        LUT5 (Prop_G6LUT_SLICEM_I4_O)
                                                      0.037     1.571 f  <hidden>
                         net (fo=2, routed)           0.104     1.674    <hidden>
    SLICE_X61Y134        LUT6 (Prop_B6LUT_SLICEM_I0_O)
                                                      0.125     1.799 r  <hidden>
                         net (fo=1, routed)           0.016     1.815    <hidden>
    SLICE_X61Y134        CARRY8 (Prop_CARRY8_SLICEM_S[1]_CO[7])
                                                      0.190     2.005 r  <hidden>
                         net (fo=1, routed)           0.026     2.031    <hidden>
    SLICE_X61Y135        CARRY8 (Prop_CARRY8_SLICEM_CI_O[4])
                                                      0.086     2.117 f  <hidden>
                         net (fo=5, routed)           0.146     2.263    <hidden>
    SLICE_X61Y136        LUT4 (Prop_A6LUT_SLICEM_I1_O)
                                                      0.150     2.413 r  <hidden>
                         net (fo=1, routed)           0.013     2.426    <hidden>
    SLICE_X61Y136        CARRY8 (Prop_CARRY8_SLICEM_S[0]_CO[0])
                                                      0.071     2.497 r  <hidden>
                         net (fo=24, routed)          0.443     2.941    <hidden>
    SLICE_X62Y138        LUT6 (Prop_G6LUT_SLICEL_I2_O)
                                                      0.050     2.991 r  <hidden>
                         net (fo=2, routed)           0.052     3.043    <hidden>
    SLICE_X62Y138        LUT6 (Prop_B6LUT_SLICEL_I4_O)
                                                      0.124     3.167 f  <hidden>
                         net (fo=20, routed)          0.285     3.452    <hidden>
    SLICE_X61Y139        LUT6 (Prop_H6LUT_SLICEM_I3_O)
                                                      0.090     3.542 f  <hidden>
                         net (fo=1, routed)           0.040     3.582    <hidden>
    SLICE_X61Y139        LUT6 (Prop_G6LUT_SLICEM_I5_O)
                                                      0.052     3.634 f  <hidden>
                         net (fo=7, routed)           0.108     3.742    <hidden>
    SLICE_X61Y137        LUT2 (Prop_H6LUT_SLICEM_I1_O)
                                                      0.053     3.795 r  <hidden>
                         net (fo=9, routed)           0.309     4.104    <hidden>
    SLICE_X61Y136        FDRE                                         r  <hidden>
  -------------------------------------------------------------------    -------------------

                         (clock ap_clk rise edge)     3.330     3.330 r  
                                                      0.000     3.330 r  ap_clk (IN)
                         net (fo=1160, unset)         0.021     3.351    <hidden>
    SLICE_X61Y136        FDRE                                         r  <hidden>
                         clock pessimism              0.000     3.351    
                         clock uncertainty           -0.035     3.316    
    SLICE_X61Y136        FDRE (Setup_EFF_SLICEM_C_R)
                                                     -0.074     3.242    <hidden>
  -------------------------------------------------------------------
                         required time                          3.242    
                         arrival time                          -4.104    
  -------------------------------------------------------------------
                         slack                                 -0.862    

Slack (VIOLATED) :        -0.860ns  (required time - arrival time)
  Source:                 bd_0_i/hls_inst/inst/hadd_16ns_16ns_16_3_no_dsp_1_U1/din0_buf1_reg[3]/C
                            (rising edge-triggered cell FDRE clocked by ap_clk  {rise@0.000ns fall@1.665ns period=3.330ns})
  Destination:            <hidden>
                            (rising edge-triggered cell FDRE clocked by ap_clk  {rise@0.000ns fall@1.665ns period=3.330ns})
  Path Group:             ap_clk
  Path Type:              Setup (Max at Slow Process Corner)
  Requirement:            3.330ns  (ap_clk rise@3.330ns - ap_clk rise@0.000ns)
  Data Path Delay:        4.170ns  (logic 2.013ns (48.271%)  route 2.157ns (51.729%))
  Logic Levels:           17  (CARRY8=7 LUT2=1 LUT4=3 LUT5=2 LUT6=4)
  Clock Path Skew:        -0.009ns (DCD - SCD + CPR)
    Destination Clock Delay (DCD):    0.021ns = ( 3.351 - 3.330 ) 
    Source Clock Delay      (SCD):    0.030ns
    Clock Pessimism Removal (CPR):    0.000ns
  Clock Uncertainty:      0.035ns  ((TSJ^2 + TIJ^2)^1/2 + DJ) / 2 + PE
    Total System Jitter     (TSJ):    0.071ns
    Total Input Jitter      (TIJ):    0.000ns
    Discrete Jitter          (DJ):    0.000ns
    Phase Error              (PE):    0.000ns

    Location             Delay type                Incr(ns)  Path(ns)    Netlist Resource(s)
  -------------------------------------------------------------------    -------------------
                         (clock ap_clk rise edge)     0.000     0.000 r  
                                                      0.000     0.000 r  ap_clk (IN)
                         net (fo=1160, unset)         0.030     0.030    bd_0_i/hls_inst/inst/hadd_16ns_16ns_16_3_no_dsp_1_U1/ap_clk
    SLICE_X63Y134        FDRE                                         r  bd_0_i/hls_inst/inst/hadd_16ns_16ns_16_3_no_dsp_1_U1/din0_buf1_reg[3]/C
  -------------------------------------------------------------------    -------------------
    SLICE_X63Y134        FDRE (Prop_DFF_SLICEM_C_Q)
                                                      0.078     0.108 r  bd_0_i/hls_inst/inst/hadd_16ns_16ns_16_3_no_dsp_1_U1/din0_buf1_reg[3]/Q
                         net (fo=17, routed)          0.195     0.303    <hidden>
    SLICE_X63Y133        LUT4 (Prop_B6LUT_SLICEM_I2_O)
                                                      0.089     0.392 r  <hidden>
                         net (fo=1, routed)           0.016     0.408    <hidden>
    SLICE_X63Y133        CARRY8 (Prop_CARRY8_SLICEM_S[1]_CO[7])
                                                      0.197     0.605 r  <hidden>
                         net (fo=29, routed)          0.191     0.796    <hidden>
    SLICE_X62Y133        LUT6 (Prop_E6LUT_SLICEL_I4_O)
                                                      0.123     0.919 f  <hidden>
                         net (fo=4, routed)           0.238     1.158    <hidden>
    SLICE_X61Y133        LUT4 (Prop_B6LUT_SLICEM_I1_O)
                                                      0.100     1.258 r  <hidden>
                         net (fo=1, routed)           0.016     1.274    <hidden>
    SLICE_X61Y133        CARRY8 (Prop_CARRY8_SLICEM_S[1]_CO[1])
                                                      0.091     1.365 r  <hidden>
                         net (fo=1, routed)           0.169     1.534    <hidden>
    SLICE_X61Y133        LUT5 (Prop_G6LUT_SLICEM_I4_O)
                                                      0.037     1.571 f  <hidden>
                         net (fo=2, routed)           0.104     1.674    <hidden>
    SLICE_X61Y134        LUT6 (Prop_B6LUT_SLICEM_I0_O)
                                                      0.125     1.799 r  <hidden>
                         net (fo=1, routed)           0.016     1.815    <hidden>
    SLICE_X61Y134        CARRY8 (Prop_CARRY8_SLICEM_S[1]_CO[7])
                                                      0.190     2.005 r  <hidden>
                         net (fo=1, routed)           0.026     2.031    <hidden>
    SLICE_X61Y135        CARRY8 (Prop_CARRY8_SLICEM_CI_O[4])
                                                      0.086     2.117 f  <hidden>
                         net (fo=5, routed)           0.146     2.263    <hidden>
    SLICE_X61Y136        LUT4 (Prop_A6LUT_SLICEM_I1_O)
                                                      0.150     2.413 r  <hidden>
                         net (fo=1, routed)           0.013     2.426    <hidden>
    SLICE_X61Y136        CARRY8 (Prop_CARRY8_SLICEM_S[0]_CO[0])
                                                      0.071     2.497 r  <hidden>
                         net (fo=24, routed)          0.209     2.706    <hidden>
    SLICE_X61Y136        LUT5 (Prop_F6LUT_SLICEM_I1_O)
                                                      0.098     2.804 r  <hidden>
                         net (fo=9, routed)           0.300     3.104    <hidden>
    SLICE_X63Y136        LUT2 (Prop_D6LUT_SLICEM_I0_O)
                                                      0.122     3.226 r  <hidden>
                         net (fo=1, routed)           0.052     3.278    <hidden>
    SLICE_X63Y136        LUT6 (Prop_C6LUT_SLICEM_I5_O)
                                                      0.145     3.423 r  <hidden>
                         net (fo=2, routed)           0.091     3.514    <hidden>
    SLICE_X62Y136        LUT6 (Prop_A6LUT_SLICEL_I3_O)
                                                      0.035     3.549 r  <hidden>
                         net (fo=1, routed)           0.009     3.558    <hidden>
    SLICE_X62Y136        CARRY8 (Prop_CARRY8_SLICEL_S[0]_CO[7])
                                                      0.190     3.748 r  <hidden>
                         net (fo=1, routed)           0.026     3.774    <hidden>
    SLICE_X62Y137        CARRY8 (Prop_CARRY8_SLICEL_CI_O[4])
                                                      0.086     3.860 r  <hidden>
                         net (fo=1, routed)           0.340     4.200    <hidden>
    SLICE_X61Y137        FDRE                                         r  <hidden>
  -------------------------------------------------------------------    -------------------

                         (clock ap_clk rise edge)     3.330     3.330 r  
                                                      0.000     3.330 r  ap_clk (IN)
                         net (fo=1160, unset)         0.021     3.351    <hidden>
    SLICE_X61Y137        FDRE                                         r  <hidden>
                         clock pessimism              0.000     3.351    
                         clock uncertainty           -0.035     3.316    
    SLICE_X61Y137        FDRE (Setup_GFF2_SLICEM_C_D)
                                                      0.025     3.341    <hidden>
  -------------------------------------------------------------------
                         required time                          3.341    
                         arrival time                          -4.200    
  -------------------------------------------------------------------
                         slack                                 -0.860    

Slack (VIOLATED) :        -0.849ns  (required time - arrival time)
  Source:                 bd_0_i/hls_inst/inst/hadd_16ns_16ns_16_3_no_dsp_1_U1/din1_buf1_reg[6]_replica/C
                            (rising edge-triggered cell FDRE clocked by ap_clk  {rise@0.000ns fall@1.665ns period=3.330ns})
  Destination:            <hidden>
                            (rising edge-triggered cell FDRE clocked by ap_clk  {rise@0.000ns fall@1.665ns period=3.330ns})
  Path Group:             ap_clk
  Path Type:              Setup (Max at Slow Process Corner)
  Requirement:            3.330ns  (ap_clk rise@3.330ns - ap_clk rise@0.000ns)
  Data Path Delay:        4.159ns  (logic 3.058ns (73.533%)  route 1.101ns (26.467%))
  Logic Levels:           13  (CARRY8=2 DSP_A_B_DATA=2 DSP_ALU=2 DSP_M_DATA=1 DSP_MULTIPLIER=1 DSP_OUTPUT=2 DSP_PREADD_DATA=1 LUT2=1 LUT3=1)
  Clock Path Skew:        -0.010ns (DCD - SCD + CPR)
    Destination Clock Delay (DCD):    0.020ns = ( 3.350 - 3.330 ) 
    Source Clock Delay      (SCD):    0.030ns
    Clock Pessimism Removal (CPR):    0.000ns
  Clock Uncertainty:      0.035ns  ((TSJ^2 + TIJ^2)^1/2 + DJ) / 2 + PE
    Total System Jitter     (TSJ):    0.071ns
    Total Input Jitter      (TIJ):    0.000ns
    Discrete Jitter          (DJ):    0.000ns
    Phase Error              (PE):    0.000ns

    Location             Delay type                Incr(ns)  Path(ns)    Netlist Resource(s)
  -------------------------------------------------------------------    -------------------
                         (clock ap_clk rise edge)     0.000     0.000 r  
                                                      0.000     0.000 r  ap_clk (IN)
                         net (fo=1160, unset)         0.030     0.030    bd_0_i/hls_inst/inst/hadd_16ns_16ns_16_3_no_dsp_1_U1/ap_clk
    SLICE_X63Y134        FDRE                                         r  bd_0_i/hls_inst/inst/hadd_16ns_16ns_16_3_no_dsp_1_U1/din1_buf1_reg[6]_replica/C
  -------------------------------------------------------------------    -------------------
    SLICE_X63Y134        FDRE (Prop_AFF2_SLICEM_C_Q)
                                                      0.080     0.110 f  bd_0_i/hls_inst/inst/hadd_16ns_16ns_16_3_no_dsp_1_U1/din1_buf1_reg[6]_replica/Q
                         net (fo=4, routed)           0.207     0.317    <hidden>
    DSP48E2_X6Y54        DSP_A_B_DATA (Prop_DSP_A_B_DATA_DSP48E2_B[6]_B2_DATA[6])
                                                      0.151     0.468 r  <hidden>
                         net (fo=1, routed)           0.000     0.468    <hidden>
    DSP48E2_X6Y54        DSP_PREADD_DATA (Prop_DSP_PREADD_DATA_DSP48E2_B2_DATA[6]_B2B1[6])
                                                      0.073     0.541 r  <hidden>
                         net (fo=1, routed)           0.000     0.541    <hidden>
    DSP48E2_X6Y54        DSP_MULTIPLIER (Prop_DSP_MULTIPLIER_DSP48E2_B2B1[6]_V[35])
                                                      0.609     1.150 f  <hidden>
                         net (fo=1, routed)           0.000     1.150    <hidden>
    DSP48E2_X6Y54        DSP_M_DATA (Prop_DSP_M_DATA_DSP48E2_V[35]_V_DATA[35])
                                                      0.046     1.196 r  <hidden>
                         net (fo=1, routed)           0.000     1.196    <hidden>
    DSP48E2_X6Y54        DSP_ALU (Prop_DSP_ALU_DSP48E2_V_DATA[35]_ALU_OUT[47])
                                                      0.571     1.767 r  <hidden>
                         net (fo=1, routed)           0.000     1.767    <hidden>
    DSP48E2_X6Y54        DSP_OUTPUT (Prop_DSP_OUTPUT_DSP48E2_ALU_OUT[47]_PATTERN_DETECT)
                                                      0.363     2.130 f  <hidden>
                         net (fo=2, routed)           0.255     2.385    <hidden>
    SLICE_X63Y140        LUT3 (Prop_A6LUT_SLICEM_I2_O)
                                                      0.053     2.438 r  <hidden>
                         net (fo=1, routed)           0.013     2.451    <hidden>
    SLICE_X63Y140        CARRY8 (Prop_CARRY8_SLICEM_S[0]_CO[2])
                                                      0.115     2.566 f  <hidden>
                         net (fo=1, routed)           0.222     2.788    <hidden>
    DSP48E2_X6Y56        DSP_A_B_DATA (Prop_DSP_A_B_DATA_DSP48E2_B[1]_B_ALU[1])
                                                      0.165     2.953 r  <hidden>
                         net (fo=1, routed)           0.000     2.953    <hidden>
    DSP48E2_X6Y56        DSP_ALU (Prop_DSP_ALU_DSP48E2_B_ALU[1]_ALU_OUT[12])
                                                      0.541     3.494 f  <hidden>
                         net (fo=1, routed)           0.000     3.494    <hidden>
    DSP48E2_X6Y56        DSP_OUTPUT (Prop_DSP_OUTPUT_DSP48E2_ALU_OUT[12]_P[12])
                                                      0.109     3.603 r  <hidden>
                         net (fo=1, routed)           0.231     3.834    <hidden>
    SLICE_X63Y141        CARRY8 (Prop_CARRY8_SLICEM_CI_O[1])
                                                      0.132     3.966 r  <hidden>
                         net (fo=1, routed)           0.124     4.090    <hidden>
    SLICE_X62Y141        LUT2 (Prop_D6LUT_SLICEL_I0_O)
                                                      0.050     4.140 r  <hidden>
                         net (fo=1, routed)           0.049     4.189    <hidden>
    SLICE_X62Y141        FDRE                                         r  <hidden>
  -------------------------------------------------------------------    -------------------

                         (clock ap_clk rise edge)     3.330     3.330 r  
                                                      0.000     3.330 r  ap_clk (IN)
                         net (fo=1160, unset)         0.020     3.350    <hidden>
    SLICE_X62Y141        FDRE                                         r  <hidden>
                         clock pessimism              0.000     3.350    
                         clock uncertainty           -0.035     3.315    
    SLICE_X62Y141        FDRE (Setup_DFF_SLICEL_C_D)
                                                      0.025     3.340    <hidden>
  -------------------------------------------------------------------
                         required time                          3.340    
                         arrival time                          -4.189    
  -------------------------------------------------------------------
                         slack                                 -0.849    





Min Delay Paths
--------------------------------------------------------------------------------------
Slack (MET) :             0.046ns  (arrival time - required time)
  Source:                 bd_0_i/hls_inst/inst/csd_pkt_298_fu_744_reg[18]/C
                            (rising edge-triggered cell FDRE clocked by ap_clk  {rise@0.000ns fall@1.665ns period=3.330ns})
  Destination:            bd_0_i/hls_inst/inst/csd_pkt_298_fu_744_reg[18]/D
                            (rising edge-triggered cell FDRE clocked by ap_clk  {rise@0.000ns fall@1.665ns period=3.330ns})
  Path Group:             ap_clk
  Path Type:              Hold (Min at Fast Process Corner)
  Requirement:            0.000ns  (ap_clk rise@0.000ns - ap_clk rise@0.000ns)
  Data Path Delay:        0.098ns  (logic 0.053ns (54.342%)  route 0.045ns (45.658%))
  Logic Levels:           1  (LUT5=1)
  Clock Path Skew:        0.006ns (DCD - SCD - CPR)
    Destination Clock Delay (DCD):    0.018ns
    Source Clock Delay      (SCD):    0.012ns
    Clock Pessimism Removal (CPR):    -0.000ns

    Location             Delay type                Incr(ns)  Path(ns)    Netlist Resource(s)
  -------------------------------------------------------------------    -------------------
                         (clock ap_clk rise edge)     0.000     0.000 r  
                                                      0.000     0.000 r  ap_clk (IN)
                         net (fo=1160, unset)         0.012     0.012    bd_0_i/hls_inst/inst/ap_clk
    SLICE_X52Y113        FDRE                                         r  bd_0_i/hls_inst/inst/csd_pkt_298_fu_744_reg[18]/C
  -------------------------------------------------------------------    -------------------
    SLICE_X52Y113        FDRE (Prop_DFF_SLICEL_C_Q)
                                                      0.039     0.051 r  bd_0_i/hls_inst/inst/csd_pkt_298_fu_744_reg[18]/Q
                         net (fo=5, routed)           0.029     0.080    bd_0_i/hls_inst/inst/csd_pkt_298_fu_744[18]
    SLICE_X52Y113        LUT5 (Prop_D6LUT_SLICEL_I3_O)
                                                      0.014     0.094 r  bd_0_i/hls_inst/inst/csd_pkt_298_fu_744[18]_i_1/O
                         net (fo=1, routed)           0.016     0.110    bd_0_i/hls_inst/inst/csd_pkt_298_fu_744[18]_i_1_n_0
    SLICE_X52Y113        FDRE                                         r  bd_0_i/hls_inst/inst/csd_pkt_298_fu_744_reg[18]/D
  -------------------------------------------------------------------    -------------------

                         (clock ap_clk rise edge)     0.000     0.000 r  
                                                      0.000     0.000 r  ap_clk (IN)
                         net (fo=1160, unset)         0.018     0.018    bd_0_i/hls_inst/inst/ap_clk
    SLICE_X52Y113        FDRE                                         r  bd_0_i/hls_inst/inst/csd_pkt_298_fu_744_reg[18]/C
                         clock pessimism              0.000     0.018    
    SLICE_X52Y113        FDRE (Hold_DFF_SLICEL_C_D)
                                                      0.046     0.064    bd_0_i/hls_inst/inst/csd_pkt_298_fu_744_reg[18]
  -------------------------------------------------------------------
                         required time                         -0.064    
                         arrival time                           0.110    
  -------------------------------------------------------------------
                         slack                                  0.046    

Slack (MET) :             0.047ns  (arrival time - required time)
  Source:                 bd_0_i/hls_inst/inst/csd_pkt_298_fu_744_reg[21]/C
                            (rising edge-triggered cell FDRE clocked by ap_clk  {rise@0.000ns fall@1.665ns period=3.330ns})
  Destination:            bd_0_i/hls_inst/inst/csd_pkt_298_fu_744_reg[21]/D
                            (rising edge-triggered cell FDRE clocked by ap_clk  {rise@0.000ns fall@1.665ns period=3.330ns})
  Path Group:             ap_clk
  Path Type:              Hold (Min at Fast Process Corner)
  Requirement:            0.000ns  (ap_clk rise@0.000ns - ap_clk rise@0.000ns)
  Data Path Delay:        0.099ns  (logic 0.053ns (53.338%)  route 0.046ns (46.662%))
  Logic Levels:           1  (LUT5=1)
  Clock Path Skew:        0.006ns (DCD - SCD - CPR)
    Destination Clock Delay (DCD):    0.018ns
    Source Clock Delay      (SCD):    0.012ns
    Clock Pessimism Removal (CPR):    -0.000ns

    Location             Delay type                Incr(ns)  Path(ns)    Netlist Resource(s)
  -------------------------------------------------------------------    -------------------
                         (clock ap_clk rise edge)     0.000     0.000 r  
                                                      0.000     0.000 r  ap_clk (IN)
                         net (fo=1160, unset)         0.012     0.012    bd_0_i/hls_inst/inst/ap_clk
    SLICE_X55Y112        FDRE                                         r  bd_0_i/hls_inst/inst/csd_pkt_298_fu_744_reg[21]/C
  -------------------------------------------------------------------    -------------------
    SLICE_X55Y112        FDRE (Prop_DFF_SLICEL_C_Q)
                                                      0.039     0.051 r  bd_0_i/hls_inst/inst/csd_pkt_298_fu_744_reg[21]/Q
                         net (fo=5, routed)           0.030     0.081    bd_0_i/hls_inst/inst/csd_pkt_298_fu_744[21]
    SLICE_X55Y112        LUT5 (Prop_D6LUT_SLICEL_I3_O)
                                                      0.014     0.095 r  bd_0_i/hls_inst/inst/csd_pkt_298_fu_744[21]_i_1/O
                         net (fo=1, routed)           0.016     0.111    bd_0_i/hls_inst/inst/csd_pkt_298_fu_744[21]_i_1_n_0
    SLICE_X55Y112        FDRE                                         r  bd_0_i/hls_inst/inst/csd_pkt_298_fu_744_reg[21]/D
  -------------------------------------------------------------------    -------------------

                         (clock ap_clk rise edge)     0.000     0.000 r  
                                                      0.000     0.000 r  ap_clk (IN)
                         net (fo=1160, unset)         0.018     0.018    bd_0_i/hls_inst/inst/ap_clk
    SLICE_X55Y112        FDRE                                         r  bd_0_i/hls_inst/inst/csd_pkt_298_fu_744_reg[21]/C
                         clock pessimism              0.000     0.018    
    SLICE_X55Y112        FDRE (Hold_DFF_SLICEL_C_D)
                                                      0.046     0.064    bd_0_i/hls_inst/inst/csd_pkt_298_fu_744_reg[21]
  -------------------------------------------------------------------
                         required time                         -0.064    
                         arrival time                           0.111    
  -------------------------------------------------------------------
                         slack                                  0.047    

Slack (MET) :             0.055ns  (arrival time - required time)
  Source:                 bd_0_i/hls_inst/inst/csd_pkt_298_fu_744_reg[1]/C
                            (rising edge-triggered cell FDRE clocked by ap_clk  {rise@0.000ns fall@1.665ns period=3.330ns})
  Destination:            bd_0_i/hls_inst/inst/csd_pkt_298_fu_744_reg[1]/D
                            (rising edge-triggered cell FDRE clocked by ap_clk  {rise@0.000ns fall@1.665ns period=3.330ns})
  Path Group:             ap_clk
  Path Type:              Hold (Min at Fast Process Corner)
  Requirement:            0.000ns  (ap_clk rise@0.000ns - ap_clk rise@0.000ns)
  Data Path Delay:        0.107ns  (logic 0.061ns (57.129%)  route 0.046ns (42.871%))
  Logic Levels:           1  (LUT5=1)
  Clock Path Skew:        0.006ns (DCD - SCD - CPR)
    Destination Clock Delay (DCD):    0.019ns
    Source Clock Delay      (SCD):    0.013ns
    Clock Pessimism Removal (CPR):    -0.000ns

    Location             Delay type                Incr(ns)  Path(ns)    Netlist Resource(s)
  -------------------------------------------------------------------    -------------------
                         (clock ap_clk rise edge)     0.000     0.000 r  
                                                      0.000     0.000 r  ap_clk (IN)
                         net (fo=1160, unset)         0.013     0.013    bd_0_i/hls_inst/inst/ap_clk
    SLICE_X51Y121        FDRE                                         r  bd_0_i/hls_inst/inst/csd_pkt_298_fu_744_reg[1]/C
  -------------------------------------------------------------------    -------------------
    SLICE_X51Y121        FDRE (Prop_GFF_SLICEL_C_Q)
                                                      0.039     0.052 r  bd_0_i/hls_inst/inst/csd_pkt_298_fu_744_reg[1]/Q
                         net (fo=5, routed)           0.030     0.082    bd_0_i/hls_inst/inst/hmul_16ns_16ns_16_3_max_dsp_1_U2/csd_pkt_298_fu_744_reg[0]_0[1]
    SLICE_X51Y121        LUT5 (Prop_G6LUT_SLICEL_I3_O)
                                                      0.022     0.104 r  bd_0_i/hls_inst/inst/hmul_16ns_16ns_16_3_max_dsp_1_U2/csd_pkt_298_fu_744[1]_i_1/O
                         net (fo=1, routed)           0.016     0.120    bd_0_i/hls_inst/inst/hmul_16ns_16ns_16_3_max_dsp_1_U2_n_421
    SLICE_X51Y121        FDRE                                         r  bd_0_i/hls_inst/inst/csd_pkt_298_fu_744_reg[1]/D
  -------------------------------------------------------------------    -------------------

                         (clock ap_clk rise edge)     0.000     0.000 r  
                                                      0.000     0.000 r  ap_clk (IN)
                         net (fo=1160, unset)         0.019     0.019    bd_0_i/hls_inst/inst/ap_clk
    SLICE_X51Y121        FDRE                                         r  bd_0_i/hls_inst/inst/csd_pkt_298_fu_744_reg[1]/C
                         clock pessimism              0.000     0.019    
    SLICE_X51Y121        FDRE (Hold_GFF_SLICEL_C_D)
                                                      0.046     0.065    bd_0_i/hls_inst/inst/csd_pkt_298_fu_744_reg[1]
  -------------------------------------------------------------------
                         required time                         -0.065    
                         arrival time                           0.120    
  -------------------------------------------------------------------
                         slack                                  0.055    

Slack (MET) :             0.055ns  (arrival time - required time)
  Source:                 bd_0_i/hls_inst/inst/iter_cnt_594_fu_464_reg[3]/C
                            (rising edge-triggered cell FDRE clocked by ap_clk  {rise@0.000ns fall@1.665ns period=3.330ns})
  Destination:            bd_0_i/hls_inst/inst/iter_cnt_594_fu_464_reg[4]/D
                            (rising edge-triggered cell FDRE clocked by ap_clk  {rise@0.000ns fall@1.665ns period=3.330ns})
  Path Group:             ap_clk
  Path Type:              Hold (Min at Fast Process Corner)
  Requirement:            0.000ns  (ap_clk rise@0.000ns - ap_clk rise@0.000ns)
  Data Path Delay:        0.108ns  (logic 0.072ns (66.441%)  route 0.036ns (33.558%))
  Logic Levels:           1  (LUT5=1)
  Clock Path Skew:        0.006ns (DCD - SCD - CPR)
    Destination Clock Delay (DCD):    0.018ns
    Source Clock Delay      (SCD):    0.012ns
    Clock Pessimism Removal (CPR):    -0.000ns

    Location             Delay type                Incr(ns)  Path(ns)    Netlist Resource(s)
  -------------------------------------------------------------------    -------------------
                         (clock ap_clk rise edge)     0.000     0.000 r  
                                                      0.000     0.000 r  ap_clk (IN)
                         net (fo=1160, unset)         0.012     0.012    bd_0_i/hls_inst/inst/ap_clk
    SLICE_X55Y119        FDRE                                         r  bd_0_i/hls_inst/inst/iter_cnt_594_fu_464_reg[3]/C
  -------------------------------------------------------------------    -------------------
    SLICE_X55Y119        FDRE (Prop_DFF_SLICEL_C_Q)
                                                      0.039     0.051 r  bd_0_i/hls_inst/inst/iter_cnt_594_fu_464_reg[3]/Q
                         net (fo=5, routed)           0.030     0.081    bd_0_i/hls_inst/inst/iter_cnt_594_fu_464_reg[3]
    SLICE_X55Y119        LUT5 (Prop_D5LUT_SLICEL_I4_O)
                                                      0.033     0.114 r  bd_0_i/hls_inst/inst/iter_cnt_594_fu_464[4]_i_1/O
                         net (fo=1, routed)           0.006     0.120    bd_0_i/hls_inst/inst/v710_fu_10601_p2[4]
    SLICE_X55Y119        FDRE                                         r  bd_0_i/hls_inst/inst/iter_cnt_594_fu_464_reg[4]/D
  -------------------------------------------------------------------    -------------------

                         (clock ap_clk rise edge)     0.000     0.000 r  
                                                      0.000     0.000 r  ap_clk (IN)
                         net (fo=1160, unset)         0.018     0.018    bd_0_i/hls_inst/inst/ap_clk
    SLICE_X55Y119        FDRE                                         r  bd_0_i/hls_inst/inst/iter_cnt_594_fu_464_reg[4]/C
                         clock pessimism              0.000     0.018    
    SLICE_X55Y119        FDRE (Hold_DFF2_SLICEL_C_D)
                                                      0.047     0.065    bd_0_i/hls_inst/inst/iter_cnt_594_fu_464_reg[4]
  -------------------------------------------------------------------
                         required time                         -0.065    
                         arrival time                           0.120    
  -------------------------------------------------------------------
                         slack                                  0.055    

Slack (MET) :             0.056ns  (arrival time - required time)
  Source:                 bd_0_i/hls_inst/inst/instr_cnt_493_fu_460_reg[4]/C
                            (rising edge-triggered cell FDRE clocked by ap_clk  {rise@0.000ns fall@1.665ns period=3.330ns})
  Destination:            bd_0_i/hls_inst/inst/instr_cnt_493_fu_460_reg[4]/D
                            (rising edge-triggered cell FDRE clocked by ap_clk  {rise@0.000ns fall@1.665ns period=3.330ns})
  Path Group:             ap_clk
  Path Type:              Hold (Min at Fast Process Corner)
  Requirement:            0.000ns  (ap_clk rise@0.000ns - ap_clk rise@0.000ns)
  Data Path Delay:        0.108ns  (logic 0.052ns (48.283%)  route 0.056ns (51.717%))
  Logic Levels:           1  (LUT6=1)
  Clock Path Skew:        0.006ns (DCD - SCD - CPR)
    Destination Clock Delay (DCD):    0.019ns
    Source Clock Delay      (SCD):    0.013ns
    Clock Pessimism Removal (CPR):    -0.000ns

    Location             Delay type                Incr(ns)  Path(ns)    Netlist Resource(s)
  -------------------------------------------------------------------    -------------------
                         (clock ap_clk rise edge)     0.000     0.000 r  
                                                      0.000     0.000 r  ap_clk (IN)
                         net (fo=1160, unset)         0.013     0.013    bd_0_i/hls_inst/inst/ap_clk
    SLICE_X54Y107        FDRE                                         r  bd_0_i/hls_inst/inst/instr_cnt_493_fu_460_reg[4]/C
  -------------------------------------------------------------------    -------------------
    SLICE_X54Y107        FDRE (Prop_CFF_SLICEM_C_Q)
                                                      0.038     0.051 r  bd_0_i/hls_inst/inst/instr_cnt_493_fu_460_reg[4]/Q
                         net (fo=4, routed)           0.032     0.083    bd_0_i/hls_inst/inst/instr_cnt_493_fu_460[4]
    SLICE_X54Y107        LUT6 (Prop_C6LUT_SLICEM_I4_O)
                                                      0.014     0.097 r  bd_0_i/hls_inst/inst/instr_cnt_493_fu_460[4]_i_1/O
                         net (fo=1, routed)           0.024     0.121    bd_0_i/hls_inst/inst/instr_cnt_493_fu_460[4]_i_1_n_0
    SLICE_X54Y107        FDRE                                         r  bd_0_i/hls_inst/inst/instr_cnt_493_fu_460_reg[4]/D
  -------------------------------------------------------------------    -------------------

                         (clock ap_clk rise edge)     0.000     0.000 r  
                                                      0.000     0.000 r  ap_clk (IN)
                         net (fo=1160, unset)         0.019     0.019    bd_0_i/hls_inst/inst/ap_clk
    SLICE_X54Y107        FDRE                                         r  bd_0_i/hls_inst/inst/instr_cnt_493_fu_460_reg[4]/C
                         clock pessimism              0.000     0.019    
    SLICE_X54Y107        FDRE (Hold_CFF_SLICEM_C_D)
                                                      0.046     0.065    bd_0_i/hls_inst/inst/instr_cnt_493_fu_460_reg[4]
  -------------------------------------------------------------------
                         required time                         -0.065    
                         arrival time                           0.121    
  -------------------------------------------------------------------
                         slack                                  0.056    

Slack (MET) :             0.057ns  (arrival time - required time)
  Source:                 bd_0_i/hls_inst/inst/empty_38_fu_404_reg[0]/C
                            (rising edge-triggered cell FDRE clocked by ap_clk  {rise@0.000ns fall@1.665ns period=3.330ns})
  Destination:            bd_0_i/hls_inst/inst/v38469_fu_432_reg[0]/D
                            (rising edge-triggered cell FDRE clocked by ap_clk  {rise@0.000ns fall@1.665ns period=3.330ns})
  Path Group:             ap_clk
  Path Type:              Hold (Min at Fast Process Corner)
  Requirement:            0.000ns  (ap_clk rise@0.000ns - ap_clk rise@0.000ns)
  Data Path Delay:        0.110ns  (logic 0.039ns (35.588%)  route 0.071ns (64.412%))
  Logic Levels:           0  
  Clock Path Skew:        0.006ns (DCD - SCD - CPR)
    Destination Clock Delay (DCD):    0.019ns
    Source Clock Delay      (SCD):    0.013ns
    Clock Pessimism Removal (CPR):    -0.000ns

    Location             Delay type                Incr(ns)  Path(ns)    Netlist Resource(s)
  -------------------------------------------------------------------    -------------------
                         (clock ap_clk rise edge)     0.000     0.000 r  
                                                      0.000     0.000 r  ap_clk (IN)
                         net (fo=1160, unset)         0.013     0.013    bd_0_i/hls_inst/inst/ap_clk
    SLICE_X55Y128        FDRE                                         r  bd_0_i/hls_inst/inst/empty_38_fu_404_reg[0]/C
  -------------------------------------------------------------------    -------------------
    SLICE_X55Y128        FDRE (Prop_FFF_SLICEL_C_Q)
                                                      0.039     0.052 r  bd_0_i/hls_inst/inst/empty_38_fu_404_reg[0]/Q
                         net (fo=3, routed)           0.071     0.123    bd_0_i/hls_inst/inst/empty_38_fu_404_reg_n_0_[0]
    SLICE_X56Y128        FDRE                                         r  bd_0_i/hls_inst/inst/v38469_fu_432_reg[0]/D
  -------------------------------------------------------------------    -------------------

                         (clock ap_clk rise edge)     0.000     0.000 r  
                                                      0.000     0.000 r  ap_clk (IN)
                         net (fo=1160, unset)         0.019     0.019    bd_0_i/hls_inst/inst/ap_clk
    SLICE_X56Y128        FDRE                                         r  bd_0_i/hls_inst/inst/v38469_fu_432_reg[0]/C
                         clock pessimism              0.000     0.019    
    SLICE_X56Y128        FDRE (Hold_EFF2_SLICEM_C_D)
                                                      0.047     0.066    bd_0_i/hls_inst/inst/v38469_fu_432_reg[0]
  -------------------------------------------------------------------
                         required time                         -0.066    
                         arrival time                           0.123    
  -------------------------------------------------------------------
                         slack                                  0.057    

Slack (MET) :             0.058ns  (arrival time - required time)
  Source:                 bd_0_i/hls_inst/inst/csd_pkt_298_fu_744_reg[2]/C
                            (rising edge-triggered cell FDRE clocked by ap_clk  {rise@0.000ns fall@1.665ns period=3.330ns})
  Destination:            bd_0_i/hls_inst/inst/csd_pkt_298_fu_744_reg[2]/D
                            (rising edge-triggered cell FDRE clocked by ap_clk  {rise@0.000ns fall@1.665ns period=3.330ns})
  Path Group:             ap_clk
  Path Type:              Hold (Min at Fast Process Corner)
  Requirement:            0.000ns  (ap_clk rise@0.000ns - ap_clk rise@0.000ns)
  Data Path Delay:        0.110ns  (logic 0.053ns (48.388%)  route 0.057ns (51.612%))
  Logic Levels:           1  (LUT5=1)
  Clock Path Skew:        0.006ns (DCD - SCD - CPR)
    Destination Clock Delay (DCD):    0.019ns
    Source Clock Delay      (SCD):    0.013ns
    Clock Pessimism Removal (CPR):    -0.000ns

    Location             Delay type                Incr(ns)  Path(ns)    Netlist Resource(s)
  -------------------------------------------------------------------    -------------------
                         (clock ap_clk rise edge)     0.000     0.000 r  
                                                      0.000     0.000 r  ap_clk (IN)
                         net (fo=1160, unset)         0.013     0.013    bd_0_i/hls_inst/inst/ap_clk
    SLICE_X53Y110        FDRE                                         r  bd_0_i/hls_inst/inst/csd_pkt_298_fu_744_reg[2]/C
  -------------------------------------------------------------------    -------------------
    SLICE_X53Y110        FDRE (Prop_DFF_SLICEM_C_Q)
                                                      0.039     0.052 r  bd_0_i/hls_inst/inst/csd_pkt_298_fu_744_reg[2]/Q
                         net (fo=5, routed)           0.031     0.083    bd_0_i/hls_inst/inst/hmul_16ns_16ns_16_3_max_dsp_1_U2/csd_pkt_298_fu_744_reg[0]_0[2]
    SLICE_X53Y110        LUT5 (Prop_D6LUT_SLICEM_I3_O)
                                                      0.014     0.097 r  bd_0_i/hls_inst/inst/hmul_16ns_16ns_16_3_max_dsp_1_U2/csd_pkt_298_fu_744[2]_i_1/O
                         net (fo=1, routed)           0.026     0.123    bd_0_i/hls_inst/inst/hmul_16ns_16ns_16_3_max_dsp_1_U2_n_420
    SLICE_X53Y110        FDRE                                         r  bd_0_i/hls_inst/inst/csd_pkt_298_fu_744_reg[2]/D
  -------------------------------------------------------------------    -------------------

                         (clock ap_clk rise edge)     0.000     0.000 r  
                                                      0.000     0.000 r  ap_clk (IN)
                         net (fo=1160, unset)         0.019     0.019    bd_0_i/hls_inst/inst/ap_clk
    SLICE_X53Y110        FDRE                                         r  bd_0_i/hls_inst/inst/csd_pkt_298_fu_744_reg[2]/C
                         clock pessimism              0.000     0.019    
    SLICE_X53Y110        FDRE (Hold_DFF_SLICEM_C_D)
                                                      0.046     0.065    bd_0_i/hls_inst/inst/csd_pkt_298_fu_744_reg[2]
  -------------------------------------------------------------------
                         required time                         -0.065    
                         arrival time                           0.123    
  -------------------------------------------------------------------
                         slack                                  0.058    

Slack (MET) :             0.058ns  (arrival time - required time)
  Source:                 bd_0_i/hls_inst/inst/drf_full_317_fu_532_reg[0]/C
                            (rising edge-triggered cell FDRE clocked by ap_clk  {rise@0.000ns fall@1.665ns period=3.330ns})
  Destination:            bd_0_i/hls_inst/inst/drf_full_317_fu_532_reg[0]/D
                            (rising edge-triggered cell FDRE clocked by ap_clk  {rise@0.000ns fall@1.665ns period=3.330ns})
  Path Group:             ap_clk
  Path Type:              Hold (Min at Fast Process Corner)
  Requirement:            0.000ns  (ap_clk rise@0.000ns - ap_clk rise@0.000ns)
  Data Path Delay:        0.110ns  (logic 0.061ns (55.347%)  route 0.049ns (44.653%))
  Logic Levels:           1  (LUT5=1)
  Clock Path Skew:        0.006ns (DCD - SCD - CPR)
    Destination Clock Delay (DCD):    0.018ns
    Source Clock Delay      (SCD):    0.012ns
    Clock Pessimism Removal (CPR):    -0.000ns

    Location             Delay type                Incr(ns)  Path(ns)    Netlist Resource(s)
  -------------------------------------------------------------------    -------------------
                         (clock ap_clk rise edge)     0.000     0.000 r  
                                                      0.000     0.000 r  ap_clk (IN)
                         net (fo=1160, unset)         0.012     0.012    bd_0_i/hls_inst/inst/ap_clk
    SLICE_X58Y110        FDRE                                         r  bd_0_i/hls_inst/inst/drf_full_317_fu_532_reg[0]/C
  -------------------------------------------------------------------    -------------------
    SLICE_X58Y110        FDRE (Prop_AFF_SLICEL_C_Q)
                                                      0.039     0.051 r  bd_0_i/hls_inst/inst/drf_full_317_fu_532_reg[0]/Q
                         net (fo=5, routed)           0.033     0.084    bd_0_i/hls_inst/inst/drf_full_317_fu_532_reg_n_0_[0]
    SLICE_X58Y110        LUT5 (Prop_A6LUT_SLICEL_I4_O)
                                                      0.022     0.106 r  bd_0_i/hls_inst/inst/drf_full_317_fu_532[0]_i_1/O
                         net (fo=1, routed)           0.016     0.122    bd_0_i/hls_inst/inst/drf_full_317_fu_532[0]_i_1_n_0
    SLICE_X58Y110        FDRE                                         r  bd_0_i/hls_inst/inst/drf_full_317_fu_532_reg[0]/D
  -------------------------------------------------------------------    -------------------

                         (clock ap_clk rise edge)     0.000     0.000 r  
                                                      0.000     0.000 r  ap_clk (IN)
                         net (fo=1160, unset)         0.018     0.018    bd_0_i/hls_inst/inst/ap_clk
    SLICE_X58Y110        FDRE                                         r  bd_0_i/hls_inst/inst/drf_full_317_fu_532_reg[0]/C
                         clock pessimism              0.000     0.018    
    SLICE_X58Y110        FDRE (Hold_AFF_SLICEL_C_D)
                                                      0.046     0.064    bd_0_i/hls_inst/inst/drf_full_317_fu_532_reg[0]
  -------------------------------------------------------------------
                         required time                         -0.064    
                         arrival time                           0.122    
  -------------------------------------------------------------------
                         slack                                  0.058    

Slack (MET) :             0.060ns  (arrival time - required time)
  Source:                 bd_0_i/hls_inst/inst/empty_39_fu_688_reg[2]/C
                            (rising edge-triggered cell FDRE clocked by ap_clk  {rise@0.000ns fall@1.665ns period=3.330ns})
  Destination:            bd_0_i/hls_inst/inst/empty_36_fu_364_reg[2]/D
                            (rising edge-triggered cell FDRE clocked by ap_clk  {rise@0.000ns fall@1.665ns period=3.330ns})
  Path Group:             ap_clk
  Path Type:              Hold (Min at Fast Process Corner)
  Requirement:            0.000ns  (ap_clk rise@0.000ns - ap_clk rise@0.000ns)
  Data Path Delay:        0.112ns  (logic 0.038ns (33.929%)  route 0.074ns (66.071%))
  Logic Levels:           0  
  Clock Path Skew:        0.006ns (DCD - SCD - CPR)
    Destination Clock Delay (DCD):    0.019ns
    Source Clock Delay      (SCD):    0.013ns
    Clock Pessimism Removal (CPR):    -0.000ns

    Location             Delay type                Incr(ns)  Path(ns)    Netlist Resource(s)
  -------------------------------------------------------------------    -------------------
                         (clock ap_clk rise edge)     0.000     0.000 r  
                                                      0.000     0.000 r  ap_clk (IN)
                         net (fo=1160, unset)         0.013     0.013    bd_0_i/hls_inst/inst/ap_clk
    SLICE_X54Y128        FDRE                                         r  bd_0_i/hls_inst/inst/empty_39_fu_688_reg[2]/C
  -------------------------------------------------------------------    -------------------
    SLICE_X54Y128        FDRE (Prop_AFF_SLICEM_C_Q)
                                                      0.038     0.051 r  bd_0_i/hls_inst/inst/empty_39_fu_688_reg[2]/Q
                         net (fo=1, routed)           0.074     0.125    bd_0_i/hls_inst/inst/empty_39_fu_688_reg[2]
    SLICE_X54Y128        FDRE                                         r  bd_0_i/hls_inst/inst/empty_36_fu_364_reg[2]/D
  -------------------------------------------------------------------    -------------------

                         (clock ap_clk rise edge)     0.000     0.000 r  
                                                      0.000     0.000 r  ap_clk (IN)
                         net (fo=1160, unset)         0.019     0.019    bd_0_i/hls_inst/inst/ap_clk
    SLICE_X54Y128        FDRE                                         r  bd_0_i/hls_inst/inst/empty_36_fu_364_reg[2]/C
                         clock pessimism              0.000     0.019    
    SLICE_X54Y128        FDRE (Hold_EFF_SLICEM_C_D)
                                                      0.046     0.065    bd_0_i/hls_inst/inst/empty_36_fu_364_reg[2]
  -------------------------------------------------------------------
                         required time                         -0.065    
                         arrival time                           0.125    
  -------------------------------------------------------------------
                         slack                                  0.060    

Slack (MET) :             0.062ns  (arrival time - required time)
  Source:                 bd_0_i/hls_inst/inst/empty_36_fu_364_reg[1]/C
                            (rising edge-triggered cell FDRE clocked by ap_clk  {rise@0.000ns fall@1.665ns period=3.330ns})
  Destination:            bd_0_i/hls_inst/inst/empty_37_fu_384_reg[1]/D
                            (rising edge-triggered cell FDRE clocked by ap_clk  {rise@0.000ns fall@1.665ns period=3.330ns})
  Path Group:             ap_clk
  Path Type:              Hold (Min at Fast Process Corner)
  Requirement:            0.000ns  (ap_clk rise@0.000ns - ap_clk rise@0.000ns)
  Data Path Delay:        0.115ns  (logic 0.039ns (33.930%)  route 0.076ns (66.070%))
  Logic Levels:           0  
  Clock Path Skew:        0.006ns (DCD - SCD - CPR)
    Destination Clock Delay (DCD):    0.019ns
    Source Clock Delay      (SCD):    0.013ns
    Clock Pessimism Removal (CPR):    -0.000ns

    Location             Delay type                Incr(ns)  Path(ns)    Netlist Resource(s)
  -------------------------------------------------------------------    -------------------
                         (clock ap_clk rise edge)     0.000     0.000 r  
                                                      0.000     0.000 r  ap_clk (IN)
                         net (fo=1160, unset)         0.013     0.013    bd_0_i/hls_inst/inst/ap_clk
    SLICE_X53Y128        FDRE                                         r  bd_0_i/hls_inst/inst/empty_36_fu_364_reg[1]/C
  -------------------------------------------------------------------    -------------------
    SLICE_X53Y128        FDRE (Prop_GFF_SLICEM_C_Q)
                                                      0.039     0.052 r  bd_0_i/hls_inst/inst/empty_36_fu_364_reg[1]/Q
                         net (fo=3, routed)           0.076     0.128    bd_0_i/hls_inst/inst/empty_36_fu_364_reg_n_0_[1]
    SLICE_X54Y128        FDRE                                         r  bd_0_i/hls_inst/inst/empty_37_fu_384_reg[1]/D
  -------------------------------------------------------------------    -------------------

                         (clock ap_clk rise edge)     0.000     0.000 r  
                                                      0.000     0.000 r  ap_clk (IN)
                         net (fo=1160, unset)         0.019     0.019    bd_0_i/hls_inst/inst/ap_clk
    SLICE_X54Y128        FDRE                                         r  bd_0_i/hls_inst/inst/empty_37_fu_384_reg[1]/C
                         clock pessimism              0.000     0.019    
    SLICE_X54Y128        FDRE (Hold_EFF2_SLICEM_C_D)
                                                      0.047     0.066    bd_0_i/hls_inst/inst/empty_37_fu_384_reg[1]
  -------------------------------------------------------------------
                         required time                         -0.066    
                         arrival time                           0.128    
  -------------------------------------------------------------------
                         slack                                  0.062    





Pulse Width Checks
--------------------------------------------------------------------------------------
Clock Name:         ap_clk
Waveform(ns):       { 0.000 1.665 }
Period(ns):         3.330
Sources:            { ap_clk }

Check Type        Corner  Lib Pin     Reference Pin  Required(ns)  Actual(ns)  Slack(ns)  Location       Pin
Min Period        n/a     SRL16E/CLK  n/a            1.064         3.330       2.266      SLICE_X63Y110  bd_0_i/hls_inst/inst/empty_28_fu_324_reg[0]_srl2___empty_28_fu_324_reg_r/CLK
Min Period        n/a     SRL16E/CLK  n/a            1.064         3.330       2.266      SLICE_X64Y109  bd_0_i/hls_inst/inst/empty_29_fu_328_reg[0]_srl2___empty_28_fu_324_reg_r/CLK
Min Period        n/a     SRL16E/CLK  n/a            1.064         3.330       2.266      SLICE_X64Y109  bd_0_i/hls_inst/inst/empty_29_fu_328_reg[1]_srl2___empty_28_fu_324_reg_r/CLK
Min Period        n/a     SRL16E/CLK  n/a            1.064         3.330       2.266      SLICE_X64Y109  bd_0_i/hls_inst/inst/empty_29_fu_328_reg[2]_srl2___empty_28_fu_324_reg_r/CLK
Min Period        n/a     SRL16E/CLK  n/a            1.064         3.330       2.266      SLICE_X64Y109  bd_0_i/hls_inst/inst/empty_29_fu_328_reg[3]_srl2___empty_28_fu_324_reg_r/CLK
Min Period        n/a     SRL16E/CLK  n/a            1.064         3.330       2.266      SLICE_X63Y110  bd_0_i/hls_inst/inst/empty_30_fu_332_reg[0]_srl2___empty_28_fu_324_reg_r/CLK
Min Period        n/a     SRL16E/CLK  n/a            1.064         3.330       2.266      SLICE_X63Y110  bd_0_i/hls_inst/inst/empty_30_fu_332_reg[1]_srl2___empty_28_fu_324_reg_r/CLK
Min Period        n/a     SRL16E/CLK  n/a            1.064         3.330       2.266      SLICE_X63Y114  bd_0_i/hls_inst/inst/empty_31_fu_336_reg[0]_srl2___empty_28_fu_324_reg_r/CLK
Min Period        n/a     FDRE/C      n/a            0.550         3.330       2.780      SLICE_X62Y139  bd_0_i/hls_inst/inst/a_reg_14825_pp0_iter2_reg_reg[0]/C
Min Period        n/a     FDRE/C      n/a            0.550         3.330       2.780      SLICE_X64Y138  bd_0_i/hls_inst/inst/a_reg_14825_pp0_iter2_reg_reg[10]/C
Low Pulse Width   Slow    SRL16E/CLK  n/a            0.532         1.665       1.133      SLICE_X63Y110  bd_0_i/hls_inst/inst/empty_28_fu_324_reg[0]_srl2___empty_28_fu_324_reg_r/CLK
Low Pulse Width   Fast    SRL16E/CLK  n/a            0.532         1.665       1.133      SLICE_X63Y110  bd_0_i/hls_inst/inst/empty_28_fu_324_reg[0]_srl2___empty_28_fu_324_reg_r/CLK
Low Pulse Width   Slow    SRL16E/CLK  n/a            0.532         1.665       1.133      SLICE_X64Y109  bd_0_i/hls_inst/inst/empty_29_fu_328_reg[0]_srl2___empty_28_fu_324_reg_r/CLK
Low Pulse Width   Fast    SRL16E/CLK  n/a            0.532         1.665       1.133      SLICE_X64Y109  bd_0_i/hls_inst/inst/empty_29_fu_328_reg[0]_srl2___empty_28_fu_324_reg_r/CLK
Low Pulse Width   Slow    SRL16E/CLK  n/a            0.532         1.665       1.133      SLICE_X64Y109  bd_0_i/hls_inst/inst/empty_29_fu_328_reg[1]_srl2___empty_28_fu_324_reg_r/CLK
Low Pulse Width   Fast    SRL16E/CLK  n/a            0.532         1.665       1.133      SLICE_X64Y109  bd_0_i/hls_inst/inst/empty_29_fu_328_reg[1]_srl2___empty_28_fu_324_reg_r/CLK
Low Pulse Width   Slow    SRL16E/CLK  n/a            0.532         1.665       1.133      SLICE_X64Y109  bd_0_i/hls_inst/inst/empty_29_fu_328_reg[2]_srl2___empty_28_fu_324_reg_r/CLK
Low Pulse Width   Fast    SRL16E/CLK  n/a            0.532         1.665       1.133      SLICE_X64Y109  bd_0_i/hls_inst/inst/empty_29_fu_328_reg[2]_srl2___empty_28_fu_324_reg_r/CLK
Low Pulse Width   Slow    SRL16E/CLK  n/a            0.532         1.665       1.133      SLICE_X64Y109  bd_0_i/hls_inst/inst/empty_29_fu_328_reg[3]_srl2___empty_28_fu_324_reg_r/CLK
Low Pulse Width   Fast    SRL16E/CLK  n/a            0.532         1.665       1.133      SLICE_X64Y109  bd_0_i/hls_inst/inst/empty_29_fu_328_reg[3]_srl2___empty_28_fu_324_reg_r/CLK
High Pulse Width  Slow    SRL16E/CLK  n/a            0.532         1.665       1.133      SLICE_X63Y110  bd_0_i/hls_inst/inst/empty_28_fu_324_reg[0]_srl2___empty_28_fu_324_reg_r/CLK
High Pulse Width  Fast    SRL16E/CLK  n/a            0.532         1.665       1.133      SLICE_X63Y110  bd_0_i/hls_inst/inst/empty_28_fu_324_reg[0]_srl2___empty_28_fu_324_reg_r/CLK
High Pulse Width  Slow    SRL16E/CLK  n/a            0.532         1.665       1.133      SLICE_X64Y109  bd_0_i/hls_inst/inst/empty_29_fu_328_reg[0]_srl2___empty_28_fu_324_reg_r/CLK
High Pulse Width  Fast    SRL16E/CLK  n/a            0.532         1.665       1.133      SLICE_X64Y109  bd_0_i/hls_inst/inst/empty_29_fu_328_reg[0]_srl2___empty_28_fu_324_reg_r/CLK
High Pulse Width  Slow    SRL16E/CLK  n/a            0.532         1.665       1.133      SLICE_X64Y109  bd_0_i/hls_inst/inst/empty_29_fu_328_reg[1]_srl2___empty_28_fu_324_reg_r/CLK
High Pulse Width  Fast    SRL16E/CLK  n/a            0.532         1.665       1.133      SLICE_X64Y109  bd_0_i/hls_inst/inst/empty_29_fu_328_reg[1]_srl2___empty_28_fu_324_reg_r/CLK
High Pulse Width  Slow    SRL16E/CLK  n/a            0.532         1.665       1.133      SLICE_X64Y109  bd_0_i/hls_inst/inst/empty_29_fu_328_reg[2]_srl2___empty_28_fu_324_reg_r/CLK
High Pulse Width  Fast    SRL16E/CLK  n/a            0.532         1.665       1.133      SLICE_X64Y109  bd_0_i/hls_inst/inst/empty_29_fu_328_reg[2]_srl2___empty_28_fu_324_reg_r/CLK
High Pulse Width  Slow    SRL16E/CLK  n/a            0.532         1.665       1.133      SLICE_X64Y109  bd_0_i/hls_inst/inst/empty_29_fu_328_reg[3]_srl2___empty_28_fu_324_reg_r/CLK
High Pulse Width  Fast    SRL16E/CLK  n/a            0.532         1.665       1.133      SLICE_X64Y109  bd_0_i/hls_inst/inst/empty_29_fu_328_reg[3]_srl2___empty_28_fu_324_reg_r/CLK



--------------------------------------------------------------------------------------
Path Group:  (none)
From Clock:  
  To Clock:  

Max Delay            17 Endpoints
Min Delay            17 Endpoints
--------------------------------------------------------------------------------------


Max Delay Paths
--------------------------------------------------------------------------------------
Slack:                    inf
  Source:                 v6_full_n
                            (input port)
  Destination:            v6_wr_en
                            (output port)
  Path Group:             (none)
  Path Type:              Max at Slow Process Corner
  Data Path Delay:        0.192ns  (logic 0.163ns (84.896%)  route 0.029ns (15.104%))
  Logic Levels:           1  (LUT3=1)

    Location             Delay type                Incr(ns)  Path(ns)    Netlist Resource(s)
  -------------------------------------------------------------------    -------------------
                                                      0.000     0.000 r  v6_full_n (IN)
                         net (fo=2, unset)            0.000     0.000    bd_0_i/hls_inst/inst/v6_full_n
    SLICE_X54Y113        LUT3 (Prop_A5LUT_SLICEM_I1_O)
                                                      0.163     0.163 r  bd_0_i/hls_inst/inst/v6_write_INST_0/O
                         net (fo=0)                   0.029     0.192    v6_wr_en
                                                                      r  v6_wr_en (OUT)
  -------------------------------------------------------------------    -------------------

Slack:                    inf
  Source:                 v3_full_n
                            (input port)
  Destination:            v3_wr_en
                            (output port)
  Path Group:             (none)
  Path Type:              Max at Slow Process Corner
  Data Path Delay:        0.180ns  (logic 0.158ns (87.778%)  route 0.022ns (12.222%))
  Logic Levels:           1  (LUT3=1)

    Location             Delay type                Incr(ns)  Path(ns)    Netlist Resource(s)
  -------------------------------------------------------------------    -------------------
                                                      0.000     0.000 r  v3_full_n (IN)
                         net (fo=5, unset)            0.000     0.000    bd_0_i/hls_inst/inst/v3_full_n
    SLICE_X55Y111        LUT3 (Prop_H5LUT_SLICEL_I1_O)
                                                      0.158     0.158 r  bd_0_i/hls_inst/inst/v3_write_INST_0/O
                         net (fo=0)                   0.022     0.180    v3_wr_en
                                                                      r  v3_wr_en (OUT)
  -------------------------------------------------------------------    -------------------

Slack:                    inf
  Source:                 v2_full_n
                            (input port)
  Destination:            v2_wr_en
                            (output port)
  Path Group:             (none)
  Path Type:              Max at Slow Process Corner
  Data Path Delay:        0.174ns  (logic 0.143ns (82.184%)  route 0.031ns (17.816%))
  Logic Levels:           1  (LUT3=1)

    Location             Delay type                Incr(ns)  Path(ns)    Netlist Resource(s)
  -------------------------------------------------------------------    -------------------
                                                      0.000     0.000 r  v2_full_n (IN)
                         net (fo=5, unset)            0.000     0.000    bd_0_i/hls_inst/inst/v2_full_n
    SLICE_X54Y113        LUT3 (Prop_B5LUT_SLICEM_I2_O)
                                                      0.143     0.143 r  bd_0_i/hls_inst/inst/v2_write_INST_0/O
                         net (fo=0)                   0.031     0.174    v2_wr_en
                                                                      r  v2_wr_en (OUT)
  -------------------------------------------------------------------    -------------------

Slack:                    inf
  Source:                 v1_full_n
                            (input port)
  Destination:            v1_wr_en
                            (output port)
  Path Group:             (none)
  Path Type:              Max at Slow Process Corner
  Data Path Delay:        0.170ns  (logic 0.135ns (79.412%)  route 0.035ns (20.588%))
  Logic Levels:           1  (LUT3=1)

    Location             Delay type                Incr(ns)  Path(ns)    Netlist Resource(s)
  -------------------------------------------------------------------    -------------------
                                                      0.000     0.000 r  v1_full_n (IN)
                         net (fo=4, unset)            0.000     0.000    bd_0_i/hls_inst/inst/v1_full_n
    SLICE_X54Y110        LUT3 (Prop_D5LUT_SLICEM_I1_O)
                                                      0.135     0.135 r  bd_0_i/hls_inst/inst/v1_write_INST_0/O
                         net (fo=0)                   0.035     0.170    v1_wr_en
                                                                      r  v1_wr_en (OUT)
  -------------------------------------------------------------------    -------------------

Slack:                    inf
  Source:                 v0_full_n
                            (input port)
  Destination:            v0_wr_en
                            (output port)
  Path Group:             (none)
  Path Type:              Max at Slow Process Corner
  Data Path Delay:        0.160ns  (logic 0.135ns (84.375%)  route 0.025ns (15.625%))
  Logic Levels:           1  (LUT3=1)

    Location             Delay type                Incr(ns)  Path(ns)    Netlist Resource(s)
  -------------------------------------------------------------------    -------------------
                                                      0.000     0.000 r  v0_full_n (IN)
                         net (fo=5, unset)            0.000     0.000    bd_0_i/hls_inst/inst/v0_full_n
    SLICE_X54Y111        LUT3 (Prop_H5LUT_SLICEM_I1_O)
                                                      0.135     0.135 r  bd_0_i/hls_inst/inst/v0_write_INST_0/O
                         net (fo=0)                   0.025     0.160    v0_wr_en
                                                                      r  v0_wr_en (OUT)
  -------------------------------------------------------------------    -------------------

Slack:                    inf
  Source:                 v7_full_n
                            (input port)
  Destination:            v7_wr_en
                            (output port)
  Path Group:             (none)
  Path Type:              Max at Slow Process Corner
  Data Path Delay:        0.099ns  (logic 0.099ns (100.000%)  route 0.000ns (0.000%))
  Logic Levels:           1  (LUT3=1)

    Location             Delay type                Incr(ns)  Path(ns)    Netlist Resource(s)
  -------------------------------------------------------------------    -------------------
                                                      0.000     0.000 r  v7_full_n (IN)
                         net (fo=3, unset)            0.000     0.000    bd_0_i/hls_inst/inst/v7_full_n
    SLICE_X54Y111        LUT3 (Prop_D6LUT_SLICEM_I0_O)
                                                      0.099     0.099 r  bd_0_i/hls_inst/inst/v7_write_INST_0/O
                         net (fo=0)                   0.000     0.099    v7_wr_en
                                                                      r  v7_wr_en (OUT)
  -------------------------------------------------------------------    -------------------

Slack:                    inf
  Source:                 v5_full_n
                            (input port)
  Destination:            v5_wr_en
                            (output port)
  Path Group:             (none)
  Path Type:              Max at Slow Process Corner
  Data Path Delay:        0.090ns  (logic 0.090ns (100.000%)  route 0.000ns (0.000%))
  Logic Levels:           1  (LUT3=1)

    Location             Delay type                Incr(ns)  Path(ns)    Netlist Resource(s)
  -------------------------------------------------------------------    -------------------
                                                      0.000     0.000 r  v5_full_n (IN)
                         net (fo=3, unset)            0.000     0.000    bd_0_i/hls_inst/inst/v5_full_n
    SLICE_X54Y113        LUT3 (Prop_A6LUT_SLICEM_I1_O)
                                                      0.090     0.090 r  bd_0_i/hls_inst/inst/v5_write_INST_0/O
                         net (fo=0)                   0.000     0.090    v5_wr_en
                                                                      r  v5_wr_en (OUT)
  -------------------------------------------------------------------    -------------------

Slack:                    inf
  Source:                 v4_full_n
                            (input port)
  Destination:            v4_wr_en
                            (output port)
  Path Group:             (none)
  Path Type:              Max at Slow Process Corner
  Data Path Delay:        0.089ns  (logic 0.089ns (100.000%)  route 0.000ns (0.000%))
  Logic Levels:           1  (LUT3=1)

    Location             Delay type                Incr(ns)  Path(ns)    Netlist Resource(s)
  -------------------------------------------------------------------    -------------------
                                                      0.000     0.000 r  v4_full_n (IN)
                         net (fo=2, unset)            0.000     0.000    bd_0_i/hls_inst/inst/v4_full_n
    SLICE_X54Y113        LUT3 (Prop_B6LUT_SLICEM_I1_O)
                                                      0.089     0.089 r  bd_0_i/hls_inst/inst/v4_write_INST_0/O
                         net (fo=0)                   0.000     0.089    v4_wr_en
                                                                      r  v4_wr_en (OUT)
  -------------------------------------------------------------------    -------------------

Slack:                    inf
  Source:                 v9_empty_n
                            (input port)
  Destination:            v9_rd_en
                            (output port)
  Path Group:             (none)
  Path Type:              Max at Slow Process Corner
  Data Path Delay:        0.052ns  (logic 0.052ns (100.000%)  route 0.000ns (0.000%))
  Logic Levels:           1  (LUT3=1)

    Location             Delay type                Incr(ns)  Path(ns)    Netlist Resource(s)
  -------------------------------------------------------------------    -------------------
                                                      0.000     0.000 r  v9_empty_n (IN)
                         net (fo=33, unset)           0.000     0.000    bd_0_i/hls_inst/inst/hmul_16ns_16ns_16_3_max_dsp_1_U2/v9_empty_n
    SLICE_X54Y114        LUT3 (Prop_B6LUT_SLICEM_I1_O)
                                                      0.052     0.052 r  bd_0_i/hls_inst/inst/hmul_16ns_16ns_16_3_max_dsp_1_U2/v9_read_INST_0/O
                         net (fo=52, unset)           0.000     0.052    v9_rd_en
                                                                      r  v9_rd_en (OUT)
  -------------------------------------------------------------------    -------------------

Slack:                    inf
  Source:                 v10_empty_n
                            (input port)
  Destination:            v10_rd_en
                            (output port)
  Path Group:             (none)
  Path Type:              Max at Slow Process Corner
  Data Path Delay:        0.051ns  (logic 0.051ns (100.000%)  route 0.000ns (0.000%))
  Logic Levels:           1  (LUT3=1)

    Location             Delay type                Incr(ns)  Path(ns)    Netlist Resource(s)
  -------------------------------------------------------------------    -------------------
                                                      0.000     0.000 r  v10_empty_n (IN)
                         net (fo=25, unset)           0.000     0.000    bd_0_i/hls_inst/inst/hmul_16ns_16ns_16_3_max_dsp_1_U2/v10_empty_n
    SLICE_X55Y113        LUT3 (Prop_B6LUT_SLICEL_I1_O)
                                                      0.051     0.051 r  bd_0_i/hls_inst/inst/hmul_16ns_16ns_16_3_max_dsp_1_U2/v10_read_INST_0/O
                         net (fo=56, unset)           0.000     0.051    v10_rd_en
                                                                      r  v10_rd_en (OUT)
  -------------------------------------------------------------------    -------------------





Min Delay Paths
--------------------------------------------------------------------------------------
Slack:                    inf
  Source:                 ap_ctrl_start
                            (input port)
  Destination:            ap_ctrl_idle
                            (output port)
  Path Group:             (none)
  Path Type:              Min at Fast Process Corner
  Data Path Delay:        0.015ns  (logic 0.015ns (100.000%)  route 0.000ns (0.000%))
  Logic Levels:           1  (LUT5=1)

    Location             Delay type                Incr(ns)  Path(ns)    Netlist Resource(s)
  -------------------------------------------------------------------    -------------------
                                                      0.000     0.000 f  ap_ctrl_start (IN)
                         net (fo=5, unset)            0.000     0.000    bd_0_i/hls_inst/inst/flow_control_loop_delay_pipe_U/ap_start
    SLICE_X62Y105        LUT5 (Prop_H6LUT_SLICEL_I4_O)
                                                      0.015     0.015 r  bd_0_i/hls_inst/inst/flow_control_loop_delay_pipe_U/ap_idle_INST_0/O
                         net (fo=0)                   0.000     0.015    ap_ctrl_idle
                                                                      r  ap_ctrl_idle (OUT)
  -------------------------------------------------------------------    -------------------

Slack:                    inf
  Source:                 v11_empty_n
                            (input port)
  Destination:            v11_rd_en
                            (output port)
  Path Group:             (none)
  Path Type:              Min at Fast Process Corner
  Data Path Delay:        0.022ns  (logic 0.022ns (100.000%)  route 0.000ns (0.000%))
  Logic Levels:           1  (LUT3=1)

    Location             Delay type                Incr(ns)  Path(ns)    Netlist Resource(s)
  -------------------------------------------------------------------    -------------------
                                                      0.000     0.000 r  v11_empty_n (IN)
                         net (fo=19, unset)           0.000     0.000    bd_0_i/hls_inst/inst/hmul_16ns_16ns_16_3_max_dsp_1_U2/v11_empty_n
    SLICE_X55Y113        LUT3 (Prop_A6LUT_SLICEL_I1_O)
                                                      0.022     0.022 r  bd_0_i/hls_inst/inst/hmul_16ns_16ns_16_3_max_dsp_1_U2/v11_read_INST_0/O
                         net (fo=66, unset)           0.000     0.022    v11_rd_en
                                                                      r  v11_rd_en (OUT)
  -------------------------------------------------------------------    -------------------

Slack:                    inf
  Source:                 v13_empty_n
                            (input port)
  Destination:            v13_rd_en
                            (output port)
  Path Group:             (none)
  Path Type:              Min at Fast Process Corner
  Data Path Delay:        0.022ns  (logic 0.022ns (100.000%)  route 0.000ns (0.000%))
  Logic Levels:           1  (LUT6=1)

    Location             Delay type                Incr(ns)  Path(ns)    Netlist Resource(s)
  -------------------------------------------------------------------    -------------------
                                                      0.000     0.000 r  v13_empty_n (IN)
                         net (fo=17, unset)           0.000     0.000    bd_0_i/hls_inst/inst/v13_empty_n
    SLICE_X55Y107        LUT6 (Prop_D6LUT_SLICEL_I4_O)
                                                      0.022     0.022 r  bd_0_i/hls_inst/inst/v13_read_INST_0/O
                         net (fo=48, unset)           0.000     0.022    v13_rd_en
                                                                      r  v13_rd_en (OUT)
  -------------------------------------------------------------------    -------------------

Slack:                    inf
  Source:                 v14_empty_n
                            (input port)
  Destination:            v14_rd_en
                            (output port)
  Path Group:             (none)
  Path Type:              Min at Fast Process Corner
  Data Path Delay:        0.022ns  (logic 0.022ns (100.000%)  route 0.000ns (0.000%))
  Logic Levels:           1  (LUT6=1)

    Location             Delay type                Incr(ns)  Path(ns)    Netlist Resource(s)
  -------------------------------------------------------------------    -------------------
                                                      0.000     0.000 r  v14_empty_n (IN)
                         net (fo=1, unset)            0.000     0.000    bd_0_i/hls_inst/inst/v14_empty_n
    SLICE_X57Y107        LUT6 (Prop_F6LUT_SLICEM_I4_O)
                                                      0.022     0.022 r  bd_0_i/hls_inst/inst/v14_read_INST_0/O
                         net (fo=52, unset)           0.000     0.022    v14_rd_en
                                                                      r  v14_rd_en (OUT)
  -------------------------------------------------------------------    -------------------

Slack:                    inf
  Source:                 v15_empty_n
                            (input port)
  Destination:            v15_rd_en
                            (output port)
  Path Group:             (none)
  Path Type:              Min at Fast Process Corner
  Data Path Delay:        0.022ns  (logic 0.022ns (100.000%)  route 0.000ns (0.000%))
  Logic Levels:           1  (LUT3=1)

    Location             Delay type                Incr(ns)  Path(ns)    Netlist Resource(s)
  -------------------------------------------------------------------    -------------------
                                                      0.000     0.000 r  v15_empty_n (IN)
                         net (fo=19, unset)           0.000     0.000    bd_0_i/hls_inst/inst/v15_empty_n
    SLICE_X58Y119        LUT3 (Prop_E6LUT_SLICEL_I1_O)
                                                      0.022     0.022 r  bd_0_i/hls_inst/inst/v15_read_INST_0/O
                         net (fo=35, unset)           0.000     0.022    v15_rd_en
                                                                      r  v15_rd_en (OUT)
  -------------------------------------------------------------------    -------------------

Slack:                    inf
  Source:                 v8_empty_n
                            (input port)
  Destination:            v8_rd_en
                            (output port)
  Path Group:             (none)
  Path Type:              Min at Fast Process Corner
  Data Path Delay:        0.022ns  (logic 0.022ns (100.000%)  route 0.000ns (0.000%))
  Logic Levels:           1  (LUT3=1)

    Location             Delay type                Incr(ns)  Path(ns)    Netlist Resource(s)
  -------------------------------------------------------------------    -------------------
                                                      0.000     0.000 r  v8_empty_n (IN)
                         net (fo=33, unset)           0.000     0.000    bd_0_i/hls_inst/inst/hmul_16ns_16ns_16_3_max_dsp_1_U2/v8_empty_n
    SLICE_X52Y120        LUT3 (Prop_A6LUT_SLICEL_I1_O)
                                                      0.022     0.022 r  bd_0_i/hls_inst/inst/hmul_16ns_16ns_16_3_max_dsp_1_U2/v8_read_INST_0/O
                         net (fo=56, unset)           0.000     0.022    v8_rd_en
                                                                      r  v8_rd_en (OUT)
  -------------------------------------------------------------------    -------------------

Slack:                    inf
  Source:                 v9_empty_n
                            (input port)
  Destination:            v9_rd_en
                            (output port)
  Path Group:             (none)
  Path Type:              Min at Fast Process Corner
  Data Path Delay:        0.022ns  (logic 0.022ns (100.000%)  route 0.000ns (0.000%))
  Logic Levels:           1  (LUT3=1)

    Location             Delay type                Incr(ns)  Path(ns)    Netlist Resource(s)
  -------------------------------------------------------------------    -------------------
                                                      0.000     0.000 r  v9_empty_n (IN)
                         net (fo=33, unset)           0.000     0.000    bd_0_i/hls_inst/inst/hmul_16ns_16ns_16_3_max_dsp_1_U2/v9_empty_n
    SLICE_X54Y114        LUT3 (Prop_B6LUT_SLICEM_I1_O)
                                                      0.022     0.022 r  bd_0_i/hls_inst/inst/hmul_16ns_16ns_16_3_max_dsp_1_U2/v9_read_INST_0/O
                         net (fo=52, unset)           0.000     0.022    v9_rd_en
                                                                      r  v9_rd_en (OUT)
  -------------------------------------------------------------------    -------------------

Slack:                    inf
  Source:                 v10_empty_n
                            (input port)
  Destination:            v10_rd_en
                            (output port)
  Path Group:             (none)
  Path Type:              Min at Fast Process Corner
  Data Path Delay:        0.023ns  (logic 0.023ns (100.000%)  route 0.000ns (0.000%))
  Logic Levels:           1  (LUT3=1)

    Location             Delay type                Incr(ns)  Path(ns)    Netlist Resource(s)
  -------------------------------------------------------------------    -------------------
                                                      0.000     0.000 r  v10_empty_n (IN)
                         net (fo=25, unset)           0.000     0.000    bd_0_i/hls_inst/inst/hmul_16ns_16ns_16_3_max_dsp_1_U2/v10_empty_n
    SLICE_X55Y113        LUT3 (Prop_B6LUT_SLICEL_I1_O)
                                                      0.023     0.023 r  bd_0_i/hls_inst/inst/hmul_16ns_16ns_16_3_max_dsp_1_U2/v10_read_INST_0/O
                         net (fo=56, unset)           0.000     0.023    v10_rd_en
                                                                      r  v10_rd_en (OUT)
  -------------------------------------------------------------------    -------------------

Slack:                    inf
  Source:                 v12_empty_n
                            (input port)
  Destination:            v12_rd_en
                            (output port)
  Path Group:             (none)
  Path Type:              Min at Fast Process Corner
  Data Path Delay:        0.023ns  (logic 0.023ns (100.000%)  route 0.000ns (0.000%))
  Logic Levels:           1  (LUT6=1)

    Location             Delay type                Incr(ns)  Path(ns)    Netlist Resource(s)
  -------------------------------------------------------------------    -------------------
                                                      0.000     0.000 r  v12_empty_n (IN)
                         net (fo=2, unset)            0.000     0.000    bd_0_i/hls_inst/inst/hmul_16ns_16ns_16_3_max_dsp_1_U2/v12_empty_n
    SLICE_X60Y106        LUT6 (Prop_H6LUT_SLICEL_I4_O)
                                                      0.023     0.023 r  bd_0_i/hls_inst/inst/hmul_16ns_16ns_16_3_max_dsp_1_U2/v12_read_INST_0/O
                         net (fo=52, unset)           0.000     0.023    v12_rd_en
                                                                      r  v12_rd_en (OUT)
  -------------------------------------------------------------------    -------------------

Slack:                    inf
  Source:                 v4_full_n
                            (input port)
  Destination:            v4_wr_en
                            (output port)
  Path Group:             (none)
  Path Type:              Min at Fast Process Corner
  Data Path Delay:        0.035ns  (logic 0.035ns (100.000%)  route 0.000ns (0.000%))
  Logic Levels:           1  (LUT3=1)

    Location             Delay type                Incr(ns)  Path(ns)    Netlist Resource(s)
  -------------------------------------------------------------------    -------------------
                                                      0.000     0.000 r  v4_full_n (IN)
                         net (fo=2, unset)            0.000     0.000    bd_0_i/hls_inst/inst/v4_full_n
    SLICE_X54Y113        LUT3 (Prop_B6LUT_SLICEM_I1_O)
                                                      0.035     0.035 r  bd_0_i/hls_inst/inst/v4_write_INST_0/O
                         net (fo=0)                   0.000     0.035    v4_wr_en
                                                                      r  v4_wr_en (OUT)
  -------------------------------------------------------------------    -------------------





--------------------------------------------------------------------------------------
Path Group:  (none)
From Clock:  ap_clk
  To Clock:  

Max Delay           187 Endpoints
Min Delay           187 Endpoints
--------------------------------------------------------------------------------------


Max Delay Paths
--------------------------------------------------------------------------------------
Slack:                    inf
  Source:                 bd_0_i/hls_inst/inst/ap_enable_reg_pp0_iter1_reg/C
                            (rising edge-triggered cell FDRE clocked by ap_clk  {rise@0.000ns fall@1.665ns period=3.330ns})
  Destination:            ap_ctrl_idle
                            (output port)
  Path Group:             (none)
  Path Type:              Max at Slow Process Corner
  Data Path Delay:        1.250ns  (logic 0.132ns (10.556%)  route 1.118ns (89.444%))
  Logic Levels:           1  (LUT5=1)
  Clock Uncertainty:      0.025ns  ((TSJ^2 + TIJ^2)^1/2 + DJ) / 2 + PE
    Total System Jitter     (TSJ):    0.050ns
    Total Input Jitter      (TIJ):    0.000ns
    Discrete Jitter          (DJ):    0.000ns
    Phase Error              (PE):    0.000ns

    Location             Delay type                Incr(ns)  Path(ns)    Netlist Resource(s)
  -------------------------------------------------------------------    -------------------
                         (clock ap_clk rise edge)     0.000     0.000 r  
                                                      0.000     0.000 r  ap_clk (IN)
                         net (fo=1160, unset)         0.028     0.028    bd_0_i/hls_inst/inst/ap_clk
    SLICE_X55Y113        FDRE                                         r  bd_0_i/hls_inst/inst/ap_enable_reg_pp0_iter1_reg/C
  -------------------------------------------------------------------    -------------------
    SLICE_X55Y113        FDRE (Prop_AFF2_SLICEL_C_Q)
                                                      0.081     0.109 f  bd_0_i/hls_inst/inst/ap_enable_reg_pp0_iter1_reg/Q
                         net (fo=470, routed)         1.118     1.227    bd_0_i/hls_inst/inst/flow_control_loop_delay_pipe_U/ap_enable_reg_pp0_iter1
    SLICE_X62Y105        LUT5 (Prop_H6LUT_SLICEL_I0_O)
                                                      0.051     1.278 r  bd_0_i/hls_inst/inst/flow_control_loop_delay_pipe_U/ap_idle_INST_0/O
                         net (fo=0)                   0.000     1.278    ap_ctrl_idle
                                                                      r  ap_ctrl_idle (OUT)
  -------------------------------------------------------------------    -------------------

Slack:                    inf
  Source:                 bd_0_i/hls_inst/inst/hold_cnt_249_fu_636_reg[5]/C
                            (rising edge-triggered cell FDRE clocked by ap_clk  {rise@0.000ns fall@1.665ns period=3.330ns})
  Destination:            v15_rd_en
                            (output port)
  Path Group:             (none)
  Path Type:              Max at Slow Process Corner
  Data Path Delay:        0.970ns  (logic 0.303ns (31.241%)  route 0.667ns (68.759%))
  Logic Levels:           3  (LUT3=1 LUT4=2)
  Clock Uncertainty:      0.025ns  ((TSJ^2 + TIJ^2)^1/2 + DJ) / 2 + PE
    Total System Jitter     (TSJ):    0.050ns
    Total Input Jitter      (TIJ):    0.000ns
    Discrete Jitter          (DJ):    0.000ns
    Phase Error              (PE):    0.000ns

    Location             Delay type                Incr(ns)  Path(ns)    Netlist Resource(s)
  -------------------------------------------------------------------    -------------------
                         (clock ap_clk rise edge)     0.000     0.000 r  
                                                      0.000     0.000 r  ap_clk (IN)
                         net (fo=1160, unset)         0.029     0.029    bd_0_i/hls_inst/inst/ap_clk
    SLICE_X59Y104        FDRE                                         r  bd_0_i/hls_inst/inst/hold_cnt_249_fu_636_reg[5]/C
  -------------------------------------------------------------------    -------------------
    SLICE_X59Y104        FDRE (Prop_HFF2_SLICEL_C_Q)
                                                      0.080     0.109 f  bd_0_i/hls_inst/inst/hold_cnt_249_fu_636_reg[5]/Q
                         net (fo=5, routed)           0.251     0.360    bd_0_i/hls_inst/inst/hadd_16ns_16ns_16_3_no_dsp_1_U1/v15_read_INST_0_i_1_0[5]
    SLICE_X60Y106        LUT4 (Prop_B6LUT_SLICEL_I1_O)
                                                      0.098     0.458 f  bd_0_i/hls_inst/inst/hadd_16ns_16ns_16_3_no_dsp_1_U1/v15_read_INST_0_i_2/O
                         net (fo=1, routed)           0.089     0.547    bd_0_i/hls_inst/inst/hadd_16ns_16ns_16_3_no_dsp_1_U1/v15_read_INST_0_i_2_n_0
    SLICE_X60Y106        LUT4 (Prop_C6LUT_SLICEL_I0_O)
                                                      0.035     0.582 f  bd_0_i/hls_inst/inst/hadd_16ns_16ns_16_3_no_dsp_1_U1/v15_read_INST_0_i_1/O
                         net (fo=53, routed)          0.326     0.909    bd_0_i/hls_inst/inst/hadd_16ns_16ns_16_3_no_dsp_1_U1_n_164
    SLICE_X58Y119        LUT3 (Prop_E6LUT_SLICEL_I0_O)
                                                      0.090     0.999 r  bd_0_i/hls_inst/inst/v15_read_INST_0/O
                         net (fo=35, unset)           0.000     0.999    v15_rd_en
                                                                      r  v15_rd_en (OUT)
  -------------------------------------------------------------------    -------------------

Slack:                    inf
  Source:                 bd_0_i/hls_inst/inst/hold_cnt_2310_fu_640_reg[5]/C
                            (rising edge-triggered cell FDRE clocked by ap_clk  {rise@0.000ns fall@1.665ns period=3.330ns})
  Destination:            v14_rd_en
                            (output port)
  Path Group:             (none)
  Path Type:              Max at Slow Process Corner
  Data Path Delay:        0.784ns  (logic 0.293ns (37.357%)  route 0.491ns (62.643%))
  Logic Levels:           2  (LUT4=1 LUT6=1)
  Clock Uncertainty:      0.025ns  ((TSJ^2 + TIJ^2)^1/2 + DJ) / 2 + PE
    Total System Jitter     (TSJ):    0.050ns
    Total Input Jitter      (TIJ):    0.000ns
    Discrete Jitter          (DJ):    0.000ns
    Phase Error              (PE):    0.000ns

    Location             Delay type                Incr(ns)  Path(ns)    Netlist Resource(s)
  -------------------------------------------------------------------    -------------------
                         (clock ap_clk rise edge)     0.000     0.000 r  
                                                      0.000     0.000 r  ap_clk (IN)
                         net (fo=1160, unset)         0.028     0.028    bd_0_i/hls_inst/inst/ap_clk
    SLICE_X59Y104        FDRE                                         r  bd_0_i/hls_inst/inst/hold_cnt_2310_fu_640_reg[5]/C
  -------------------------------------------------------------------    -------------------
    SLICE_X59Y104        FDRE (Prop_AFF2_SLICEL_C_Q)
                                                      0.081     0.109 f  bd_0_i/hls_inst/inst/hold_cnt_2310_fu_640_reg[5]/Q
                         net (fo=5, routed)           0.332     0.441    bd_0_i/hls_inst/inst/hadd_16ns_16ns_16_3_no_dsp_1_U1/v14_read[5]
    SLICE_X55Y108        LUT4 (Prop_A6LUT_SLICEL_I1_O)
                                                      0.124     0.565 f  bd_0_i/hls_inst/inst/hadd_16ns_16ns_16_3_no_dsp_1_U1/v14_read_INST_0_i_1/O
                         net (fo=6, routed)           0.159     0.724    bd_0_i/hls_inst/inst/hadd_16ns_16ns_16_3_no_dsp_1_U1_n_162
    SLICE_X57Y107        LUT6 (Prop_F6LUT_SLICEM_I3_O)
                                                      0.088     0.812 r  bd_0_i/hls_inst/inst/v14_read_INST_0/O
                         net (fo=52, unset)           0.000     0.812    v14_rd_en
                                                                      r  v14_rd_en (OUT)
  -------------------------------------------------------------------    -------------------

Slack:                    inf
  Source:                 bd_0_i/hls_inst/inst/hold_cnt_2211_fu_644_reg[5]/C
                            (rising edge-triggered cell FDRE clocked by ap_clk  {rise@0.000ns fall@1.665ns period=3.330ns})
  Destination:            v13_rd_en
                            (output port)
  Path Group:             (none)
  Path Type:              Max at Slow Process Corner
  Data Path Delay:        0.763ns  (logic 0.326ns (42.706%)  route 0.437ns (57.294%))
  Logic Levels:           2  (LUT4=1 LUT6=1)
  Clock Uncertainty:      0.025ns  ((TSJ^2 + TIJ^2)^1/2 + DJ) / 2 + PE
    Total System Jitter     (TSJ):    0.050ns
    Total Input Jitter      (TIJ):    0.000ns
    Discrete Jitter          (DJ):    0.000ns
    Phase Error              (PE):    0.000ns

    Location             Delay type                Incr(ns)  Path(ns)    Netlist Resource(s)
  -------------------------------------------------------------------    -------------------
                         (clock ap_clk rise edge)     0.000     0.000 r  
                                                      0.000     0.000 r  ap_clk (IN)
                         net (fo=1160, unset)         0.028     0.028    bd_0_i/hls_inst/inst/ap_clk
    SLICE_X59Y104        FDRE                                         r  bd_0_i/hls_inst/inst/hold_cnt_2211_fu_644_reg[5]/C
  -------------------------------------------------------------------    -------------------
    SLICE_X59Y104        FDRE (Prop_BFF_SLICEL_C_Q)
                                                      0.079     0.107 f  bd_0_i/hls_inst/inst/hold_cnt_2211_fu_644_reg[5]/Q
                         net (fo=6, routed)           0.297     0.404    bd_0_i/hls_inst/inst/hadd_16ns_16ns_16_3_no_dsp_1_U1/v13_read[5]
    SLICE_X55Y107        LUT4 (Prop_B6LUT_SLICEL_I1_O)
                                                      0.148     0.552 f  bd_0_i/hls_inst/inst/hadd_16ns_16ns_16_3_no_dsp_1_U1/v13_read_INST_0_i_1/O
                         net (fo=5, routed)           0.140     0.692    bd_0_i/hls_inst/inst/hadd_16ns_16ns_16_3_no_dsp_1_U1_n_163
    SLICE_X55Y107        LUT6 (Prop_D6LUT_SLICEL_I3_O)
                                                      0.099     0.791 r  bd_0_i/hls_inst/inst/v13_read_INST_0/O
                         net (fo=48, unset)           0.000     0.791    v13_rd_en
                                                                      r  v13_rd_en (OUT)
  -------------------------------------------------------------------    -------------------

Slack:                    inf
  Source:                 bd_0_i/hls_inst/inst/ap_enable_reg_pp0_iter1_reg/C
                            (rising edge-triggered cell FDRE clocked by ap_clk  {rise@0.000ns fall@1.665ns period=3.330ns})
  Destination:            v7_wr_en
                            (output port)
  Path Group:             (none)
  Path Type:              Max at Slow Process Corner
  Data Path Delay:        0.685ns  (logic 0.169ns (24.677%)  route 0.516ns (75.323%))
  Logic Levels:           1  (LUT3=1)
  Clock Uncertainty:      0.025ns  ((TSJ^2 + TIJ^2)^1/2 + DJ) / 2 + PE
    Total System Jitter     (TSJ):    0.050ns
    Total Input Jitter      (TIJ):    0.000ns
    Discrete Jitter          (DJ):    0.000ns
    Phase Error              (PE):    0.000ns

    Location             Delay type                Incr(ns)  Path(ns)    Netlist Resource(s)
  -------------------------------------------------------------------    -------------------
                         (clock ap_clk rise edge)     0.000     0.000 r  
                                                      0.000     0.000 r  ap_clk (IN)
                         net (fo=1160, unset)         0.028     0.028    bd_0_i/hls_inst/inst/ap_clk
    SLICE_X55Y113        FDRE                                         r  bd_0_i/hls_inst/inst/ap_enable_reg_pp0_iter1_reg/C
  -------------------------------------------------------------------    -------------------
    SLICE_X55Y113        FDRE (Prop_AFF2_SLICEL_C_Q)
                                                      0.081     0.109 r  bd_0_i/hls_inst/inst/ap_enable_reg_pp0_iter1_reg/Q
                         net (fo=470, routed)         0.516     0.625    bd_0_i/hls_inst/inst/ap_enable_reg_pp0_iter1
    SLICE_X54Y111        LUT3 (Prop_D6LUT_SLICEM_I2_O)
                                                      0.088     0.713 r  bd_0_i/hls_inst/inst/v7_write_INST_0/O
                         net (fo=0)                   0.000     0.713    v7_wr_en
                                                                      r  v7_wr_en (OUT)
  -------------------------------------------------------------------    -------------------

Slack:                    inf
  Source:                 bd_0_i/hls_inst/inst/ap_enable_reg_pp0_iter1_reg/C
                            (rising edge-triggered cell FDRE clocked by ap_clk  {rise@0.000ns fall@1.665ns period=3.330ns})
  Destination:            v1_wr_en
                            (output port)
  Path Group:             (none)
  Path Type:              Max at Slow Process Corner
  Data Path Delay:        0.629ns  (logic 0.147ns (23.356%)  route 0.482ns (76.644%))
  Logic Levels:           1  (LUT3=1)
  Clock Uncertainty:      0.025ns  ((TSJ^2 + TIJ^2)^1/2 + DJ) / 2 + PE
    Total System Jitter     (TSJ):    0.050ns
    Total Input Jitter      (TIJ):    0.000ns
    Discrete Jitter          (DJ):    0.000ns
    Phase Error              (PE):    0.000ns

    Location             Delay type                Incr(ns)  Path(ns)    Netlist Resource(s)
  -------------------------------------------------------------------    -------------------
                         (clock ap_clk rise edge)     0.000     0.000 r  
                                                      0.000     0.000 r  ap_clk (IN)
                         net (fo=1160, unset)         0.028     0.028    bd_0_i/hls_inst/inst/ap_clk
    SLICE_X55Y113        FDRE                                         r  bd_0_i/hls_inst/inst/ap_enable_reg_pp0_iter1_reg/C
  -------------------------------------------------------------------    -------------------
    SLICE_X55Y113        FDRE (Prop_AFF2_SLICEL_C_Q)
                                                      0.081     0.109 r  bd_0_i/hls_inst/inst/ap_enable_reg_pp0_iter1_reg/Q
                         net (fo=470, routed)         0.447     0.556    bd_0_i/hls_inst/inst/ap_enable_reg_pp0_iter1
    SLICE_X54Y110        LUT3 (Prop_D5LUT_SLICEM_I0_O)
                                                      0.066     0.622 r  bd_0_i/hls_inst/inst/v1_write_INST_0/O
                         net (fo=0)                   0.035     0.657    v1_wr_en
                                                                      r  v1_wr_en (OUT)
  -------------------------------------------------------------------    -------------------

Slack:                    inf
  Source:                 bd_0_i/hls_inst/inst/ap_enable_reg_pp0_iter1_reg/C
                            (rising edge-triggered cell FDRE clocked by ap_clk  {rise@0.000ns fall@1.665ns period=3.330ns})
  Destination:            v12_rd_en
                            (output port)
  Path Group:             (none)
  Path Type:              Max at Slow Process Corner
  Data Path Delay:        0.607ns  (logic 0.205ns (33.776%)  route 0.402ns (66.224%))
  Logic Levels:           1  (LUT6=1)
  Clock Uncertainty:      0.025ns  ((TSJ^2 + TIJ^2)^1/2 + DJ) / 2 + PE
    Total System Jitter     (TSJ):    0.050ns
    Total Input Jitter      (TIJ):    0.000ns
    Discrete Jitter          (DJ):    0.000ns
    Phase Error              (PE):    0.000ns

    Location             Delay type                Incr(ns)  Path(ns)    Netlist Resource(s)
  -------------------------------------------------------------------    -------------------
                         (clock ap_clk rise edge)     0.000     0.000 r  
                                                      0.000     0.000 r  ap_clk (IN)
                         net (fo=1160, unset)         0.028     0.028    bd_0_i/hls_inst/inst/ap_clk
    SLICE_X55Y113        FDRE                                         r  bd_0_i/hls_inst/inst/ap_enable_reg_pp0_iter1_reg/C
  -------------------------------------------------------------------    -------------------
    SLICE_X55Y113        FDRE (Prop_AFF2_SLICEL_C_Q)
                                                      0.081     0.109 r  bd_0_i/hls_inst/inst/ap_enable_reg_pp0_iter1_reg/Q
                         net (fo=470, routed)         0.402     0.511    bd_0_i/hls_inst/inst/hmul_16ns_16ns_16_3_max_dsp_1_U2/ap_enable_reg_pp0_iter1
    SLICE_X60Y106        LUT6 (Prop_H6LUT_SLICEL_I5_O)
                                                      0.124     0.635 r  bd_0_i/hls_inst/inst/hmul_16ns_16ns_16_3_max_dsp_1_U2/v12_read_INST_0/O
                         net (fo=52, unset)           0.000     0.635    v12_rd_en
                                                                      r  v12_rd_en (OUT)
  -------------------------------------------------------------------    -------------------

Slack:                    inf
  Source:                 bd_0_i/hls_inst/inst/ap_enable_reg_pp0_iter1_reg/C
                            (rising edge-triggered cell FDRE clocked by ap_clk  {rise@0.000ns fall@1.665ns period=3.330ns})
  Destination:            v8_rd_en
                            (output port)
  Path Group:             (none)
  Path Type:              Max at Slow Process Corner
  Data Path Delay:        0.596ns  (logic 0.230ns (38.578%)  route 0.366ns (61.422%))
  Logic Levels:           1  (LUT3=1)
  Clock Uncertainty:      0.025ns  ((TSJ^2 + TIJ^2)^1/2 + DJ) / 2 + PE
    Total System Jitter     (TSJ):    0.050ns
    Total Input Jitter      (TIJ):    0.000ns
    Discrete Jitter          (DJ):    0.000ns
    Phase Error              (PE):    0.000ns

    Location             Delay type                Incr(ns)  Path(ns)    Netlist Resource(s)
  -------------------------------------------------------------------    -------------------
                         (clock ap_clk rise edge)     0.000     0.000 r  
                                                      0.000     0.000 r  ap_clk (IN)
                         net (fo=1160, unset)         0.028     0.028    bd_0_i/hls_inst/inst/ap_clk
    SLICE_X55Y113        FDRE                                         r  bd_0_i/hls_inst/inst/ap_enable_reg_pp0_iter1_reg/C
  -------------------------------------------------------------------    -------------------
    SLICE_X55Y113        FDRE (Prop_AFF2_SLICEL_C_Q)
                                                      0.081     0.109 r  bd_0_i/hls_inst/inst/ap_enable_reg_pp0_iter1_reg/Q
                         net (fo=470, routed)         0.366     0.475    bd_0_i/hls_inst/inst/hmul_16ns_16ns_16_3_max_dsp_1_U2/ap_enable_reg_pp0_iter1
    SLICE_X52Y120        LUT3 (Prop_A6LUT_SLICEL_I0_O)
                                                      0.149     0.624 r  bd_0_i/hls_inst/inst/hmul_16ns_16ns_16_3_max_dsp_1_U2/v8_read_INST_0/O
                         net (fo=56, unset)           0.000     0.624    v8_rd_en
                                                                      r  v8_rd_en (OUT)
  -------------------------------------------------------------------    -------------------

Slack:                    inf
  Source:                 bd_0_i/hls_inst/inst/txp_v_182_fu_608_reg[0]/C
                            (rising edge-triggered cell FDRE clocked by ap_clk  {rise@0.000ns fall@1.665ns period=3.330ns})
  Destination:            v6_wr_en
                            (output port)
  Path Group:             (none)
  Path Type:              Max at Slow Process Corner
  Data Path Delay:        0.498ns  (logic 0.217ns (43.614%)  route 0.281ns (56.386%))
  Logic Levels:           1  (LUT3=1)
  Clock Uncertainty:      0.025ns  ((TSJ^2 + TIJ^2)^1/2 + DJ) / 2 + PE
    Total System Jitter     (TSJ):    0.050ns
    Total Input Jitter      (TIJ):    0.000ns
    Discrete Jitter          (DJ):    0.000ns
    Phase Error              (PE):    0.000ns

    Location             Delay type                Incr(ns)  Path(ns)    Netlist Resource(s)
  -------------------------------------------------------------------    -------------------
                         (clock ap_clk rise edge)     0.000     0.000 r  
                                                      0.000     0.000 r  ap_clk (IN)
                         net (fo=1160, unset)         0.030     0.030    bd_0_i/hls_inst/inst/ap_clk
    SLICE_X54Y113        FDRE                                         r  bd_0_i/hls_inst/inst/txp_v_182_fu_608_reg[0]/C
  -------------------------------------------------------------------    -------------------
    SLICE_X54Y113        FDRE (Prop_CFF_SLICEM_C_Q)
                                                      0.078     0.108 r  bd_0_i/hls_inst/inst/txp_v_182_fu_608_reg[0]/Q
                         net (fo=4, routed)           0.252     0.360    bd_0_i/hls_inst/inst/txp_v_182_fu_608_reg_n_0_[0]
    SLICE_X54Y113        LUT3 (Prop_A5LUT_SLICEM_I2_O)
                                                      0.139     0.499 r  bd_0_i/hls_inst/inst/v6_write_INST_0/O
                         net (fo=0)                   0.029     0.528    v6_wr_en
                                                                      r  v6_wr_en (OUT)
  -------------------------------------------------------------------    -------------------

Slack:                    inf
  Source:                 bd_0_i/hls_inst/inst/ap_enable_reg_pp0_iter1_reg/C
                            (rising edge-triggered cell FDRE clocked by ap_clk  {rise@0.000ns fall@1.665ns period=3.330ns})
  Destination:            v0_wr_en
                            (output port)
  Path Group:             (none)
  Path Type:              Max at Slow Process Corner
  Data Path Delay:        0.499ns  (logic 0.190ns (38.050%)  route 0.309ns (61.950%))
  Logic Levels:           1  (LUT3=1)
  Clock Uncertainty:      0.025ns  ((TSJ^2 + TIJ^2)^1/2 + DJ) / 2 + PE
    Total System Jitter     (TSJ):    0.050ns
    Total Input Jitter      (TIJ):    0.000ns
    Discrete Jitter          (DJ):    0.000ns
    Phase Error              (PE):    0.000ns

    Location             Delay type                Incr(ns)  Path(ns)    Netlist Resource(s)
  -------------------------------------------------------------------    -------------------
                         (clock ap_clk rise edge)     0.000     0.000 r  
                                                      0.000     0.000 r  ap_clk (IN)
                         net (fo=1160, unset)         0.028     0.028    bd_0_i/hls_inst/inst/ap_clk
    SLICE_X55Y113        FDRE                                         r  bd_0_i/hls_inst/inst/ap_enable_reg_pp0_iter1_reg/C
  -------------------------------------------------------------------    -------------------
    SLICE_X55Y113        FDRE (Prop_AFF2_SLICEL_C_Q)
                                                      0.081     0.109 r  bd_0_i/hls_inst/inst/ap_enable_reg_pp0_iter1_reg/Q
                         net (fo=470, routed)         0.284     0.393    bd_0_i/hls_inst/inst/ap_enable_reg_pp0_iter1
    SLICE_X54Y111        LUT3 (Prop_H5LUT_SLICEM_I0_O)
                                                      0.109     0.502 r  bd_0_i/hls_inst/inst/v0_write_INST_0/O
                         net (fo=0)                   0.025     0.527    v0_wr_en
                                                                      r  v0_wr_en (OUT)
  -------------------------------------------------------------------    -------------------





Min Delay Paths
--------------------------------------------------------------------------------------
Slack:                    inf
  Source:                 bd_0_i/hls_inst/inst/csd_pkt_03310684_fu_756_reg[9]/C
                            (rising edge-triggered cell FDRE clocked by ap_clk  {rise@0.000ns fall@1.665ns period=3.330ns})
  Destination:            v1_wr_data[9]
                            (output port)
  Path Group:             (none)
  Path Type:              Min at Fast Process Corner
  Data Path Delay:        0.037ns  (logic 0.037ns (100.000%)  route 0.000ns (0.000%))
  Logic Levels:           0  
  Clock Uncertainty:      0.025ns  ((TSJ^2 + TIJ^2)^1/2 + DJ) / 2 + PE
    Total System Jitter     (TSJ):    0.050ns
    Total Input Jitter      (TIJ):    0.000ns
    Discrete Jitter          (DJ):    0.000ns
    Phase Error              (PE):    0.000ns

    Location             Delay type                Incr(ns)  Path(ns)    Netlist Resource(s)
  -------------------------------------------------------------------    -------------------
                         (clock ap_clk rise edge)     0.000     0.000 r  
                                                      0.000     0.000 r  ap_clk (IN)
                         net (fo=1160, unset)         0.013     0.013    bd_0_i/hls_inst/inst/ap_clk
    SLICE_X54Y109        FDRE                                         r  bd_0_i/hls_inst/inst/csd_pkt_03310684_fu_756_reg[9]/C
  -------------------------------------------------------------------    -------------------
    SLICE_X54Y109        FDRE (Prop_FFF_SLICEM_C_Q)
                                                      0.037     0.050 r  bd_0_i/hls_inst/inst/csd_pkt_03310684_fu_756_reg[9]/Q
                         net (fo=0)                   0.000     0.050    v1_wr_data[9]
                                                                      r  v1_wr_data[9] (OUT)
  -------------------------------------------------------------------    -------------------

Slack:                    inf
  Source:                 bd_0_i/hls_inst/inst/csd_pkt_03311480_fu_736_reg[25]/C
                            (rising edge-triggered cell FDRE clocked by ap_clk  {rise@0.000ns fall@1.665ns period=3.330ns})
  Destination:            v3_wr_data[25]
                            (output port)
  Path Group:             (none)
  Path Type:              Min at Fast Process Corner
  Data Path Delay:        0.037ns  (logic 0.037ns (100.000%)  route 0.000ns (0.000%))
  Logic Levels:           0  
  Clock Uncertainty:      0.025ns  ((TSJ^2 + TIJ^2)^1/2 + DJ) / 2 + PE
    Total System Jitter     (TSJ):    0.050ns
    Total Input Jitter      (TIJ):    0.000ns
    Discrete Jitter          (DJ):    0.000ns
    Phase Error              (PE):    0.000ns

    Location             Delay type                Incr(ns)  Path(ns)    Netlist Resource(s)
  -------------------------------------------------------------------    -------------------
                         (clock ap_clk rise edge)     0.000     0.000 r  
                                                      0.000     0.000 r  ap_clk (IN)
                         net (fo=1160, unset)         0.013     0.013    bd_0_i/hls_inst/inst/ap_clk
    SLICE_X53Y116        FDRE                                         r  bd_0_i/hls_inst/inst/csd_pkt_03311480_fu_736_reg[25]/C
  -------------------------------------------------------------------    -------------------
    SLICE_X53Y116        FDRE (Prop_FFF_SLICEM_C_Q)
                                                      0.037     0.050 r  bd_0_i/hls_inst/inst/csd_pkt_03311480_fu_736_reg[25]/Q
                         net (fo=0)                   0.000     0.050    v3_wr_data[25]
                                                                      r  v3_wr_data[25] (OUT)
  -------------------------------------------------------------------    -------------------

Slack:                    inf
  Source:                 bd_0_i/hls_inst/inst/v12347_fu_556_reg[14]/C
                            (rising edge-triggered cell FDRE clocked by ap_clk  {rise@0.000ns fall@1.665ns period=3.330ns})
  Destination:            v5_wr_data[14]
                            (output port)
  Path Group:             (none)
  Path Type:              Min at Fast Process Corner
  Data Path Delay:        0.037ns  (logic 0.037ns (100.000%)  route 0.000ns (0.000%))
  Logic Levels:           0  
  Clock Uncertainty:      0.025ns  ((TSJ^2 + TIJ^2)^1/2 + DJ) / 2 + PE
    Total System Jitter     (TSJ):    0.050ns
    Total Input Jitter      (TIJ):    0.000ns
    Discrete Jitter          (DJ):    0.000ns
    Phase Error              (PE):    0.000ns

    Location             Delay type                Incr(ns)  Path(ns)    Netlist Resource(s)
  -------------------------------------------------------------------    -------------------
                         (clock ap_clk rise edge)     0.000     0.000 r  
                                                      0.000     0.000 r  ap_clk (IN)
                         net (fo=1160, unset)         0.013     0.013    bd_0_i/hls_inst/inst/ap_clk
    SLICE_X54Y120        FDRE                                         r  bd_0_i/hls_inst/inst/v12347_fu_556_reg[14]/C
  -------------------------------------------------------------------    -------------------
    SLICE_X54Y120        FDRE (Prop_FFF_SLICEM_C_Q)
                                                      0.037     0.050 r  bd_0_i/hls_inst/inst/v12347_fu_556_reg[14]/Q
                         net (fo=0)                   0.000     0.050    v5_wr_data[14]
                                                                      r  v5_wr_data[14] (OUT)
  -------------------------------------------------------------------    -------------------

Slack:                    inf
  Source:                 bd_0_i/hls_inst/inst/v13146_fu_552_reg[9]/C
                            (rising edge-triggered cell FDRE clocked by ap_clk  {rise@0.000ns fall@1.665ns period=3.330ns})
  Destination:            v6_wr_data[9]
                            (output port)
  Path Group:             (none)
  Path Type:              Min at Fast Process Corner
  Data Path Delay:        0.037ns  (logic 0.037ns (100.000%)  route 0.000ns (0.000%))
  Logic Levels:           0  
  Clock Uncertainty:      0.025ns  ((TSJ^2 + TIJ^2)^1/2 + DJ) / 2 + PE
    Total System Jitter     (TSJ):    0.050ns
    Total Input Jitter      (TIJ):    0.000ns
    Discrete Jitter          (DJ):    0.000ns
    Phase Error              (PE):    0.000ns

    Location             Delay type                Incr(ns)  Path(ns)    Netlist Resource(s)
  -------------------------------------------------------------------    -------------------
                         (clock ap_clk rise edge)     0.000     0.000 r  
                                                      0.000     0.000 r  ap_clk (IN)
                         net (fo=1160, unset)         0.013     0.013    bd_0_i/hls_inst/inst/ap_clk
    SLICE_X56Y116        FDRE                                         r  bd_0_i/hls_inst/inst/v13146_fu_552_reg[9]/C
  -------------------------------------------------------------------    -------------------
    SLICE_X56Y116        FDRE (Prop_FFF_SLICEM_C_Q)
                                                      0.037     0.050 r  bd_0_i/hls_inst/inst/v13146_fu_552_reg[9]/Q
                         net (fo=0)                   0.000     0.050    v6_wr_data[9]
                                                                      r  v6_wr_data[9] (OUT)
  -------------------------------------------------------------------    -------------------

Slack:                    inf
  Source:                 bd_0_i/hls_inst/inst/v13945_fu_548_reg[11]/C
                            (rising edge-triggered cell FDRE clocked by ap_clk  {rise@0.000ns fall@1.665ns period=3.330ns})
  Destination:            v7_wr_data[11]
                            (output port)
  Path Group:             (none)
  Path Type:              Min at Fast Process Corner
  Data Path Delay:        0.037ns  (logic 0.037ns (100.000%)  route 0.000ns (0.000%))
  Logic Levels:           0  
  Clock Uncertainty:      0.025ns  ((TSJ^2 + TIJ^2)^1/2 + DJ) / 2 + PE
    Total System Jitter     (TSJ):    0.050ns
    Total Input Jitter      (TIJ):    0.000ns
    Discrete Jitter          (DJ):    0.000ns
    Phase Error              (PE):    0.000ns

    Location             Delay type                Incr(ns)  Path(ns)    Netlist Resource(s)
  -------------------------------------------------------------------    -------------------
                         (clock ap_clk rise edge)     0.000     0.000 r  
                                                      0.000     0.000 r  ap_clk (IN)
                         net (fo=1160, unset)         0.013     0.013    bd_0_i/hls_inst/inst/ap_clk
    SLICE_X54Y119        FDRE                                         r  bd_0_i/hls_inst/inst/v13945_fu_548_reg[11]/C
  -------------------------------------------------------------------    -------------------
    SLICE_X54Y119        FDRE (Prop_FFF_SLICEM_C_Q)
                                                      0.037     0.050 r  bd_0_i/hls_inst/inst/v13945_fu_548_reg[11]/Q
                         net (fo=0)                   0.000     0.050    v7_wr_data[11]
                                                                      r  v7_wr_data[11] (OUT)
  -------------------------------------------------------------------    -------------------

Slack:                    inf
  Source:                 bd_0_i/hls_inst/inst/csd_pkt_03310286_fu_764_reg[0]/C
                            (rising edge-triggered cell FDRE clocked by ap_clk  {rise@0.000ns fall@1.665ns period=3.330ns})
  Destination:            v0_wr_data[0]
                            (output port)
  Path Group:             (none)
  Path Type:              Min at Fast Process Corner
  Data Path Delay:        0.038ns  (logic 0.038ns (100.000%)  route 0.000ns (0.000%))
  Logic Levels:           0  
  Clock Uncertainty:      0.025ns  ((TSJ^2 + TIJ^2)^1/2 + DJ) / 2 + PE
    Total System Jitter     (TSJ):    0.050ns
    Total Input Jitter      (TIJ):    0.000ns
    Discrete Jitter          (DJ):    0.000ns
    Phase Error              (PE):    0.000ns

    Location             Delay type                Incr(ns)  Path(ns)    Netlist Resource(s)
  -------------------------------------------------------------------    -------------------
                         (clock ap_clk rise edge)     0.000     0.000 r  
                                                      0.000     0.000 r  ap_clk (IN)
                         net (fo=1160, unset)         0.013     0.013    bd_0_i/hls_inst/inst/ap_clk
    SLICE_X61Y109        FDRE                                         r  bd_0_i/hls_inst/inst/csd_pkt_03310286_fu_764_reg[0]/C
  -------------------------------------------------------------------    -------------------
    SLICE_X61Y109        FDRE (Prop_AFF_SLICEM_C_Q)
                                                      0.038     0.051 r  bd_0_i/hls_inst/inst/csd_pkt_03310286_fu_764_reg[0]/Q
                         net (fo=0)                   0.000     0.051    v0_wr_data[0]
                                                                      r  v0_wr_data[0] (OUT)
  -------------------------------------------------------------------    -------------------

Slack:                    inf
  Source:                 bd_0_i/hls_inst/inst/csd_pkt_03310286_fu_764_reg[20]/C
                            (rising edge-triggered cell FDRE clocked by ap_clk  {rise@0.000ns fall@1.665ns period=3.330ns})
  Destination:            v0_wr_data[20]
                            (output port)
  Path Group:             (none)
  Path Type:              Min at Fast Process Corner
  Data Path Delay:        0.038ns  (logic 0.038ns (100.000%)  route 0.000ns (0.000%))
  Logic Levels:           0  
  Clock Uncertainty:      0.025ns  ((TSJ^2 + TIJ^2)^1/2 + DJ) / 2 + PE
    Total System Jitter     (TSJ):    0.050ns
    Total Input Jitter      (TIJ):    0.000ns
    Discrete Jitter          (DJ):    0.000ns
    Phase Error              (PE):    0.000ns

    Location             Delay type                Incr(ns)  Path(ns)    Netlist Resource(s)
  -------------------------------------------------------------------    -------------------
                         (clock ap_clk rise edge)     0.000     0.000 r  
                                                      0.000     0.000 r  ap_clk (IN)
                         net (fo=1160, unset)         0.013     0.013    bd_0_i/hls_inst/inst/ap_clk
    SLICE_X53Y115        FDRE                                         r  bd_0_i/hls_inst/inst/csd_pkt_03310286_fu_764_reg[20]/C
  -------------------------------------------------------------------    -------------------
    SLICE_X53Y115        FDRE (Prop_AFF_SLICEM_C_Q)
                                                      0.038     0.051 r  bd_0_i/hls_inst/inst/csd_pkt_03310286_fu_764_reg[20]/Q
                         net (fo=0)                   0.000     0.051    v0_wr_data[20]
                                                                      r  v0_wr_data[20] (OUT)
  -------------------------------------------------------------------    -------------------

Slack:                    inf
  Source:                 bd_0_i/hls_inst/inst/csd_pkt_03310286_fu_764_reg[23]/C
                            (rising edge-triggered cell FDRE clocked by ap_clk  {rise@0.000ns fall@1.665ns period=3.330ns})
  Destination:            v0_wr_data[23]
                            (output port)
  Path Group:             (none)
  Path Type:              Min at Fast Process Corner
  Data Path Delay:        0.038ns  (logic 0.038ns (100.000%)  route 0.000ns (0.000%))
  Logic Levels:           0  
  Clock Uncertainty:      0.025ns  ((TSJ^2 + TIJ^2)^1/2 + DJ) / 2 + PE
    Total System Jitter     (TSJ):    0.050ns
    Total Input Jitter      (TIJ):    0.000ns
    Discrete Jitter          (DJ):    0.000ns
    Phase Error              (PE):    0.000ns

    Location             Delay type                Incr(ns)  Path(ns)    Netlist Resource(s)
  -------------------------------------------------------------------    -------------------
                         (clock ap_clk rise edge)     0.000     0.000 r  
                                                      0.000     0.000 r  ap_clk (IN)
                         net (fo=1160, unset)         0.013     0.013    bd_0_i/hls_inst/inst/ap_clk
    SLICE_X53Y115        FDRE                                         r  bd_0_i/hls_inst/inst/csd_pkt_03310286_fu_764_reg[23]/C
  -------------------------------------------------------------------    -------------------
    SLICE_X53Y115        FDRE (Prop_CFF_SLICEM_C_Q)
                                                      0.038     0.051 r  bd_0_i/hls_inst/inst/csd_pkt_03310286_fu_764_reg[23]/Q
                         net (fo=0)                   0.000     0.051    v0_wr_data[23]
                                                                      r  v0_wr_data[23] (OUT)
  -------------------------------------------------------------------    -------------------

Slack:                    inf
  Source:                 bd_0_i/hls_inst/inst/csd_pkt_03310286_fu_764_reg[24]/C
                            (rising edge-triggered cell FDRE clocked by ap_clk  {rise@0.000ns fall@1.665ns period=3.330ns})
  Destination:            v0_wr_data[24]
                            (output port)
  Path Group:             (none)
  Path Type:              Min at Fast Process Corner
  Data Path Delay:        0.038ns  (logic 0.038ns (100.000%)  route 0.000ns (0.000%))
  Logic Levels:           0  
  Clock Uncertainty:      0.025ns  ((TSJ^2 + TIJ^2)^1/2 + DJ) / 2 + PE
    Total System Jitter     (TSJ):    0.050ns
    Total Input Jitter      (TIJ):    0.000ns
    Discrete Jitter          (DJ):    0.000ns
    Phase Error              (PE):    0.000ns

    Location             Delay type                Incr(ns)  Path(ns)    Netlist Resource(s)
  -------------------------------------------------------------------    -------------------
                         (clock ap_clk rise edge)     0.000     0.000 r  
                                                      0.000     0.000 r  ap_clk (IN)
                         net (fo=1160, unset)         0.013     0.013    bd_0_i/hls_inst/inst/ap_clk
    SLICE_X53Y115        FDRE                                         r  bd_0_i/hls_inst/inst/csd_pkt_03310286_fu_764_reg[24]/C
  -------------------------------------------------------------------    -------------------
    SLICE_X53Y115        FDRE (Prop_BFF_SLICEM_C_Q)
                                                      0.038     0.051 r  bd_0_i/hls_inst/inst/csd_pkt_03310286_fu_764_reg[24]/Q
                         net (fo=0)                   0.000     0.051    v0_wr_data[24]
                                                                      r  v0_wr_data[24] (OUT)
  -------------------------------------------------------------------    -------------------

Slack:                    inf
  Source:                 bd_0_i/hls_inst/inst/csd_pkt_03310286_fu_764_reg[5]/C
                            (rising edge-triggered cell FDRE clocked by ap_clk  {rise@0.000ns fall@1.665ns period=3.330ns})
  Destination:            v0_wr_data[5]
                            (output port)
  Path Group:             (none)
  Path Type:              Min at Fast Process Corner
  Data Path Delay:        0.038ns  (logic 0.038ns (100.000%)  route 0.000ns (0.000%))
  Logic Levels:           0  
  Clock Uncertainty:      0.025ns  ((TSJ^2 + TIJ^2)^1/2 + DJ) / 2 + PE
    Total System Jitter     (TSJ):    0.050ns
    Total Input Jitter      (TIJ):    0.000ns
    Discrete Jitter          (DJ):    0.000ns
    Phase Error              (PE):    0.000ns

    Location             Delay type                Incr(ns)  Path(ns)    Netlist Resource(s)
  -------------------------------------------------------------------    -------------------
                         (clock ap_clk rise edge)     0.000     0.000 r  
                                                      0.000     0.000 r  ap_clk (IN)
                         net (fo=1160, unset)         0.013     0.013    bd_0_i/hls_inst/inst/ap_clk
    SLICE_X61Y109        FDRE                                         r  bd_0_i/hls_inst/inst/csd_pkt_03310286_fu_764_reg[5]/C
  -------------------------------------------------------------------    -------------------
    SLICE_X61Y109        FDRE (Prop_CFF_SLICEM_C_Q)
                                                      0.038     0.051 r  bd_0_i/hls_inst/inst/csd_pkt_03310286_fu_764_reg[5]/Q
                         net (fo=0)                   0.000     0.051    v0_wr_data[5]
                                                                      r  v0_wr_data[5] (OUT)
  -------------------------------------------------------------------    -------------------





--------------------------------------------------------------------------------------
Path Group:  (none)
From Clock:  
  To Clock:  ap_clk

Max Delay          1436 Endpoints
Min Delay          1436 Endpoints
--------------------------------------------------------------------------------------


Max Delay Paths
--------------------------------------------------------------------------------------
Slack:                    inf
  Source:                 <hidden>
                            (internal pin)
  Destination:            <hidden>
                            (rising edge-triggered cell FDRE clocked by ap_clk  {rise@0.000ns fall@1.665ns period=3.330ns})
  Path Group:             (none)
  Path Type:              Setup (Max at Slow Process Corner)
  Data Path Delay:        3.762ns  (logic 2.903ns (77.164%)  route 0.859ns (22.836%))
  Logic Levels:           12  (CARRY8=2 DSP_A_B_DATA=1 DSP_ALU=2 DSP_M_DATA=1 DSP_MULTIPLIER=1 DSP_OUTPUT=2 DSP_PREADD_DATA=1 LUT2=1 LUT3=1)
  Clock Uncertainty:      0.025ns  ((TSJ^2 + TIJ^2)^1/2 + DJ) / 2 + PE
    Total System Jitter     (TSJ):    0.050ns
    Total Input Jitter      (TIJ):    0.000ns
    Discrete Jitter          (DJ):    0.000ns
    Phase Error              (PE):    0.000ns

    Location             Delay type                Incr(ns)  Path(ns)    Netlist Resource(s)
  -------------------------------------------------------------------    -------------------
    DSP48E2_X6Y54        DSP_A_B_DATA                 0.000     0.000 r  <hidden>
                         net (fo=1, routed)           0.000     0.000    <hidden>
    DSP48E2_X6Y54        DSP_PREADD_DATA (Prop_DSP_PREADD_DATA_DSP48E2_B2_DATA[17]_B2B1[17])
                                                      0.073     0.073 r  <hidden>
                         net (fo=1, routed)           0.000     0.073    <hidden>
    DSP48E2_X6Y54        DSP_MULTIPLIER (Prop_DSP_MULTIPLIER_DSP48E2_B2B1[17]_V[43])
                                                      0.609     0.682 f  <hidden>
                         net (fo=1, routed)           0.000     0.682    <hidden>
    DSP48E2_X6Y54        DSP_M_DATA (Prop_DSP_M_DATA_DSP48E2_V[43]_V_DATA[43])
                                                      0.046     0.728 r  <hidden>
                         net (fo=1, routed)           0.000     0.728    <hidden>
    DSP48E2_X6Y54        DSP_ALU (Prop_DSP_ALU_DSP48E2_V_DATA[43]_ALU_OUT[47])
                                                      0.571     1.299 r  <hidden>
                         net (fo=1, routed)           0.000     1.299    <hidden>
    DSP48E2_X6Y54        DSP_OUTPUT (Prop_DSP_OUTPUT_DSP48E2_ALU_OUT[47]_PATTERN_DETECT)
                                                      0.363     1.662 f  <hidden>
                         net (fo=2, routed)           0.255     1.917    <hidden>
    SLICE_X63Y140        LUT3 (Prop_A6LUT_SLICEM_I2_O)
                                                      0.053     1.970 r  <hidden>
                         net (fo=1, routed)           0.013     1.983    <hidden>
    SLICE_X63Y140        CARRY8 (Prop_CARRY8_SLICEM_S[0]_CO[2])
                                                      0.115     2.098 f  <hidden>
                         net (fo=1, routed)           0.222     2.320    <hidden>
    DSP48E2_X6Y56        DSP_A_B_DATA (Prop_DSP_A_B_DATA_DSP48E2_B[1]_B_ALU[1])
                                                      0.165     2.485 r  <hidden>
                         net (fo=1, routed)           0.000     2.485    <hidden>
    DSP48E2_X6Y56        DSP_ALU (Prop_DSP_ALU_DSP48E2_B_ALU[1]_ALU_OUT[12])
                                                      0.541     3.026 f  <hidden>
                         net (fo=1, routed)           0.000     3.026    <hidden>
    DSP48E2_X6Y56        DSP_OUTPUT (Prop_DSP_OUTPUT_DSP48E2_ALU_OUT[12]_P[12])
                                                      0.109     3.135 r  <hidden>
                         net (fo=1, routed)           0.231     3.366    <hidden>
    SLICE_X63Y141        CARRY8 (Prop_CARRY8_SLICEM_CI_O[4])
                                                      0.193     3.559 r  <hidden>
                         net (fo=1, routed)           0.123     3.682    <hidden>
    SLICE_X62Y141        LUT2 (Prop_H5LUT_SLICEL_I0_O)
                                                      0.065     3.747 r  <hidden>
                         net (fo=1, routed)           0.015     3.762    <hidden>
    SLICE_X62Y141        FDRE                                         r  <hidden>
  -------------------------------------------------------------------    -------------------

                         (clock ap_clk rise edge)     0.000     0.000 r  
                                                      0.000     0.000 r  ap_clk (IN)
                         net (fo=1160, unset)         0.020     0.020    <hidden>
    SLICE_X62Y141        FDRE                                         r  <hidden>

Slack:                    inf
  Source:                 <hidden>
                            (internal pin)
  Destination:            <hidden>
                            (rising edge-triggered cell FDRE clocked by ap_clk  {rise@0.000ns fall@1.665ns period=3.330ns})
  Path Group:             (none)
  Path Type:              Setup (Max at Slow Process Corner)
  Data Path Delay:        3.759ns  (logic 2.890ns (76.879%)  route 0.869ns (23.121%))
  Logic Levels:           12  (CARRY8=2 DSP_A_B_DATA=1 DSP_ALU=2 DSP_M_DATA=1 DSP_MULTIPLIER=1 DSP_OUTPUT=2 DSP_PREADD_DATA=1 LUT2=1 LUT3=1)
  Clock Uncertainty:      0.025ns  ((TSJ^2 + TIJ^2)^1/2 + DJ) / 2 + PE
    Total System Jitter     (TSJ):    0.050ns
    Total Input Jitter      (TIJ):    0.000ns
    Discrete Jitter          (DJ):    0.000ns
    Phase Error              (PE):    0.000ns

    Location             Delay type                Incr(ns)  Path(ns)    Netlist Resource(s)
  -------------------------------------------------------------------    -------------------
    DSP48E2_X6Y54        DSP_A_B_DATA                 0.000     0.000 r  <hidden>
                         net (fo=1, routed)           0.000     0.000    <hidden>
    DSP48E2_X6Y54        DSP_PREADD_DATA (Prop_DSP_PREADD_DATA_DSP48E2_B2_DATA[17]_B2B1[17])
                                                      0.073     0.073 r  <hidden>
                         net (fo=1, routed)           0.000     0.073    <hidden>
    DSP48E2_X6Y54        DSP_MULTIPLIER (Prop_DSP_MULTIPLIER_DSP48E2_B2B1[17]_V[43])
                                                      0.609     0.682 f  <hidden>
                         net (fo=1, routed)           0.000     0.682    <hidden>
    DSP48E2_X6Y54        DSP_M_DATA (Prop_DSP_M_DATA_DSP48E2_V[43]_V_DATA[43])
                                                      0.046     0.728 r  <hidden>
                         net (fo=1, routed)           0.000     0.728    <hidden>
    DSP48E2_X6Y54        DSP_ALU (Prop_DSP_ALU_DSP48E2_V_DATA[43]_ALU_OUT[47])
                                                      0.571     1.299 r  <hidden>
                         net (fo=1, routed)           0.000     1.299    <hidden>
    DSP48E2_X6Y54        DSP_OUTPUT (Prop_DSP_OUTPUT_DSP48E2_ALU_OUT[47]_PATTERN_DETECT)
                                                      0.363     1.662 f  <hidden>
                         net (fo=2, routed)           0.255     1.917    <hidden>
    SLICE_X63Y140        LUT3 (Prop_A6LUT_SLICEM_I2_O)
                                                      0.053     1.970 r  <hidden>
                         net (fo=1, routed)           0.013     1.983    <hidden>
    SLICE_X63Y140        CARRY8 (Prop_CARRY8_SLICEM_S[0]_CO[2])
                                                      0.115     2.098 f  <hidden>
                         net (fo=1, routed)           0.222     2.320    <hidden>
    DSP48E2_X6Y56        DSP_A_B_DATA (Prop_DSP_A_B_DATA_DSP48E2_B[1]_B_ALU[1])
                                                      0.165     2.485 r  <hidden>
                         net (fo=1, routed)           0.000     2.485    <hidden>
    DSP48E2_X6Y56        DSP_ALU (Prop_DSP_ALU_DSP48E2_B_ALU[1]_ALU_OUT[12])
                                                      0.541     3.026 f  <hidden>
                         net (fo=1, routed)           0.000     3.026    <hidden>
    DSP48E2_X6Y56        DSP_OUTPUT (Prop_DSP_OUTPUT_DSP48E2_ALU_OUT[12]_P[12])
                                                      0.109     3.135 r  <hidden>
                         net (fo=1, routed)           0.231     3.366    <hidden>
    SLICE_X63Y141        CARRY8 (Prop_CARRY8_SLICEM_CI_O[2])
                                                      0.131     3.497 r  <hidden>
                         net (fo=1, routed)           0.130     3.627    <hidden>
    SLICE_X62Y141        LUT2 (Prop_E5LUT_SLICEL_I0_O)
                                                      0.114     3.741 r  <hidden>
                         net (fo=1, routed)           0.018     3.759    <hidden>
    SLICE_X62Y141        FDRE                                         r  <hidden>
  -------------------------------------------------------------------    -------------------

                         (clock ap_clk rise edge)     0.000     0.000 r  
                                                      0.000     0.000 r  ap_clk (IN)
                         net (fo=1160, unset)         0.020     0.020    <hidden>
    SLICE_X62Y141        FDRE                                         r  <hidden>

Slack:                    inf
  Source:                 <hidden>
                            (internal pin)
  Destination:            <hidden>
                            (rising edge-triggered cell FDRE clocked by ap_clk  {rise@0.000ns fall@1.665ns period=3.330ns})
  Path Group:             (none)
  Path Type:              Setup (Max at Slow Process Corner)
  Data Path Delay:        3.721ns  (logic 2.827ns (75.971%)  route 0.894ns (24.029%))
  Logic Levels:           12  (CARRY8=2 DSP_A_B_DATA=1 DSP_ALU=2 DSP_M_DATA=1 DSP_MULTIPLIER=1 DSP_OUTPUT=2 DSP_PREADD_DATA=1 LUT2=1 LUT3=1)
  Clock Uncertainty:      0.025ns  ((TSJ^2 + TIJ^2)^1/2 + DJ) / 2 + PE
    Total System Jitter     (TSJ):    0.050ns
    Total Input Jitter      (TIJ):    0.000ns
    Discrete Jitter          (DJ):    0.000ns
    Phase Error              (PE):    0.000ns

    Location             Delay type                Incr(ns)  Path(ns)    Netlist Resource(s)
  -------------------------------------------------------------------    -------------------
    DSP48E2_X6Y54        DSP_A_B_DATA                 0.000     0.000 r  <hidden>
                         net (fo=1, routed)           0.000     0.000    <hidden>
    DSP48E2_X6Y54        DSP_PREADD_DATA (Prop_DSP_PREADD_DATA_DSP48E2_B2_DATA[17]_B2B1[17])
                                                      0.073     0.073 r  <hidden>
                         net (fo=1, routed)           0.000     0.073    <hidden>
    DSP48E2_X6Y54        DSP_MULTIPLIER (Prop_DSP_MULTIPLIER_DSP48E2_B2B1[17]_V[43])
                                                      0.609     0.682 f  <hidden>
                         net (fo=1, routed)           0.000     0.682    <hidden>
    DSP48E2_X6Y54        DSP_M_DATA (Prop_DSP_M_DATA_DSP48E2_V[43]_V_DATA[43])
                                                      0.046     0.728 r  <hidden>
                         net (fo=1, routed)           0.000     0.728    <hidden>
    DSP48E2_X6Y54        DSP_ALU (Prop_DSP_ALU_DSP48E2_V_DATA[43]_ALU_OUT[47])
                                                      0.571     1.299 r  <hidden>
                         net (fo=1, routed)           0.000     1.299    <hidden>
    DSP48E2_X6Y54        DSP_OUTPUT (Prop_DSP_OUTPUT_DSP48E2_ALU_OUT[47]_PATTERN_DETECT)
                                                      0.363     1.662 f  <hidden>
                         net (fo=2, routed)           0.255     1.917    <hidden>
    SLICE_X63Y140        LUT3 (Prop_A6LUT_SLICEM_I2_O)
                                                      0.053     1.970 r  <hidden>
                         net (fo=1, routed)           0.013     1.983    <hidden>
    SLICE_X63Y140        CARRY8 (Prop_CARRY8_SLICEM_S[0]_CO[2])
                                                      0.115     2.098 f  <hidden>
                         net (fo=1, routed)           0.222     2.320    <hidden>
    DSP48E2_X6Y56        DSP_A_B_DATA (Prop_DSP_A_B_DATA_DSP48E2_B[1]_B_ALU[1])
                                                      0.165     2.485 r  <hidden>
                         net (fo=1, routed)           0.000     2.485    <hidden>
    DSP48E2_X6Y56        DSP_ALU (Prop_DSP_ALU_DSP48E2_B_ALU[1]_ALU_OUT[12])
                                                      0.541     3.026 f  <hidden>
                         net (fo=1, routed)           0.000     3.026    <hidden>
    DSP48E2_X6Y56        DSP_OUTPUT (Prop_DSP_OUTPUT_DSP48E2_ALU_OUT[12]_P[12])
                                                      0.109     3.135 r  <hidden>
                         net (fo=1, routed)           0.231     3.366    <hidden>
    SLICE_X63Y141        CARRY8 (Prop_CARRY8_SLICEM_CI_O[1])
                                                      0.132     3.498 r  <hidden>
                         net (fo=1, routed)           0.124     3.622    <hidden>
    SLICE_X62Y141        LUT2 (Prop_D6LUT_SLICEL_I0_O)
                                                      0.050     3.672 r  <hidden>
                         net (fo=1, routed)           0.049     3.721    <hidden>
    SLICE_X62Y141        FDRE                                         r  <hidden>
  -------------------------------------------------------------------    -------------------

                         (clock ap_clk rise edge)     0.000     0.000 r  
                                                      0.000     0.000 r  ap_clk (IN)
                         net (fo=1160, unset)         0.020     0.020    <hidden>
    SLICE_X62Y141        FDRE                                         r  <hidden>

Slack:                    inf
  Source:                 <hidden>
                            (internal pin)
  Destination:            <hidden>
                            (rising edge-triggered cell FDRE clocked by ap_clk  {rise@0.000ns fall@1.665ns period=3.330ns})
  Path Group:             (none)
  Path Type:              Setup (Max at Slow Process Corner)
  Data Path Delay:        3.720ns  (logic 2.818ns (75.750%)  route 0.902ns (24.250%))
  Logic Levels:           12  (CARRY8=2 DSP_A_B_DATA=1 DSP_ALU=2 DSP_M_DATA=1 DSP_MULTIPLIER=1 DSP_OUTPUT=2 DSP_PREADD_DATA=1 LUT2=1 LUT3=1)
  Clock Uncertainty:      0.025ns  ((TSJ^2 + TIJ^2)^1/2 + DJ) / 2 + PE
    Total System Jitter     (TSJ):    0.050ns
    Total Input Jitter      (TIJ):    0.000ns
    Discrete Jitter          (DJ):    0.000ns
    Phase Error              (PE):    0.000ns

    Location             Delay type                Incr(ns)  Path(ns)    Netlist Resource(s)
  -------------------------------------------------------------------    -------------------
    DSP48E2_X6Y54        DSP_A_B_DATA                 0.000     0.000 r  <hidden>
                         net (fo=1, routed)           0.000     0.000    <hidden>
    DSP48E2_X6Y54        DSP_PREADD_DATA (Prop_DSP_PREADD_DATA_DSP48E2_B2_DATA[17]_B2B1[17])
                                                      0.073     0.073 r  <hidden>
                         net (fo=1, routed)           0.000     0.073    <hidden>
    DSP48E2_X6Y54        DSP_MULTIPLIER (Prop_DSP_MULTIPLIER_DSP48E2_B2B1[17]_V[43])
                                                      0.609     0.682 f  <hidden>
                         net (fo=1, routed)           0.000     0.682    <hidden>
    DSP48E2_X6Y54        DSP_M_DATA (Prop_DSP_M_DATA_DSP48E2_V[43]_V_DATA[43])
                                                      0.046     0.728 r  <hidden>
                         net (fo=1, routed)           0.000     0.728    <hidden>
    DSP48E2_X6Y54        DSP_ALU (Prop_DSP_ALU_DSP48E2_V_DATA[43]_ALU_OUT[47])
                                                      0.571     1.299 r  <hidden>
                         net (fo=1, routed)           0.000     1.299    <hidden>
    DSP48E2_X6Y54        DSP_OUTPUT (Prop_DSP_OUTPUT_DSP48E2_ALU_OUT[47]_PATTERN_DETECT)
                                                      0.363     1.662 f  <hidden>
                         net (fo=2, routed)           0.255     1.917    <hidden>
    SLICE_X63Y140        LUT3 (Prop_A6LUT_SLICEM_I2_O)
                                                      0.053     1.970 r  <hidden>
                         net (fo=1, routed)           0.013     1.983    <hidden>
    SLICE_X63Y140        CARRY8 (Prop_CARRY8_SLICEM_S[0]_CO[2])
                                                      0.115     2.098 f  <hidden>
                         net (fo=1, routed)           0.222     2.320    <hidden>
    DSP48E2_X6Y56        DSP_A_B_DATA (Prop_DSP_A_B_DATA_DSP48E2_B[1]_B_ALU[1])
                                                      0.165     2.485 r  <hidden>
                         net (fo=1, routed)           0.000     2.485    <hidden>
    DSP48E2_X6Y56        DSP_ALU (Prop_DSP_ALU_DSP48E2_B_ALU[1]_ALU_OUT[12])
                                                      0.541     3.026 f  <hidden>
                         net (fo=1, routed)           0.000     3.026    <hidden>
    DSP48E2_X6Y56        DSP_OUTPUT (Prop_DSP_OUTPUT_DSP48E2_ALU_OUT[12]_P[12])
                                                      0.109     3.135 r  <hidden>
                         net (fo=1, routed)           0.231     3.366    <hidden>
    SLICE_X63Y141        CARRY8 (Prop_CARRY8_SLICEM_CI_O[3])
                                                      0.135     3.501 r  <hidden>
                         net (fo=1, routed)           0.128     3.629    <hidden>
    SLICE_X63Y139        LUT2 (Prop_A6LUT_SLICEM_I0_O)
                                                      0.038     3.667 r  <hidden>
                         net (fo=1, routed)           0.053     3.720    <hidden>
    SLICE_X63Y139        FDRE                                         r  <hidden>
  -------------------------------------------------------------------    -------------------

                         (clock ap_clk rise edge)     0.000     0.000 r  
                                                      0.000     0.000 r  ap_clk (IN)
                         net (fo=1160, unset)         0.021     0.021    <hidden>
    SLICE_X63Y139        FDRE                                         r  <hidden>

Slack:                    inf
  Source:                 <hidden>
                            (internal pin)
  Destination:            <hidden>
                            (rising edge-triggered cell FDRE clocked by ap_clk  {rise@0.000ns fall@1.665ns period=3.330ns})
  Path Group:             (none)
  Path Type:              Setup (Max at Slow Process Corner)
  Data Path Delay:        3.687ns  (logic 2.790ns (75.668%)  route 0.897ns (24.332%))
  Logic Levels:           12  (CARRY8=2 DSP_A_B_DATA=1 DSP_ALU=2 DSP_M_DATA=1 DSP_MULTIPLIER=1 DSP_OUTPUT=2 DSP_PREADD_DATA=1 LUT3=1 LUT6=1)
  Clock Uncertainty:      0.025ns  ((TSJ^2 + TIJ^2)^1/2 + DJ) / 2 + PE
    Total System Jitter     (TSJ):    0.050ns
    Total Input Jitter      (TIJ):    0.000ns
    Discrete Jitter          (DJ):    0.000ns
    Phase Error              (PE):    0.000ns

    Location             Delay type                Incr(ns)  Path(ns)    Netlist Resource(s)
  -------------------------------------------------------------------    -------------------
    DSP48E2_X6Y54        DSP_A_B_DATA                 0.000     0.000 r  <hidden>
                         net (fo=1, routed)           0.000     0.000    <hidden>
    DSP48E2_X6Y54        DSP_PREADD_DATA (Prop_DSP_PREADD_DATA_DSP48E2_B2_DATA[17]_B2B1[17])
                                                      0.073     0.073 r  <hidden>
                         net (fo=1, routed)           0.000     0.073    <hidden>
    DSP48E2_X6Y54        DSP_MULTIPLIER (Prop_DSP_MULTIPLIER_DSP48E2_B2B1[17]_V[43])
                                                      0.609     0.682 f  <hidden>
                         net (fo=1, routed)           0.000     0.682    <hidden>
    DSP48E2_X6Y54        DSP_M_DATA (Prop_DSP_M_DATA_DSP48E2_V[43]_V_DATA[43])
                                                      0.046     0.728 r  <hidden>
                         net (fo=1, routed)           0.000     0.728    <hidden>
    DSP48E2_X6Y54        DSP_ALU (Prop_DSP_ALU_DSP48E2_V_DATA[43]_ALU_OUT[47])
                                                      0.571     1.299 r  <hidden>
                         net (fo=1, routed)           0.000     1.299    <hidden>
    DSP48E2_X6Y54        DSP_OUTPUT (Prop_DSP_OUTPUT_DSP48E2_ALU_OUT[47]_PATTERN_DETECT)
                                                      0.363     1.662 f  <hidden>
                         net (fo=2, routed)           0.255     1.917    <hidden>
    SLICE_X63Y140        LUT3 (Prop_A6LUT_SLICEM_I2_O)
                                                      0.053     1.970 r  <hidden>
                         net (fo=1, routed)           0.013     1.983    <hidden>
    SLICE_X63Y140        CARRY8 (Prop_CARRY8_SLICEM_S[0]_CO[2])
                                                      0.115     2.098 f  <hidden>
                         net (fo=1, routed)           0.222     2.320    <hidden>
    DSP48E2_X6Y56        DSP_A_B_DATA (Prop_DSP_A_B_DATA_DSP48E2_B[1]_B_ALU[1])
                                                      0.165     2.485 r  <hidden>
                         net (fo=1, routed)           0.000     2.485    <hidden>
    DSP48E2_X6Y56        DSP_ALU (Prop_DSP_ALU_DSP48E2_B_ALU[1]_ALU_OUT[12])
                                                      0.541     3.026 f  <hidden>
                         net (fo=1, routed)           0.000     3.026    <hidden>
    DSP48E2_X6Y56        DSP_OUTPUT (Prop_DSP_OUTPUT_DSP48E2_ALU_OUT[12]_P[12])
                                                      0.109     3.135 r  <hidden>
                         net (fo=1, routed)           0.231     3.366    <hidden>
    SLICE_X63Y141        CARRY8 (Prop_CARRY8_SLICEM_CI_O[0])
                                                      0.110     3.476 r  <hidden>
                         net (fo=1, routed)           0.125     3.601    <hidden>
    SLICE_X62Y141        LUT6 (Prop_F6LUT_SLICEL_I2_O)
                                                      0.035     3.636 r  <hidden>
                         net (fo=1, routed)           0.051     3.687    <hidden>
    SLICE_X62Y141        FDRE                                         r  <hidden>
  -------------------------------------------------------------------    -------------------

                         (clock ap_clk rise edge)     0.000     0.000 r  
                                                      0.000     0.000 r  ap_clk (IN)
                         net (fo=1160, unset)         0.020     0.020    <hidden>
    SLICE_X62Y141        FDRE                                         r  <hidden>

Slack:                    inf
  Source:                 <hidden>
                            (internal pin)
  Destination:            <hidden>
                            (rising edge-triggered cell FDRE clocked by ap_clk  {rise@0.000ns fall@1.665ns period=3.330ns})
  Path Group:             (none)
  Path Type:              Setup (Max at Slow Process Corner)
  Data Path Delay:        3.522ns  (logic 2.645ns (75.096%)  route 0.877ns (24.904%))
  Logic Levels:           10  (CARRY8=1 DSP_A_B_DATA=1 DSP_ALU=2 DSP_M_DATA=1 DSP_MULTIPLIER=1 DSP_OUTPUT=2 DSP_PREADD_DATA=1 LUT3=1)
  Clock Uncertainty:      0.025ns  ((TSJ^2 + TIJ^2)^1/2 + DJ) / 2 + PE
    Total System Jitter     (TSJ):    0.050ns
    Total Input Jitter      (TIJ):    0.000ns
    Discrete Jitter          (DJ):    0.000ns
    Phase Error              (PE):    0.000ns

    Location             Delay type                Incr(ns)  Path(ns)    Netlist Resource(s)
  -------------------------------------------------------------------    -------------------
    DSP48E2_X6Y54        DSP_A_B_DATA                 0.000     0.000 r  <hidden>
                         net (fo=1, routed)           0.000     0.000    <hidden>
    DSP48E2_X6Y54        DSP_PREADD_DATA (Prop_DSP_PREADD_DATA_DSP48E2_B2_DATA[17]_B2B1[17])
                                                      0.073     0.073 r  <hidden>
                         net (fo=1, routed)           0.000     0.073    <hidden>
    DSP48E2_X6Y54        DSP_MULTIPLIER (Prop_DSP_MULTIPLIER_DSP48E2_B2B1[17]_V[43])
                                                      0.609     0.682 f  <hidden>
                         net (fo=1, routed)           0.000     0.682    <hidden>
    DSP48E2_X6Y54        DSP_M_DATA (Prop_DSP_M_DATA_DSP48E2_V[43]_V_DATA[43])
                                                      0.046     0.728 r  <hidden>
                         net (fo=1, routed)           0.000     0.728    <hidden>
    DSP48E2_X6Y54        DSP_ALU (Prop_DSP_ALU_DSP48E2_V_DATA[43]_ALU_OUT[47])
                                                      0.571     1.299 r  <hidden>
                         net (fo=1, routed)           0.000     1.299    <hidden>
    DSP48E2_X6Y54        DSP_OUTPUT (Prop_DSP_OUTPUT_DSP48E2_ALU_OUT[47]_PATTERN_DETECT)
                                                      0.363     1.662 f  <hidden>
                         net (fo=2, routed)           0.255     1.917    <hidden>
    SLICE_X63Y140        LUT3 (Prop_A6LUT_SLICEM_I2_O)
                                                      0.053     1.970 r  <hidden>
                         net (fo=1, routed)           0.013     1.983    <hidden>
    SLICE_X63Y140        CARRY8 (Prop_CARRY8_SLICEM_S[0]_CO[2])
                                                      0.115     2.098 f  <hidden>
                         net (fo=1, routed)           0.222     2.320    <hidden>
    DSP48E2_X6Y56        DSP_A_B_DATA (Prop_DSP_A_B_DATA_DSP48E2_B[1]_B_ALU[1])
                                                      0.165     2.485 r  <hidden>
                         net (fo=1, routed)           0.000     2.485    <hidden>
    DSP48E2_X6Y56        DSP_ALU (Prop_DSP_ALU_DSP48E2_B_ALU[1]_ALU_OUT[3])
                                                      0.541     3.026 f  <hidden>
                         net (fo=1, routed)           0.000     3.026    <hidden>
    DSP48E2_X6Y56        DSP_OUTPUT (Prop_DSP_OUTPUT_DSP48E2_ALU_OUT[3]_P[3])
                                                      0.109     3.135 r  <hidden>
                         net (fo=1, routed)           0.387     3.522    <hidden>
    SLICE_X63Y140        FDRE                                         r  <hidden>
  -------------------------------------------------------------------    -------------------

                         (clock ap_clk rise edge)     0.000     0.000 r  
                                                      0.000     0.000 r  ap_clk (IN)
                         net (fo=1160, unset)         0.021     0.021    <hidden>
    SLICE_X63Y140        FDRE                                         r  <hidden>

Slack:                    inf
  Source:                 <hidden>
                            (internal pin)
  Destination:            <hidden>
                            (rising edge-triggered cell FDRE clocked by ap_clk  {rise@0.000ns fall@1.665ns period=3.330ns})
  Path Group:             (none)
  Path Type:              Setup (Max at Slow Process Corner)
  Data Path Delay:        3.501ns  (logic 2.645ns (75.547%)  route 0.856ns (24.453%))
  Logic Levels:           10  (CARRY8=1 DSP_A_B_DATA=1 DSP_ALU=2 DSP_M_DATA=1 DSP_MULTIPLIER=1 DSP_OUTPUT=2 DSP_PREADD_DATA=1 LUT3=1)
  Clock Uncertainty:      0.025ns  ((TSJ^2 + TIJ^2)^1/2 + DJ) / 2 + PE
    Total System Jitter     (TSJ):    0.050ns
    Total Input Jitter      (TIJ):    0.000ns
    Discrete Jitter          (DJ):    0.000ns
    Phase Error              (PE):    0.000ns

    Location             Delay type                Incr(ns)  Path(ns)    Netlist Resource(s)
  -------------------------------------------------------------------    -------------------
    DSP48E2_X6Y54        DSP_A_B_DATA                 0.000     0.000 r  <hidden>
                         net (fo=1, routed)           0.000     0.000    <hidden>
    DSP48E2_X6Y54        DSP_PREADD_DATA (Prop_DSP_PREADD_DATA_DSP48E2_B2_DATA[17]_B2B1[17])
                                                      0.073     0.073 r  <hidden>
                         net (fo=1, routed)           0.000     0.073    <hidden>
    DSP48E2_X6Y54        DSP_MULTIPLIER (Prop_DSP_MULTIPLIER_DSP48E2_B2B1[17]_V[43])
                                                      0.609     0.682 f  <hidden>
                         net (fo=1, routed)           0.000     0.682    <hidden>
    DSP48E2_X6Y54        DSP_M_DATA (Prop_DSP_M_DATA_DSP48E2_V[43]_V_DATA[43])
                                                      0.046     0.728 r  <hidden>
                         net (fo=1, routed)           0.000     0.728    <hidden>
    DSP48E2_X6Y54        DSP_ALU (Prop_DSP_ALU_DSP48E2_V_DATA[43]_ALU_OUT[47])
                                                      0.571     1.299 r  <hidden>
                         net (fo=1, routed)           0.000     1.299    <hidden>
    DSP48E2_X6Y54        DSP_OUTPUT (Prop_DSP_OUTPUT_DSP48E2_ALU_OUT[47]_PATTERN_DETECT)
                                                      0.363     1.662 f  <hidden>
                         net (fo=2, routed)           0.255     1.917    <hidden>
    SLICE_X63Y140        LUT3 (Prop_A6LUT_SLICEM_I2_O)
                                                      0.053     1.970 r  <hidden>
                         net (fo=1, routed)           0.013     1.983    <hidden>
    SLICE_X63Y140        CARRY8 (Prop_CARRY8_SLICEM_S[0]_CO[2])
                                                      0.115     2.098 f  <hidden>
                         net (fo=1, routed)           0.222     2.320    <hidden>
    DSP48E2_X6Y56        DSP_A_B_DATA (Prop_DSP_A_B_DATA_DSP48E2_B[1]_B_ALU[1])
                                                      0.165     2.485 r  <hidden>
                         net (fo=1, routed)           0.000     2.485    <hidden>
    DSP48E2_X6Y56        DSP_ALU (Prop_DSP_ALU_DSP48E2_B_ALU[1]_ALU_OUT[1])
                                                      0.541     3.026 f  <hidden>
                         net (fo=1, routed)           0.000     3.026    <hidden>
    DSP48E2_X6Y56        DSP_OUTPUT (Prop_DSP_OUTPUT_DSP48E2_ALU_OUT[1]_P[1])
                                                      0.109     3.135 r  <hidden>
                         net (fo=1, routed)           0.366     3.501    <hidden>
    SLICE_X63Y140        FDRE                                         r  <hidden>
  -------------------------------------------------------------------    -------------------

                         (clock ap_clk rise edge)     0.000     0.000 r  
                                                      0.000     0.000 r  ap_clk (IN)
                         net (fo=1160, unset)         0.021     0.021    <hidden>
    SLICE_X63Y140        FDRE                                         r  <hidden>

Slack:                    inf
  Source:                 <hidden>
                            (internal pin)
  Destination:            <hidden>
                            (rising edge-triggered cell FDRE clocked by ap_clk  {rise@0.000ns fall@1.665ns period=3.330ns})
  Path Group:             (none)
  Path Type:              Setup (Max at Slow Process Corner)
  Data Path Delay:        3.467ns  (logic 2.645ns (76.288%)  route 0.822ns (23.712%))
  Logic Levels:           10  (CARRY8=1 DSP_A_B_DATA=1 DSP_ALU=2 DSP_M_DATA=1 DSP_MULTIPLIER=1 DSP_OUTPUT=2 DSP_PREADD_DATA=1 LUT3=1)
  Clock Uncertainty:      0.025ns  ((TSJ^2 + TIJ^2)^1/2 + DJ) / 2 + PE
    Total System Jitter     (TSJ):    0.050ns
    Total Input Jitter      (TIJ):    0.000ns
    Discrete Jitter          (DJ):    0.000ns
    Phase Error              (PE):    0.000ns

    Location             Delay type                Incr(ns)  Path(ns)    Netlist Resource(s)
  -------------------------------------------------------------------    -------------------
    DSP48E2_X6Y54        DSP_A_B_DATA                 0.000     0.000 r  <hidden>
                         net (fo=1, routed)           0.000     0.000    <hidden>
    DSP48E2_X6Y54        DSP_PREADD_DATA (Prop_DSP_PREADD_DATA_DSP48E2_B2_DATA[17]_B2B1[17])
                                                      0.073     0.073 r  <hidden>
                         net (fo=1, routed)           0.000     0.073    <hidden>
    DSP48E2_X6Y54        DSP_MULTIPLIER (Prop_DSP_MULTIPLIER_DSP48E2_B2B1[17]_V[43])
                                                      0.609     0.682 f  <hidden>
                         net (fo=1, routed)           0.000     0.682    <hidden>
    DSP48E2_X6Y54        DSP_M_DATA (Prop_DSP_M_DATA_DSP48E2_V[43]_V_DATA[43])
                                                      0.046     0.728 r  <hidden>
                         net (fo=1, routed)           0.000     0.728    <hidden>
    DSP48E2_X6Y54        DSP_ALU (Prop_DSP_ALU_DSP48E2_V_DATA[43]_ALU_OUT[47])
                                                      0.571     1.299 r  <hidden>
                         net (fo=1, routed)           0.000     1.299    <hidden>
    DSP48E2_X6Y54        DSP_OUTPUT (Prop_DSP_OUTPUT_DSP48E2_ALU_OUT[47]_PATTERN_DETECT)
                                                      0.363     1.662 f  <hidden>
                         net (fo=2, routed)           0.255     1.917    <hidden>
    SLICE_X63Y140        LUT3 (Prop_A6LUT_SLICEM_I2_O)
                                                      0.053     1.970 r  <hidden>
                         net (fo=1, routed)           0.013     1.983    <hidden>
    SLICE_X63Y140        CARRY8 (Prop_CARRY8_SLICEM_S[0]_CO[2])
                                                      0.115     2.098 f  <hidden>
                         net (fo=1, routed)           0.222     2.320    <hidden>
    DSP48E2_X6Y56        DSP_A_B_DATA (Prop_DSP_A_B_DATA_DSP48E2_B[1]_B_ALU[1])
                                                      0.165     2.485 r  <hidden>
                         net (fo=1, routed)           0.000     2.485    <hidden>
    DSP48E2_X6Y56        DSP_ALU (Prop_DSP_ALU_DSP48E2_B_ALU[1]_ALU_OUT[8])
                                                      0.541     3.026 f  <hidden>
                         net (fo=1, routed)           0.000     3.026    <hidden>
    DSP48E2_X6Y56        DSP_OUTPUT (Prop_DSP_OUTPUT_DSP48E2_ALU_OUT[8]_P[8])
                                                      0.109     3.135 r  <hidden>
                         net (fo=1, routed)           0.332     3.467    <hidden>
    SLICE_X63Y141        FDRE                                         r  <hidden>
  -------------------------------------------------------------------    -------------------

                         (clock ap_clk rise edge)     0.000     0.000 r  
                                                      0.000     0.000 r  ap_clk (IN)
                         net (fo=1160, unset)         0.021     0.021    <hidden>
    SLICE_X63Y141        FDRE                                         r  <hidden>

Slack:                    inf
  Source:                 <hidden>
                            (internal pin)
  Destination:            <hidden>
                            (rising edge-triggered cell FDRE clocked by ap_clk  {rise@0.000ns fall@1.665ns period=3.330ns})
  Path Group:             (none)
  Path Type:              Setup (Max at Slow Process Corner)
  Data Path Delay:        3.455ns  (logic 2.645ns (76.553%)  route 0.810ns (23.447%))
  Logic Levels:           10  (CARRY8=1 DSP_A_B_DATA=1 DSP_ALU=2 DSP_M_DATA=1 DSP_MULTIPLIER=1 DSP_OUTPUT=2 DSP_PREADD_DATA=1 LUT3=1)
  Clock Uncertainty:      0.025ns  ((TSJ^2 + TIJ^2)^1/2 + DJ) / 2 + PE
    Total System Jitter     (TSJ):    0.050ns
    Total Input Jitter      (TIJ):    0.000ns
    Discrete Jitter          (DJ):    0.000ns
    Phase Error              (PE):    0.000ns

    Location             Delay type                Incr(ns)  Path(ns)    Netlist Resource(s)
  -------------------------------------------------------------------    -------------------
    DSP48E2_X6Y54        DSP_A_B_DATA                 0.000     0.000 r  <hidden>
                         net (fo=1, routed)           0.000     0.000    <hidden>
    DSP48E2_X6Y54        DSP_PREADD_DATA (Prop_DSP_PREADD_DATA_DSP48E2_B2_DATA[17]_B2B1[17])
                                                      0.073     0.073 r  <hidden>
                         net (fo=1, routed)           0.000     0.073    <hidden>
    DSP48E2_X6Y54        DSP_MULTIPLIER (Prop_DSP_MULTIPLIER_DSP48E2_B2B1[17]_V[43])
                                                      0.609     0.682 f  <hidden>
                         net (fo=1, routed)           0.000     0.682    <hidden>
    DSP48E2_X6Y54        DSP_M_DATA (Prop_DSP_M_DATA_DSP48E2_V[43]_V_DATA[43])
                                                      0.046     0.728 r  <hidden>
                         net (fo=1, routed)           0.000     0.728    <hidden>
    DSP48E2_X6Y54        DSP_ALU (Prop_DSP_ALU_DSP48E2_V_DATA[43]_ALU_OUT[47])
                                                      0.571     1.299 r  <hidden>
                         net (fo=1, routed)           0.000     1.299    <hidden>
    DSP48E2_X6Y54        DSP_OUTPUT (Prop_DSP_OUTPUT_DSP48E2_ALU_OUT[47]_PATTERN_DETECT)
                                                      0.363     1.662 f  <hidden>
                         net (fo=2, routed)           0.255     1.917    <hidden>
    SLICE_X63Y140        LUT3 (Prop_A6LUT_SLICEM_I2_O)
                                                      0.053     1.970 r  <hidden>
                         net (fo=1, routed)           0.013     1.983    <hidden>
    SLICE_X63Y140        CARRY8 (Prop_CARRY8_SLICEM_S[0]_CO[2])
                                                      0.115     2.098 f  <hidden>
                         net (fo=1, routed)           0.222     2.320    <hidden>
    DSP48E2_X6Y56        DSP_A_B_DATA (Prop_DSP_A_B_DATA_DSP48E2_B[1]_B_ALU[1])
                                                      0.165     2.485 r  <hidden>
                         net (fo=1, routed)           0.000     2.485    <hidden>
    DSP48E2_X6Y56        DSP_ALU (Prop_DSP_ALU_DSP48E2_B_ALU[1]_ALU_OUT[7])
                                                      0.541     3.026 f  <hidden>
                         net (fo=1, routed)           0.000     3.026    <hidden>
    DSP48E2_X6Y56        DSP_OUTPUT (Prop_DSP_OUTPUT_DSP48E2_ALU_OUT[7]_P[7])
                                                      0.109     3.135 r  <hidden>
                         net (fo=1, routed)           0.320     3.455    <hidden>
    SLICE_X63Y140        FDRE                                         r  <hidden>
  -------------------------------------------------------------------    -------------------

                         (clock ap_clk rise edge)     0.000     0.000 r  
                                                      0.000     0.000 r  ap_clk (IN)
                         net (fo=1160, unset)         0.021     0.021    <hidden>
    SLICE_X63Y140        FDRE                                         r  <hidden>

Slack:                    inf
  Source:                 <hidden>
                            (internal pin)
  Destination:            <hidden>
                            (rising edge-triggered cell FDRE clocked by ap_clk  {rise@0.000ns fall@1.665ns period=3.330ns})
  Path Group:             (none)
  Path Type:              Setup (Max at Slow Process Corner)
  Data Path Delay:        3.453ns  (logic 2.784ns (80.622%)  route 0.669ns (19.378%))
  Logic Levels:           11  (CARRY8=1 DSP_A_B_DATA=1 DSP_ALU=2 DSP_M_DATA=1 DSP_MULTIPLIER=1 DSP_OUTPUT=2 DSP_PREADD_DATA=1 LUT3=1 LUT4=1)
  Clock Uncertainty:      0.025ns  ((TSJ^2 + TIJ^2)^1/2 + DJ) / 2 + PE
    Total System Jitter     (TSJ):    0.050ns
    Total Input Jitter      (TIJ):    0.000ns
    Discrete Jitter          (DJ):    0.000ns
    Phase Error              (PE):    0.000ns

    Location             Delay type                Incr(ns)  Path(ns)    Netlist Resource(s)
  -------------------------------------------------------------------    -------------------
    DSP48E2_X6Y54        DSP_A_B_DATA                 0.000     0.000 r  <hidden>
                         net (fo=1, routed)           0.000     0.000    <hidden>
    DSP48E2_X6Y54        DSP_PREADD_DATA (Prop_DSP_PREADD_DATA_DSP48E2_B2_DATA[17]_B2B1[17])
                                                      0.073     0.073 r  <hidden>
                         net (fo=1, routed)           0.000     0.073    <hidden>
    DSP48E2_X6Y54        DSP_MULTIPLIER (Prop_DSP_MULTIPLIER_DSP48E2_B2B1[17]_V[43])
                                                      0.609     0.682 f  <hidden>
                         net (fo=1, routed)           0.000     0.682    <hidden>
    DSP48E2_X6Y54        DSP_M_DATA (Prop_DSP_M_DATA_DSP48E2_V[43]_V_DATA[43])
                                                      0.046     0.728 r  <hidden>
                         net (fo=1, routed)           0.000     0.728    <hidden>
    DSP48E2_X6Y54        DSP_ALU (Prop_DSP_ALU_DSP48E2_V_DATA[43]_ALU_OUT[47])
                                                      0.571     1.299 r  <hidden>
                         net (fo=1, routed)           0.000     1.299    <hidden>
    DSP48E2_X6Y54        DSP_OUTPUT (Prop_DSP_OUTPUT_DSP48E2_ALU_OUT[47]_PATTERN_DETECT)
                                                      0.363     1.662 f  <hidden>
                         net (fo=2, routed)           0.255     1.917    <hidden>
    SLICE_X63Y140        LUT3 (Prop_A6LUT_SLICEM_I2_O)
                                                      0.053     1.970 r  <hidden>
                         net (fo=1, routed)           0.013     1.983    <hidden>
    SLICE_X63Y140        CARRY8 (Prop_CARRY8_SLICEM_S[0]_CO[2])
                                                      0.115     2.098 f  <hidden>
                         net (fo=1, routed)           0.222     2.320    <hidden>
    DSP48E2_X6Y56        DSP_A_B_DATA (Prop_DSP_A_B_DATA_DSP48E2_B[1]_B_ALU[1])
                                                      0.165     2.485 r  <hidden>
                         net (fo=1, routed)           0.000     2.485    <hidden>
    DSP48E2_X6Y56        DSP_ALU (Prop_DSP_ALU_DSP48E2_B_ALU[1]_ALU_OUT[10])
                                                      0.541     3.026 f  <hidden>
                         net (fo=1, routed)           0.000     3.026    <hidden>
    DSP48E2_X6Y56        DSP_OUTPUT (Prop_DSP_OUTPUT_DSP48E2_ALU_OUT[10]_P[10])
                                                      0.109     3.135 r  <hidden>
                         net (fo=1, routed)           0.154     3.289    <hidden>
    SLICE_X63Y141        LUT4 (Prop_E5LUT_SLICEM_I2_O)
                                                      0.139     3.428 r  <hidden>
                         net (fo=1, routed)           0.025     3.453    <hidden>
    SLICE_X63Y141        FDRE                                         r  <hidden>
  -------------------------------------------------------------------    -------------------

                         (clock ap_clk rise edge)     0.000     0.000 r  
                                                      0.000     0.000 r  ap_clk (IN)
                         net (fo=1160, unset)         0.021     0.021    <hidden>
    SLICE_X63Y141        FDRE                                         r  <hidden>





Min Delay Paths
--------------------------------------------------------------------------------------
Slack:                    inf
  Source:                 v8_rd_data[0]
                            (input port)
  Destination:            bd_0_i/hls_inst/inst/p_0_0_0121711579_fu_732_reg[0]/D
                            (rising edge-triggered cell FDRE clocked by ap_clk  {rise@0.000ns fall@1.665ns period=3.330ns})
  Path Group:             (none)
  Path Type:              Hold (Min at Fast Process Corner)
  Data Path Delay:        0.007ns  (logic 0.000ns (0.000%)  route 0.007ns (100.000%))
  Logic Levels:           0  
  Clock Path Skew:        0.019ns (DCD - SCD - CPR)
    Destination Clock Delay (DCD):    0.019ns
    Source Clock Delay      (SCD):    0.000ns
    Clock Pessimism Removal (CPR):    -0.000ns

    Location             Delay type                Incr(ns)  Path(ns)    Netlist Resource(s)
  -------------------------------------------------------------------    -------------------
                                                      0.000     0.000 r  v8_rd_data[0] (IN)
                         net (fo=2, unset)            0.007     0.007    bd_0_i/hls_inst/inst/v8_dout[0]
    SLICE_X61Y109        FDRE                                         r  bd_0_i/hls_inst/inst/p_0_0_0121711579_fu_732_reg[0]/D
  -------------------------------------------------------------------    -------------------

                         (clock ap_clk rise edge)     0.000     0.000 r  
                                                      0.000     0.000 r  ap_clk (IN)
                         net (fo=1160, unset)         0.019     0.019    bd_0_i/hls_inst/inst/ap_clk
    SLICE_X61Y109        FDRE                                         r  bd_0_i/hls_inst/inst/p_0_0_0121711579_fu_732_reg[0]/C

Slack:                    inf
  Source:                 v8_rd_data[10]
                            (input port)
  Destination:            bd_0_i/hls_inst/inst/p_0_0_0121711579_fu_732_reg[10]/D
                            (rising edge-triggered cell FDRE clocked by ap_clk  {rise@0.000ns fall@1.665ns period=3.330ns})
  Path Group:             (none)
  Path Type:              Hold (Min at Fast Process Corner)
  Data Path Delay:        0.007ns  (logic 0.000ns (0.000%)  route 0.007ns (100.000%))
  Logic Levels:           0  
  Clock Path Skew:        0.018ns (DCD - SCD - CPR)
    Destination Clock Delay (DCD):    0.018ns
    Source Clock Delay      (SCD):    0.000ns
    Clock Pessimism Removal (CPR):    -0.000ns

    Location             Delay type                Incr(ns)  Path(ns)    Netlist Resource(s)
  -------------------------------------------------------------------    -------------------
                                                      0.000     0.000 r  v8_rd_data[10] (IN)
                         net (fo=2, unset)            0.007     0.007    bd_0_i/hls_inst/inst/v8_dout[10]
    SLICE_X52Y111        FDRE                                         r  bd_0_i/hls_inst/inst/p_0_0_0121711579_fu_732_reg[10]/D
  -------------------------------------------------------------------    -------------------

                         (clock ap_clk rise edge)     0.000     0.000 r  
                                                      0.000     0.000 r  ap_clk (IN)
                         net (fo=1160, unset)         0.018     0.018    bd_0_i/hls_inst/inst/ap_clk
    SLICE_X52Y111        FDRE                                         r  bd_0_i/hls_inst/inst/p_0_0_0121711579_fu_732_reg[10]/C

Slack:                    inf
  Source:                 v8_rd_data[11]
                            (input port)
  Destination:            bd_0_i/hls_inst/inst/p_0_0_0121711579_fu_732_reg[11]/D
                            (rising edge-triggered cell FDRE clocked by ap_clk  {rise@0.000ns fall@1.665ns period=3.330ns})
  Path Group:             (none)
  Path Type:              Hold (Min at Fast Process Corner)
  Data Path Delay:        0.007ns  (logic 0.000ns (0.000%)  route 0.007ns (100.000%))
  Logic Levels:           0  
  Clock Path Skew:        0.019ns (DCD - SCD - CPR)
    Destination Clock Delay (DCD):    0.019ns
    Source Clock Delay      (SCD):    0.000ns
    Clock Pessimism Removal (CPR):    -0.000ns

    Location             Delay type                Incr(ns)  Path(ns)    Netlist Resource(s)
  -------------------------------------------------------------------    -------------------
                                                      0.000     0.000 r  v8_rd_data[11] (IN)
                         net (fo=2, unset)            0.007     0.007    bd_0_i/hls_inst/inst/v8_dout[11]
    SLICE_X52Y117        FDRE                                         r  bd_0_i/hls_inst/inst/p_0_0_0121711579_fu_732_reg[11]/D
  -------------------------------------------------------------------    -------------------

                         (clock ap_clk rise edge)     0.000     0.000 r  
                                                      0.000     0.000 r  ap_clk (IN)
                         net (fo=1160, unset)         0.019     0.019    bd_0_i/hls_inst/inst/ap_clk
    SLICE_X52Y117        FDRE                                         r  bd_0_i/hls_inst/inst/p_0_0_0121711579_fu_732_reg[11]/C

Slack:                    inf
  Source:                 v8_rd_data[12]
                            (input port)
  Destination:            bd_0_i/hls_inst/inst/p_0_0_0121711579_fu_732_reg[12]/D
                            (rising edge-triggered cell FDRE clocked by ap_clk  {rise@0.000ns fall@1.665ns period=3.330ns})
  Path Group:             (none)
  Path Type:              Hold (Min at Fast Process Corner)
  Data Path Delay:        0.007ns  (logic 0.000ns (0.000%)  route 0.007ns (100.000%))
  Logic Levels:           0  
  Clock Path Skew:        0.018ns (DCD - SCD - CPR)
    Destination Clock Delay (DCD):    0.018ns
    Source Clock Delay      (SCD):    0.000ns
    Clock Pessimism Removal (CPR):    -0.000ns

    Location             Delay type                Incr(ns)  Path(ns)    Netlist Resource(s)
  -------------------------------------------------------------------    -------------------
                                                      0.000     0.000 r  v8_rd_data[12] (IN)
                         net (fo=2, unset)            0.007     0.007    bd_0_i/hls_inst/inst/v8_dout[12]
    SLICE_X51Y117        FDRE                                         r  bd_0_i/hls_inst/inst/p_0_0_0121711579_fu_732_reg[12]/D
  -------------------------------------------------------------------    -------------------

                         (clock ap_clk rise edge)     0.000     0.000 r  
                                                      0.000     0.000 r  ap_clk (IN)
                         net (fo=1160, unset)         0.018     0.018    bd_0_i/hls_inst/inst/ap_clk
    SLICE_X51Y117        FDRE                                         r  bd_0_i/hls_inst/inst/p_0_0_0121711579_fu_732_reg[12]/C

Slack:                    inf
  Source:                 v8_rd_data[13]
                            (input port)
  Destination:            bd_0_i/hls_inst/inst/p_0_0_0121711579_fu_732_reg[13]/D
                            (rising edge-triggered cell FDRE clocked by ap_clk  {rise@0.000ns fall@1.665ns period=3.330ns})
  Path Group:             (none)
  Path Type:              Hold (Min at Fast Process Corner)
  Data Path Delay:        0.007ns  (logic 0.000ns (0.000%)  route 0.007ns (100.000%))
  Logic Levels:           0  
  Clock Path Skew:        0.019ns (DCD - SCD - CPR)
    Destination Clock Delay (DCD):    0.019ns
    Source Clock Delay      (SCD):    0.000ns
    Clock Pessimism Removal (CPR):    -0.000ns

    Location             Delay type                Incr(ns)  Path(ns)    Netlist Resource(s)
  -------------------------------------------------------------------    -------------------
                                                      0.000     0.000 r  v8_rd_data[13] (IN)
                         net (fo=2, unset)            0.007     0.007    bd_0_i/hls_inst/inst/v8_dout[13]
    SLICE_X51Y121        FDRE                                         r  bd_0_i/hls_inst/inst/p_0_0_0121711579_fu_732_reg[13]/D
  -------------------------------------------------------------------    -------------------

                         (clock ap_clk rise edge)     0.000     0.000 r  
                                                      0.000     0.000 r  ap_clk (IN)
                         net (fo=1160, unset)         0.019     0.019    bd_0_i/hls_inst/inst/ap_clk
    SLICE_X51Y121        FDRE                                         r  bd_0_i/hls_inst/inst/p_0_0_0121711579_fu_732_reg[13]/C

Slack:                    inf
  Source:                 v8_rd_data[16]
                            (input port)
  Destination:            bd_0_i/hls_inst/inst/p_0_0_0121711579_fu_732_reg[16]/D
                            (rising edge-triggered cell FDRE clocked by ap_clk  {rise@0.000ns fall@1.665ns period=3.330ns})
  Path Group:             (none)
  Path Type:              Hold (Min at Fast Process Corner)
  Data Path Delay:        0.007ns  (logic 0.000ns (0.000%)  route 0.007ns (100.000%))
  Logic Levels:           0  
  Clock Path Skew:        0.019ns (DCD - SCD - CPR)
    Destination Clock Delay (DCD):    0.019ns
    Source Clock Delay      (SCD):    0.000ns
    Clock Pessimism Removal (CPR):    -0.000ns

    Location             Delay type                Incr(ns)  Path(ns)    Netlist Resource(s)
  -------------------------------------------------------------------    -------------------
                                                      0.000     0.000 r  v8_rd_data[16] (IN)
                         net (fo=3, unset)            0.007     0.007    bd_0_i/hls_inst/inst/v8_dout[16]
    SLICE_X52Y117        FDRE                                         r  bd_0_i/hls_inst/inst/p_0_0_0121711579_fu_732_reg[16]/D
  -------------------------------------------------------------------    -------------------

                         (clock ap_clk rise edge)     0.000     0.000 r  
                                                      0.000     0.000 r  ap_clk (IN)
                         net (fo=1160, unset)         0.019     0.019    bd_0_i/hls_inst/inst/ap_clk
    SLICE_X52Y117        FDRE                                         r  bd_0_i/hls_inst/inst/p_0_0_0121711579_fu_732_reg[16]/C

Slack:                    inf
  Source:                 v8_rd_data[17]
                            (input port)
  Destination:            bd_0_i/hls_inst/inst/p_0_0_0121711579_fu_732_reg[17]/D
                            (rising edge-triggered cell FDRE clocked by ap_clk  {rise@0.000ns fall@1.665ns period=3.330ns})
  Path Group:             (none)
  Path Type:              Hold (Min at Fast Process Corner)
  Data Path Delay:        0.007ns  (logic 0.000ns (0.000%)  route 0.007ns (100.000%))
  Logic Levels:           0  
  Clock Path Skew:        0.019ns (DCD - SCD - CPR)
    Destination Clock Delay (DCD):    0.019ns
    Source Clock Delay      (SCD):    0.000ns
    Clock Pessimism Removal (CPR):    -0.000ns

    Location             Delay type                Incr(ns)  Path(ns)    Netlist Resource(s)
  -------------------------------------------------------------------    -------------------
                                                      0.000     0.000 r  v8_rd_data[17] (IN)
                         net (fo=4, unset)            0.007     0.007    bd_0_i/hls_inst/inst/v8_dout[17]
    SLICE_X52Y118        FDRE                                         r  bd_0_i/hls_inst/inst/p_0_0_0121711579_fu_732_reg[17]/D
  -------------------------------------------------------------------    -------------------

                         (clock ap_clk rise edge)     0.000     0.000 r  
                                                      0.000     0.000 r  ap_clk (IN)
                         net (fo=1160, unset)         0.019     0.019    bd_0_i/hls_inst/inst/ap_clk
    SLICE_X52Y118        FDRE                                         r  bd_0_i/hls_inst/inst/p_0_0_0121711579_fu_732_reg[17]/C

Slack:                    inf
  Source:                 v8_rd_data[18]
                            (input port)
  Destination:            bd_0_i/hls_inst/inst/p_0_0_0121711579_fu_732_reg[18]/D
                            (rising edge-triggered cell FDRE clocked by ap_clk  {rise@0.000ns fall@1.665ns period=3.330ns})
  Path Group:             (none)
  Path Type:              Hold (Min at Fast Process Corner)
  Data Path Delay:        0.007ns  (logic 0.000ns (0.000%)  route 0.007ns (100.000%))
  Logic Levels:           0  
  Clock Path Skew:        0.018ns (DCD - SCD - CPR)
    Destination Clock Delay (DCD):    0.018ns
    Source Clock Delay      (SCD):    0.000ns
    Clock Pessimism Removal (CPR):    -0.000ns

    Location             Delay type                Incr(ns)  Path(ns)    Netlist Resource(s)
  -------------------------------------------------------------------    -------------------
                                                      0.000     0.000 r  v8_rd_data[18] (IN)
                         net (fo=3, unset)            0.007     0.007    bd_0_i/hls_inst/inst/v8_dout[18]
    SLICE_X51Y117        FDRE                                         r  bd_0_i/hls_inst/inst/p_0_0_0121711579_fu_732_reg[18]/D
  -------------------------------------------------------------------    -------------------

                         (clock ap_clk rise edge)     0.000     0.000 r  
                                                      0.000     0.000 r  ap_clk (IN)
                         net (fo=1160, unset)         0.018     0.018    bd_0_i/hls_inst/inst/ap_clk
    SLICE_X51Y117        FDRE                                         r  bd_0_i/hls_inst/inst/p_0_0_0121711579_fu_732_reg[18]/C

Slack:                    inf
  Source:                 v8_rd_data[19]
                            (input port)
  Destination:            bd_0_i/hls_inst/inst/p_0_0_0121711579_fu_732_reg[19]/D
                            (rising edge-triggered cell FDRE clocked by ap_clk  {rise@0.000ns fall@1.665ns period=3.330ns})
  Path Group:             (none)
  Path Type:              Hold (Min at Fast Process Corner)
  Data Path Delay:        0.007ns  (logic 0.000ns (0.000%)  route 0.007ns (100.000%))
  Logic Levels:           0  
  Clock Path Skew:        0.019ns (DCD - SCD - CPR)
    Destination Clock Delay (DCD):    0.019ns
    Source Clock Delay      (SCD):    0.000ns
    Clock Pessimism Removal (CPR):    -0.000ns

    Location             Delay type                Incr(ns)  Path(ns)    Netlist Resource(s)
  -------------------------------------------------------------------    -------------------
                                                      0.000     0.000 r  v8_rd_data[19] (IN)
                         net (fo=2, unset)            0.007     0.007    bd_0_i/hls_inst/inst/v8_dout[19]
    SLICE_X54Y115        FDRE                                         r  bd_0_i/hls_inst/inst/p_0_0_0121711579_fu_732_reg[19]/D
  -------------------------------------------------------------------    -------------------

                         (clock ap_clk rise edge)     0.000     0.000 r  
                                                      0.000     0.000 r  ap_clk (IN)
                         net (fo=1160, unset)         0.019     0.019    bd_0_i/hls_inst/inst/ap_clk
    SLICE_X54Y115        FDRE                                         r  bd_0_i/hls_inst/inst/p_0_0_0121711579_fu_732_reg[19]/C

Slack:                    inf
  Source:                 v8_rd_data[1]
                            (input port)
  Destination:            bd_0_i/hls_inst/inst/p_0_0_0121711579_fu_732_reg[1]/D
                            (rising edge-triggered cell FDRE clocked by ap_clk  {rise@0.000ns fall@1.665ns period=3.330ns})
  Path Group:             (none)
  Path Type:              Hold (Min at Fast Process Corner)
  Data Path Delay:        0.007ns  (logic 0.000ns (0.000%)  route 0.007ns (100.000%))
  Logic Levels:           0  
  Clock Path Skew:        0.019ns (DCD - SCD - CPR)
    Destination Clock Delay (DCD):    0.019ns
    Source Clock Delay      (SCD):    0.000ns
    Clock Pessimism Removal (CPR):    -0.000ns

    Location             Delay type                Incr(ns)  Path(ns)    Netlist Resource(s)
  -------------------------------------------------------------------    -------------------
                                                      0.000     0.000 r  v8_rd_data[1] (IN)
                         net (fo=2, unset)            0.007     0.007    bd_0_i/hls_inst/inst/v8_dout[1]
    SLICE_X51Y121        FDRE                                         r  bd_0_i/hls_inst/inst/p_0_0_0121711579_fu_732_reg[1]/D
  -------------------------------------------------------------------    -------------------

                         (clock ap_clk rise edge)     0.000     0.000 r  
                                                      0.000     0.000 r  ap_clk (IN)
                         net (fo=1160, unset)         0.019     0.019    bd_0_i/hls_inst/inst/ap_clk
    SLICE_X51Y121        FDRE                                         r  bd_0_i/hls_inst/inst/p_0_0_0121711579_fu_732_reg[1]/C





